file_name,formula,space_group,value_per_atom,composition,HHI_P,HHI_R
2_Ni4Ta6,Ni4Ta6,R-3c,0.1017402497441466,Ta3Ni2,2068.864277145416,4213.270857369133
3_Mn4Sb2,Mn4Sb2,I4_1/amd,0.4959808317815088,Mn2Sb,4911.608307669154,2641.0433797255
5_MoSm,MoSm,R-3m,0.5114126186332761,SmMo,6734.372716199757,3956.954933008526
6_Sn17P12,Sn17P12,I-43m,0.2150613449970501,Sn17P12,2506.680361391871,2144.364558547426
7_Sr6Br4,Sr6Br4,R-3c,-1.1913767863029878,Sr3Br2,3859.715899949842,4474.564433550682
8_Ge4P12,Ge4P12,Pnma,0.2086850365686645,GeP3,3447.874716315021,3696.000275088465
9_Mn8Sb,Mn8Sb,I4/mmm,0.1088367267697947,Mn8Sb,2966.714252086129,2147.102032275842
10_Ba2Bi3,Ba2Bi3,Immm,-0.8094130623309983,Ba2Bi3,4599.348310638743,4872.86467363624
11_Mo3W3,Mo3W3,C2/m,-0.0006663757429568,MoW,5422.603474158268,4642.912288226464
12_InSn5,InSn5,Cm,0.0003555562973946,InSn5,2713.461647053509,1664.835226887719
13_Ga2Sr,Ga2Sr,P6/mmm,-0.533854310311091,SrGa2,4998.357305805361,2324.466895087772
14_Pd2Ta2,Pd2Ta2,P4/nmm,-0.3572595305178883,TaPd,2633.294034114042,5985.045454627705
17_Fe6Sb18,Fe6Sb18,Pmmn,0.1547501784091292,FeSb3,7170.650044523599,3134.781834372217
18_InSn5,InSn5,Cm,-0.0004405329807042,InSn5,2713.461647053509,1664.835226887719
19_In4Sn2,In4Sn2,C2/m,0.0058372774279457,In2Sn,3061.452693586262,1863.687253477864
20_Sr6Br4,Sr6Br4,R-3c,-1.1928946056775946,Sr3Br2,3859.715899949842,4474.564433550682
21_In2Sn4,In2Sn4,C2/m,0.0010884922752308,InSn2,2828.176971252392,1730.386840715652
22_RhGe3,RhGe3,Imm2,-0.0905160589754983,Ge3Rh,4626.420281430248,3856.588706321661
23_CuEu,CuEu,Pm-3m,-0.1598074136543927,EuCu,7170.579555473064,2628.218644146444
24_Cu2Ga2,Cu2Ga2,Pmma,-0.0461503759196872,GaCu,3640.382234428111,1709.269972761857
25_Fe4Na8,Fe4Na8,Pa-3,1.6371448910768656,Na2Fe,1812.976469392212,993.5990941946084
27_Cr4Sr5,Cr4Sr5,I4/mmm,0.8411270269282158,Sr5Cr4,3845.89326100429,3354.106738995711
28_CeSb,CeSb,P-6m2,-1.0332635248915611,CeSb,8756.075394461499,3239.485863538468
29_Nb2W6,Nb2W6,Pmmn,0.3700803438589179,NbW3,7216.253670434782,4948.761011304348
30_In5Br,In5Br,Amm2,-0.1449179659511769,In5Br,3300.0,2598.674605577421
31_CsNi,CsNi,Amm2,1.2079635948348568,CsNi,4468.32589501545,4621.493305513904
32_In4Br12,In4Br12,Pnma,-0.8565492677849518,InBr3,3300.0,5313.087185851691
35_Ag4Sn8,Ag4Sn8,I4_1/amd,0.0393953092254234,AgSn2,2162.639325641594,1537.519903663085
37_AlMn,AlMn,P-6m2,-0.1653908717519483,MnAl,1600.0,1536.507072772767
38_SbP,SbP,Fm-3m,-0.0401790750342963,SbP,6703.50491334064,3744.752821579815
39_CrTa3,CrTa3,Immm,0.0265847358564226,Ta3Cr,2369.92955783351,4738.811636895679
40_Al2Rh,Al2Rh,I4/mmm,-0.7879958682286438,Al2Rh,2649.59707634806,5591.987209022764
41_TaV5,TaV5,Cmmm,0.0285429832034746,TaV5,2884.653631501119,3981.484915898433
42_Au2P,Au2P,I4/mmm,0.3033008734032615,PAu2,1165.605867544161,1298.871174367844
43_Ir2Ta4,Ir2Ta4,Pnnm,-0.0336096433566623,Ta2Ir,3410.052762546021,6291.633399671216
44_NiPt,NiPt,P-6m2,-0.0435195877614695,NiPt,4459.244203778587,7342.279099714947
45_CaRh2,CaRh2,I4/mmm,-0.0716643596461175,CaRh2,3314.094571127623,6940.550410957791
46_Cr3Sr,Cr3Sr,P4/mmm,0.7330921242841102,SrCr3,3495.643333991494,3704.356666008506
48_Pb4As2,Pb4As2,Pnnm,0.0885945378502513,AsPb2,2791.867924898472,2136.849057961063
49_Al3Sb5,Al3Sb5,Cmmm,0.2406565035847956,Al3Sb5,7160.666820938452,3118.349265119411
51_Ag2Br2,Ag2Br2,P2_1/m,-0.4385558393715043,AgBr,2093.627491183466,3740.452953099553
52_Ca4Ta2,Ca4Ta2,I4/mcm,0.53492339105963,Ca2Ta,2791.18228346511,3786.936540353211
53_NiRh,NiRh,P-6m2,0.0437963995323711,NiRh,2400.95074904594,5639.172667635732
54_Ba2Sn6,Ba2Sn6,Cmcm,-0.2436607623660132,BaSn3,2711.318311423285,1794.807044990749
55_AgMn,AgMn,P4/mmm,0.829020340298344,MnAg,1334.977733808676,1534.977733808676
56_CsMn,CsMn,P-6m2,-5.420664132459949,CsMn,4713.144708285081,4771.63813063576
60_CuMn3,CuMn3,I4/mmm,0.2690644181336781,Mn3Cu,1600.0,1716.51870410744
63_Cr2Sr2,Cr2Sr2,P4/nmm,0.7446481806535772,SrCr,3790.335856681285,3409.664143318714
64_Ag3Al5,Ag3Al5,P1,-0.0039340081548497,Al5Ag3,1317.691669392166,1282.308330607834
65_Al4P2,Al4P2,I4_1/amd,0.0048209866646065,Al2P,1745.867269334412,2495.139510677717
66_CsSb,CsSb,P-6m2,-0.1281485487240288,CsSb,6908.423181369896,4756.894593914882
68_FePb3,FePb3,Fm-3m,0.7885119954880766,FePb3,2675.26957908022,1767.026105440294
69_FeP,FeP,R-3m,-0.053819012798443,FeP,2257.294615650014,2720.024805237375
71_Au6Mn2,Au6Mn2,Cmcm,0.0028625383247353,MnAu3,1142.532389001626,1068.051822402603
72_Ni4Ge4,Ni4Ge4,Pnma,-0.3244859129136115,NiGe,3378.31351354644,1721.238466376413
73_NiSb2,NiSb2,I4/mmm,-0.0025785561335673,NiSb2,6559.938771742087,3030.997632798546
74_SmSb,SmSb,P-6m2,-1.3450050363071764,SmSb,8784.08055269734,3234.234896369249
75_Fe8Pt,Fe8Pt,I4/mmm,-0.0521674073461721,Fe8Pt,3342.223343990128,3740.361209265803
76_RhV,RhV,P-6m2,-0.2399275600042898,VRh,3233.111792885139,6476.857527283601
77_Au4Mn,Au4Mn,Immm,-0.0475317577619271,MnAu4,1132.592408244191,1052.147853190705
78_Ni4Sb2,Ni4Sb2,I4_1/amd,0.1770521249294952,Ni2Sb,4513.089031507007,2467.372342009176
79_Ag2Al6,Ag2Al6,I4/mmm,0.0341048023002974,Al3Ag,1371.481189890713,1228.518810109287
80_Ag4Al5,Ag4Al5,I4/mmm,0.0050849121442403,Al5Ag4,1295.27707586497,1304.72292413503
81_Mo2As,Mo2As,Fmmm,0.430459223416058,Mo2As,2652.732517346223,4934.941919388789
82_Al2Sn6,Al2Sn6,Cmcm,0.0934787482373256,AlSn3,2529.572628643349,1557.74357718601
83_IrMn2,IrMn2,I4/mmm,-0.0004295886141948,Mn2Ir,4081.507604162678,6444.873207791678
85_Ni2Sb,Ni2Sb,P4/mmm,0.1209554596631837,Ni2Sb,4513.089031507007,2467.372342009176
86_Ni2Sb2,Ni2Sb2,P4/nmm,-0.0582208439969926,NiSb,5655.739376481684,2782.015190625391
87_AuMn3,AuMn3,Pmmm,0.2960059875718608,Mn3Au,1327.781820834756,1364.45091333561
88_Ag2Al2,Ag2Al2,I4_1/amd,-0.0094356971058457,AlAg,1280.034381616517,1319.965618383483
89_Ba2Ge2,Ba2Ge2,Pmmn,-0.1168555505437622,BaGe,3795.705991893965,2161.616349235832
90_IrSn,IrSn,P4/mmm,-0.0646903528158198,SnIr,4392.797987952156,6236.546520565921
91_V3Br,V3Br,I4/mmm,0.5709922328291892,V3Br,3300.0,4601.67491304245
92_InI,InI,R-3m,-0.3710410919205595,InI,4140.001146769682,3470.002006846943
93_GaGe,GaGe,R-3m,-0.0146410194391521,GaGe,5397.951012552418,1900.0
94_Al2Pd2,Al2Pd2,P4/nmm,-0.7411901811862194,AlPd,2876.387077592522,6584.193464467283
95_Cr2W2,Cr2W2,P4/nmm,0.0864102135558599,CrW,6140.145253419643,4255.904884790752
96_Mn3Sn,Mn3Sn,I4/mmm,0.1853687985945038,Mn3Sn,2018.69451431357,1716.261097137286
97_Ag3Al,Ag3Al,P4/mmm,-0.0385368658765874,AlAg3,1230.78448989198,1369.21551010802
98_Cr3Sn,Cr3Sn,P4/mmm,0.4386852445490596,Cr3Sn,2883.926584183448,3019.632920917239
99_Al2Pd2,Al2Pd2,P4/nmm,-0.7471028637113477,AlPd,2876.387077592522,6584.193464467283
100_Ge3Br,Ge3Br,P4/mmm,0.1809122110204661,Ge3Br,4763.414634146341,3241.463414634146
101_CrW3,CrW3,P4/mmm,0.0537844050765876,CrW3,6663.994398823826,4282.768943529428
102_Cr2Sn2,Cr2Sn2,P4/nmm,0.2075312870777024,CrSn,2752.297135251757,2361.485676258786
103_Fe2Pt,Fe2Pt,P4/mmm,0.98433841365906,Fe2Pt,4371.354808425746,6296.590975767177
104_KSn2,KSn2,I4/mmm,-0.1852067996178531,KSn2,2472.744516366547,2391.811898163702
105_Cr3W,Cr3W,P4/mmm,0.0703150051877337,Cr3W,5209.818399468201,4208.195815357343
107_Cr2Sn2,Cr2Sn2,P4/nmm,0.2026693071890291,CrSn,2752.297135251757,2361.485676258786
108_Fe2Pb2,Fe2Pb2,Cmcm,0.4067883133950829,FePb,2636.309376722614,1715.079168963485
109_V2Br2,V2Br2,P4/nmm,-0.1510803872846198,VBr,3300.0,5537.360474758399
110_Cr4Rh,Cr4Rh,I4/mmm,0.6478040969868033,Cr4Rh,3133.100303354982,5390.911830844296
111_AgAl3,AgAl3,P4/mmm,-0.0152064934718052,Al3Ag,1371.481189890713,1228.518810109287
112_VBr3,VBr3,P4/mmm,-0.2619159193614142,VBr3,3300.0,6286.571123347903
115_CrRh2,CrRh2,I4/mmm,-0.0464562337250219,CrRh2,3179.831393316941,7213.424339360708
116_Ba2Ge2,Ba2Ge2,Cmcm,-0.5915835598114554,BaGe,3795.705991893965,2161.616349235832
117_Mn2Sn,Mn2Sn,I4/mmm,0.2038638021403187,Mn2Sn,2119.322938679252,1696.135412264149
118_CrTa,CrTa,F-43m,2.66607583354954,TaCr,2478.570315489587,4643.750973946611
120_Cu8Fe16,Cu8Fe16,Fd-3m,0.325100666679899,Fe2Cu,2109.895227008149,1436.263096623981
121_Fe12W12,Fe12W12,Pbcm,0.1591388106529313,FeW,5928.230802928844,3624.31941923775
122_Na2Pt,Na2Pt,P4/mmm,-0.1094687629154324,Na2Pt,4660.760806580271,7459.668849225076
123_WP,WP,F-43m,0.5181687470777128,PW,6279.055454556957,4415.351127270887
124_PbV3,PbV3,Fm-3m,0.3868962014052073,V3Pb,2954.690166919196,2479.173778451189
126_Ta4Ge2,Ta4Ge2,I4_1/amd,0.5502794154585248,Ta2Ge,2801.500728041347,4315.215962893365
127_Ge4As2,Ge4As2,Pnnm,0.2688744583085179,Ge2As,4619.518114309796,2614.505979974714
128_As4Br2,As4Br2,I4_1/amd,0.1886815862388336,As2Br,3300.0,5008.593793526102
129_InPt,InPt,Fm-3m,-0.2747187912913738,InPt,4684.904905421714,6469.465831133713
130_GaP,GaP,Pm-3m,0.2827077846157659,GaP,4423.419533589372,2884.302140718288
131_NiSn,NiSn,P-6m2,-0.1266843635676862,NiSn,2070.64464378924,1566.915290236828
132_Au2In4,Au2In4,Pnnm,-0.1418995868927499,In2Au,2284.23853185938,1538.290241754264
134_Au4Sr16,Au4Sr16,I-43m,-0.1130436182400256,Sr4Au,3084.646651425082,2280.417194467795
135_Pt8Sn4,Pt8Sn4,I4_1/amd,-0.3379489042611444,SnPt2,4823.4940398288,7350.415620246897
136_Cu6Pt4,Cu6Pt4,P1,-0.1196874372681321,Cu3Pt2,4219.902686955713,6605.451389964978
137_Au3P,Au3P,Immm,0.2305156716459713,PAu3,1144.826459383814,1204.209426081819
138_Ge2As4,Ge2As4,Pnnm,0.1196947121736281,GeAs2,3952.993124874148,3314.357218882144
141_CeBr,CeBr,F-43m,-0.8023102457033016,CeBr,7248.364694118718,4480.034542314335
142_Ce12Ga8,Ce12Ga8,P4_2/mnm,-0.4472578612747064,Ce3Ga2,8503.590606544549,2801.077181963365
143_Ba2Pt2,Ba2Pt2,P6_3/mmc,-0.4142137698980046,BaPt,4467.189713938467,6290.756021912633
144_CaRh4,CaRh4,I4/m,-0.0123593460472001,CaRh4,3262.108921850786,7423.274297099845
145_Cu4Fe8,Cu4Fe8,Pa-3,0.9290346282517644,Fe2Cu,2109.895227008149,1436.263096623981
146_RbRh,RbRh,P-6m2,1.0519039009339617,RbRh,4470.40212174443,7092.569913039693
147_Cu2Ni26,Cu2Ni26,Fm-3c,0.2677396298890073,CuNi13,1046.128037619038,1500.0
149_PdRh2,PdRh2,I4/mmm,0.0679740127382568,PdRh2,3200.0,8000.0
150_YbP,YbP,R-3m,-0.8482652900103984,YbP,8361.335565195843,3403.643849281109
151_Ir2Mo4,Ir2Mo4,Pnnm,0.2558778878110732,Mo2Ir,3951.359942931083,7201.667026818746
152_Ni2As6,Ni2As6,I4/mmm,0.2952248090641767,NiAs3,2823.757576954909,3482.345192342293
153_Al3V,Al3V,I4/mmm,-0.2967745434488575,Al3V,2256.631287339801,1927.008876244424
154_Pd2Ta2,Pd2Ta2,P4/nmm,-0.3618708831950421,TaPd,2633.294034114042,5985.045454627705
155_NiAs3,NiAs3,P4/mmm,0.142732757003877,NiAs3,2823.757576954909,3482.345192342293
157_Ag3Al4,Ag3Al4,P-1,0.003962790239954,Al4Ag3,1300.040289874645,1299.959710125356
158_Cu2Ge4,Cu2Ge4,Pnnm,0.1885786881460269,CuGe2,4174.085602367521,1778.279524580273
159_CrMn,CrMn,P-6m2,0.2433130873062836,MnCr,2329.366190752262,2918.361492486801
160_Ba2Pt2,Ba2Pt2,P6_3/mmc,-0.4579160620289459,BaPt,4467.189713938467,6290.756021912633
161_Ni2Ta4,Ni2Ta4,Fd-3m,0.6395073564584782,Ta2Ni,2118.584435224151,4339.483566338229
162_FeAs3,FeAs3,Imm2,0.0881821666677709,FeAs3,3120.888293994009,3482.566182649359
163_As3Br,As3Br,P4/mmm,0.2126619543483046,As3Br,3300.0,4760.568853784831
164_Mo3P,Mo3P,Fm-3m,0.0756003152457989,Mo3P,2361.136301029629,5280.568150514814
165_Ni2Sn,Ni2Sn,I4/mmm,-0.1054898433116857,Ni2Sn,1804.483584699157,1550.280224043697
166_K4Sn2,K4Sn2,Pnnm,0.0339120821430973,K2Sn,2242.587196163054,3823.901890540998
167_Al3P,Al3P,Pm-3m,0.1003177873692511,Al3P,1710.701254284978,2134.687856421021
168_Fe8Mo16,Fe8Mo16,Fd-3m,0.2217364434622553,FeMo2,2400.0,4420.817438692098
169_Cu3Ta,Cu3Ta,P4/mmm,0.0786238311665679,TaCu3,1940.872790968268,3106.971728850407
170_AlTa2,AlTa2,I4/mmm,-0.109572504407905,Ta2Al,2251.431783012288,4536.34396492385
171_Cu5Pt5,Cu5Pt5,P1,-0.1138101380258533,CuPt,4541.760816610602,7232.662104164249
173_Ba2V,Ba2V,I4/mmm,0.6621519240922341,Ba2V,3046.936920196993,2472.102040722307
174_PbSr7,PbSr7,Fm-3m,-0.030999434316967,Sr7Pb,3821.225046920321,2696.980037536257
175_Fe3As,Fe3As,Cmmm,0.0166827533278075,Fe3As,2678.109319358599,2203.426922591507
176_In3K,In3K,Cmmm,-0.0780771556712189,KIn3,3136.900261059574,2530.074151556385
177_Au3Sr,Au3Sr,Pm-3m,0.7382655086643606,SrAu3,1500.31556518962,1258.268106573948
178_SrW2,SrW2,Fm-3m,3.2276063672278554,SrW2,6461.155282231495,4049.822095321766
179_Al2Rh,Al2Rh,P4/mmm,-0.6991817297737448,Al2Rh,2649.59707634806,5591.987209022764
180_Pd2Rh2,Pd2Rh2,P4/nmm,0.0643234389585014,PdRh,3200.0,8000.0
181_WSb,WSb,F-43m,1.5974823249986905,SbW,7358.586387434554,3941.413612565445
182_Cu6Ni2,Cu6Ni2,Pm-3n,0.1032142976761845,Cu3Ni,1458.75810266978,1500.0
183_AgP3,AgP3,Fm-3m,0.6377887469169732,AgP3,1570.223711813277,3112.284667136405
184_W3Sb,W3Sb,Fm-3m,0.6142879079802093,SbW3,7162.761406844107,4137.238593155894
185_AgSn,AgSn,P4/mmm,0.0542811791472521,AgSn,1933.495102353183,1504.785014621883
186_Ir2Mo6,Ir2Mo6,Cmcm,0.0459888007119957,Mo3Ir,3641.305774346561,6821.600626618365
187_Ta2Ge2,Ta2Ge2,P4/nmm,0.1017352688524066,TaGe,3159.347063432211,3969.297838682196
188_BiBr,BiBr,P-6m2,-0.3222004881677978,BiBr,4746.809865814837,6248.935560383321
189_CaW2,CaW2,I4/mmm,0.6406378987075527,CaW2,6695.305058392478,4024.791665644818
190_CrCu,CrCu,Fm-3m,0.99933812170078,CrCu,2275.027976815377,2670.048493146654
191_Mo4Nb,Mo4Nb,Im-3m,1.5855713652165122,NbMo4,3588.942501042343,5982.180123548886
193_Eu8Ge4,Eu8Ge4,Pnma,-0.8865988076880225,Eu2Ge,8689.819634169658,2868.519895477046
194_Al12Pb12,Al12Pb12,Pbcm,0.2570537015373606,AlPb,2573.262031510114,1707.826932007355
195_Ni6Ge18,Ni6Ge18,Pmmn,0.2198266953462753,NiGe3,4387.601612937045,1815.125731436004
196_Au8Mn4,Au8Mn4,Pnma,-0.0326742680376834,MnAu2,1161.195780750309,1097.913249200495
197_Mn10Sn6,Mn10Sn6,I4/mcm,0.2141267769039148,Mn5Sn3,2164.550700637412,1687.089859872518
198_K8P4,K8P4,Pnma,-0.0861383471739086,K2P,1785.115854063029,6604.189021558799
199_Al2V,Al2V,Fmmm,3.021478292177701,Al2V,2425.517363602701,2165.436278027342
201_CrPd,CrPd,Fm-3m,0.7786205625391744,CrPd,3167.177515416678,6719.923101250441
202_K3Na,K3Na,P4/mmm,0.0175885883206032,K3Na,1601.67235209096,6102.007931682384
203_NaPb3,NaPb3,Fm-3m,-0.0546219459481367,NaPb3,2642.934820561786,1753.634541706451
204_Ni3Sb,Ni3Sb,I4/mmm,-0.1361405822875303,Ni3Sb,3820.78779157414,2276.738667245053
205_Ir3Mn4,Ir3Mn4,I4/mmm,0.0216022662820246,Mn4Ir3,4423.869814281757,7085.705036988929
206_Cr12W18,Cr12W18,P4_2/mnm,0.3346698123646452,Cr2W3,6381.293620469611,4268.27146771639
207_CrRh3,CrRh3,I4/mmm,-0.0699913797349944,CrRh3,3185.585172239616,7437.821717345056
208_PI,PI,R-3m,0.6765507848780659,PI,4331.055765813237,4858.856300088286
209_CuI,CuI,P-6m2,0.163268240844149,CuI,3798.916867991978,3698.916867991978
210_Al18Pb6,Al18Pb6,Pmmn,0.208434471028663,Al3Pb,2390.991701743955,1575.266692177422
211_WSb,WSb,P-6m2,0.5521977096633099,SbW,7358.586387434554,3941.413612565445
212_Fe2Ga4,Fe2Ga4,I4/mcm,-0.1746195386096053,Ga2Fe,4613.530577445965,1757.021060878381
213_Mn2Sn2,Mn2Sn2,I4_1/amd,0.1906174282030415,MnSn,2283.624166341751,1663.27516673165
214_PI,PI,R-3m,0.6761453129882056,PI,4331.055765813237,4858.856300088286
215_AgAl2,AgAl2,P4/mmm,0.1927638806395458,Al2Ag,1333.381082158326,1266.618917841674
216_Cr5Rh4,Cr5Rh4,I4/mmm,0.043413251064886,Cr5Rh4,3161.28952765959,6490.291578724023
217_Ge8Br,Ge8Br,I4/mmm,0.2846492762005539,Ge8Br,5058.241758241757,2504.395604395604
218_Ag5Al2,Ag5Al2,I4/mmm,-0.0047721081775178,Al2Ag5,1236.381396503911,1363.618603496089
219_Ag4Al2,Ag4Al2,I4_1/amd,0.0373786797866924,AlAg2,1244.465668678022,1355.534331321978
220_Cr8Rh,Cr8Rh,I4/mmm,0.215390972454407,Cr8Rh,3119.832452676882,4873.465654398378
221_Mo7Nb,Mo7Nb,Fm-3m,0.4178278478907451,NbMo7,3141.31983620166,5725.347447000952
222_BaIr2,BaIr2,Fm-3m,1.7617864823163814,BaIr2,4842.002372733877,7310.246453836144
223_Pd12Ta18,Pd12Ta18,P4_2/mnm,-0.1882194332244068,Ta3Pd2,2553.487027984356,5701.287210611043
224_K2As6,K2As6,I4/mmm,0.0183152754736446,KAs3,3062.917664501023,4474.164670997953
225_AlPd2,AlPd2,I4/mmm,-0.7917135539533374,AlPd2,3019.989221935548,7212.452845968023
226_Al4Pb2,Al4Pb2,Pnnm,0.4596315211143362,Al2Pb,2472.711420173142,1634.699214671376
227_Ir2Na4,Ir2Na4,Cmcm,0.2310379275124135,Na2Ir,4650.659489482718,7439.925365807129
228_Ge3P,Ge3P,Pmmm,0.4028421099060848,Ge3P,4889.329142768954,2298.226285799803
229_Pd2Rh2,Pd2Rh2,P4/nmm,0.0413431690888472,PdRh,3200.0,8000.0
230_Cu7Pt5,Cu7Pt5,P1,-0.1185395596556523,Cu7Pt5,4278.513943398379,6719.668197391711
231_Ba3Ir,Ba3Ir,Pm-3m,0.3315548688782104,Ba3Ir,3795.339441706195,4463.323281440853
232_Ta3Ge,Ta3Ge,P4/mmm,-0.1070394710213111,Ta3Ge,2654.06302594818,4457.73907491676
233_Ag6Al6,Ag6Al6,Cmm2,-0.0259394001015677,AlAg,1280.034381616517,1319.965618383483
234_Ag5In,Ag5In,P4/mmm,0.0038147416913586,InAg5,1568.592039550018,1505.312011300005
235_PAs3,PAs3,Fm-3m,0.5081874789383827,As3P,3142.550570844298,4133.226440054825
236_VW2,VW2,Immm,0.4517394004088544,VW2,6549.751864154135,4190.480183172627
238_In4Pb16,In4Pb16,I-43m,0.2226825117026813,InPb4,2773.007085494342,1824.335695164781
239_Pb2Sb6,Pb2Sb6,Cmcm,0.156305874512693,Sb3Pb,6017.942984907771,2820.905533817775
241_CrTa,CrTa,F-43m,2.5070367353222007,TaCr,2478.570315489587,4643.750973946611
242_Ag7Ta,Ag7Ta,Fm-3m,0.3318113890532039,TaAg7,1412.646679799075,2057.271555742597
243_FePb3,FePb3,Pm-3m,0.4786018239383995,FePb3,2675.26957908022,1767.026105440294
244_Ni4Rh2,Ni4Rh2,Cmmm,0.1668692690605411,Ni2Rh,2027.689574261107,4536.355560316906
245_AlRh2,AlRh2,I4/mmm,-0.637019060757113,AlRh2,3014.553928490902,7188.673437147697
246_WSb,WSb,Pm-3m,0.6402363637939983,SbW,7358.586387434554,3941.413612565445
247_Ba4Ir2,Ba4Ir2,Fd-3m,1.2154619112347849,Ba2Ir,4029.283249548591,5099.650438772167
248_Cu5Pt7,Cu5Pt7,P1,-0.1172246329049636,Cu5Pt7,4763.866363931236,7665.483170737793
249_Ni8Ta16,Ni8Ta16,Fd-3m,-0.0807124775193379,Ta2Ni,2118.584435224151,4339.483566338229
251_Ba2Ni2,Ba2Ni2,P6_3mc,0.597629677831121,BaNi,2401.150084378973,2060.460033751589
252_AuPt,AuPt,F-43m,1.1568970335132995,PtAu,3289.435924527379,5030.552497425402
253_Cu3Ge4,Cu3Ge4,I4/mmm,0.2297082476966535,Cu3Ge4,3834.157249198875,1741.530513426905
255_Mo2Pb2,Mo2Pb2,Cmcm,0.5946080176813062,MoPb,2605.053770535066,2907.706010424226
256_CuIr,CuIr,F-43m,1.783717347151633,CuIr,4531.019342125327,7211.730000039099
258_Cr5Nb,Cr5Nb,F-43m,0.1469112927238486,NbCr5,4521.686326224426,5337.393654306445
259_K2As2,K2As2,P4/nmm,-0.160004924188351,KAs,2751.347703339505,5097.304593320991
260_CuNi,CuNi,F-43m,1.2524800810011456,CuNi,1311.909253481283,1500.0
261_Fe3Na,Fe3Na,Fm-3m,1.127116443806946,NaFe3,2243.134831355823,1291.401037092493
262_BaBr3,BaBr3,P4/mmm,-1.4692358460725734,BaBr3,3190.732523691183,5224.565363264808
263_Fe2Pb2,Fe2Pb2,Fd-3m,1.224709304364091,FePb,2636.309376722614,1715.079168963485
264_Cr4P,Cr4P,Im-3m,0.722891464014863,Cr4P,2957.417976792105,4229.620021098087
265_Pd16Ta14,Pd16Ta14,P4_2/mnm,-0.2155509804832832,Ta7Pd8,2661.768532086731,6086.288114086154
266_Ag4Al4,Ag4Al4,Cccm,-0.0171242730527843,AlAg,1280.034381616517,1319.965618383483
267_CrP7,CrP7,Fm-3m,0.6510238187764203,CrP7,2212.771816946533,4906.571075503152
268_FeW2,FeW2,I4/mmm,0.3111246762356288,FeW2,6393.454931822207,3917.612891800957
269_SnP3,SnP3,Fm-3m,0.5314056150159168,SnP3,2336.557043838972,3136.750577605997
270_FeNa,FeNa,Fm-3m,2.2341407373912583,NaFe,2020.894431011139,1137.542298392327
271_PtV2,PtV2,Fmmm,-0.3400272227183064,V2Pt,4745.227247471941,7144.452413904575
272_NbPb3,NbPb3,Cmmm,0.5071251497625129,NbPb3,3454.166819336169,2710.201333681583
273_Ba3Br,Ba3Br,P4/mmm,-0.6944199402649203,Ba3Br,3048.733342142981,3047.244579525702
274_CsBr,CsBr,F-43m,-1.85028031224608,CsBr,4986.225479771559,6337.924840076146
275_V4W4,V4W4,Pnma,0.2378765211926374,VW,6197.1959034251,4104.72332786016
276_K5Ge,K5Ge,Amm2,0.1171544290501849,K5Ge,2675.282650490524,5764.167209000061
277_Ba2Cu2,Ba2Cu2,Cmcm,-0.0169725723717149,BaCu,2557.111209570226,2046.920691182986
278_Al12Sn4,Al12Sn4,Pnma,0.1373679800708411,Al3Sn,2194.576787139825,1356.746072283895
279_Ba2Cu4,Ba2Cu4,Cmcm,0.1679982061833745,BaCu2,2327.095254123191,1915.483002356109
280_K3P,K3P,Imm2,0.1089889412197191,K3P,1762.670887257349,6761.303789198556
281_YbBi,YbBi,F-43m,-0.1419430461440991,YbBi,7202.432435545326,4686.415699266322
282_V2W,V2W,Immm,0.1508598416056431,V2W,5680.655390010605,3979.078338110688
283_Fe3Pb,Fe3Pb,Pm-3m,0.3868168751662972,Fe3Pb,2565.877219902064,1621.169626536085
284_Cu6Pt6,Cu6Pt6,P1,-0.0941277396963631,CuPt,4541.760816610602,7232.662104164249
285_MoPb3,MoPb3,Immm,0.5025277881857404,MoPb3,2659.887950497533,2267.973910862112
286_Ca3P5,Ca3P5,Cmmm,-0.4401060503561709,Ca3P5,2830.397188600146,3526.615853178672
287_Ca12Mo4,Ca12Mo4,Pnma,0.6399058390486374,Ca3Mo,3234.286269394099,3186.474784201615
288_As2Br6,As2Br6,I4/mmm,0.3046454324844947,AsBr3,3300.0,6209.442348178961
289_P5As,P5As,F-43m,0.7837244693717675,AsP5,2423.856156573288,4741.352482899525
290_W24P5,W24P5,I-43m,0.4316480836713108,P5W24,6830.4490551265,4327.128151179761
291_Fe24Pb5,Fe24Pb5,I-43m,0.554399661464772,Fe24Pb5,2530.792667530763,1574.39022337435
293_Mo4Pb2,Mo4Pb2,Cmcm,0.5902547794711998,Mo2Pb,2555.758243961111,3482.820487120377
295_Fe2Pb,Fe2Pb,Fm-3m,1.38281204978178,Fe2Pb,2594.926150083101,1659.901533444134
296_Ag2Ge2,Ag2Ge2,Pmmn,0.173659045568022,AgGe,2849.919505041877,1601.209695736814
297_FePd3,FePd3,Pm-3m,-0.1061349423812592,FePd3,3080.897348742352,7017.403127124405
298_PtV3,PtV3,P4/mmm,-0.2900346358635062,V3Pt,4533.614010580368,6596.1817546855
299_NbW3,NbW3,Cmmm,0.4719516784127222,NbW3,7216.253670434782,4948.761011304348
300_Ag2Ca4,Ag2Ca4,I4/mcm,-0.2481122537202737,Ca2Ag,2351.02843144659,1442.63068264617
302_CuK,CuK,Pm-3m,0.4781945344055849,KCu,1638.091058149357,3671.190314513324
303_Sb3Ge,Sb3Ge,Immm,0.2660213422478197,GeSb3,7468.72488125685,3151.187431494337
304_AlCu5,AlCu5,Cmmm,-0.1362652104227132,AlCu5,1600.0,1460.863598141243
305_Au3Ga,Au3Ga,P4/mmm,-0.0390593413436333,GaAu3,1564.381857827966,1094.987198192084
307_NbW3,NbW3,Pmm2,0.4627843224115704,NbW3,7216.253670434782,4948.761011304348
308_Na4Pb,Na4Pb,Im-3m,-0.0642697687374035,Na4Pb,2208.172959990177,1400.390529992019
309_Fe16Pd8,Fe16Pd8,Fd-3m,0.2678129794078536,Fe2Pd,2790.335151987529,4620.265003897116
310_Ba6Sn2,Ba6Sn2,Cmcm,-0.1445053251641583,Ba3Sn,2910.524203349972,2143.417355862451
311_Fe3Pd,Fe3Pd,Fm-3m,0.0705064552450434,Fe3Pd,2710.766366739063,3963.82252559727
313_AgSn,AgSn,P4/mmm,0.0409468929222187,AgSn,1933.495102353183,1504.785014621883
314_Mo3Ta,Mo3Ta,P4/mmm,-0.1259140954870599,TaMo3,2361.399257986704,5106.996289933517
315_CrNa,CrNa,Cmmm,0.9867061782141312,NaCr,2486.823957613791,2996.283123704824
316_MnW,MnW,F-43m,1.98968045727348,MnW,5757.568171730361,3724.800079504796
317_Fe4W2,Fe4W2,I4/mcm,0.6376702269705253,Fe2W,5261.516597299767,3203.999593949854
318_Sb3Ge,Sb3Ge,Pmmm,0.2645231169142601,GeSb3,7468.72488125685,3151.187431494337
319_GaNa3,GaNa3,P4/mmm,0.0242168552505561,Na3Ga,3311.955405298417,1203.803992594951
320_AuGa3,AuGa3,P4/mmm,-0.044392137011382,Ga3Au,3366.099475763966,1463.520347315357
321_PAs,PAs,Pm-3m,0.552972441845033,AsP,2919.757751052402,4321.743441417198
323_TaYb,TaYb,F-43m,3.229303225683664,YbTa,5819.578127929125,3968.98849757229
324_BaGa4,BaGa4,I4/mmm,-0.469580045886774,BaGa4,4675.151783075737,2031.975714707882
325_Fe5Ir,Fe5Ir,P4/mmm,0.1523481086559973,Fe5Ir,3663.936390902805,4539.454906435999
326_Ba16Ir8,Ba16Ir8,Fd-3m,0.0796746013083324,Ba2Ir,4029.283249548591,5099.650438772167
327_Au2Nb3,Au2Nb3,I4/mmm,-0.1809541178163854,Nb3Au2,4166.252361669694,4231.995732570759
328_Ba2In,Ba2In,I4/mmm,-0.3119255525568878,Ba2In,3088.441274340646,2211.558725659354
329_SnTa,SnTa,F-43m,1.464329287677855,TaSn,2418.845531444059,3532.314331263373
330_FePd3,FePd3,Pm-3m,1.3101389883025163,FePd3,3080.897348742352,7017.403127124405
331_VW2,VW2,I4/mmm,-0.0937538236216634,VW2,6549.751864154135,4190.480183172627
332_FePd2,FePd2,Fm-3m,0.637573661042404,FePd2,3033.723505219868,6628.218918063904
333_K2P2,K2P2,Cmcm,-0.4201608338771931,KP,1832.608179847769,6271.742741065619
334_Ba2Cu,Ba2Cu,I4/mmm,0.0233477096016647,Ba2Cu,2736.947368421052,2149.684210526316
335_Cu3Sb,Cu3Sb,Fm-3m,0.1292163677066637,Cu3Sb,4055.483069673941,2240.542513076268
336_KP3,KP3,Pmmm,0.0163658427781863,KP3,1911.153410222026,5721.92612844582
337_SmYb3,SmYb3,Pm-3m,-0.1239708918231743,Yb3Sm,9500.0,3100.0
339_Na2Pt,Na2Pt,I4/mmm,0.0049673128952048,Na2Pt,4660.760806580271,7459.668849225076
340_Ag2Ge2,Ag2Ge2,Pmmn,0.1739586116285205,AgGe,2849.919505041877,1601.209695736814
341_PtV3,PtV3,I4/mmm,-0.2432882618193055,V3Pt,4533.614010580368,6596.1817546855
342_Ag3Ge,Ag3Ge,Pmmm,0.0800694173601241,Ag3Ge,1951.616551998437,1491.660555121761
343_TaGe3,TaGe3,Cmmm,0.210347076036002,TaGe3,3939.038972002458,3215.595660397623
345_Cu6Pt4,Cu6Pt4,P-1,-0.1122154596063794,Cu3Pt2,4219.902686955713,6605.451389964978
346_Ni4Rh8,Ni4Rh8,Pnma,0.0535778871675454,NiRh2,2711.821050991968,6557.653105203543
347_SmTa,SmTa,P-6m2,0.266372281515423,SmTa,5567.631304151293,4028.475942075389
349_Ga2As2,Ga2As2,P4/nmm,0.2211742613306651,GaAs,4360.465444268228,2987.737530471238
350_FeAs3,FeAs3,Pmm2,0.2431374712098151,FeAs3,3120.888293994009,3482.566182649359
351_Cr3Rh,Cr3Rh,Pm-3m,0.1470079694940231,Cr3Rh,3139.74815155867,5650.17791078813
352_AuP3,AuP3,Cmmm,0.5236402867825065,P3Au,1388.487965113268,2314.222952182664
353_Fe8Pd4,Fe8Pd4,Pa-3,0.8325658894387308,Fe2Pd,2790.335151987529,4620.265003897116
354_CaCr3,CaCr3,Cmmm,0.7352797838408138,CaCr3,3263.528357499478,3568.532838126695
355_Cr3Sr,Cr3Sr,P4/mmm,0.6730755965588244,SrCr3,3495.643333991494,3704.356666008506
356_Ag3Ca,Ag3Ca,P4/mmm,-0.1590576046828498,CaAg3,1497.541317621464,1411.020048800795
357_CeGa3,CeGa3,Fm-3m,-0.2983194587045221,CeGa3,7104.603690396096,2381.381107118828
358_SbGe,SbGe,Cmmm,0.3136889612467888,GeSb,6928.477366255143,2839.506172839506
359_As6Br2,As6Br2,Pm-3n,0.7613573160563023,As3Br,3300.0,4760.568853784831
360_Au3Cr,Au3Cr,P4/mmm,0.0727205118778444,CrAu3,1261.755915760701,1250.721669429087
361_AlTa2,AlTa2,P4/mmm,0.6240335894659429,Ta2Al,2251.431783012288,4536.34396492385
362_Au6Ga10,Au6Ga10,I4/mcm,-0.0879386703295863,Ga5Au3,2732.65778446191,1333.952728639936
364_Ca2Sn,Ca2Sn,I4/mmm,-0.4536710840000347,Ca2Sn,3123.984994921203,1559.693461929138
365_In2Na2,In2Na2,P4/nmm,-0.095822273802697,NaIn,2932.985188859448,1749.762628767805
366_NiAs3,NiAs3,Fm-3m,0.0077896201439395,NiAs3,2823.757576954909,3482.345192342293
367_Al3Rh,Al3Rh,Pmmm,-0.5352493491958317,Al3Rh,2495.559947207822,4918.074769034222
368_CaW3,CaW3,P4/mmm,0.7743857544767856,CaW3,6789.98948610374,4110.313084222733
369_Ba3Sn,Ba3Sn,Immm,-0.3223431693894989,Ba3Sn,2910.524203349972,2143.417355862451
370_WAs2,WAs2,P4/mmm,0.570508179759018,As2W,5338.484406766658,4165.282519467567
371_Ag14Ca4,Ag14Ca4,Cmcm,-0.2682671116525693,Ca2Ag7,1459.114637896425,1409.596838440608
372_Ag4Al8,Ag4Al8,P-1,-0.0227212694995966,Al2Ag,1333.381082158326,1266.618917841674
373_Mn8W16,Mn8W16,Fd-3m,0.2505562964440694,MnW2,6298.029399099606,3975.013610694262
374_Al6Rh6,Al6Rh6,Pmmm,-0.7530327867590891,AlRh,2867.630718004529,6545.884391269816
375_Cu4Sn5,Cu4Sn5,I4/mmm,0.2151247137357125,Cu4Sn5,2300.160663604385,1570.016066360438
376_Mo3Sr,Mo3Sr,Cmmm,0.7041883060347418,SrMo3,2820.083102493075,4763.227146814404
377_Au3Nb,Au3Nb,Pmmm,-0.0381561659350113,NbAu3,2105.412535908005,2059.7591594706
378_CaW3,CaW3,P4/mmm,0.7728979899659549,CaW3,6789.98948610374,4110.313084222733
379_P3As,P3As,Fm-3m,0.6037013122326167,AsP3,2580.293167742599,4608.9827042178
380_MoTa2,MoTa2,I4/mmm,-0.1507586219781795,Ta2Mo,2320.955112811633,4904.775564058168
381_Sb4Ge2,Sb4Ge2,Cmcm,0.2403865894397162,GeSb2,7302.631578947367,3055.364372469635
382_AuNb2,AuNb2,Immm,0.0519616767212696,Nb2Au,4692.185679389182,4786.357878275084
383_Ni3Sm,Ni3Sm,Pm-3m,-0.3299709059681639,SmNi3,4915.142804103171,2236.96805724295
384_CrAs3,CrAs3,I4/mmm,0.5987397938903678,CrAs3,3262.425255879714,4018.787372060143
385_IrPb2,IrPb2,I4/mmm,0.2257577188972366,IrPb2,3587.228020315949,4113.130195823724
387_FePd,FePd,Fm-3m,0.4812580703488791,FePd,2924.672603457308,5728.548978522787
388_IrBr3,IrBr3,P4/mmm,0.6300865230216401,IrBr3,4279.043778028334,7879.043778028334
389_Cr2As4,Cr2As4,I4_1/amd,0.0834798005825246,CrAs2,3248.477724605664,4025.761137697168
390_Pb6As2,Pb6As2,Pmmn,0.28922667106808,AsPb3,2764.539218884239,2036.643802575541
391_Ga2Na,Ga2Na,I4/mmm,-0.0480496307103811,NaGa2,4877.261638367143,1701.855975844091
392_FePd3,FePd3,Fm-3m,-0.0230776675298578,FePd3,3080.897348742352,7017.403127124405
393_Mn6W2,Mn6W2,Pm-3n,0.1746507393824732,Mn3W,4447.337519745751,3118.211814697107
395_Ir2Pb2,Ir2Pb2,P4/nmm,0.3738050343011903,IrPb,4047.482956408966,5313.080564923375
396_Au2Nb2,Au2Nb2,Cmme,-0.1082128533063704,NbAu,3471.753605749531,3499.956503357614
399_Au2Nb2,Au2Nb2,Pmma,-0.0960918000005977,NbAu,3471.753605749531,3499.956503357614
400_Ga3Na,Ga3Na,I4/mmm,-0.0132315287682867,NaGa3,5064.28531583918,1761.363509585194
401_AlGa3,AlGa3,Cmmm,0.0361313760628045,AlGa3,5054.402877233159,1797.169894746114
402_GaNa3,GaNa3,I4/mmm,0.0194563733445729,Na3Ga,3311.955405298417,1203.803992594951
403_Ag3Mn,Ag3Mn,P4/mmm,0.2277962190790639,MnAg3,1258.052159486549,1458.052159486549
404_Au3P,Au3P,Cmmm,0.2363162278525057,PAu3,1144.826459383814,1204.209426081819
406_As4Br,As4Br,Im-3m,0.8804043387066216,As4Br,3300.0,4610.451686870902
425_CsYb,CsYb,P-6m2,0.2133070813367397,CsYb,7979.568567660738,4359.786043938247
444_Al2Pd,Al2Pd,I4/mmm,-0.5890005074909356,Al2Pd,2661.658143568778,5644.754378113404
445_CrW3,CrW3,P4/mmm,0.0467321429249381,CrW3,6663.994398823826,4282.768943529428
452_AgAl2,AgAl2,I4/mmm,0.0093127224340404,Al2Ag,1333.381082158326,1266.618917841674
462_Fe2Pb4,Fe2Pb4,Pnnm,0.4720998800685994,FePb2,2664.372826930643,1752.49710257419
463_Ni3Sb,Ni3Sb,P4/mmm,0.0449342540232127,Ni3Sb,3820.78779157414,2276.738667245053
470_P24As5,P24As5,I-43m,0.2436816057725621,As5P24,2435.599157181486,4731.416097769512
471_Mo3W3,Mo3W3,Cm,-0.0025435217114875,MoW,5422.603474158268,4642.912288226464
472_Ca4P2,Ca4P2,Pnnm,-0.8954120405437109,Ca2P,3370.437561091871,2503.381463194351
473_Ba4Br,Ba4Br,I4/mmm,-0.1948690422078861,Ba4Br,3038.097175514771,2884.156691226486
474_KAs3,KAs3,P4/mmm,0.0965459569694791,KAs3,3062.917664501023,4474.164670997953
479_Ca18Mo6,Ca18Mo6,Pmmn,0.6779185862039393,Ca3Mo,3234.286269394099,3186.474784201615
480_Ag6Al6,Ag6Al6,I4mm,-0.0217492147153629,AlAg,1280.034381616517,1319.965618383483
481_RbW,RbW,P4/mmm,2.187420242882454,RbW,6682.63897295214,4839.513745981365
482_MnMo3,MnMo3,I4/mmm,0.3761156942213759,MnMo3,2271.774166526128,4739.011978551809
483_Fe2Ga,Fe2Ga,I4/mmm,-0.1236527609692442,GaFe2,3591.432256784244,1592.166493029717
484_Mn3Sn,Mn3Sn,P4/mmm,0.2206086726667848,Mn3Sn,2018.69451431357,1716.261097137286
485_PI,PI,R-3m,0.6799114991940689,PI,4331.055765813237,4858.856300088286
488_Ga2Sr,Ga2Sr,P6/mmm,-0.531548045592905,SrGa2,4998.357305805361,2324.466895087772
489_In2Br2,In2Br2,Cmcm,-0.8172334018909813,InBr,3300.0,4010.710654163372
490_Cu5Ge,Cu5Ge,P4/mmm,0.0655166744716565,Cu5Ge,2288.495529881907,1574.431949176422
491_Ag2Al2,Ag2Al2,P4/nmm,-0.0136965697181792,AlAg,1280.034381616517,1319.965618383483
492_MoW3,MoW3,P4/mmm,-0.0002471644391786,MoW3,6318.376424798443,4448.179038087294
493_Fe3Na,Fe3Na,Fm-3m,1.1195761482720776,NaFe3,2243.134831355823,1291.401037092493
498_Ge4Br5,Ge4Br5,I4/mmm,0.2780708243690522,Ge4Br5,4142.105263157895,4794.736842105263
499_Cu2Ga4,Cu2Ga4,Pnnm,0.0312333231286986,Ga2Cu,4279.117403641523,1774.781272168362
500_CuGe2,CuGe2,I4/mmm,0.1805051598397303,CuGe2,4174.085602367521,1778.279524580273
501_FeSb3,FeSb3,Immm,0.3358709608334767,FeSb3,7170.650044523599,3134.781834372217
502_In5Sn,In5Sn,P4/mmm,-0.006264214339336,In5Sn,3180.05629330254,1931.460739030023
503_Sn2W,Sn2W,P4/mmm,0.537531149489921,Sn2W,4520.18231021222,2778.293690357499
506_MnRh,MnRh,Pm-3m,-0.1937437766726706,MnRh,2643.113926515019,5842.066465245696
507_Ba2Pd4,Ba2Pd4,Cmcm,-0.2163654657637609,BaPd2,3121.564853341405,5764.598320230061
508_Ba3Sb,Ba3Sb,P4/mmm,-0.4907969730717179,Ba3Sb,4117.815569723893,2550.93818912169
510_Ga2P,Ga2P,Fm-3m,0.1252236395168893,Ga2P,4863.875610857853,2481.599441501391
511_AgP,AgP,Pm-3m,0.4563419294753772,AgP,1378.469169140667,2225.419907275583
516_Ba2Cu4,Ba2Cu4,I4/mcm,0.1950184329572829,BaCu2,2327.095254123191,1915.483002356109
517_AlNi,AlNi,P-6m2,-0.4930291561301398,AlNi,1188.957511082477,1342.53540743127
518_CaPb5,CaPb5,Amm2,-0.1095779331682044,CaPb5,2744.693414417914,1788.826646395522
519_Ag4Al,Ag4Al,I4/m,-0.0485466401328874,AlAg4,1223.541309420166,1376.458690579834
520_V2Br2,V2Br2,I4_1/amd,0.6952620889988701,VBr,3300.0,5537.360474758399
521_CuGe,CuGe,P4/mmm,0.1750219402579942,CuGe,3573.536193147606,1713.355264124066
523_In2Sn,In2Sn,P4/mmm,0.0836835249385252,In2Sn,3061.452693586262,1863.687253477864
524_In2Sn4,In2Sn4,C2/m,-0.0003308860237745,InSn2,2828.176971252392,1730.386840715652
525_MnBr8,MnBr8,I4/mmm,0.0470076085075885,MnBr8,3165.458503758975,6496.375511276923
526_GeP,GeP,P-6m2,0.3757062883912843,GeP,4313.515071482493,2856.591445835158
527_Ca3Pb,Ca3Pb,Immm,-0.2743955233667527,Ca3Pb,3140.640861975238,1689.839784506191
528_IrTa3,IrTa3,Immm,-0.316739098636301,Ta3Ir,3136.794090892964,5924.44205963742
529_AlPd3,AlPd3,P4/mmm,-0.60903041698508,AlPd3,3075.316919123695,7454.511521166166
530_AuNb,AuNb,F-43m,1.243237284066657,NbAu,3471.753605749531,3499.956503357614
531_Pb3Ta,Pb3Ta,I4/mmm,0.7059161694290506,TaPb3,2609.813291139714,2476.400316452147
532_AlPd,AlPd,P4/mmm,-0.2299419746504174,AlPd,2876.387077592522,6584.193464467283
533_Ga12P17,Ga12P17,I-43m,0.0434574895154503,Ga12P17,4148.108608828295,3136.014986214131
534_Ni2Sb2,Ni2Sb2,P4/nmm,-0.0458101554117664,NiSb,5655.739376481684,2782.015190625391
535_MoTa2,MoTa2,I4/mmm,-0.1505603280492735,Ta2Mo,2320.955112811633,4904.775564058168
536_KSn3,KSn3,P4/mmm,-0.1798566029982073,KSn3,2510.966724801842,2153.984823455203
537_Fe2Ga2,Fe2Ga2,I4_1/amd,0.124064853796499,GaFe,4121.308772935779,1677.630447247706
538_As3Br,As3Br,P4mm,0.0974852308422016,As3Br,3300.0,4760.568853784831
540_V2Br,V2Br,I4/mmm,0.4320593342627887,V2Br,3300.0,4938.415838316272
542_Fe12Mo17,Fe12Mo17,I-43m,0.1109067026742717,Fe12Mo17,2400.0,4164.228723404256
543_Sr4Br8,Sr4Br8,Pnma,-2.1555202848237465,SrBr2,3618.710897715699,5518.91944323197
544_Mn4Sb5,Mn4Sb5,I4/mmm,0.6126234421869883,Mn4Sb5,6229.086848821035,2975.641104462485
545_Ba2Pd4,Ba2Pd4,Cmcm,-0.4201277691933628,BaPd2,3121.564853341405,5764.598320230061
546_As4Br,As4Br,I4/mmm,0.0467358917197771,As4Br,3300.0,4610.451686870902
547_AgAl3,AgAl3,I4/mmm,0.032289277011491,Al3Ag,1371.481189890713,1228.518810109287
548_CuIr,CuIr,F-43m,1.7455088971045418,CuIr,4531.019342125327,7211.730000039099
549_FeNa,FeNa,Pm-3m,1.1342721190919105,NaFe,2020.894431011139,1137.542298392327
551_Ca12P12,Ca12P12,Pbcm,-0.942817899372234,CaP,3071.728523776793,3069.356481265025
552_Fe17Pb12,Fe17Pb12,I-43m,1.2324810144787373,Fe17Pb12,2617.104487646856,1689.472650195808
553_Al8Sn4,Al8Sn4,Pnma,0.1639814527707136,Al2Sn,2287.48412853327,1412.490477119962
554_K8As,K8As,I4/mmm,-0.0518674954251389,K8As,2009.187739226428,6581.624521547143
555_In2Sn4,In2Sn4,C2/m,0.0015668598982495,InSn2,2828.176971252392,1730.386840715652
556_Ir4Ta2,Ir4Ta2,Pnnm,-0.1360535071058433,TaIr2,4475.854663046506,7723.804703468742
557_V2Br,V2Br,I4/mmm,0.4419066354074476,V2Br,3300.0,4938.415838316272
558_K2Sn,K2Sn,I4/mmm,-0.0292190013714626,K2Sn,2242.587196163054,3823.901890540998
560_Ir4As12,Ir4As12,Im-3,-0.42536219858306,As3Ir,4314.138746583184,6350.958003442836
561_Ag4Al3,Ag4Al3,I4/mmm,-0.0150315622136787,Al3Ag4,1263.186467363626,1336.813532636374
562_Mo2W4,Mo2W4,C2/m,-0.0005864744588208,MoW2,6048.091109097969,4506.936715413485
563_CsNi,CsNi,Amm2,1.1901183413278558,CsNi,4468.32589501545,4621.493305513904
564_Ba2As4,Ba2As4,I4_1/amd,-0.7628909404239513,BaAs2,3156.537690888539,3187.046915035055
565_BaBr2,BaBr2,I4/mmm,-2.1246359399750907,BaBr2,3161.348881821395,4774.016187928046
566_NaPd3,NaPd3,Cmmm,0.0354355352941269,NaPd3,3058.937770536515,7496.206323344698
567_K3Na,K3Na,P4/mmm,0.0088293019136178,K3Na,1601.67235209096,6102.007931682384
568_AsBr4,AsBr4,Im-3m,0.0827368421497677,AsBr4,3300.0,6349.298013674742
569_CuNi,CuNi,P-6m2,0.0094961468601439,CuNi,1311.909253481283,1500.0
570_Cr2Ta2,Cr2Ta2,Imma,0.0133151772221342,TaCr,2478.570315489587,4643.750973946611
571_Ba2V,Ba2V,I4/mmm,0.6647424311657275,Ba2V,3046.936920196993,2472.102040722307
572_Ni2Sn2,Ni2Sn2,P4/nmm,-0.0386517674134507,NiSn,2070.64464378924,1566.915290236828
573_Fe3Ga,Fe3Ga,P4/mmm,-0.081774550841752,GaFe3,3310.996889462104,1546.934982171307
574_Ag2Al,Ag2Al,I4/mmm,-0.0620567473526894,AlAg2,1244.465668678022,1355.534331321978
576_CrNa,CrNa,Cmmm,0.9901028503581726,NaCr,2486.823957613791,2996.283123704824
577_Ba3Ir,Ba3Ir,Fm-3m,0.338428116950626,Ba3Ir,3795.339441706195,4463.323281440853
578_Cu5Ge4,Cu5Ge4,I4/mmm,0.1404388175606143,Cu5Ge4,3367.367538509593,1691.066760919956
579_K4As2,K4As2,I4_1/amd,-0.1232630861551378,K2As,2482.889036051887,5634.221927896227
580_SmBi,SmBi,P-6m2,-1.0609019344514443,SmBi,7057.419983948367,4786.543344416603
581_BaPd3,BaPd3,Immm,-0.1696675891449359,BaPd3,3139.846294353541,6285.619389075904
582_InBr3,InBr3,Immm,-0.5541793780190627,InBr3,3300.0,5313.087185851691
583_InBr5,InBr5,Amm2,-0.2712177359377226,InBr5,3300.0,5806.150819111168
584_Ba3Fe,Ba3Fe,P4/mmm,0.912948127235126,Ba3Fe,2928.377217170486,2192.565825755729
585_AuNi,AuNi,F-43m,0.9641375582202292,NiAu,1077.042397278864,1114.788013605681
586_AuSr,AuSr,Pm-3m,-0.7391766903276662,SrAu,2054.44419936768,1615.770451204955
588_Ag4Al4,Ag4Al4,P1,-0.0205140921578426,AlAg,1280.034381616517,1319.965618383483
589_Ni2P6,Ni2P6,I4/mmm,0.3413307033604384,NiP3,1612.877871210972,3706.3603363595
590_Sb4Ge2,Sb4Ge2,Cmcm,0.2864570294892138,GeSb2,7302.631578947367,3055.364372469635
591_AlPd,AlPd,P-6m2,-0.769562325120063,AlPd,2876.387077592522,6584.193464467283
592_InSb,InSb,Fm-3m,-0.1304174171677101,InSb,5667.489791950224,2720.540371463112
593_Ba2Br4,Ba2Br4,I4/mcm,-2.1866423000315485,BaBr2,3161.348881821395,4774.016187928046
594_AlP2,AlP2,I4/mmm,0.0056815618477751,AlP2,1878.63792640495,3856.038745650738
595_Fe2Ga2,Fe2Ga2,P4/nmm,0.0474305641048955,GaFe,4121.308772935779,1677.630447247706
596_Cr6Ta18,Cr6Ta18,Pmmn,0.2734942512328213,Ta3Cr,2369.92955783351,4738.811636895679
597_Cu6Pt5,Cu6Pt5,P-1,-0.1221253059125608,Cu6Pt5,4403.972297404871,6964.151143660776
598_K2Ge2,K2Ge2,Imma,-0.1488017230705125,KGe,4040.325564287267,3754.520697021522
599_Ag2Na,Ag2Na,Immm,-0.0121683720273303,NaAg2,1190.369816032596,1313.328344293365
600_Ni4Ta4,Ni4Ta4,P2_13,0.0027783047602145,TaNi,1981.60151706751,3991.757697171372
601_VGe3,VGe3,P4/mmm,0.1048692303345815,VGe3,4921.057682115141,2184.206738413644
602_W2As2,W2As2,P4/nmm,0.3709171496726551,AsW,5928.705341132533,4213.138270902638
603_CrP7,CrP7,Fm-3m,0.6510238187764203,CrP7,2212.771816946533,4906.571075503152
604_Cu4Ni2,Cu4Ni2,Fd-3m,0.2141543813091626,Cu2Ni,1410.447753160367,1500.0
605_Fe4Mo16,Fe4Mo16,I-43m,0.753637950687812,FeMo4,2400.0,4804.565462176272
607_NaI,NaI,F-43m,-1.3156962778764316,NaI,4317.181582937215,4140.494949113165
608_Au2P,Au2P,I4/mmm,0.3116512668179887,PAu2,1165.605867544161,1298.871174367844
609_GaP2,GaP2,Fm-3m,0.4456024952488941,GaP2,3853.341906651787,3405.515971061222
610_CuNi4,CuNi4,Im-3m,0.8709995730334945,CuNi4,1127.8078946204,1500.0
611_BaTa3,BaTa3,P4/mmm,1.209436450673138,BaTa3,2441.330563753825,4295.247986593482
612_NiTa2,NiTa2,Fm-3m,0.3244954078270427,Ta2Ni,2118.584435224151,4339.483566338229
613_IrAs,IrAs,Fm-3m,0.2667370160346731,AsIr,4882.988755649689,7669.655751733369
614_Ge18P6,Ge18P6,Pmmn,0.3569418465741094,Ge3P,4889.329142768954,2298.226285799803
615_Au12Sr17,Au12Sr17,I-43m,-0.3497568575971653,Sr17Au12,2298.392844411678,1773.156673813986
618_TaGe4,TaGe4,I4/m,0.177546213788969,TaGe4,4148.707173250212,3012.916399191462
619_Pd2Rh2,Pd2Rh2,P4/nmm,0.0335179686465618,PdRh,3200.0,8000.0
620_K2As2,K2As2,P4/nmm,0.3860607131950981,KAs,2751.347703339505,5097.304593320991
621_V3Br,V3Br,I4/mmm,0.5547448324913553,V3Br,3300.0,4601.67491304245
622_Fe2Pb2,Fe2Pb2,Fd-3m,1.216375423914755,FePb,2636.309376722614,1715.079168963485
623_K2As2,K2As2,Imma,-0.3857350325807225,KAs,2751.347703339505,5097.304593320991
624_Fe5As3,Fe5As3,Cmmm,0.0406293060694071,Fe5As3,2801.37383732766,2559.524418946574
625_AsBr3,AsBr3,P4/mmm,0.1837854807495578,AsBr3,3300.0,6209.442348178961
626_AgAl2,AgAl2,I4/mmm,0.0462782463932066,Al2Ag,1333.381082158326,1266.618917841674
627_AuIr,AuIr,F-43m,1.8220014981525097,IrAu,3273.151354187823,5000.574083845764
629_AlP,AlP,P4/mmm,0.0679904561148392,AlP,1813.776905161976,3191.213277910252
630_P4As,P4As,Im-3m,0.812091334973811,AsP4,2489.888955375608,4685.478576220639
631_SrW,SrW,Pm-3m,1.9972426006473425,SrW,6096.235172769469,3880.394901642967
633_Fe4V12,Fe4V12,Pnma,0.0347610532886228,V3Fe,3059.138254512519,2864.751676694485
636_Pd3Sb,Pd3Sb,Pmm2,-0.3289871844330214,SbPd3,4497.610085710399,6729.998639517482
637_KAs2,KAs2,I4/mmm,-0.2475392953244745,KAs2,2968.906619244581,4662.186761510839
638_Ta2V2,Ta2V2,Cmcm,0.3131622498215911,TaV,2519.680176815342,4492.447752458522
639_Ni2P2,Ni2P2,P4/nmm,-0.165174269500933,NiP,1345.430381748895,2743.549374296022
640_SrW,SrW,Pm-3m,1.9908134049990984,SrW,6096.235172769469,3880.394901642967
641_Al6Rh6,Al6Rh6,I4/mmm,-0.7913171802790396,AlRh,2867.630718004529,6545.884391269816
642_As4Br16,As4Br16,I-43m,-0.046800421294947,AsBr4,3300.0,6349.298013674742
643_Al4Pb8,Al4Pb8,Pnma,0.190216711141165,AlPb2,2632.757286237798,1751.096208172944
645_CaBr3,CaBr3,Immm,-1.3581370482902582,CaBr3,3385.94588798742,6126.487008113229
646_Al3Sb,Al3Sb,Cmmm,0.1732711125575723,Al3Sb,5384.265084307962,2441.624794022081
648_CrTa,CrTa,F-43m,2.4750764616864167,TaCr,2478.570315489587,4643.750973946611
650_Mo5P24,Mo5P24,I-43m,0.4231915241768708,Mo5P24,2156.883869948118,5178.441934974059
651_Mo4P8,Mo4P8,Pa-3,0.2062202022958482,MoP2,2243.059103263916,5221.529551631958
652_AlP4,AlP4,I4/m,0.0369338508014443,AlP4,1928.467261334503,4366.789428678658
653_NaP,NaP,P-6m2,0.1240933747896404,NaP,1616.57823605646,3140.288762066351
654_Al2In4,Al2In4,Cmcm,0.1587686536238752,AlIn2,3121.256895104519,1894.856997120305
655_PdRh2,PdRh2,I4/mmm,0.0668231722260811,PdRh2,3200.0,8000.0
656_CrSb,CrSb,F-43m,0.450704512349529,CrSb,6463.611407023984,3609.473336475668
658_AgAl5,AgAl5,P4/mmm,-0.0043263235933051,Al5Ag,1422.275270139775,1177.724729860226
659_Ce4Fe34,Ce4Fe34,P6_3/mmc,0.018078707394174,Ce2Fe17,4018.129517232069,1787.439461872467
660_Al3Ca,Al3Ca,Fm-3m,-0.0211971321280866,CaAl3,2361.670861191219,1165.580621998091
662_AgAl2,AgAl2,Immm,0.0076579922915721,Al2Ag,1333.381082158326,1266.618917841674
663_Ni2Sn,Ni2Sn,I4/mmm,-0.1294440506136401,Ni2Sn,1804.483584699157,1550.280224043697
664_Al3Pd,Al3Pd,P4/mmm,-0.4002240771260617,Al3Pd,2508.773512399773,4975.884116749006
665_AsBr4,AsBr4,Im-3m,0.0831803890341781,AsBr4,3300.0,6349.298013674742
666_Ag3Ta,Ag3Ta,Fm-3m,0.4492187079928644,TaAg3,1594.493488566343,2619.343510114151
668_MoSn,MoSn,P-6m2,0.2023255626539493,SnMo,2510.607966457023,3253.752620545074
669_Cr8Nb,Cr8Nb,I4/mmm,0.2756917005872579,NbCr8,4085.88901899283,4958.088590604871
672_Ba2Ta4,Ba2Ta4,Cmcm,0.787986574164344,BaTa2,2492.557126201538,4112.295977851652
673_Fe3Ga,Fe3Ga,I4/mmm,-0.1088279660592226,GaFe3,3310.996889462104,1546.934982171307
674_Fe2Ir,Fe2Ir,I4/mmm,0.0969417910180017,Fe2Ir,4360.707387457347,6270.144155942443
675_AlRh3,AlRh3,Pmmm,-0.4132671229453981,AlRh3,3071.400911545272,7437.378988010566
676_AgTa3,AgTa3,Pm-3m,3.185028116001336,Ta3Ag,2117.653510039098,4236.383576484484
677_W6As10,W6As10,I4cm,0.3115210182407653,As5W3,5503.393051500441,4178.653490662198
679_GaMn2,GaMn2,I4/mmm,-0.0545106711907668,Mn2Ga,3114.037181368793,1838.821466188944
680_EuGa3,EuGa3,Fm-3m,-0.4397634530988226,EuGa3,7183.191511160708,2404.957453348212
682_Fe2Ga2,Fe2Ga2,P4/nmm,-0.0545204992194774,GaFe,4121.308772935779,1677.630447247706
683_Cr3Na,Cr3Na,Cmmm,0.5610182583884997,NaCr3,2843.099594576206,3637.57927023717
684_AgAs,AgAs,Fm-3m,0.0355941644367785,AgAs,2060.744746151043,2465.683971425101
685_Pt2Sn2,Pt2Sn2,I4_1/amd,-0.2274748906173247,SnPt,4402.914013652269,6262.708655997248
686_Cu4Ge2,Cu4Ge2,Pnnm,0.1101341585813073,Cu2Ge,2945.643161836862,1645.474936414796
687_In3Ni,In3Ni,Fm-3m,0.2402447399500977,In3Ni,2965.147735046784,1927.206029357997
688_AuV,AuV,Fm-3m,0.5982158839355014,VAu,1552.067980086602,1493.165069185384
689_In3Sr,In3Sr,Pm-3m,-0.3304793817924882,SrIn3,3482.510403310544,2202.789337011715
690_Ag6Al2,Ag6Al2,P4/nmm,-0.0033059475086609,AlAg3,1230.78448989198,1369.21551010802
691_AgNi2,AgNi2,Immm,0.2273391932782319,Ni2Ag,1095.774300237509,1452.112849881246
692_Fe2Mo,Fe2Mo,Fm-3m,0.8089052993960735,Fe2Mo,2400.0,3202.080624187256
693_Mo7P,Mo7P,Fm-3m,0.2919101955614458,Mo7P,2382.365043829913,5291.182521914957
694_AsBr3,AsBr3,P4/mmm,0.507192221287605,AsBr3,3300.0,6209.442348178961
695_In4Br2,In4Br2,C2/m,-0.3554943725237409,In2Br,3300.0,3264.875621890547
696_Ag3Ge,Ag3Ge,Imm2,0.087668262499847,Ag3Ge,1951.616551998437,1491.660555121761
697_Ge2P6,Ge2P6,Cmcm,0.3548940576013857,GeP3,3447.874716315021,3696.000275088465
698_TaGe2,TaGe2,I4/mmm,-0.1885119228950221,TaGe2,3635.998627707723,3508.534659882533
699_NbW3,NbW3,Immm,-0.0676890586603047,NbW3,7216.253670434782,4948.761011304348
700_BaV2,BaV2,I4/mmm,0.8428249004638602,BaV2,3127.774340537603,2768.505915304544
701_Fe2W4,Fe2W4,Cmcm,0.1736369429963483,FeW2,6393.454931822207,3917.612891800957
702_Al2K2,Al2K2,Cmcm,0.2122518133412239,KAl,1659.168274058103,4668.432991602373
703_Pb5As,Pb5As,Cmmm,0.0742787194289308,AsPb5,2740.464565636315,1948.370073999822
704_Cu7Pt5,Cu7Pt5,P1,-0.1193349788810517,Cu7Pt5,4278.513943398379,6719.668197391711
705_P16As8,P16As8,Fd-3m,0.2640915783909587,AsP2,2711.614695510143,4497.864488414494
706_Ta4V6,Ta4V6,Fdd2,0.1993984094369878,Ta2V3,2596.907877688747,4384.328971235754
707_Pd3Sb,Pd3Sb,Immm,-0.3760822909045904,SbPd3,4497.610085710399,6729.998639517482
708_Fe4Pd8,Fe4Pd8,Pa-3,0.8340075111538189,FePd2,3033.723505219868,6628.218918063904
709_CeTa,CeTa,P-6m2,0.7696654382297821,CeTa,5442.163484724597,4058.100288328914
710_K2Ge2,K2Ge2,Cmcm,-0.1416724648632179,KGe,4040.325564287267,3754.520697021522
713_Ir18Ta6,Ir18Ta6,Pmmn,-0.5508677004764083,TaIr3,4735.699482554674,8072.971179682843
714_Fe2Pd26,Fe2Pd26,Fm-3c,0.4845342715894613,FePd13,3168.96001889801,7743.920155908581
715_Mo2Sr2,Mo2Sr2,P4/nmm,0.547790505542185,SrMo,3259.206798866856,4202.124645892351
717_TaBi,TaBi,F-43m,1.5440836077559703,TaBi,3907.837215602829,5443.134886241132
718_AgGe5,AgGe5,Cmmm,0.2757923473918933,AgGe5,4361.155858111416,1785.506811964807
719_BaV3,BaV3,P4/mmm,0.6593841522437529,BaV3,3158.011762820458,2879.376463675011
721_AgMn3,AgMn3,P4/mmm,0.5190592754356258,Mn3Ag,1441.767234390156,1641.767234390156
723_Mo2Sr4,Mo2Sr4,I4/mcm,0.7615178657666704,Sr2Mo,3563.183125599233,3813.710450623202
724_Mo2W6,Mo2W6,I4/mmm,0.3719728802045488,MoW3,6318.376424798443,4448.179038087294
725_SrV,SrV,P-6m2,1.1938333385077635,SrV,3869.119127607597,3147.058165507735
726_Ca2Pb6,Ca2Pb6,Cmcm,0.109675289575164,CaPb3,2772.684296591394,1781.828925852152
727_Ga2W,Ga2W,I4/mmm,0.2419851468309346,Ga2W,6352.990850206937,3264.7853603311
728_FeBr3,3-Feb,Fm-3m,0.3130408727754359,FeBr3,3129.946507780225,5860.784214212486
730_Ni3Ta,Ni3Ta,Fm-3m,-0.1871286724374261,TaNi3,1658.862025642353,3172.495911245972
731_Cr6Pb18,Cr6Pb18,Pmmn,0.8597710145046591,CrPb3,2730.876722712617,1977.541155597546
732_AgSn2,AgSn2,I4/mmm,-0.0005459262697555,AgSn2,2162.639325641594,1537.519903663085
734_Fe3Ir4,Fe3Ir4,I4/mmm,0.3829532302239989,Fe3Ir4,4945.368607319712,7722.367185923155
735_CrSr3,CrSr3,P4/mmm,0.4019539081751229,Sr3Cr,4018.343332080909,3181.656667919091
737_NiBi3,NiBi3,Fm-3m,0.3715862485464503,NiBi3,4931.900694626554,5614.779796702209
738_BaV2,BaV2,I4/mmm,0.885057308656922,BaV2,3127.774340537603,2768.505915304544
739_Ag2Ta4,Ag2Ta4,Fd-3m,0.5628349412683527,Ta2Ag,2047.415659558047,4019.284765906691
740_Ag5Al7,Ag5Al7,P-1,-0.0106816300969262,Al7Ag5,1303.744969762369,1296.255030237631
741_Cr6Ge2,Cr6Ge2,Pm-3n,-0.2224477129566402,Cr3Ge,3798.986083525093,3401.013916474907
742_SnW2,SnW2,I4/mmm,0.4336866222469631,SnW2,5926.12101400111,3641.028804046136
743_Al4P2,Al4P2,I4/mcm,0.1063656280243972,Al2P,1745.867269334412,2495.139510677717
744_V4W3,V4W3,I4/mmm,-0.0694999846588128,V4W3,6001.789785591154,4057.192110008659
745_CaCr3,CaCr3,Pmm2,0.7852050754029234,CaCr3,3263.528357499478,3568.532838126695
746_GaAs2,GaAs2,I4/mmm,0.1942717367305538,GaAs2,3998.607527023741,3333.147360568248
747_Mo3Ta,Mo3Ta,P4/mmm,-0.1285233832042944,TaMo3,2361.399257986704,5106.996289933517
748_Mo2P,Mo2P,Fm-3m,0.0111428188688501,Mo2P,2344.405224803878,5272.202612401939
749_Mo10W6,Mo10W6,I4/mcm,0.344623366699313,Mo5W3,4860.185023564321,4765.177168790365
750_Cr2As4,Cr2As4,I4_1/amd,0.1067575780174448,CrAs2,3248.477724605664,4025.761137697168
751_Ca3Ir,Ca3Ir,Fm-3m,-0.046826592853308,Ca3Ir,4884.30537908344,6175.450550646342
752_Ba2Ga2,Ba2Ga2,Pmma,-0.1956373653855494,BaGa,3841.86186911374,2165.302100941801
753_Ir2V4,Ir2V4,I4/mcm,-0.1734783621908313,V2Ir,4737.86943216593,7125.388983339
754_Ba3Sn,Ba3Sn,Immm,-0.322119701814052,Ba3Sn,2910.524203349972,2143.417355862451
755_RhV,RhV,F-43m,0.682774889396148,VRh,3233.111792885139,6476.857527283601
756_Fe2Ir2,Fe2Ir2,P4/nmm,0.095469058522756,FeIr,4802.111972006999,7366.536188533512
757_W5P,W5P,F-43m,0.7596371541010379,PW5,6837.010012069772,4326.078398068836
758_Cu4Pt7,Cu4Pt7,P1,-0.1032958613637947,Cu4Pt7,4887.989420733289,7907.363999377691
759_P4Br16,P4Br16,I-43m,0.0475859620767529,PBr4,3185.148127628438,6740.974330562454
760_Cr26Nb2,Cr26Nb2,Fm-3c,0.3761024021291713,NbCr13,3752.520967263973,4667.934915951977
761_CuMo,CuMo,P-6m2,0.34300430186188,CuMo,2081.246002783943,3785.918513223732
763_PbAs3,PbAs3,Immm,0.2528127421578459,As3Pb,3012.198771751772,2944.728829756498
764_Al2K2,Al2K2,P4/nmm,0.2428604531726903,KAl,1659.168274058103,4668.432991602373
765_K2As2,K2As2,P4/nmm,-0.1608951117004919,KAs,2751.347703339505,5097.304593320991
766_Au3Ga,Au3Ga,P4/mmm,-0.0407151590716394,GaAu3,1564.381857827966,1094.987198192084
767_Al18Pt6,Al18Pt6,Pmmn,-0.5079458393087251,Al3Pt,4356.335961019589,6724.697765194532
769_P16Br4,P16Br4,I23,0.5858727126604272,P4Br,2509.694235666891,5805.730480154157
770_Cr4Sr5,Cr4Sr5,I4/mmm,0.8423494786280783,Sr5Cr4,3845.89326100429,3354.106738995711
772_PbGe3,PbGe3,Fm-3m,0.1001123730519051,Ge3Pb,4032.781332329695,1851.260820474219
773_InTa3,InTa3,Pmm2,0.2223334662506904,Ta3In,2474.585216799326,4311.161392961889
774_W5Sb,W5Sb,F-43m,0.6439930759214031,SbW5,7105.272056563173,4194.727943436827
775_MoI,MoI,F-43m,1.3140727451876053,MoI,3823.68879514937,5015.262240970125
776_As17Br12,As17Br12,I-43m,0.0012304841898449,As17Br12,3300.0,5245.527555646653
777_Al2Cu6,Al2Cu6,Cmcm,-0.1611115337218152,AlCu3,1600.0,1438.007545706652
778_NaPb,NaPb,P-6m2,-0.1123338049140905,NaPb,2540.203016132933,1670.164950608008
779_As4Br2,As4Br2,I4/mcm,0.4452598407995474,As2Br,3300.0,5008.593793526102
780_NiTa,NiTa,P-6m2,0.0359782446442089,TaNi,1981.60151706751,3991.757697171372
783_Fe2Ir2,Fe2Ir2,P4/nmm,0.0966810213421247,FeIr,4802.111972006999,7366.536188533512
784_AuCr3,AuCr3,P4/mmm,0.2856037948833716,Cr3Au,1983.89940868049,2370.04408345476
785_Mn4W16,Mn4W16,I-43m,0.9153041860879512,MnW4,6624.615744810555,4126.210992967849
786_Al8Ta4,Al8Ta4,I4_1/amd,-0.2256334324555962,TaAl2,2139.197990207671,3927.074803984495
787_Al3I,Al3I,I4/mmm,0.4000964545887084,Al3I,3614.850098513159,3320.130416469698
788_CrTa3,CrTa3,Immm,0.0310400462610473,Ta3Cr,2369.92955783351,4738.811636895679
789_AuP3,AuP3,Imm2,0.4511237559475161,P3Au,1388.487965113268,2314.222952182664
790_Ba5V,Ba5V,P4/mmm,0.5349305232872368,Ba5V,3020.719816859675,2375.972661818808
791_K2As,K2As,I4/mmm,-0.1842960229864036,K2As,2482.889036051887,5634.221927896227
793_PdRh2,PdRh2,P4/mmm,0.8060997154070506,PdRh2,3200.0,8000.0
794_Sb5Ge,Sb5Ge,Amm2,0.1763970050717992,GeSb5,7622.845738436252,3240.1033106363
795_MoSr2,MoSr2,I4/mmm,0.9515306066991656,Sr2Mo,3563.183125599233,3813.710450623202
796_RhBi,RhBi,P-6m2,0.0684266591716671,BiRh,4607.113434752901,6659.891966901998
797_Al2K4,Al2K4,Cmcm,0.155120108336991,K2Al,1674.346818683859,5609.502758399262
798_Ba2Sn4,Ba2Sn4,Cmcm,-0.4831717141879193,BaSn2,2746.581026665991,1856.516796665484
799_Ba3In,Ba3In,P4/mmm,-0.2065075990659131,Ba3In,3065.386228903244,2234.613771096756
800_Fe3Pd,Fe3Pd,Pm-3m,0.0678074179691172,Fe3Pd,2710.766366739063,3963.82252559727
801_Ag2Sn,Ag2Sn,I4/mmm,-0.0049404452265407,Ag2Sn,1696.922675800965,1470.988953685852
802_FePd,FePd,Pm-3m,0.0486880392537516,FePd,2924.672603457308,5728.548978522787
803_Au5Sr24,Au5Sr24,I-43m,0.0134686051511183,Sr24Au5,3211.248139721361,2362.095574013781
804_Au16Sr4,Au16Sr4,I-43m,-0.4516277814634968,SrAu4,1410.252721768537,1200.163046302282
805_Ca2Cu2,Ca2Cu2,P4/nmm,0.0082695203874965,CaCu,2489.556473403845,1500.0
806_Al2Cu2,Al2Cu2,Pmma,-0.1881961713948934,AlCu,1600.0,1350.976073042154
807_Mo2Ta,Mo2Ta,I4/mmm,-0.1665484888315755,TaMo2,2351.466108167661,5057.330540838308
808_In5Ta3,In5Ta3,Cmmm,0.274984929722831,Ta3In5,2813.9875633077,3360.834822738439
809_PbAs3,PbAs3,Cmmm,0.3753619279989451,As3Pb,3012.198771751772,2944.728829756498
810_Cu3K,Cu3K,Pm-3m,0.7647491590705378,KCu3,1617.018773263085,2470.070075995826
812_V4W2,V4W2,I4_1/amd,0.4559703031640971,V2W,5680.655390010605,3979.078338110688
813_Cr4As,Cr4As,I4/m,0.0144065940607106,Cr4As,3152.965720062494,4073.517139968752
814_Ag8Mn,Ag8Mn,I4/mmm,0.1166144529993648,MnAg8,1223.941180475005,1423.941180475005
815_Pd4Rh,Pd4Rh,I4/m,0.0493545376730246,Pd4Rh,3200.0,8000.0
817_SmI3,SmI3,Pm-3m,-0.8819491333694671,SmI3,6202.373621002792,4318.688009629403
818_Ga3W,Ga3W,P4/mmm,0.2579364782583191,Ga3W,6201.663320687312,3022.6613130997
819_Au3Nb,Au3Nb,Pmmm,-0.0370355227978214,NbAu3,2105.412535908005,2059.7591594706
820_AgSn2,AgSn2,P4/mmm,0.1028906522218721,AgSn2,2162.639325641594,1537.519903663085
821_Ag12Br4,Ag12Br4,Pnma,0.0515699371614406,Ag3Br,1615.848385883225,2489.126724932256
822_Ca5Sn7,Ca5Sn7,I4mm,-0.3709440976254115,Ca5Sn7,2852.58590598821,1580.570314923984
825_IrV5,IrV5,P4/mmm,-0.2488146422955945,V5Ir,4246.194267711885,5851.503329980791
826_BaSn5,BaSn5,Cmmm,-0.2592371020090927,BaSn5,2675.157379422256,1731.525413988948
829_Fe3Pb,Fe3Pb,Fm-3m,0.8221365150147326,Fe3Pb,2565.877219902064,1621.169626536085
830_Mn4W16,Mn4W16,I-43m,0.9114480338063672,MnW4,6624.615744810555,4126.210992967849
831_Ag4Ge12,Ag4Ge12,Pnma,0.2482454616969152,AgGe3,3942.49343591941,1734.450419014562
832_Ni6P2,Ni6P2,I4/mmm,-0.3125298444586937,Ni3P,1149.592703760964,2038.533733539472
833_Sb3Ge,Sb3Ge,Cmmm,0.2674849223565756,GeSb3,7468.72488125685,3151.187431494337
834_Ag5Sn3,Ag5Sn3,Cmmm,0.0055465449788667,Ag5Sn3,1756.781849998492,1479.540264285499
835_Ag3Br,Ag3Br,Immm,0.1339256805882671,Ag3Br,1615.848385883225,2489.126724932256
836_MnW5,MnW5,F-43m,0.637096752327229,MnW5,6695.458518920694,4159.008573574395
837_Mn2W2,Mn2W2,Fd-3m,0.151687813937281,MnW,5757.568171730361,3724.800079504796
839_Pb4As4,Pb4As4,Pnma,0.0962067827938515,AsPb,2859.338951714438,2384.24282295294
840_Cu2Ge,Cu2Ge,I4/mmm,0.1278837745665371,Cu2Ge,2945.643161836862,1645.474936414796
841_Pb2As6,Pb2As6,Pmmn,0.0647045201800651,As3Pb,3012.198771751772,2944.728829756498
842_Na4Pt2,Na4Pt2,I4/mcm,-0.1813541043859411,Na2Pt,4660.760806580271,7459.668849225076
843_SbGe3,SbGe3,Cmmm,0.3111828316428111,Ge3Sb,6231.983042863872,2437.682524729157
844_Au2Nb4,Au2Nb4,Cmcm,0.066589382172116,Nb2Au,4692.185679389182,4786.357878275084
845_Ni3Sb,Ni3Sb,Fm-3m,-0.2230025413726162,Ni3Sb,3820.78779157414,2276.738667245053
846_In2Ta2,In2Ta2,Pmma,0.2468565124577857,TaIn,2688.205698371969,3713.024044558487
847_Fe3Pb,Fe3Pb,Pm-3m,0.8418246784643095,Fe3Pb,2565.877219902064,1621.169626536085
920_Cr24P5,Cr24P5,I-43m,0.1464752893235274,Cr24P5,2978.558096988326,4210.401730010612
921_Cr4P8,Cr4P8,Pa-3,0.1722750167158722,CrP2,2501.96498928277,4643.668191561118
922_Ag4Al4,Ag4Al4,Pmm2,-0.0125733738802225,AlAg,1280.034381616517,1319.965618383483
923_Ca4P6,Ca4P6,Fdd2,-0.7364136415173135,Ca2P3,2879.932910434013,3432.758696019765
924_Fe16Na4,Fe16Na4,I-43m,0.8854584092029818,NaFe4,2278.691691146435,1316.017324639839
925_In5Sn,In5Sn,Cm,0.0071618832732151,In5Sn,3180.05629330254,1931.460739030023
926_Nb4Pb4,Nb4Pb4,Pnma,0.5735621749519426,NbPb,4495.553310129561,3967.047098432229
927_Pb2Sb2,Pb2Sb2,Imma,0.0600887634065325,SbPb,4624.708171206225,2392.217898832685
928_CaMo3,CaMo3,Pmmm,0.7670388591526027,CaMo3,2583.340551025014,4835.537270736631
929_GeP3,GeP3,Immm,0.3912980832327397,GeP3,3447.874716315021,3696.000275088465
930_Ba4Pd2,Ba4Pd2,Cmcm,-0.3112198981691587,Ba2Pd,3055.85266903541,3891.801067509197
932_BaBr2,BaBr2,I4/mmm,-2.124731627500796,BaBr2,3161.348881821395,4774.016187928046
933_BiP,BiP,P-6m2,0.2191229412468898,BiP,4874.029415668148,5883.826204273131
934_Nb2Pb4,Nb2Pb4,Pnnm,0.527916409969278,NbPb2,3762.192444731328,3081.956398813672
935_BaPd5,BaPd5,Amm2,-0.0742184407992028,BaPd5,3158.971777355858,6830.695654641955
936_FeAs3,FeAs3,Imm2,0.0897481398296129,FeAs3,3120.888293994009,3482.566182649359
937_V4Br2,V4Br2,I4_1/amd,0.602972819729254,V2Br,3300.0,4938.415838316272
938_Ca4In,Ca4In,I4/m,-0.0816027239527812,Ca4In,3649.606367898812,1708.661360084324
939_In2Sn2,In2Sn2,C2/m,0.0072557806581281,InSn,2944.166866499948,1796.666780857113
940_BiGe,BiGe,P4/mmm,0.3197912132401441,GeBi,5300.0,4942.462974983346
941_FeIn,FeIn,P-6m2,0.331680491258254,InFe,3005.498555633031,1803.665703755354
942_Cu2Ga2,Cu2Ga2,Cmcm,-0.0384632138339466,GaCu,3640.382234428111,1709.269972761857
944_Sb5Ge,Sb5Ge,Cmmm,0.3160109171990714,GeSb5,7622.845738436252,3240.1033106363
945_RbRh,RbRh,P-6m2,1.0520374114343962,RbRh,4470.40212174443,7092.569913039693
946_Al10Ga6,Al10Ga6,Cmcm,0.095685762753773,Al5Ga3,3970.864160799174,1547.122498645963
947_Au12Nb12,Au12Nb12,Pbcm,0.0246907527303363,NbAu,3471.753605749531,3499.956503357614
948_Al4Ce,Al4Ce,I4/mmm,-0.3289075421692565,CeAl4,6062.614037027572,2186.26449085543
949_Cr12Ta12,Cr12Ta12,Pbcm,0.2317028235556613,TaCr,2478.570315489587,4643.750973946611
950_Sb3Ge,Sb3Ge,Immm,0.2281014348942531,GeSb3,7468.72488125685,3151.187431494337
951_Fe2Mo,Fe2Mo,Fm-3m,0.8205961221980852,Fe2Mo,2400.0,3202.080624187256
952_Pb2As4,Pb2As4,Pnnm,0.1364370872739471,As2Pb,2951.806840180684,2723.291747329175
953_Al2In6,Al2In6,Cmcm,0.1239297719224783,AlIn3,3176.50988972976,1927.358758664565
954_Ga24Pt5,Ga24Pt5,I-43m,-0.0221923533320317,Ga24Pt5,5500.0,4551.426396835968
955_V3Br,V3Br,P4/mmm,0.2451158130539417,V3Br,3300.0,4601.67491304245
957_BaBr3,BaBr3,P4/mmm,-1.4934390696260131,BaBr3,3190.732523691183,5224.565363264808
958_Al3In,Al3In,Cmmm,0.1618625852910868,Al3In,2597.078013094265,1586.516478290745
959_GaAs2,GaAs2,I4/mmm,0.1932450326482199,GaAs2,3998.607527023741,3333.147360568248
960_In2Br4,In2Br4,Cmcm,-0.4657886603656829,InBr2,3300.0,4851.36585756629
962_In2Na,In2Na,I4/mmm,-0.0923335285838901,NaIn2,3099.792821768939,1863.495105751549
963_Pb5As,Pb5As,Cmmm,0.0730055359613004,AsPb5,2740.464565636315,1948.370073999822
964_KMn,KMn,P-6m2,1.154798689515636,KMn,1641.577860134823,4045.204447280464
965_Cr3Sr,Cr3Sr,P4/mmm,0.7469061432395261,SrCr3,3495.643333991494,3704.356666008506
966_Ag2Ca,Ag2Ca,I4/mmm,-0.2523950355557402,CaAg2,1623.004334392434,1415.66682719972
967_Ga2K,Ga2K,Immm,0.003014998792573,KGa2,4667.861757558208,3060.613864458288
968_IrV3,IrV3,I4/mmm,-0.2177500932741018,V3Ir,4525.584168860847,6575.37716477583
971_Cr6Ta2,Cr6Ta2,Pmmn,0.3273652456195499,TaCr3,2670.368774288353,4475.927322497691
972_NiP4,NiP4,I4/mmm,0.2320048088897643,NiP4,1678.548119320232,3942.773229552836
973_MnW,MnW,Pm-3m,0.1476485737560633,MnW,5757.568171730361,3724.800079504796
974_AgMn8,AgMn8,I4/mmm,0.3058372083905188,Mn8Ag,1521.173834508621,1721.173834508621
975_GaW4,GaW4,I4/mmm,0.957071096951836,GaW4,6870.094760416006,4092.151616665611
976_InNa3,InNa3,P4/mmm,-0.0468242476688618,Na3In,2474.412645621351,1437.099531105466
977_SmW,SmW,F-43m,2.654567875129585,SmW,8124.775583482943,3760.107719928186
978_AlIn3,AlIn3,Pmm2,0.1314761879387154,AlIn3,3176.50988972976,1927.358758664565
980_CrTa,CrTa,Cmmm,0.1363227916180687,TaCr,2478.570315489587,4643.750973946611
981_AlMo3,AlMo3,Fm-3m,-0.0073852883437464,AlMo3,2331.432257364449,4931.448383333917
982_Cr2Na2,Cr2Na2,Cmme,0.6053910532536468,NaCr,2486.823957613791,2996.283123704824
983_Ag2Sn,Ag2Sn,I4/mmm,-0.0088186502425434,Ag2Sn,1696.922675800965,1470.988953685852
984_IrV3,IrV3,P4/mmm,-0.3727588195176974,V3Ir,4525.584168860847,6575.37716477583
986_PAs,PAs,Pm-3m,0.5533038979136409,AsP,2919.757751052402,4321.743441417198
987_Cr2Na2,Cr2Na2,Pmmn,0.9853560370272048,NaCr,2486.823957613791,2996.283123704824
988_W3As,W3As,P4/mmm,0.4255188202761601,AsW3,6557.484815823214,4264.120390472152
989_Cr5Sr4,Cr5Sr4,I4/mmm,0.8622231105534092,Sr4Cr5,3731.536356570163,3468.463643429837
990_Ga16Pt4,Ga16Pt4,I-43m,-0.0780871849600103,Ga4Pt,5500.0,4863.451313990582
991_Ni4Rh2,Ni4Rh2,Pmmm,0.0388150810912032,Ni2Rh,2027.689574261107,4536.355560316906
992_K3Na,K3Na,P4/mmm,0.0077935929563961,K3Na,1601.67235209096,6102.007931682384
993_Ba4Ni6,Ba4Ni6,R-3c,0.4805433521371796,Ba2Ni3,2218.696074094222,1987.478429637689
995_Cu2Ge4,Cu2Ge4,I4_1/amd,0.1934571634987148,CuGe2,4174.085602367521,1778.279524580273
996_AuCr2,AuCr2,I4/mmm,0.3190157135225651,Cr2Au,1791.072736279035,2071.162741232504
997_Ga3W,Ga3W,P4/mmm,0.2291023504900202,Ga3W,6201.663320687312,3022.6613130997
998_KI,KI,R-3m,-1.585206424514379,KI,4146.310407952831,5365.267194035378
999_K3Na,K3Na,I4/mmm,0.01417873513989,K3Na,1601.67235209096,6102.007931682384
1000_Fe2Ga4,Fe2Ga4,I4_1/amd,0.1881841721178313,Ga2Fe,4613.530577445965,1757.021060878381
1001_Ge2Br,Ge2Br,I4/mmm,-0.0034931880682318,Ge2Br,4590.322580645161,3674.193548387097
1002_RhV,RhV,F-43m,0.6960338821994467,VRh,3233.111792885139,6476.857527283601
1003_InSb,InSb,P4/mmm,0.0411974551286244,InSb,5667.489791950224,2720.540371463112
1004_Ag2Al,Ag2Al,I4/mmm,-0.0620548805392004,AlAg2,1244.465668678022,1355.534331321978
1005_Cu2Ge2,Cu2Ge2,P4/nmm,0.1451743152793989,CuGe,3573.536193147606,1713.355264124066
1006_Cu2Ge,Cu2Ge,I4/mmm,0.0694776776662996,Cu2Ge,2945.643161836862,1645.474936414796
1007_CrRh4,CrRh4,I4/mmm,0.4467363132556045,CrRh4,3188.784713107621,7562.60381119719
1010_Cr3W,Cr3W,P4/mmm,0.0656147205161872,Cr3W,5209.818399468201,4208.195815357343
1011_Cr2Rh2,Cr2Rh2,P4/nmm,0.0194575353109609,CrRh,3166.432819286566,6690.879952176091
1012_KPt,KPt,P4/mmm,0.3818962756672643,KPt,4865.564605010712,8782.782302505357
1013_Ge2Br2,Ge2Br2,P4/nmm,-0.3539225105654191,GeBr,4252.380952380953,4519.047619047619
1014_CrRh2,CrRh2,P4/mmm,0.4701862462303445,CrRh2,3179.831393316941,7213.424339360708
1015_Cr8Rh,Cr8Rh,I4/mmm,0.4020511085975929,Cr8Rh,3119.832452676882,4873.465654398378
1016_FePt,FePt,P4/mmm,0.1046782928175824,FePt,4810.085721459059,7386.341953301532
1017_CuGa,CuGa,P-6m2,-0.0550340558600681,GaCu,3640.382234428111,1709.269972761857
1018_AlPd3,AlPd3,P4/mmm,-0.5908285954344459,AlPd3,3075.316919123695,7454.511521166166
1019_Cr5Rh4,Cr5Rh4,I4/mmm,0.0433450957045522,Cr5Rh4,3161.28952765959,6490.291578724023
1020_MoV4,MoV4,I4/mmm,0.5635547788826841,V4Mo,3011.897659706512,4008.216051730696
1021_Ni3Sb,Ni3Sb,P4/mmm,0.032134307323318,Ni3Sb,3820.78779157414,2276.738667245053
1022_SmGe5,SmGe5,Immm,-0.6336399568411982,SmGe5,6529.675208349561,2251.33577381416
1024_Fe4Ga2,Fe4Ga2,I4/mcm,0.0881069186662758,GaFe2,3591.432256784244,1592.166493029717
1025_KPb2,KPb2,I4/mmm,-0.1224223883686364,KPb2,2613.785123340043,2265.560333963766
1026_Ge2P4,Ge2P4,Cmcm,0.2497538444960133,GeP2,3781.086336055933,3372.885977157883
1027_CaFe,CaFe,Cmmm,0.6670044540710167,CaFe,3026.721432815904,1441.781428854394
1028_FeP,FeP,R-3m,-0.2909302413017611,FeP,2257.294615650014,2720.024805237375
1031_BaFe2,BaFe2,I4/mmm,0.877546727959088,BaFe2,2730.885843135207,1896.328764702811
1032_Fe2Ga,Fe2Ga,I4/mmm,-0.1271094661681431,GaFe2,3591.432256784244,1592.166493029717
1033_Ir2Mn2,Ir2Mn2,P4/nmm,-0.0092013547958025,MnIr,4633.101347374884,7477.343547650423
1034_Cr3W,Cr3W,P4/mmm,0.070083144452175,Cr3W,5209.818399468201,4208.195815357343
1035_K2Sn,K2Sn,I4/mmm,-0.0105444293062548,K2Sn,2242.587196163054,3823.901890540998
1036_Au16Sr4,Au16Sr4,I-43m,-0.4394674910717768,SrAu4,1410.252721768537,1200.163046302282
1037_AlCa3,AlCa3,Immm,-0.0462830051008067,Ca3Al,3478.457957834079,1408.360425616104
1038_Ag6Al4,Ag6Al4,P-1,-0.0511797502237229,Al2Ag3,1257.169170412239,1342.830829587761
1040_Cu8Pt4,Cu8Pt4,P-1,-0.1016922929724071,Cu2Pt,3961.527860548272,6101.951728247916
1041_Fe5Ir4,Fe5Ir4,I4/mmm,0.021654189741767,Fe5Ir4,4674.121475861398,7048.624311010568
1042_Fe4Pb,Fe4Pb,I4/mmm,0.5180408792710665,Fe4Pb,2544.36341678666,1592.484555715546
1043_AsBr2,AsBr2,I4/mmm,0.1637912403107397,AsBr2,3300.0,5974.370509726937
1044_Fe2Mo4,Fe2Mo4,Fd-3m,0.7116753557152222,FeMo2,2400.0,4420.817438692098
1045_VGe3,VGe3,P4/mmm,0.1847011190133702,VGe3,4921.057682115141,2184.206738413644
1046_Mo2W,Mo2W,I4/mmm,-0.0029383677656393,Mo2W,4650.782497604599,4810.699457042478
1047_K2Na4,K2Na4,Pnnm,0.0428438262803355,KNa2,1375.735495836038,3579.046370169091
1048_Cu7Pt5,Cu7Pt5,P1,-0.1273997840012809,Cu7Pt5,4278.513943398379,6719.668197391711
1049_Fe4V2,Fe4V2,Cmcm,0.1077950162773397,VFe2,2681.909408693888,2026.465352653084
1050_Pd8Sb4,Pd8Sb4,Cmc2_1,-0.4733627168891452,SbPd2,4910.316796174537,6326.072922893007
1051_W4Sb16,W4Sb16,I-43m,0.8629071845772032,Sb4W,7653.374672072503,3646.625327927499
1052_CuIr,CuIr,F-43m,2.1677452154660086,CuIr,4531.019342125327,7211.730000039099
1053_Cr2Ta6,Cr2Ta6,Cmcm,0.0611923339509843,Ta3Cr,2369.92955783351,4738.811636895679
1054_Sr16W4,Sr16W4,I-43m,1.1537662752830578,Sr4W,5163.377751160353,3447.28252732445
1055_SrW3,SrW3,Pm-3m,1.6994325432565986,SrW3,6616.146697124261,4121.782395093407
1056_NiSn,NiSn,P-6m2,-0.1179296850231041,NiSn,2070.64464378924,1566.915290236828
1057_Fe4V12,Fe4V12,Pnma,0.0315684178168123,V3Fe,3059.138254512519,2864.751676694485
1058_V4W2,V4W2,Pnnm,0.6447502404714527,V2W,5680.655390010605,3979.078338110688
1061_AgNa2,AgNa2,I4/mmm,0.0057255469738176,Na2Ag,1170.113607784967,1131.022470064704
1062_MoP,MoP,Fm-3m,-0.0433567812069348,MoP,2302.378555290166,5251.189277645083
1063_Pb8Sb4,Pb8Sb4,Pnma,0.0237348567169709,SbPb2,3880.901223515369,2163.354222620113
1065_Cr3Rh,Cr3Rh,P4/mmm,0.0961999135035913,Cr3Rh,3139.74815155867,5650.17791078813
1066_Ag2Na4,Ag2Na4,I4/mcm,-0.0624964469345152,Na2Ag,1170.113607784967,1131.022470064704
1067_CuGe,CuGe,P4/mmm,0.1859997211468114,CuGe,3573.536193147606,1713.355264124066
1068_Ca3Ni,Ca3Ni,Fm-3m,0.2013279866958397,Ca3Ni,2948.715512548665,1500.0
1069_As2Br,As2Br,I4/mmm,0.0304122552193941,As2Br,3300.0,5008.593793526102
1070_Ni5Ta,Ni5Ta,F-43m,-0.2416319823883223,TaNi5,1495.836563979612,2758.662047025169
1071_AsBr2,AsBr2,P4/mmm,0.0753329165068876,AsBr2,3300.0,5974.370509726937
1072_Fe2Pb2,Fe2Pb2,P4/nmm,0.2930038543888518,FePb,2636.309376722614,1715.079168963485
1074_NiSn2,NiSn2,I4/mmm,-0.0607263927219516,NiSn2,2282.859877330779,1580.178742333174
1075_Sr2W2,Sr2W2,Fd-3m,1.388439071506709,SrW,6096.235172769469,3880.394901642967
1077_AgTa7,AgTa7,Fm-3m,0.265534970245266,Ta7Ag,2213.674259770452,4533.174984745035
1079_AuGa,AuGa,F-43m,0.0772690096115358,GaAu,2250.33070528529,1235.294916990173
1080_AsBr2,AsBr2,I4/mmm,0.1644874317319959,AsBr2,3300.0,5974.370509726937
1081_Fe3Na,Fe3Na,Pm-3m,0.7214530138825488,NaFe3,2243.134831355823,1291.401037092493
1082_Pb4V,Pb4V,Im-3m,0.3152668653469838,VPb4,2734.743046679053,1892.648124477474
1083_Ba3Ta,Ba3Ta,P4/mmm,0.8554577806908497,Ba3Ta,2786.376544856442,3062.940911226993
1084_Fe3Pb,Fe3Pb,I4/mmm,0.4081851932579479,Fe3Pb,2565.877219902064,1621.169626536085
1085_Fe4As6,Fe4As6,Fdd2,0.0774651105346301,Fe2As3,3001.234757239308,3136.900409802446
1086_Al2Rh,Al2Rh,I4/mmm,-0.7934654617387066,Al2Rh,2649.59707634806,5591.987209022764
1087_Fe2Pb2,Fe2Pb2,P4/nmm,0.2934461841775402,FePb,2636.309376722614,1715.079168963485
1089_MoP,MoP,Pm-3m,-0.4032645725072434,MoP,2302.378555290166,5251.189277645083
1090_Al3K,Al3K,Fm-3m,0.3997707114694173,KAl3,1632.570268507257,3019.356647449912
1091_W2Sb6,W2Sb6,Pm-3n,0.7422411538439109,Sb3W,7598.688811188811,3701.311188811189
1092_AsBr,AsBr,P4/mmm,0.2720832940127895,AsBr,3300.0,5496.662050720294
1093_BaTa3,BaTa3,P4/mmm,0.5966542786171853,BaTa3,2441.330563753825,4295.247986593482
1095_Cr4Ta6,Cr4Ta6,Fddd,0.2239742892993831,Ta3Cr2,2428.616497193476,4687.460564955708
1096_Ga2W6,Ga2W6,I4/mmm,0.2772853612739112,GaW3,6831.652831500718,4030.644530401148
1097_Pb2Sb2,Pb2Sb2,Imma,0.0613678890081708,SbPb,4624.708171206225,2392.217898832685
1098_Pt2Sn2,Pt2Sn2,P4/nmm,-0.0398088134136793,SnPt,4402.914013652269,6262.708655997248
1100_WSb,WSb,Pm-3m,0.6333799695471152,SbW,7358.586387434554,3941.413612565445
1101_MoI,MoI,F-43m,1.310114103845386,MoI,3823.68879514937,5015.262240970125
1102_MoSr2,MoSr2,I4/mmm,0.9492812964603784,Sr2Mo,3563.183125599233,3813.710450623202
1104_PdRh4,PdRh4,I4/mmm,0.401449417497561,PdRh4,3200.0,8000.0
1105_Al4In2,Al4In2,Cmcm,0.1216467440318395,Al2In,2756.472059771876,1680.277682218751
1106_SnW,SnW,F-43m,1.9705389854412072,SnW,5273.59444719881,3240.614774417451
1107_Pb3V,Pb3V,Pm-3m,0.414796380719622,VPb3,2745.446860900034,1921.191629066756
1108_WSb4,WSb4,Im-3m,0.6132872102765802,Sb4W,7653.374672072503,3646.625327927499
1109_As3Br,As3Br,Fm-3m,0.4961707944660891,As3Br,3300.0,4760.568853784831
1110_Ag6V10,Ag6V10,I4/mcm,0.5632138098158901,V5Ag3,2124.908453411229,2280.86519372498
1111_Ag7Al5,Ag7Al5,P1,-0.0374998018127884,Al5Ag7,1260.633686591422,1339.366313408578
1112_Cr3Ta,Cr3Ta,Immm,0.054785266293079,TaCr3,2670.368774288353,4475.927322497691
1113_IrAs5,IrAs5,F-43m,0.915548865946659,As5Ir,4046.045781325805,5729.469765800732
1114_Pb2V,Pb2V,Fm-3m,0.7233741524777114,VPb2,2765.682729780172,1975.153946080459
1115_Ba4Ni6,Ba4Ni6,R-3c,0.4894772677785376,Ba2Ni3,2218.696074094222,1987.478429637689
1116_Ir2Ta4,Ir2Ta4,Imma,0.1685092472094496,Ta2Ir,3410.052762546021,6291.633399671216
1117_Al8Pb4,Al8Pb4,Pnma,0.2485274522084513,Al2Pb,2472.711420173142,1634.699214671376
1118_Ag4Al3,Ag4Al3,I4/mmm,-0.0526194813139255,Al3Ag4,1263.186467363626,1336.813532636374
1119_AlPd2,AlPd2,I4/mmm,-0.7924205762264265,AlPd2,3019.989221935548,7212.452845968023
1120_Al6Pb18,Al6Pb18,Pmmn,0.1724440600109176,AlPb3,2654.239072971356,1766.71932579735
1121_Cr4Rh8,Cr4Rh8,I4_1/amd,-0.0843739375719524,CrRh2,3179.831393316941,7213.424339360708
1122_Au4Mn6,Au4Mn6,Fdd2,0.1804851735896761,Mn3Au2,1247.485404371719,1235.97664699475
1123_Au8Mn4,Au8Mn4,Pnma,-0.03722282827629,MnAu2,1161.195780750309,1097.913249200495
1124_Ge4Br2,Ge4Br2,I4_1/amd,0.1319228939049175,Ge2Br,4590.322580645161,3674.193548387097
1125_AlMo2,AlMo2,Fmmm,2.233849459482612,AlMo2,2301.374946835908,4769.890339243006
1126_Mn4Sn,Mn4Sn,I4/m,0.2246010467999781,Mn4Sn,1950.733426109824,1729.853314778035
1127_AgAl4,AgAl4,I4/mmm,0.2037868935858093,Al4Ag,1400.053712619277,1199.946287380723
1128_Ni5Sb4,Ni5Sb4,I4/mmm,-0.0100013788182309,Ni5Sb4,5305.632108360335,2685.608841432556
1129_Al2Pb4,Al2Pb4,Pnnm,0.2678257974993154,AlPb2,2632.757286237798,1751.096208172944
1130_Ir4Mn3,Ir4Mn3,I4/mmm,0.1284928555570275,Mn3Ir4,4811.569641953148,7811.399586219994
1131_Cu8Ge,Cu8Ge,I4/mmm,-0.0100629725513914,Cu8Ge,2062.589155398893,1550.009638421502
1133_Mn2Sn4,Mn2Sn4,I4/mcm,-0.0217938214707539,MnSn2,2412.086426422779,1637.582714715444
1134_Fe2Pb6,Fe2Pb6,Cmcm,0.7930030037002895,FePb3,2675.26957908022,1767.026105440294
1135_BaIr2,BaIr2,Fmmm,2.783862077291165,BaIr2,4842.002372733877,7310.246453836144
1136_Mo4Pb8,Mo4Pb8,Pnma,0.7113737394934839,MoPb2,2643.602304346122,2457.973115961908
1137_Al4Pb8,Al4Pb8,Pnma,0.1908878355909351,AlPb2,2632.757286237798,1751.096208172944
1138_Au2Mn6,Au2Mn6,Cmcm,0.3285969933139405,Mn3Au,1327.781820834756,1364.45091333561
1139_AuIn8,AuIn8,I4/mmm,-0.0204696799148749,In8Au,2911.544288470116,1823.429222031871
1140_CrRh8,CrRh8,I4/mmm,0.4461490079536613,CrRh8,3194.059218721811,7768.309530150641
1141_AlPd2,AlPd2,I4/mmm,-0.7903348888563736,AlPd2,3019.989221935548,7212.452845968023
1142_InTa3,InTa3,P4/mmm,0.0484760350798882,Ta3In,2474.585216799326,4311.161392961889
1143_Au2As2,Au2As2,P4/nmm,0.2329993076058523,AsAu,1706.232778006607,1826.681060918101
1144_Ce3Sn,Ce3Sn,Pm-3m,-0.5155391190107332,Ce3Sn,7980.499315472546,2769.673764233162
1145_Ba2Ir4,Ba2Ir4,Fd-3m,-0.006348404294106,BaIr2,4842.002372733877,7310.246453836144
1146_Fe8Pb4,Fe8Pb4,Pa-3,1.0841797110529658,Fe2Pb,2594.926150083101,1659.901533444134
1147_K2P2,K2P2,Cmcm,-0.4137983534760199,KP,1832.608179847769,6271.742741065619
1148_As4Br,As4Br,I4/mmm,0.0474093206841274,As4Br,3300.0,4610.451686870902
1152_K2P2,K2P2,Cmcm,-0.4163686881296446,KP,1832.608179847769,6271.742741065619
1153_AuCu3,AuCu3,P4/mmm,-0.0003989963805692,Cu3Au,1345.918153766655,1245.918153766655
1155_Ca3Pb,Ca3Pb,Pmm2,-0.3742175042414386,Ca3Pb,3140.640861975238,1689.839784506191
1156_Fe44Mo2,Fe44Mo2,Fd-3m,0.2030259481731812,Fe22Mo,2400.0,1682.489637833797
1158_NaPd2,NaPd2,Immm,-0.0431735977720085,NaPd2,2995.282352879382,7268.86554599779
1159_SnW3,SnW3,P4/mmm,0.5108634037715429,SnW3,6220.679468242245,3821.780582785014
1160_Fe3As,Fe3As,Cmmm,0.1806419260128855,Fe3As,2678.109319358599,2203.426922591507
1161_AuMo,AuMo,F-43m,2.2015380882334377,MoAu,1525.808135426283,2408.442294102322
1162_Fe6V4,Fe6V4,Fdd2,-0.0192158893058021,V2Fe3,2740.343629601585,2156.319176892413
1163_Mo3W,Mo3W,P4/mmm,-0.0041970000888422,Mo3W,4192.952550566087,4910.227706398678
1164_Ba4Cu2,Ba4Cu2,Cmc2_1,0.0391115110717175,Ba2Cu,2736.947368421052,2149.684210526316
1166_As3Br,As3Br,P4/mmm,0.2125235734648201,As3Br,3300.0,4760.568853784831
1167_AgTa3,AgTa3,Pm-3m,3.130992588674295,Ta3Ag,2117.653510039098,4236.383576484484
1168_Pb5Sr24,Pb5Sr24,I-43m,0.0469595991761585,Sr24Pb5,3704.918951982873,2603.935161586298
1169_Cu6Pt5,Cu6Pt5,P1,-0.133328817054783,Cu6Pt5,4403.972297404871,6964.151143660776
1171_Mo2P6,Mo2P6,Pm-3n,0.0578274049284992,MoP3,2203.196752562619,5201.598376281308
1172_CuNi,CuNi,F-43m,1.7193662460175383,CuNi,1311.909253481283,1500.0
1173_GaP4,GaP4,Im-3m,0.6351338889906983,GaP4,3260.370624126941,3947.661143655369
1174_PbV4,PbV4,Im-3m,1.736418693171305,V4Pb,2997.493223283678,2593.315262089808
1175_Ba5Pd,Ba5Pd,Amm2,-0.0416080374204114,Ba5Pd,3026.837987277049,3064.882637395893
1176_Mo2W2,Mo2W2,P4/nmm,-0.0002653883724654,MoW,5422.603474158268,4642.912288226464
1177_PAs5,PAs5,F-43m,0.7699399335684985,As5P,3200.720657651268,4084.005597372004
1178_P12As17,P12As17,I-43m,0.3348875683184654,As17P12,3006.329960897421,4248.490033086799
1179_As4Br2,As4Br2,I4/mcm,0.4407940179014631,As2Br,3300.0,5008.593793526102
1180_Mo3W,Mo3W,P2/m,-0.0004325140166905,Mo3W,4192.952550566087,4910.227706398678
1181_MoPb5,MoPb5,Amm2,0.463974806041629,MoPb5,2674.57285721858,2096.649999116561
1182_Nb2Pb4,Nb2Pb4,Cmcm,0.5336396650961781,NbPb2,3762.192444731328,3081.956398813672
1183_K3Sn,K3Sn,Immm,-0.0495743689624823,K3Sn,2152.698227875777,4383.21102655072
1184_Ca3Pb,Ca3Pb,Pmm2,-0.1979178734946765,Ca3Pb,3140.640861975238,1689.839784506191
1185_AsBr,AsBr,Pm-3m,0.606413846195041,AsBr,3300.0,5496.662050720294
1186_Ag6Al2,Ag6Al2,Cmmm,-0.0471502445581117,AlAg3,1230.78448989198,1369.21551010802
1187_AsBr8,AsBr8,I4/mmm,0.0085100131908456,AsBr8,3300.0,6595.762032145465
1188_Ca6P2,Ca6P2,Pmmn,-0.6035213080755142,Ca3P,3510.799425759638,2237.432666981739
1189_CuBr3,CuBr3,Imm2,-0.1813563709530927,CuBr3,2943.774607759729,5768.460518766199
1190_Pd2Sb4,Pd2Sb4,Cmcm,-0.2272682943687858,Sb2Pd,6470.686403383437,4798.902669028977
1192_Ge8I32,Ge8I32,Pa-3,-0.4877157299122451,GeI4,4950.074287659824,4436.961414466272
1193_Ag7Al3,Ag7Al3,Amm2,-0.0400596366406151,Al3Ag7,1238.728461342035,1361.271538657966
1194_MnSb8,MnSb8,I4/mmm,0.1924240153271862,MnSb8,7563.650520822499,3314.577910050159
1195_Ag5Al3,Ag5Al3,Amm2,-0.0629852474614018,Al3Ag5,1252.19828655585,1347.801713444151
1196_Ba4Sb2,Ba4Sb2,I4/mcm,-0.7672871561808551,Ba2Sb,4505.052798337092,2637.868995545062
1197_KGe3,KGe3,Imm2,0.2462290881116402,KGe3,4752.358528556138,2706.24994407013
1198_Ag5Al3,Ag5Al3,Amm2,-0.0362252790731596,Al3Ag5,1252.19828655585,1347.801713444151
1199_Pt10Sn6,Pt10Sn6,I4/mcm,-0.2581695353379691,Sn3Pt5,4724.379858060155,7094.085839810747
1200_K4Ni2,K4Ni2,Cmcm,0.6744503580154383,K2Ni,1399.865731609322,4756.049528818759
1201_Cu6Pt4,Cu6Pt4,P-1,-0.1170175652860208,Cu3Pt2,4219.902686955713,6605.451389964978
1202_PdTa4,PdTa4,I4/mmm,0.7824558231776578,Ta4Pd,2415.365780518199,5210.189441842484
1203_BaCu5,BaCu5,Amm2,0.1611099610981305,BaCu5,2022.491687854489,1741.423821631136
1205_PAs3,PAs3,Pm-3m,0.6237256083686127,As3P,3142.550570844298,4133.226440054825
1206_K2Ge6,K2Ge6,Cmcm,0.180561388428706,KGe3,4752.358528556138,2706.24994407013
1207_Ce4Ge4,Ce4Ge4,Pnma,-0.9901764428373054,CeGe,8066.019289702757,2690.291225629359
1208_W16Sb4,W16Sb4,I23,1.0332184323450888,SbW4,7127.851409370917,4172.148590629084
1209_Ag4Al,Ag4Al,Immm,-0.0270003615448651,AlAg4,1223.541309420166,1376.458690579834
1210_In2Ge2,In2Ge2,Imma,0.1434853874473254,InGe,4075.000266726413,1961.249986663679
1211_PbSb,PbSb,P4/mmm,0.0827676745746988,SbPb,4624.708171206225,2392.217898832685
1212_Ir4Ta2,Ir4Ta2,Imma,-0.1304702171536978,TaIr2,4475.854663046506,7723.804703468742
1213_Al9Sr5,Al9Sr5,R-3m,-0.2739927291874911,Sr5Al9,3272.790983073109,2286.762294671622
1214_GaW3,GaW3,P4/mmm,0.2057357064825211,GaW3,6831.652831500718,4030.644530401148
1215_Ag3Mn,Ag3Mn,I4/mmm,0.1560579519535476,MnAg3,1258.052159486549,1458.052159486549
1216_Pb16Sr4,Pb16Sr4,I-43m,-0.0826897159433492,SrPb4,2843.416773968268,1914.733419174614
1218_Ba4Cu8,Ba4Cu8,Pnma,0.2957104055890719,BaCu2,2327.095254123191,1915.483002356109
1219_Pd2Ta2,Pd2Ta2,P4/nmm,-0.2982261976196536,TaPd,2633.294034114042,5985.045454627705
1220_Ba4As,Ba4As,I4/m,-0.4649167621253038,Ba4As,3036.006751361999,2504.038257717993
1221_Mo3Pb,Mo3Pb,Immm,0.507330070879302,Mo3Pb,2525.570684012767,3835.008686517716
1222_K5Ge,K5Ge,Amm2,0.115353885773028,K5Ge,2675.282650490524,5764.167209000061
1223_Al2Cu,Al2Cu,Fm-3m,-0.1791318434967745,Al2Cu,1600.0,1270.387622446583
1224_Na3Pt,Na3Pt,I4/mmm,-0.0569240620067024,Na3Pt,4350.7435980318,6853.726123425789
1225_FePd3,FePd3,Fm-3m,-0.0160473646052743,FePd3,3080.897348742352,7017.403127124405
1226_Ag4Al,Ag4Al,I4/m,-0.0484028888270259,AlAg4,1223.541309420166,1376.458690579834
1227_Mn2W6,Mn2W6,Pm-3n,0.1105672566669202,MnW3,6510.82280885564,4073.529078173907
1228_Mn2V2,Mn2V2,P4/nmm,0.0580102388124679,MnV,2417.915774005262,2569.803081416717
1230_Mo5W,Mo5W,P4/mmm,0.4296285247493069,Mo5W,3674.473279681707,5022.940591373543
1231_AgMn4,AgMn4,I4/m,0.4837143497390969,Mn4Ag,1468.300989089873,1668.300989089873
1233_Ba2Ga2,Ba2Ga2,Pmmn,-0.0618128052502804,BaGa,3841.86186911374,2165.302100941801
1234_SbGe3,SbGe3,Imm2,0.3208394111207813,Ge3Sb,6231.983042863872,2437.682524729157
1235_FePb,FePb,Pm-3m,0.8299400887561053,FePb,2636.309376722614,1715.079168963485
1236_Ag2Ge4,Ag2Ge4,Pnnm,0.2981145380044309,AgGe2,3552.961624850582,1686.946539615925
1237_CaNi5,CaNi5,P6/mmm,-0.1309344261631579,CaNi5,1348.457329595707,1500.0
1238_Cr2Ta2,Cr2Ta2,P4/nmm,0.0607414872424509,TaCr,2478.570315489587,4643.750973946611
1239_Ba2Sn2,Ba2Sn2,Pmma,-0.6111419105514235,BaSn,2814.542429414499,1975.449251475373
1240_VW3,VW3,P4/mmm,-0.0782328929197611,VW3,6687.144240752313,4223.899950453265
1241_VW2,VW2,I4/mmm,-0.0960441537532806,VW2,6549.751864154135,4190.480183172627
1242_CrAs3,CrAs3,I4/mmm,0.6062406563238731,CrAs3,3262.425255879714,4018.787372060143
1243_Ag2Ge6,Ag2Ge6,Cmcm,0.2741174677480242,AgGe3,3942.49343591941,1734.450419014562
1244_V10W6,V10W6,I4/mcm,0.2820367812171813,V5W3,5831.077146338967,4015.667413974344
1245_P17Br12,P17Br12,I-43m,0.0963308127641721,P17Br12,2839.168412727159,6261.925494545297
1246_Al3Cu5,Al3Cu5,Cmmm,-0.2072909856782967,Al3Cu5,1600.0,1398.482857207284
1247_Ba2Ga2,Ba2Ga2,Cmcm,-0.3509398047293142,BaGa,3841.86186911374,2165.302100941801
1248_Pd2Sn2,Pd2Sn2,Pmma,-0.4222715211301207,SnPd,2883.622795718029,4625.309820992316
1250_Ag2Mn,Ag2Mn,I4/mmm,0.2204605998716194,MnAg2,1281.18689594062,1481.18689594062
1252_Cr16Nb4,Cr16Nb4,I23,0.5503360172435151,NbCr4,4767.363991678309,5551.224214979269
1253_AgBr3,AgBr3,Cmmm,0.0367241133058517,AgBr3,2648.285028894051,5193.127456627276
1254_P8Br16,P8Br16,Fd-3m,0.5215730473216924,PBr2,3088.942663188109,6607.766764414306
1255_Ga4W,Ga4W,I4/mmm,0.5111326559478918,Ga4W,6095.93890199943,2853.502243199087
1256_Ag2Ge2,Ag2Ge2,Cmme,0.1947644454814843,AgGe,2849.919505041877,1601.209695736814
1257_Ba6Ir2,Ba6Ir2,Pm-3n,0.3878091569580264,Ba3Ir,3795.339441706195,4463.323281440853
1258_AgBr3,AgBr3,Cmmm,0.0322776735988974,AgBr3,2648.285028894051,5193.127456627276
1259_VW3,VW3,P4/mmm,-0.0783489245455051,VW3,6687.144240752313,4223.899950453265
1260_KP3,KP3,Cmmm,0.5600689693530976,KP3,1911.153410222026,5721.92612844582
1261_FePb3,FePb3,Pm-3m,0.8225211552662088,FePb3,2675.26957908022,1767.026105440294
1262_Cr6Ta18,Cr6Ta18,Pmmn,0.2735172897114353,Ta3Cr,2369.92955783351,4738.811636895679
1263_Ni2P4,Ni2P4,I4/mcm,0.0238628367824442,NiP2,1513.486816463707,3348.552539269345
1264_Sb4Ge2,Sb4Ge2,Cmcm,0.1172749535292852,GeSb2,7302.631578947367,3055.364372469635
1265_CsNi,CsNi,Amm2,1.2031352450911528,CsNi,4468.32589501545,4621.493305513904
1266_Mn5Sb,Mn5Sb,P4/mmm,0.3337874259315647,Mn5Sb,3534.89106986886,2291.400906633361
1267_Al2Rh2,Al2Rh2,Cmcm,-0.8673376400270163,AlRh,2867.630718004529,6545.884391269816
1268_Ca3W,Ca3W,P4/mmm,0.735085956096504,Ca3W,5774.227983977586,3192.851082302335
1269_PdSn3,PdSn3,Cmmm,-0.2541301370193132,Sn3Pd,2738.043454761647,3072.463517457572
1270_Cu2Sn2,Cu2Sn2,P4/nmm,0.0571521049419954,CuSn,2251.336581511719,1565.133658151172
1271_GaMn3,GaMn3,P4/mmm,0.0619946859989424,Mn3Ga,2759.388682734612,1829.727914941913
1272_Ba6Ga2,Ba6Ga2,Cmcm,-0.07673025911448,Ba3Ga,3361.856036071944,2242.103034228489
1273_Ag2Mn4,Ag2Mn4,I4/mcm,0.6947248627524445,Mn2Ag,1401.844264205505,1601.844264205504
1274_Al5Sr,Al5Sr,Cmmm,0.0170560447700485,SrAl5,2623.74673879354,1787.497491379646
1275_Ca2W2,Ca2W2,P4/nmm,0.4891521987122589,CaW,6445.145990943113,3798.841540206683
1276_Mn3W,Mn3W,Fm-3m,0.0958503255778993,Mn3W,4447.337519745751,3118.211814697107
1279_MnW3,MnW3,Pm-3m,0.4059069997705169,MnW3,6510.82280885564,4073.529078173907
1280_Fe17Pd12,Fe17Pd12,I-43m,0.6157757955179565,Fe17Pd12,2858.870690642539,5185.68319780094
1281_Mn8W16,Mn8W16,Fd-3m,0.2511346581815014,MnW2,6298.029399099606,3975.013610694262
1283_CaNi5,CaNi5,P6/mmm,-0.1108199941880911,CaNi5,1348.457329595707,1500.0
1285_Ga4As2,Ga4As2,I4/mcm,0.1240833690026974,Ga2As,4731.098729472178,2633.951212776557
1286_Ta2V4,Ta2V4,Cmcm,0.0447167169141889,TaV2,2660.225870668719,4295.683781063794
1290_Ag2Br2,Ag2Br2,P2_1/m,-0.4427062432956123,AgBr,2093.627491183466,3740.452953099553
1291_Al5Sb,Al5Sb,Cmmm,0.1330706441740492,Al5Sb,4588.642594765521,2138.530512291627
1293_Au3Ir,Au3Ir,Immm,0.3039893633854751,IrAu3,2179.985642548678,2988.155387419158
1294_Au3Ga,Au3Ga,I4/mmm,-0.0748055552389126,GaAu3,1564.381857827966,1094.987198192084
1298_Al12K12,Al12K12,Pbcm,0.3068203356212556,KAl,1659.168274058103,4668.432991602373
1299_Cr2Na6,Cr2Na6,Cmcm,0.6015848251485396,Na3Cr,1959.685441126687,2047.433794028037
1300_Al4P2,Al4P2,I4_1/amd,0.0048209866646065,Al2P,1745.867269334412,2495.139510677717
1301_Al2Sb4,Al2Sb4,Pnnm,0.0344713044585702,AlSb2,7271.598054267039,3160.60878257792
1302_Ir2Pb4,Ir2Pb4,I4/mcm,0.1596593003387981,IrPb2,3587.228020315949,4113.130195823724
1303_Ga4W,Ga4W,I4/mmm,0.4929919372029175,Ga4W,6095.93890199943,2853.502243199087
1304_SrAs3,SrAs3,Pm-3m,-0.6826751140489415,SrAs3,3552.438658987249,3719.512601125279
1305_GaW2,GaW2,I4/mmm,0.1380785238708952,GaW2,6760.896701668712,3917.43472266994
1306_Na6Pb2,Na6Pb2,Pm-3n,-0.1263341472736097,Na3Pb,2300.423039739331,1475.343719788207
1307_Fe26Pd2,Fe26Pd2,Fm-3c,0.3245601126779028,Fe13Pd,2502.277136730318,2243.78637802512
1308_Ba2Sn4,Ba2Sn4,Imma,-0.5594160073734505,BaSn2,2746.581026665991,1856.516796665484
1309_Al2Cu,Al2Cu,Immm,-0.1656155871266828,Al2Cu,1600.0,1270.387622446583
1310_Ag4Mn2,Ag4Mn2,I4_1/amd,0.5553655597303203,MnAg2,1281.18689594062,1481.18689594062
1311_FeW,FeW,P4/mmm,0.1734095909487258,FeW,5928.230802928844,3624.31941923775
1313_Sn4W,Sn4W,I4/m,0.4976734814005475,Sn4W,3828.056112224449,2353.579887046821
1314_Ta3V,Ta3V,Cmmm,0.2921233851410409,Ta3V,2385.791133136137,4679.892413609408
1315_P7As,P7As,Fm-3m,0.7665221907047712,AsP7,2333.854698511713,4817.507562797781
1316_TaGe3,TaGe3,Pmm2,0.2141826952026813,TaGe3,3939.038972002458,3215.595660397623
1353_Ni2Sb4,Ni2Sb4,I4/mcm,0.0233909646702888,NiSb2,6559.938771742087,3030.997632798546
1354_V3Br,V3Br,P4/mmm,0.2459976949128535,V3Br,3300.0,4601.67491304245
1362_CuPb,CuPb,P-6m2,0.3462815846160936,CuPb,2441.8222245204,1729.587879414654
1363_BaFe2,BaFe2,I4/mmm,0.6576172441119587,BaFe2,2730.885843135207,1896.328764702811
1364_Ca2In2,Ca2In2,P4/nmm,-0.1173949604676822,CaIn,3455.244809420514,1870.629325482905
1365_FePb3,FePb3,Cmmm,0.9185793676251812,FePb3,2675.26957908022,1767.026105440294
1379_Cu18As6,Cu18As6,P-3c1,-0.0680231611870526,Cu3As,2079.616327182297,2205.318128209261
1380_Fe4Pb8,Fe4Pb8,Pnma,1.0701517736064603,FePb2,2664.372826930643,1752.49710257419
1381_Mo4Pb4,Mo4Pb4,Pnma,0.986165049405022,MoPb,2605.053770535066,2907.706010424226
1382_In2Mn4,In2Mn4,Pnnm,1.087186877735301,Mn2In,2468.694855303047,1902.199394741535
1384_VBr3,VBr3,P4/mmm,0.6187073980676105,VBr3,3300.0,6286.571123347903
1388_Fe8Na16,Fe8Na16,Fd-3m,0.7667905908766114,Na2Fe,1812.976469392212,993.5990941946084
1389_Cu2Ga4,Cu2Ga4,Cmcm,0.0349927688044265,Ga2Cu,4279.117403641523,1774.781272168362
1391_PdTa2,PdTa2,I4/mmm,-0.0609986808037371,Ta2Pd,2504.515859128892,5527.167499124949
1397_Cr20W10,Cr20W10,P4_2/mnm,0.1884869986014261,Cr2W,5590.951325112339,4227.741093595505
1399_Ni2Sb,Ni2Sb,I4/mmm,-0.0823336954427803,Ni2Sb,4513.089031507007,2467.372342009176
1400_VBr2,VBr2,I4/mmm,-0.4096795574544997,VBr2,3300.0,6053.994434150496
1403_Ba3Br,Ba3Br,P4/mmm,-0.6963803494486649,Ba3Br,3048.733342142981,3047.244579525702
1404_Al3Pd,Al3Pd,P4/mmm,-0.3980137157838905,Al3Pd,2508.773512399773,4975.884116749006
1406_Cu2Br2,Cu2Br2,Imma,0.0045894584552015,CuBr,2546.927849424887,4507.888462879052
1407_BaAs,BaAs,P4/mmm,-0.8248225062646046,BaAs,3105.896952912763,2900.082733172327
1408_Au4As2,Au4As2,I4/mcm,0.3492469345038422,AsAu2,1451.553491179607,1479.391124335828
1409_Cu5Br,Cu5Br,Cmmm,0.2437103675173967,Cu5Br,1941.612638758255,2585.122499585045
1410_K2Na,K2Na,I4/mmm,0.0087589688820123,K2Na,1563.678658833681,5677.745023642773
1411_Mo2W4,Mo2W4,I4/mcm,0.6719375937229822,MoW2,6048.091109097969,4506.936715413485
1412_FeK,FeK,R-3m,1.3241645138926663,KFe,2111.735214596501,3788.479650486132
1413_Nb2Pb2,Nb2Pb2,Cmcm,0.4433461486233714,NbPb,4495.553310129561,3967.047098432229
1415_Mo4Pb4,Mo4Pb4,Pnma,0.9888519019726364,MoPb,2605.053770535066,2907.706010424226
1416_Cu2Ge6,Cu2Ge6,I4/mmm,0.2952457794634711,CuGe3,4464.658608855066,1809.692822578926
1417_Mn2Sb,Mn2Sb,I4/mmm,0.1825550662347351,Mn2Sb,4911.608307669154,2641.0433797255
1418_Ag4Al2,Ag4Al2,I4/mcm,0.0167224435327266,AlAg2,1244.465668678022,1355.534331321978
1419_Fe2Pb4,Fe2Pb4,Pnnm,0.4720998800685994,FePb2,2664.372826930643,1752.49710257419
1420_CaCs,CaCs,R-3m,0.2514498412173807,CsCa,5513.457506625233,4957.408942768357
1421_In2Ta,In2Ta,I4/mmm,0.3123895790519941,TaIn2,2859.291319474111,3233.98430547249
1422_Ba2Br,Ba2Br,I4/mmm,-0.9571124790398188,Ba2Br,3067.608684615775,3336.666497441885
1423_SnW3,SnW3,P4/mmm,0.5193271044310759,SnW3,6220.679468242245,3821.780582785014
1424_Pd12Sb4,Pd12Sb4,Pnma,-0.3704102548060044,SbPd3,4497.610085710399,6729.998639517482
1425_Mn6Sb2,Mn6Sb2,I4/mmm,0.1532675726229939,Mn3Sb,4276.752387301108,2479.810130108218
1426_In4Sn2,In4Sn2,Cm,0.003060684052329,In2Sn,3061.452693586262,1863.687253477864
1427_Ni3Sb,Ni3Sb,I4/mmm,-0.1358773065812233,Ni3Sb,3820.78779157414,2276.738667245053
1428_InV,InV,R-3m,0.4022346652563175,VIn,3300.0,2430.25045321686
1429_Ga3Br,Ga3Br,Immm,-0.0668485881833467,Ga3Br,4891.887862235491,3282.073040373885
1430_BaCu,BaCu,Immm,0.1183265687375136,BaCu,2557.111209570226,2046.920691182986
1431_Ba2Br,Ba2Br,I4/mmm,-0.9593332803697492,Ba2Br,3067.608684615775,3336.666497441885
1432_Pb2Ta2,Pb2Ta2,P4/nmm,0.3806331488239092,TaPb,2513.526865070086,3198.548511974353
1433_Cr16W14,Cr16W14,P4_2/mnm,0.1711127888080928,Cr8W7,6047.315111006919,4251.144364667021
1434_Cr12P17,Cr12P17,I-43m,-0.0830506357085518,Cr12P17,2596.561714209036,4557.671168900875
1435_Ni4Sb2,Ni4Sb2,I4_1/amd,0.1844372324256843,Ni2Sb,4513.089031507007,2467.372342009176
1436_AlFe,AlFe,P-6m2,-0.2410192208620589,AlFe,2139.392334330871,1269.696167165436
1437_GaP,GaP,R-3m,0.3845919851814665,GaP,4423.419533589372,2884.302140718288
1438_KNa3,KNa3,I4/mmm,0.0243309260970867,KNa3,1317.076887967506,2924.025248970479
1439_PbTa3,PbTa3,P4/mmm,0.2290332506804056,Ta3Pb,2410.500237026208,3971.248222303438
1440_KI,KI,R-3m,-1.585149885067622,KI,4146.310407952831,5365.267194035378
1441_BaCu3,BaCu3,I4/mmm,0.4070886445157522,BaCu3,2186.214382632293,1834.979647218453
1442_Ag8P16,Ag8P16,Fd-3m,0.5154180949090043,AgP2,1491.834101299124,2749.732718508447
1443_Pd4Ge2,Pd4Ge2,Imma,-0.003291648050693,GePd2,3734.342160571669,6447.863247863248
1444_Au5Nb3,Au5Nb3,Cmmm,0.0112431867626598,Nb3Au5,2732.320363930258,2720.553897115678
1447_Fe2Pb2,Fe2Pb2,P4/nmm,0.2944677495223846,FePb,2636.309376722614,1715.079168963485
1448_PtV3,PtV3,Cmmm,-0.2197814555382198,V3Pt,4533.614010580368,6596.1817546855
1450_Pb4V,Pb4V,Im-3m,0.3160382440149568,VPb4,2734.743046679053,1892.648124477474
1451_PbI2,PbI2,P-3m1,-0.7771972389298755,PbI2,3911.212233758417,3451.653046034205
1452_In3Br3,In3Br3,Cm,-0.617555666652034,InBr,3300.0,4010.710654163372
1453_Na3Pd,Na3Pd,Imm2,-0.0211022296641258,Na3Pd,2374.205382028606,5050.733507245022
1454_Al2Sn6,Al2Sn6,Pmmn,0.1020939395614122,AlSn3,2529.572628643349,1557.74357718601
1455_SrBi,SrBi,P-6m2,-0.630477073737969,SrBi,4975.044268315214,5113.757095405131
1457_Au2Nb4,Au2Nb4,Cmcm,0.045874804663016,Nb2Au,4692.185679389182,4786.357878275084
1458_CsYb,CsYb,F-43m,0.7037468588154681,CsYb,7979.568567660738,4359.786043938247
1460_Ge8I32,Ge8I32,Pa-3,-0.4836880931436205,GeI4,4950.074287659824,4436.961414466272
1461_Pd2Ge4,Pd2Ge4,Imma,0.1011663982781095,Ge2Pd,4412.109654350417,4479.110051648789
1462_P4Br8,P4Br8,Pa-3,0.1761227743372254,PBr2,3088.942663188109,6607.766764414306
1463_Cr2Na,Cr2Na,Immm,1.0064532429628876,NaCr2,2737.904981150407,3448.228966070733
1464_Ir2Mo,Ir2Mo,Immm,0.0889698773702368,MoIr2,4880.86990553194,8341.066335813346
1465_BaAs,BaAs,P4/mmm,-0.8242589244395955,BaAs,3105.896952912763,2900.082733172327
1466_Fe6Na2,Fe6Na2,Pm-3n,1.2328789781487774,NaFe3,2243.134831355823,1291.401037092493
1468_Cr3P,Cr3P,Fm-3m,-0.1446743340815022,Cr3P,2917.764428593006,4265.668701279086
1469_CuGe,CuGe,P4/mmm,0.0786484601624302,CuGe,3573.536193147606,1713.355264124066
1471_CuGe,CuGe,P4/mmm,0.1994466412303577,CuGe,3573.536193147606,1713.355264124066
1472_SnW4,SnW4,I4/mmm,0.8177328976757025,SnW4,6388.429519828585,3924.718114440268
1473_VBr2,VBr2,I4/mmm,-0.4152301239996578,VBr2,3300.0,6053.994434150496
1474_Ge2Br2,Ge2Br2,I4_1/amd,0.1309502640754578,GeBr,4252.380952380953,4519.047619047619
1475_Ca2P2,Ca2P2,Cmcm,-0.816929871768715,CaP,3071.728523776793,3069.356481265025
1476_Ni3Ta,Ni3Ta,Fm-3m,-0.1899694483609204,TaNi3,1658.862025642353,3172.495911245972
1477_CuFe,CuFe,F-43m,1.5323561329046536,FeCu,1974.199060230671,1453.225117471166
1478_Ta2Ge6,Ta2Ge6,I4/mmm,0.1118716085629225,TaGe3,3939.038972002458,3215.595660397623
1479_Fe6Sb2,Fe6Sb2,Pmmn,0.2828788980736254,Fe3Sb,4714.868905442541,2241.770511070015
1480_Fe2Pb2,Fe2Pb2,Imma,0.7151422050452814,FePb,2636.309376722614,1715.079168963485
1481_Fe3V,Fe3V,Imm2,0.0116175512059566,VFe3,2609.850258494621,1866.333907765824
1482_Cr8P4,Cr8P4,Pa-3,0.095169955832033,Cr2P,2847.557549361964,4329.493136943669
1483_Fe2Pb4,Fe2Pb4,I4/mcm,0.655256511776629,FePb2,2664.372826930643,1752.49710257419
1485_BaCu5,BaCu5,Cmmm,0.2562033384073583,BaCu5,2022.491687854489,1741.423821631136
1486_InIr,InIr,Fm-3m,0.4610586516897141,InIr,4677.293793867148,6444.902698389435
1487_Fe8W4,Fe8W4,Pnma,0.106739363251543,Fe2W,5261.516597299767,3203.999593949854
1488_IrTa,IrTa,R-3m,-0.2715116790559833,TaIr,3948.318030356982,7014.927353292196
1489_Ge2P2,Ge2P2,Cmcm,0.1221786004450189,GeP,4313.515071482493,2856.591445835158
1490_PbSb3,PbSb3,Immm,0.1251027141729275,Sb3Pb,6017.942984907771,2820.905533817775
1491_AsBr5,AsBr5,P4/mmm,0.239346255118716,AsBr5,3300.0,6442.045554184119
1492_K6Sn2,K6Sn2,Cmcm,-0.0242253265418126,K3Sn,2152.698227875777,4383.21102655072
1493_InK2,InK2,Immm,0.0403808359025378,K2In,2651.787066885096,4106.692032623439
1494_Fe7Pb,Fe7Pb,Fm-3m,0.3180355931039793,Fe7Pb,2503.926502428462,1538.568669904617
1496_Cu12Ni17,Cu12Ni17,I-43m,0.1192806312733478,Cu12Ni17,1259.910728599104,1500.0
1497_W5Sb24,W5Sb24,I-43m,0.4023882197469812,Sb24W5,7684.643258777957,3615.356741222041
1499_Fe6Sb2,Fe6Sb2,Cmcm,0.3131206590505275,Fe3Sb,4714.868905442541,2241.770511070015
1500_Ag2Al4,Ag2Al4,I4/mcm,0.0457588772121333,Al2Ag,1333.381082158326,1266.618917841674
1501_Au2Nb2,Au2Nb2,Pmmn,-0.0823842144160345,NbAu,3471.753605749531,3499.956503357614
1502_Fe5Mo,Fe5Mo,F-43m,0.1221333189670185,Fe5Mo,2400.0,2397.337171644476
1503_FeMo5,FeMo5,F-43m,0.5453663357175754,FeMo5,2400.0,4893.319889084951
1504_FeNa3,FeNa3,Pm-3m,1.3762284436560104,Na3Fe,1681.652065827776,902.6821994192296
1505_Ce4Cu4,Ce4Cu4,Pnma,-0.1497641612650788,CeCu,7035.065942591156,2600.772849132386
1506_Ba2Pd2,Ba2Pd2,Cmcm,-0.5512698825241915,BaPd,3087.32004906727,4788.621398417211
1507_Ge2As4,Ge2As4,Pnnm,0.1162548416320869,GeAs2,3952.993124874148,3314.357218882144
1508_Na2Pd2,Na2Pd2,Imma,-0.0727240279877157,NaPd,2826.932991561547,6667.617827005525
1509_Fe4Na8,Fe4Na8,Pa-3,1.6118337303855472,Na2Fe,1812.976469392212,993.5990941946084
1511_V2W,V2W,Immm,0.1508598416056431,V2W,5680.655390010605,3979.078338110688
1512_CuNi,CuNi,Fm-3m,0.6666003672900942,CuNi,1311.909253481283,1500.0
1513_CrP3,CrP3,Pm-3m,0.4691332273700528,CrP3,2394.67804090808,4741.201780992655
1515_Fe16Na4,Fe16Na4,I-43m,0.8900192099042854,NaFe4,2278.691691146435,1316.017324639839
1516_Ge2P4,Ge2P4,Imma,0.2592394888634833,GeP2,3781.086336055933,3372.885977157883
1518_Mo2Pb4,Mo2Pb4,Cmcm,0.5624454406346094,MoPb2,2643.602304346122,2457.973115961908
1519_Cr2Ta4,Cr2Ta4,Pnnm,0.758102563824084,Ta2Cr,2400.501807404475,4712.060918521083
1521_InBr5,InBr5,Amm2,-0.2827377903090093,InBr5,3300.0,5806.150819111168
1522_Cu6Ni2,Cu6Ni2,Pm-3n,0.1060776691267886,Cu3Ni,1458.75810266978,1500.0
1523_Ga2Br6,Ga2Br6,Cmcm,-0.4421051503954034,GaBr3,3795.711861941926,5773.382131950167
1524_KAs8,KAs8,I4/mmm,0.2680072295464981,KAs8,3202.020185408549,4195.959629182903
1525_CsYb,CsYb,F-43m,0.6718211478979981,CsYb,7979.568567660738,4359.786043938247
1527_Ba2Br2,Ba2Br2,P4/nmm,-1.6453708263697826,BaBr,3110.348891272424,3992.016332843839
1529_AgCa2,AgCa2,I4/mmm,-0.2246726768933656,Ca2Ag,2351.02843144659,1442.63068264617
1530_NiTa5,NiTa5,F-43m,0.4665004146776101,Ta5Ni,2220.802551044557,4598.960321882336
1531_AuCu3,AuCu3,P4/mmm,-0.0241945328699291,Cu3Au,1345.918153766655,1245.918153766655
1533_Ga5P24,Ga5P24,I-43m,0.25576877184418,Ga5P24,3117.37082303988,4078.403818934967
1534_Cu8Sn,Cu8Sn,I4/mmm,0.0012890280471198,Cu8Sn,1789.306593438137,1518.930659343814
1535_Ba2Pd,Ba2Pd,Fmmm,-0.3625728003444,Ba2Pd,3055.85266903541,3891.801067509197
1536_Ta5V,Ta5V,Cmmm,0.0288458920268771,Ta5V,2353.303879987556,4725.37456801742
1537_BaV2,BaV2,I4/mmm,0.8221410070346913,BaV2,3127.774340537603,2768.505915304544
1540_Ag3P,Ag3P,Pm-3m,0.1704723993172554,Ag3P,1269.883028000451,1723.209004502085
1541_Pd8Ta22,Pd8Ta22,P4_2/mnm,-0.1923537903864579,Ta11Pd4,2458.565846107424,5363.789675048621
1542_BaAs8,BaAs8,I4/mmm,0.1090165162356824,BaAs8,3244.077492623182,3683.105791531367
1543_Cu5Pb4,Cu5Pb4,I4/mmm,0.2302710594214126,Cu5Pb4,2395.164539959704,1716.863056352647
1544_Mn2Sb2,Mn2Sb2,P4/nmm,0.2537435629950586,MnSb,5941.23648623277,2902.536250471815
1545_Ca4In,Ca4In,I4/m,-0.0793600515693867,Ca4In,3649.606367898812,1708.661360084324
1546_Mo2Pb4,Mo2Pb4,Cmcm,0.5704802408949945,MoPb2,2643.602304346122,2457.973115961908
1547_GaAs2,GaAs2,I4/mmm,0.1910730051542918,GaAs2,3998.607527023741,3333.147360568248
1548_Ni2Br6,Ni2Br6,Pm-3n,0.5173969276250716,NiBr3,2847.612677250479,5837.873242240254
1549_Ga3P,Ga3P,Pm-3m,0.1349100492576389,Ga3P,5048.567834828184,2312.73797958566
1550_Ag4Al6,Ag4Al6,P1,-0.0121998775051977,Al3Ag2,1309.133529264396,1290.866470735604
1551_Cr16Nb4,Cr16Nb4,I23,0.5528695390018527,NbCr4,4767.363991678309,5551.224214979269
1552_Pd4Sn4,Pd4Sn4,Pnma,-0.3934178880777548,SnPd,2883.622795718029,4625.309820992316
1553_AlTa2,AlTa2,I4/mmm,-0.1247615256722092,Ta2Al,2251.431783012288,4536.34396492385
1554_Ba5P,Ba5P,P4/mmm,0.243126367836548,Ba5P,2956.837536495966,2420.854897811295
1555_FeW,FeW,P-6m2,0.3016816518868364,FeW,5928.230802928844,3624.31941923775
1556_Fe6Mo2,Fe6Mo2,Pm-3n,0.0530397565109037,Fe3Mo,2400.0,2820.119555935098
1557_CuGe3,CuGe3,P4/mmm,0.2349109754561507,CuGe3,4464.658608855066,1809.692822578926
1558_AuPb,AuPb,Fm-3m,-0.0561221939407761,PbAu,1920.255868317501,1410.12793415875
1559_Cu6Pt5,Cu6Pt5,P1,-0.1148469734807642,Cu6Pt5,4403.972297404871,6964.151143660776
1560_SmSr,SmSr,P-6m2,-0.1430822315729507,SrSm,7548.634339020086,3063.181779981511
1561_CrMn,CrMn,P-6m2,0.2397128541524225,MnCr,2329.366190752262,2918.361492486801
1562_NiP,NiP,P-6m2,-0.2095465905788165,NiP,1345.430381748895,2743.549374296022
1563_Ag2Na4,Ag2Na4,Pnnm,0.0735529798504162,Na2Ag,1170.113607784967,1131.022470064704
1564_Fe4W2,Fe4W2,Cmcm,0.2982040333764632,Fe2W,5261.516597299767,3203.999593949854
1565_In2Br2,In2Br2,Cmcm,-0.7314480474795149,InBr,3300.0,4010.710654163372
1567_AgIn3,AgIn3,I4/mmm,0.0414522576685278,In3Ag,2799.199420236283,1856.914120067509
1569_Pd20Ta10,Pd20Ta10,P4_2/mnm,-0.3203614440292625,TaPd2,2786.444631053653,6529.580910412988
1570_Ge4As2,Ge4As2,Pnnm,0.2483039054601121,Ge2As,4619.518114309796,2614.505979974714
1571_Ca2Rh4,Ca2Rh4,I4_1/amd,-0.1264421561850426,CaRh2,3314.094571127623,6940.550410957791
1572_Ba2Ta2,Ba2Ta2,Imma,0.9726660089722784,BaTa,2602.031061954999,3721.317635875002
1574_Al4Sn2,Al4Sn2,Pnnm,0.3032474216993517,Al2Sn,2287.48412853327,1412.490477119962
1575_AuP3,AuP3,Pmm2,0.0329340208447916,P3Au,1388.487965113268,2314.222952182664
1576_Ag2Sn,Ag2Sn,I4/mmm,-0.0051447146254079,Ag2Sn,1696.922675800965,1470.988953685852
1577_Cr4Sn8,Cr4Sn8,Fddd,-0.0258652017659611,CrSn2,2689.829314955181,2049.146574775902
1578_Fe12W12,Fe12W12,Pbcm,0.1609000908420957,FeW,5928.230802928844,3624.31941923775
1580_Ag2Br2,Ag2Br2,P2_1/m,-0.4266515631149774,AgBr,2093.627491183466,3740.452953099553
1581_FeV3,FeV3,Immm,-0.1426573123202441,V3Fe,3059.138254512519,2864.751676694485
1583_Ag3Br,Ag3Br,Imm2,0.1583920348366088,Ag3Br,1615.848385883225,2489.126724932256
1584_SnW2,SnW2,I4/mmm,0.4333257138619674,SnW2,5926.12101400111,3641.028804046136
1585_CuFe,CuFe,Fm-3m,0.793062598387337,FeCu,1974.199060230671,1453.225117471166
1586_Cu6Pt5,Cu6Pt5,P1,-0.1172930858644618,Cu6Pt5,4403.972297404871,6964.151143660776
1588_Ag2Al3,Ag2Al3,Immm,-0.0310931534378596,Al3Ag2,1309.133529264396,1290.866470735604
1589_CeBi,CeBi,P-6m2,-0.5555537611125843,CeBi,6985.744109649942,4836.033829051231
1591_Ag2Sn2,Ag2Sn2,P4/nmm,0.0140750344839628,AgSn,1933.495102353183,1504.785014621883
1593_W2As2,W2As2,P4/nmm,0.6139095757248487,AsW,5928.705341132533,4213.138270902638
1594_SbI,SbI,Fm-3m,0.1741662779612185,SbI,6368.96740012757,4114.481879940467
1595_Ag7Al5,Ag7Al5,P1,-0.033099776589608,Al5Ag7,1260.633686591422,1339.366313408578
1596_Ag4Ge6,Ag4Ge6,Fdd2,1.1126645576840708,Ag2Ge3,3260.322411937193,1651.258830724048
1597_MoSn,MoSn,P-6m2,0.1935548928516741,SnMo,2510.607966457023,3253.752620545074
1599_Eu3Sm,Eu3Sm,Pm-3m,-0.1120561147407701,SmEu3,9500.0,3100.0
1600_PtRh,PtRh,R-3m,0.011440339768499,PtRh,4705.734933613432,8720.134098684684
1601_IrV3,IrV3,P4/mmm,-0.3769391857983084,V3Ir,4525.584168860847,6575.37716477583
1602_IrPb3,IrPb3,P4/mmm,0.2292775848969874,IrPb3,3361.337376830418,3524.201018165018
1603_Au3Sr,Au3Sr,Fm-3m,-0.4641703289192604,SrAu3,1500.31556518962,1258.268106573948
1604_Cu16Ni4,Cu16Ni4,I-43m,0.3643143718723906,Cu4Ni,1487.444602901968,1500.0
1605_Ge8P4,Ge8P4,Pnma,0.2090046404551131,Ge2P,4720.078111013596,2462.348498411058
1606_Ba2In4,Ba2In4,Imma,-0.4937894542599756,BaIn2,3187.732278186084,2112.267721813916
1607_K2Na4,K2Na4,Pnnm,0.0638998573109968,KNa2,1375.735495836038,3579.046370169091
1608_Ag4Sn2,Ag4Sn2,I4/mcm,0.0827211942524138,Ag2Sn,1696.922675800965,1470.988953685852
1609_CuRh,CuRh,F-43m,1.38952287924684,CuRh,2589.169818235342,5518.502386581075
1610_Cu2Ga2,Cu2Ga2,Cmcm,0.0515306965752166,GaCu,3640.382234428111,1709.269972761857
1611_Na4Pt2,Na4Pt2,Fd-3m,0.2613324801413122,Na2Pt,4660.760806580271,7459.668849225076
1612_SnW3,SnW3,I4/mmm,0.5070538116518577,SnW3,6220.679468242245,3821.780582785014
1613_P12As17,P12As17,I-43m,0.3327069785419281,As17P12,3006.329960897421,4248.490033086799
1614_NaNi,NaNi,P-6m2,0.4633427963348522,NaNi,1028.145050544248,1218.549494557516
1615_CuP3,CuP3,Imm2,0.1581477937523514,CuP3,1837.548150480478,3637.933354324303
1616_Al2K2,Al2K2,Pmmn,0.2424803932814523,KAl,1659.168274058103,4668.432991602373
1617_AlSr5,AlSr5,Cmmm,0.0473004984587275,Sr5Al,4049.161932827578,2883.970717559675
1618_AlTa2,AlTa2,I4/mmm,-0.1258737631483046,Ta2Al,2251.431783012288,4536.34396492385
1619_Fe3V,Fe3V,Fm-3m,-0.1830790839423262,VFe3,2609.850258494621,1866.333907765824
1621_FePb,FePb,Pm-3m,0.8402487620204404,FePb,2636.309376722614,1715.079168963485
1622_Fe44Mo2,Fe44Mo2,Fd-3m,0.2251934174866468,Fe22Mo,2400.0,1682.489637833797
1623_Cr8Pb4,Cr8Pb4,Pnma,0.6935188602294282,Cr2Pb,2833.669417164055,2568.599148693316
1624_Al3Cu9,Al3Cu9,Pmmm,-0.0331233459433093,AlCu3,1600.0,1438.007545706652
1625_In3Sm,In3Sm,Pm-3m,-0.6863031035524711,SmIn3,5184.004898810463,2334.258933659921
1627_Al3Sb,Al3Sb,Immm,0.1942464372407792,Al3Sb,5384.265084307962,2441.624794022081
1630_BaIr,BaIr,F-43m,1.1244898747305545,BaIr,4458.204367246863,6266.315878911467
1631_Mn16W8,Mn16W8,Fd-3m,0.4934416629123663,Mn2W,4979.916980373802,3364.776379802686
1632_InBr3,InBr3,Immm,-0.5535261041398845,InBr3,3300.0,5313.087185851691
1633_Ba5Sn3,Ba5Sn3,Cmmm,-0.4833400665952947,Ba5Sn3,2863.390121455937,2060.932712547889
1634_Cu2Na,Cu2Na,Immm,0.1896229369415631,NaCu2,1523.40918757058,1346.818375141159
1635_Mn3V,Mn3V,P4/mmm,-0.0531336093233463,Mn3V,2001.382564121674,2177.771825055693
1636_NiP3,NiP3,I4/mmm,0.3806580164047135,NiP3,1612.877871210972,3706.3603363595
1638_CrGa,CrGa,Fm-3m,0.5566800946973203,CrGa,4474.765340854476,2839.798437550064
1639_V3W,V3W,P4/mmm,-0.0312432122397954,V3W,5320.432804765576,3891.456628186222
1640_Ag2Ca4,Ag2Ca4,I4/mcm,-0.2512035885165782,Ca2Ag,2351.02843144659,1442.63068264617
1641_Pb2As2,Pb2As2,Imma,0.0840475302337555,AsPb,2859.338951714438,2384.24282295294
1642_AgI,AgI,F-43m,-0.3753316093644216,AgI,3200.005107068041,3237.842530819281
1643_Ca3Ni,Ca3Ni,Fm-3m,0.2530239250171147,Ca3Ni,2948.715512548665,1500.0
1644_FeV3,FeV3,Immm,-0.1424462107173667,V3Fe,3059.138254512519,2864.751676694485
1645_Ag3In,Ag3In,P4/mmm,0.0056007404912765,InAg3,1749.966630369876,1557.133322962822
1646_AuP,AuP,Immm,0.1982375973905634,PAu,1222.296855838119,1557.130121040317
1647_PbSb,PbSb,Cmmm,0.1028825215824067,SbPb,4624.708171206225,2392.217898832685
1649_Ag14Yb4,Ag14Yb4,Cmcm,-0.3354358099427333,Yb2Ag7,3808.58620211788,1934.288740192819
1650_Eu3As,Eu3As,I4/mmm,-0.6824294872306971,Eu3As,8624.901999496622,3227.030354911781
1651_GaMn2,GaMn2,P4/mmm,1.015550691138292,Mn2Ga,3114.037181368793,1838.821466188944
1652_Ta2Ge4,Ta2Ge4,I4_1/amd,0.2489534098761604,TaGe2,3635.998627707723,3508.534659882533
1655_WAs2,WAs2,I4/mmm,0.2057724770828173,As2W,5338.484406766658,4165.282519467567
1656_Au3P,Au3P,Pmm2,0.2589385795723418,PAu3,1144.826459383814,1204.209426081819
1658_Ni17Br12,Ni17Br12,I-43m,0.3165058734830896,Ni17Br12,2127.113385127676,4146.266208560632
1659_Cu2Fe2,Cu2Fe2,Fd-3m,0.1809816039781348,FeCu,1974.199060230671,1453.225117471166
1660_V6W2,V6W2,I4/mmm,0.1271767347920729,V3W,5320.432804765576,3891.456628186222
1662_TaGe5,TaGe5,Cmmm,0.202469743993633,TaGe5,4302.396848444949,2864.349713169883
1663_TaGe3,TaGe3,Immm,0.1374193903641964,TaGe3,3939.038972002458,3215.595660397623
1664_NaNi,NaNi,P-6m2,0.4828097023828093,NaNi,1028.145050544248,1218.549494557516
1665_Ba3Ta,Ba3Ta,Immm,0.904670441205412,Ba3Ta,2786.376544856442,3062.940911226993
1666_Ba2Fe,Ba2Fe,I4/mmm,0.8109463065854191,Ba2Fe,2898.616939839455,2147.925409759182
1668_Ba6As2,Ba6As2,I4/mmm,-0.3480596932121238,Ba3As,3046.162168778725,2561.585623079441
1670_InBr3,InBr3,Immm,-0.5579910152995953,InBr3,3300.0,5313.087185851691
1671_Al2In4,Al2In4,Cmcm,0.1496605006122985,AlIn2,3121.256895104519,1894.856997120305
1672_Al2P4,Al2P4,I4/mcm,-0.069489045227011,AlP2,1878.63792640495,3856.038745650738
1673_AsBr2,AsBr2,I4/mmm,0.1821197484917872,AsBr2,3300.0,5974.370509726937
1674_Pb2As4,Pb2As4,Cmcm,0.0357977154458121,As2Pb,2951.806840180684,2723.291747329175
1675_AgBr2,AgBr2,Immm,-0.1491938272423508,AgBr2,2453.741647557758,4683.609076936986
1676_Sb4Br12,Sb4Br12,Pnma,-0.6157437162277182,SbBr3,4849.486543909349,5721.042847025496
1677_Fe8Ir,Fe8Ir,I4/mmm,0.0635756256994726,Fe8Ir,3332.541703378995,3716.313263231697
1678_RhYb,RhYb,P-6m2,-0.3348424399415872,YbRh,7150.606188540854,4927.306297801559
1679_KAs3,KAs3,I4/mmm,0.2951061834844219,KAs3,3062.917664501023,4474.164670997953
1680_Na4Pt2,Na4Pt2,Cmcm,-0.127379207660755,Na2Pt,4660.760806580271,7459.668849225076
1683_WSb3,WSb3,Pm-3m,0.990997905753166,Sb3W,7598.688811188811,3701.311188811189
1684_FePb2,FePb2,Fm-3m,0.5941554962577266,FePb2,2664.372826930643,1752.49710257419
1685_Al5Rh7,Al5Rh7,Fmmm,-0.6383318023359396,Al5Rh7,2947.613832640585,6895.810517802562
1686_Ca3Ga8,Ca3Ga8,Immm,-0.4391065488204818,Ca3Ga8,5216.269479571339,1829.067369892834
1687_CrTa2,CrTa2,I4/mmm,-0.0129322637731329,Ta2Cr,2400.501807404475,4712.060918521083
1688_VW2,VW2,I4/mmm,-0.0940328855695398,VW2,6549.751864154135,4190.480183172627
1689_InRh,InRh,Fm-3m,-0.0625134166024929,InRh,3252.735694585104,4835.85832489373
1692_As3Br,As3Br,Fm-3m,0.4963062451191149,As3Br,3300.0,4760.568853784831
1694_Ba4P8,Ba4P8,I4_1/amd,-0.6301452926437984,BaP2,2689.134753622596,3170.422689856733
1695_Al4Ce,Al4Ce,I4/mmm,-0.3227036842435439,CeAl4,6062.614037027572,2186.26449085543
1696_Cr3Na,Cr3Na,Immm,0.9098419704397562,NaCr3,2843.099594576206,3637.57927023717
1697_Ca5Ga3,Ca5Ga3,Cmmm,-0.1228295982076836,Ca5Ga3,4717.148200869717,1704.287050217429
1698_Al3Sm,Al3Sm,Pm-3m,-0.5776724548870158,SmAl3,6735.409839927631,2365.108944790889
1699_Ag2Ge2,Ag2Ge2,Pmmn,0.1769106188002136,AgGe,2849.919505041877,1601.209695736814
1700_Fe2V2,Fe2V2,Imma,-0.078264600413517,VFe,2829.336573443273,2354.081274318383
1701_Na5Pt,Na5Pt,F-43m,0.1710178720096715,Na5Pt,3868.640839082397,5911.434367297412
1704_P16Br4,P16Br4,I23,0.2682701181112456,P4Br,2509.694235666891,5805.730480154157
1705_CaMn2,CaMn2,Fmmm,6.453217612714281,CaMn2,2214.717477862725,1719.81945940921
1707_Pd2Sn,Pd2Sn,Immm,-0.4766293163031274,SnPd2,2985.172673804856,5708.50852058513
1708_K2As2,K2As2,P4/nmm,-0.1594136726871555,KAs,2751.347703339505,5097.304593320991
1709_Mn5W,Mn5W,F-43m,0.0518166976176933,Mn5W,3765.03939298658,2802.333052308602
1710_MnV2,MnV2,I4/mmm,-0.22532081361564,MnV2,2704.450617581333,2839.482934194196
1711_Fe3Pb,Fe3Pb,Pm-3m,3.1602556276759275,Fe3Pb,2565.877219902064,1621.169626536085
1712_P12Br17,P12Br17,I-43m,0.305400172102448,P12Br17,3020.707604343974,6513.287452168579
1713_Ba6Ga2,Ba6Ga2,Pmmn,-0.0995503976400025,Ba3Ga,3361.856036071944,2242.103034228489
1714_Ba3Ga,Ba3Ga,Pmm2,-0.0058325030941168,Ba3Ga,3361.856036071944,2242.103034228489
1715_Cr3Ta,Cr3Ta,Cmmm,0.1301554515644412,TaCr3,2670.368774288353,4475.927322497691
1716_Mn6W2,Mn6W2,Pm-3n,0.1763066696193256,Mn3W,4447.337519745751,3118.211814697107
1717_Au4Ga,Au4Ga,I4/mmm,0.0781698024577743,GaAu4,1457.725088903747,1073.17104091213
1718_Ba2Sn2,Ba2Sn2,Pmma,-0.6119471538828103,BaSn,2814.542429414499,1975.449251475373
1719_Al3Ga,Al3Ga,Cmmm,0.0275824749523612,Al3Ga,3404.765400688048,1416.484323235703
1721_Al10Au20,Al10Au20,Pnnm,-0.3473274178695784,AlAu2,1132.051078401385,1000.0
1722_Al18In6,Al18In6,Pmmn,0.1601819126916096,Al3In,2597.078013094265,1586.516478290745
1723_Ag4Sn,Ag4Sn,I4/m,-0.0197127183807911,Ag4Sn,1502.070511837157,1443.152930262451
1724_Al2Cu,Al2Cu,Immm,-0.0700894357803155,Al2Cu,1600.0,1270.387622446583
1726_AuGa3,AuGa3,P4/mmm,-0.0481767646676423,Ga3Au,3366.099475763966,1463.520347315357
1728_Fe3Ir,Fe3Ir,P4/mmm,-0.0421983063443285,Fe3Ir,4056.342980720052,5514.142242433676
1729_AgGe,AgGe,Cmmm,0.2156207633049502,AgGe,2849.919505041877,1601.209695736814
1730_Cr4Sn8,Cr4Sn8,Fddd,-0.0265927506534436,CrSn2,2689.829314955181,2049.146574775902
1731_CrTa,CrTa,P-6m2,0.530166486935034,TaCr,2478.570315489587,4643.750973946611
1733_FeV,FeV,P-6m2,0.1213318125962068,VFe,2829.336573443273,2354.081274318383
1734_AgGe3,AgGe3,Immm,0.2660237849399345,AgGe3,3942.49343591941,1734.450419014562
1735_Ba6Sn2,Ba6Sn2,Cmcm,-0.1304743003915054,Ba3Sn,2910.524203349972,2143.417355862451
1736_CrSr3,CrSr3,P4/mmm,0.3991310186583723,Sr3Cr,4018.343332080909,3181.656667919091
1737_Na4Pb2,Na4Pb2,Fd-3m,-0.0059604221131216,Na2Pb,2409.426511658779,1563.909040722757
1739_Ba12Ir17,Ba12Ir17,I-43m,0.7052706845245339,Ba12Ir17,4661.892931766598,6820.348774405145
1740_Al2Sr6,Al2Sr6,Cmcm,0.0682416433704053,Sr3Al,3957.964297668133,2813.818690513948
1743_Na5Pt4,Na5Pt4,I4/mmm,-0.0063450382886319,Na5Pt4,4935.068150439768,7995.815021314093
1745_Fe2Pd2,Fe2Pd2,Fd-3m,0.0600193354461096,FePd,2924.672603457308,5728.548978522787
1747_Fe3Pb,Fe3Pb,Pm-3m,0.3962023583228786,Fe3Pb,2565.877219902064,1621.169626536085
1748_Ag4Al3,Ag4Al3,I4/mmm,-0.0356463121095568,Al3Ag4,1263.186467363626,1336.813532636374
1749_Au2Ga4,Au2Ga4,I4_1/amd,-0.0790314973956759,Ga2Au,2923.839108698701,1373.057999506553
1750_MnSb2,MnSb2,I4/mmm,0.2132027757194402,MnSb2,6740.340579527685,3105.483321784809
1751_Al2P2,Al2P2,P4/nmm,0.1711348282914704,AlP,1813.776905161976,3191.213277910252
1753_Ir2Pb,Ir2Pb,I4/mmm,0.5983672141707702,Ir2Pb,4519.393746809684,6543.419411325246
1754_Au3Cr,Au3Cr,P4/mmm,0.0798392217555257,CrAu3,1261.755915760701,1250.721669429087
1755_V3W,V3W,P4/mmm,-0.0340694370188607,V3W,5320.432804765576,3891.456628186222
1756_FePb3,FePb3,Pm-3m,0.9449279199060578,FePb3,2675.26957908022,1767.026105440294
1818_Ba2Pd,Ba2Pd,Fmmm,-0.3628834847793444,Ba2Pd,3055.85266903541,3891.801067509197
1819_Sn6W10,Sn6W10,I4/mcm,0.5835910355843623,Sn3W5,5771.320364141046,3546.037496177461
1820_In2Br4,In2Br4,C2/m,-0.649103872879229,InBr2,3300.0,4851.36585756629
1821_MnRh,MnRh,Pm-3m,-0.1924736817812853,MnRh,2643.113926515019,5842.066465245696
1822_Ca3Mo,Ca3Mo,Imm2,0.7116405846471903,Ca3Mo,3234.286269394099,3186.474784201615
1823_Mo2W4,Mo2W4,I4/mcm,0.6720921408779242,MoW2,6048.091109097969,4506.936715413485
1824_Cu3Ga,Cu3Ga,Imm2,-0.0800573082827607,GaCu3,2644.394897853365,1607.117425420858
1825_Pb2Sb6,Pb2Sb6,Cmcm,0.173259380384851,Sb3Pb,6017.942984907771,2820.905533817775
1826_FeGa2,FeGa2,I4/mmm,-0.041209392734169,Ga2Fe,4613.530577445965,1757.021060878381
1828_Ir4Sn16,Ir4Sn16,I4_1/acd,-0.249447746255101,Sn4Ir,3435.654674188263,3761.175881521369
1829_FeNa3,FeNa3,Pm-3m,1.3916807839633634,Na3Fe,1681.652065827776,902.6821994192296
1830_SnP3,SnP3,Im-3m,0.113431214348977,SnP3,2336.557043838972,3136.750577605997
1831_Fe2Ga2,Fe2Ga2,P4/nmm,-0.0316817679816612,GaFe,4121.308772935779,1677.630447247706
1833_Ga5Br,Ga5Br,Cmmm,-0.0006488106114813,Ga5Br,5089.775949257792,2832.327388050472
1835_Ca3Pb,Ca3Pb,Immm,-0.2709615632900624,Ca3Pb,3140.640861975238,1689.839784506191
1836_Mo2W2,Mo2W2,I4_1/amd,0.4529627299555354,MoW,5422.603474158268,4642.912288226464
1838_SnP,SnP,Fm-3m,-0.0947927665832342,SnP,2475.843198008345,2324.248011617987
1840_GaMo,GaMo,P-6m2,-0.028439939265862,GaMo,3704.704731895475,3869.033519856576
1841_Pd2Sn8,Pd2Sn8,Ccce,-0.2912838041090353,Sn4Pd,2709.8510133159,2771.744142036266
1843_Cu3Sn,Cu3Sn,P4/mmm,0.0759635169361603,Cu3Sn,1983.74258117072,1538.374258117072
1844_Ni2Pb2,Ni2Pb2,P6_3/mmc,0.0508002978802686,NiPb,2324.74141892954,1733.777897458154
1845_SmBi,SmBi,P-6m2,-0.8891919496746308,SmBi,7057.419983948367,4786.543344416603
1846_VW2,VW2,Immm,0.8396076707660759,VW2,6549.751864154135,4190.480183172627
1847_Mn16W4,Mn16W4,I-43m,0.4679057054088744,Mn4W,4059.750335103124,2938.773303288483
1848_MnNi,MnNi,P-6m2,0.0683401008984505,MnNi,1290.08543365791,1645.042716828955
1849_AlSb3,AlSb3,Immm,0.1501559370777596,AlSb3,7466.657251723735,3234.917048275709
1850_Au5Nb,Au5Nb,Cmmm,0.048939849058281,NbAu5,1737.916108138312,1672.398059929572
1851_GaNa2,GaNa2,I4/mmm,0.0255243116220409,Na2Ga,3751.464728588579,1343.647868187275
1852_MnW,MnW,Pm-3m,0.147210544305592,MnW,5757.568171730361,3724.800079504796
1853_VSb,VSb,P-6m2,-0.0537609682333108,VSb,6543.144963998575,3400.0
1854_Ag5Al4,Ag5Al4,P-1,-0.0289825661094569,Al4Ag5,1266.696512354343,1333.303487645657
1855_Ag2Ge4,Ag2Ge4,Pnnm,0.297839306357804,AgGe2,3552.961624850582,1686.946539615925
1856_Cu4Pt4,Cu4Pt4,P-1,-0.1205808597847024,CuPt,4541.760816610602,7232.662104164249
1857_CuMo,CuMo,P-6m2,0.3588543434479447,CuMo,2081.246002783943,3785.918513223732
1858_AlTa4,AlTa4,I4/m,-0.0452718545750741,Ta4Al,2274.843160921065,4663.434302142925
1859_Ag2Mn,Ag2Mn,I4/mmm,0.2280746253719249,MnAg2,1281.18689594062,1481.18689594062
1861_AsBr8,AsBr8,I4/mmm,0.0996156429798001,AsBr8,3300.0,6595.762032145465
1862_GaMn2,GaMn2,I4/mmm,0.0749574779848624,Mn2Ga,3114.037181368793,1838.821466188944
1863_Fe4W2,Fe4W2,Cmcm,0.1247923180939961,Fe2W,5261.516597299767,3203.999593949854
1864_Fe5W,Fe5W,Amm2,0.1370840131538635,Fe5W,4226.231738524829,2551.320009070001
1865_Al2K2,Al2K2,Cmcm,0.2493481884250021,KAl,1659.168274058103,4668.432991602373
1867_Cr6Sr2,Cr6Sr2,I4/mmm,1.4466103641065455,SrCr3,3495.643333991494,3704.356666008506
1868_FeSr,FeSr,P-6m2,1.0256503461245172,SrFe,3499.334332415572,2377.186073258286
1869_AlIn3,AlIn3,Imm2,0.1166018305890035,AlIn3,3176.50988972976,1927.358758664565
1871_FeSb,FeSb,P-6m2,0.1270127343936424,FeSb,6170.614566031361,2771.13256946595
1872_Cr2As2,Cr2As2,P4/nmm,0.0077630930576173,CrAs,3218.063280377757,4040.968359811121
1873_Al2Sb2,Al2Sb2,Imma,0.181921935434036,AlSb,6757.187475805767,2964.642847926006
1874_Au4Sr2,Au4Sr2,Imma,-0.7626116234560195,SrAu2,1664.054054611934,1363.905841685119
1875_Al2Sb4,Al2Sb4,Pnnm,0.0339020113510422,AlSb2,7271.598054267039,3160.60878257792
1876_Ca6Cr2,Ca6Cr2,I4/mmm,0.8731378962099527,Ca3Cr,3658.480776588994,2284.937476085772
1878_Ca2Rh,Ca2Rh,P4/mmm,-0.2601120708243023,Ca2Rh,3506.504644613968,5153.885442870292
1879_Al2Rh,Al2Rh,I4/mmm,-0.7826644855886933,Al2Rh,2649.59707634806,5591.987209022764
1880_Al4Ta5,Al4Ta5,I4/mmm,-0.155074501972327,Ta5Al4,2225.396585524466,4395.010035704242
1881_IrPd7,IrPd7,Fm-3m,0.0597201569160912,IrPd7,3671.744969092692,8225.617159131289
1883_Cu4Ge2,Cu4Ge2,Pnnm,0.1403253897507686,Cu2Ge,2945.643161836862,1645.474936414796
1884_Al12K12,Al12K12,Pbcm,0.3064031157240965,KAl,1659.168274058103,4668.432991602373
1885_Sb2Ge2,Sb2Ge2,Imma,0.2790129490215403,GeSb,6928.477366255143,2839.506172839506
1886_CrSr2,CrSr2,I4/mmm,0.5302048832881928,Sr2Cr,3948.298311755922,3251.701688244077
1887_Fe5Pd,Fe5Pd,F-43m,0.2336302647298455,Fe5Pd,2620.762618470355,3221.291602380427
1888_AuGa4,AuGa4,I4/mmm,0.091451306531556,Ga4Au,3678.759488515168,1527.473531741739
1889_Ca3As,Ca3As,P4mm,-0.4199362387130616,Ca3As,3669.655802856798,2459.767488096678
1890_CrNa3,CrNa3,Cmmm,0.8515193684396225,Na3Cr,1959.685441126687,2047.433794028037
1891_Au5Mn,Au5Mn,Cmmm,-0.0340198901622936,MnAu5,1126.418341544453,1042.269346471125
1892_Cu2Ge2,Cu2Ge2,P4/nmm,0.1863597944661306,CuGe,3573.536193147606,1713.355264124066
1893_KPt,KPt,P4/mmm,0.1618379733553894,KPt,4865.564605010712,8782.782302505357
1894_Cr2W,Cr2W,I4/mmm,0.0611237773090872,Cr2W,5590.951325112339,4227.741093595505
1895_Ag2Al4,Ag2Al4,I4/mcm,0.0460584207708614,Al2Ag,1333.381082158326,1266.618917841674
1896_Cr5Nb,Cr5Nb,Cmmm,0.0783894885691474,NbCr5,4521.686326224426,5337.393654306445
1897_Cr5Nb,Cr5Nb,Cmmm,0.0850460954363327,NbCr5,4521.686326224426,5337.393654306445
1898_Cr8Sn,Cr8Sn,I4/mmm,0.3679512322402697,Cr8Sn,2988.98942692323,3544.947134616147
1899_Cr4Rh,Cr4Rh,I4/mmm,0.6346711220946574,Cr4Rh,3133.100303354982,5390.911830844296
1900_CuK,CuK,P-6m2,0.5618755958170236,KCu,1638.091058149357,3671.190314513324
1902_Ni2Sb2,Ni2Sb2,P4/nmm,-0.0576973778270293,NiSb,5655.739376481684,2782.015190625391
1904_In4Mn4,In4Mn4,Pnma,0.2530961970805325,MnIn,2749.830039925824,1935.274122344215
1906_InV,InV,P4/mmm,0.3485211857579378,VIn,3300.0,2430.25045321686
1907_VBr2,VBr2,I4/mmm,-0.410063217628896,VBr2,3300.0,6053.994434150496
1908_CuGe3,CuGe3,P4/mmm,0.2343947773578127,CuGe3,4464.658608855066,1809.692822578926
1909_KPb,KPb,P4/mmm,-0.0405393933728852,KPb,2541.256313989987,2657.21590445407
1910_KSn,KSn,P4/mmm,0.0318888405176593,KSn,2377.017622013544,2987.44590747128
1913_CrSn2,CrSn2,I4/mmm,0.2617738281861198,CrSn2,2689.829314955181,2049.146574775902
1914_Ba3Cu,Ba3Cu,P4/mmm,0.0483975189046881,Ba3Cu,2812.914093206065,2193.093767546322
1915_K2Sn4,K2Sn4,I4_1/amd,-0.1488476600167298,KSn2,2472.744516366547,2391.811898163702
1916_Cr5Rh,Cr5Rh,P4/mmm,0.0637703554591707,Cr5Rh,3128.357528259563,5205.94360212298
1917_FePt,FePt,P4/mmm,0.1044084665960856,FePt,4810.085721459059,7386.341953301532
1918_Ba3Cu,Ba3Cu,P4/mmm,0.0394702967897684,Ba3Cu,2812.914093206065,2193.093767546322
1919_NiSb3,NiSb3,I4/mmm,0.438097995862682,NiSb3,6944.788045665129,3136.970621270108
1921_CsYb,CsYb,F-43m,0.6736704833459317,CsYb,7979.568567660738,4359.786043938247
1922_Fe2Ir,Fe2Ir,I4/mmm,0.0990216812654504,Fe2Ir,4360.707387457347,6270.144155942443
1923_InV,InV,Fm-3m,0.8176152594236008,VIn,3300.0,2430.25045321686
1925_Cu44Ni2,Cu44Ni2,Fd-3m,0.1180290791446753,Cu22Ni,1575.824871659019,1500.0
1926_BaAs4,BaAs4,I4/m,-0.2218057127435329,BaAs4,3205.728062343169,3465.792353277955
1927_Cu6Pt6,Cu6Pt6,P-1,-0.119603433327993,CuPt,4541.760816610602,7232.662104164249
1928_K2Na2,K2Na2,I4_1/amd,0.0232163659383157,KNa,1477.833942527775,4719.145691560148
1929_Pb2Sb2,Pb2Sb2,Imma,0.0611476891897284,SbPb,4624.708171206225,2392.217898832685
1930_W5P,W5P,F-43m,0.760492533042194,PW5,6837.010012069772,4326.078398068836
1932_AgTa3,AgTa3,Fm-3m,0.3187596400493717,Ta3Ag,2117.653510039098,4236.383576484484
1933_Ni2Rh2,Ni2Rh2,Cmme,0.2229648259063426,NiRh,2400.95074904594,5639.172667635732
1934_BaV5,BaV5,P4/mmm,0.4324695998630012,BaV5,3194.91205493394,3014.677534757783
1935_Na7Pt,Na7Pt,Fm-3m,0.0551020299561471,Na7Pt,3511.066682684207,5212.539425246405
1936_WP3,WP3,Fm-3m,0.3893691915278054,P3W,5321.273770927628,4568.596196651579
1937_Fe8Pb4,Fe8Pb4,Pa-3,1.127174672553231,Fe2Pb,2594.926150083101,1659.901533444134
1938_Al3Cr,Al3Cr,Pm-3m,-0.1119193373167286,Al3Cr,2186.683692280826,2212.479630713708
1939_CaCr3,CaCr3,Imm2,1.0513220301705486,CaCr3,3263.528357499478,3568.532838126695
1940_Al3Cr,Al3Cr,I4/mmm,-0.1551539401644879,Al3Cr,2186.683692280826,2212.479630713708
1942_Pd4Ta26,Pd4Ta26,P4_2/mnm,0.0798275323361679,Ta13Pd2,2374.675972567258,5065.514569128027
1943_Al4Ga8,Al4Ga8,Pnma,0.0662554584094277,AlGa2,4867.724828323574,1754.090344997748
1946_CrP,CrP,Fm-3m,-0.2154551302781184,CrP,2689.355250464319,4473.313408668801
1947_MnNi,MnNi,F-43m,1.5847576502533247,MnNi,1290.08543365791,1645.042716828955
1948_Mo3Nb,Mo3Nb,Pm-3m,0.412866896468083,NbMo3,3888.546493678741,6154.084053750097
1950_Ta10Ge6,Ta10Ge6,I4/mcm,-0.4756011476448218,Ta5Ge3,2882.331560222094,4237.079491785309
1951_Ag4Na2,Ag4Na2,Pnnm,0.0165116819565905,NaAg2,1190.369816032596,1313.328344293365
1952_Ba2V2,Ba2V2,I4_1/amd,1.4341046655489045,BaV,3081.173696077677,2597.636885618147
1953_Mo16Nb8,Mo16Nb8,Fd-3m,0.3950892874479035,NbMo2,4390.014122164128,6441.811381569581
1954_AgP3,AgP3,Pm-3m,0.6993426805573235,AgP3,1570.223711813277,3112.284667136405
1956_Sr8W4,Sr8W4,Pa-3,1.5620329569499674,Sr2W,5633.530132560989,3665.567561546173
1958_Ba2Fe2,Ba2Fe2,P6_3mc,1.432824894896533,BaFe,2826.543184312427,2039.81477646864
1959_Pb5Sb3,Pb5Sb3,Cmmm,0.0442930198409401,Sb3Pb5,4055.514957752912,2217.081525462434
1960_AlRh2,AlRh2,I4/mmm,-0.6427034311591117,AlRh2,3014.553928490902,7188.673437147697
1961_AuSr,AuSr,Pm-3m,-0.7420538966163632,SrAu,2054.44419936768,1615.770451204955
1962_K2As2,K2As2,P4/nmm,-0.1601061421490177,KAs,2751.347703339505,5097.304593320991
1963_Mo4P4,Mo4P4,P2_13,-0.5185167056942248,MoP,2302.378555290166,5251.189277645083
1964_SrW4,SrW4,Im-3m,3.29538982431248,SrW4,6701.893120124425,4161.593234343483
1965_CuFe,CuFe,F-43m,1.458478172494921,FeCu,1974.199060230671,1453.225117471166
1967_Ag2In4,Ag2In4,I4/mcm,-0.0368942050166865,In2Ag,2628.828441246064,1808.236697498876
1968_GaSr,GaSr,P-6m2,-0.1161170499616095,SrGa,4776.065665456995,2512.559821536388
1970_FePb3,FePb3,P4/mmm,0.4816714178581449,FePb3,2675.26957908022,1767.026105440294
1971_Ca5Cu3,Ca5Cu3,P4/mmm,-0.0565900669884098,Ca5Cu3,2778.680299109015,1500.0
1973_Fe3V,Fe3V,Cmmm,-0.0559529631309843,VFe3,2609.850258494621,1866.333907765824
1974_BaAs,BaAs,P4/mmm,-0.8242741931404591,BaAs,3105.896952912763,2900.082733172327
1975_Ta2Ge,Ta2Ge,I4/mmm,-0.1709796290019044,Ta2Ge,2801.500728041347,4315.215962893365
1976_Ag2Na4,Ag2Na4,Pnnm,0.1008943952187406,Na2Ag,1170.113607784967,1131.022470064704
1977_Fe4W2,Fe4W2,Cmcm,0.1000496737824505,Fe2W,5261.516597299767,3203.999593949854
1979_Fe2Pb2,Fe2Pb2,P4/nmm,0.5712586162799171,FePb,2636.309376722614,1715.079168963485
1981_As3Br,As3Br,P4/mmm,0.2125740824372881,As3Br,3300.0,4760.568853784831
1982_Fe2V4,Fe2V4,Cmcm,-0.1378910599604251,V2Fe,2981.347002434571,2691.882227632379
1983_Pb4V4,Pb4V4,P2_13,0.5410168853053765,VPb,2818.403666206324,2115.743109883533
1984_CuNi5,CuNi5,F-43m,0.1978016568543837,CuNi5,1106.796111065983,1500.0
1985_In4Br2,In4Br2,Cmcm,-0.3372741578598444,In2Br,3300.0,3264.875621890547
1986_SrI,SrI,Fm-3m,-1.1425274083601475,SrI,4614.093222092566,4064.811142523741
1987_Ag3K,Ag3K,I4/mmm,0.2102714975918522,KAg3,1253.898521351773,2025.222847680567
1988_PbGe3,PbGe3,Fm-3m,0.1050826939614646,Ge3Pb,4032.781332329695,1851.260820474219
1989_Ba8P,Ba8P,I4/mmm,-0.1316894719354589,Ba8P,2972.579636393694,2376.777018097655
1990_CrYb,CrYb,F-43m,1.563562392238151,YbCr,8021.237081517143,3331.056706012947
1991_AuP,AuP,F-43m,0.216376917775559,PAu,1222.296855838119,1557.130121040317
1992_CaGe3,CaGe3,Fm-3m,-0.2835520166753325,CaGe3,5082.520794734843,1837.863084209955
1993_K4Sn2,K4Sn2,Pnnm,0.0381415247835024,K2Sn,2242.587196163054,3823.901890540998
1994_Ga2As,Ga2As,I4/mmm,0.1121954406985832,Ga2As,4731.098729472178,2633.951212776557
1995_CuSn,CuSn,F-43m,0.3544542623870392,CuSn,2251.336581511719,1565.133658151172
1996_AgIn2,AgIn2,P4/mmm,0.0771648789217872,In2Ag,2628.828441246064,1808.236697498876
1997_BaTa2,BaTa2,P4/mmm,2.6742888561602256,BaTa2,2492.557126201538,4112.295977851652
1998_Cu5Pt5,Cu5Pt5,P-1,-0.1249004932685046,CuPt,4541.760816610602,7232.662104164249
1999_Sb3Ge5,Sb3Ge5,Cmmm,0.279852167525032,Ge5Sb3,6603.711838348341,2652.141445200967
2000_AlTa8,AlTa8,I4/mmm,-0.0389980449255236,Ta8Al,2287.191420915636,4730.467713542024
2001_FeMo5,FeMo5,F-43m,0.546571882198973,FeMo5,2400.0,4893.319889084951
2002_Sr2W2,Sr2W2,Fd-3m,1.3964235494759736,SrW,6096.235172769469,3880.394901642967
2003_Ba2V2,Ba2V2,P4/nmm,0.7014600764628796,BaV,3081.173696077677,2597.636885618147
2004_AsBr3,AsBr3,P4/mmm,0.5071995218617864,AsBr3,3300.0,6209.442348178961
2005_Fe26Mo2,Fe26Mo2,Fm-3c,0.4051483533428351,Fe13Mo,2400.0,1855.231316725979
2006_CrEu,CrEu,Fm-3m,0.9504176641676194,EuCr,7868.430688159105,3354.93270497514
2007_W2Sb2,W2Sb2,Fd-3m,0.9266181348642304,SbW,7358.586387434554,3941.413612565445
2008_Au2P,Au2P,I4/mmm,0.3120691496839557,PAu2,1165.605867544161,1298.871174367844
2010_Cr4Rh8,Cr4Rh8,I4_1/amd,-0.0874482718645239,CrRh2,3179.831393316941,7213.424339360708
2011_Ba8Bi6,Ba8Bi6,I-43d,-0.952543718522009,Ba4Bi3,4225.900736000501,4272.101184000806
2012_Au8In,Au8In,I4/mmm,-0.0480099525897463,InAu8,1249.418542794336,1067.917519451971
2013_MoV4,MoV4,I4/mmm,0.5719330538235908,V4Mo,3011.897659706512,4008.216051730696
2014_Cr12W18,Cr12W18,P4_2/mnm,0.3721570960262284,Cr2W3,6381.293620469611,4268.27146771639
2015_AlPd,AlPd,P-6m2,-0.7587414640727959,AlPd,2876.387077592522,6584.193464467283
2016_Ba2Ge2,Ba2Ge2,Cmcm,-0.242087032344104,BaGe,3795.705991893965,2161.616349235832
2017_Mn6Sn2,Mn6Sn2,I4/mmm,0.2060444772109209,Mn3Sn,2018.69451431357,1716.261097137286
2018_Au2Mn2,Au2Mn2,Pmma,0.0127753186422383,MnAu,1209.045332929074,1174.472532686519
2019_KNa2,KNa2,I4/mmm,0.0142078707647042,KNa2,1375.735495836038,3579.046370169091
2020_AlPd2,AlPd2,P4/mmm,-0.0943717988913158,AlPd2,3019.989221935548,7212.452845968023
2021_CuI,CuI,P-6m2,0.1611175716966943,CuI,3798.916867991978,3698.916867991978
2022_Cr2As,Cr2As,Fmmm,1.20373859087688,Cr2As,3183.751616700333,4058.124191649834
2023_Mn4Mo5,Mn4Mo5,I4/mmm,0.160447881363546,Mn4Mo5,2148.657951141134,4200.378536242463
2024_K2Sn4,K2Sn4,I4_1/amd,-0.1484137375559336,KSn2,2472.744516366547,2391.811898163702
2025_Al2Pb4,Al2Pb4,Pnnm,0.2598910134384138,AlPb2,2632.757286237798,1751.096208172944
2026_Sr8Bi6,Sr8Bi6,I-43d,-0.9292699023510173,Sr4Bi3,4905.566157149036,4924.271337679191
2027_Mn2Mo4,Mn2Mo4,I4/mcm,0.148827009312118,MnMo2,2221.931836466819,4520.951784542333
2028_Ag3Al4,Ag3Al4,I4/mmm,-0.0070739792168131,Al4Ag3,1300.040289874645,1299.959710125356
2030_Cr8Rh4,Cr8Rh4,I4_1/amd,0.0901796025136161,Cr2Rh,3149.737382290862,6039.757909343603
2031_CuYb,CuYb,P-6m2,-0.0475451543672771,YbCu,7378.093378306408,2670.246760163323
2032_SrAs2,SrAs2,Fmmm,0.9507100421627857,SrAs2,3632.08513992905,3631.016511189944
2033_Au2As,Au2As,Fmmm,0.1483135096731356,AsAu2,1451.553491179607,1479.391124335828
2034_Fe3Ga4,Fe3Ga4,I4/mmm,0.078311859130354,Ga4Fe3,4336.632864947685,1712.360139507691
2035_V2Br4,V2Br4,I4_1/amd,0.0156110111199486,VBr2,3300.0,6053.994434150496
2036_AgAl2,AgAl2,I4/mmm,0.0454910328131704,Al2Ag,1333.381082158326,1266.618917841674
2037_Al4Pd2,Al4Pd2,P4_2/mnm,-0.2908299967509844,Al2Pd,2661.658143568778,5644.754378113404
2039_IrP2,IrP2,Fm-3m,-0.3584518601264636,P2Ir,4646.944937130565,8125.079928149216
2040_FePb,FePb,Pm-3m,0.8426981996656657,FePb,2636.309376722614,1715.079168963485
2042_K5As,K5As,P4/mmm,-0.0434061296714644,K5As,2143.301600403235,6313.396799193531
2043_BaIr2,BaIr2,Fm-3m,1.7508225033464004,BaIr2,4842.002372733877,7310.246453836144
2044_Pd2Ta2,Pd2Ta2,P4/nmm,-0.2980566242829212,TaPd,2633.294034114042,5985.045454627705
2045_Ba8Cu4,Ba8Cu4,Pnma,0.0588067267426094,Ba2Cu,2736.947368421052,2149.684210526316
2046_Ba2Pd4,Ba2Pd4,Immm,-0.351981708479304,BaPd2,3121.564853341405,5764.598320230061
2047_Mo2Pb4,Mo2Pb4,Cmcm,0.836551452064942,MoPb2,2643.602304346122,2457.973115961908
2048_Ca4P2,Ca4P2,Pnnm,-0.8955902962299666,Ca2P,3370.437561091871,2503.381463194351
2049_Ba4Ir2,Ba4Ir2,Fd-3m,1.2092215221026048,Ba2Ir,4029.283249548591,5099.650438772167
2051_GaP7,GaP7,Fm-3m,0.6729407778305001,GaP7,2851.64747399043,4321.350880923036
2053_Pd2Rh2,Pd2Rh2,P4/nmm,0.0410224113616495,PdRh,3200.0,8000.0
2055_Fe2As4,Fe2As4,Pnnm,-0.2726784974914693,FeAs2,3055.647139699798,3294.091736910528
2056_Pd4Rh5,Pd4Rh5,I4/mmm,0.0900570939895841,Pd4Rh5,3200.0,8000.000000000002
2057_BaFe3,BaFe3,P4mm,0.8829292337864798,BaFe3,2670.273763210896,1805.410644816343
2059_KNi3,KNi3,Immm,0.7556957670325106,KNi3,1127.191192428612,2535.699709775838
2060_BaFe2,BaFe2,I4/mmm,0.8755973013057728,BaFe2,2730.885843135207,1896.328764702811
2061_AsBr3,AsBr3,Pm-3m,0.5177541344689449,AsBr3,3300.0,6209.442348178961
2062_WP3,WP3,Fm-3m,0.3904898621671568,P3W,5321.273770927628,4568.596196651579
2063_Fe2Pt2,Fe2Pt2,P4/nmm,0.0783132292381125,FePt,4810.085721459059,7386.341953301532
2064_Cr3Br2,Cr3Br2,R-3m,0.6807631171727635,Cr3Br2,3201.209545520324,5516.93363728454
2065_KNa2,KNa2,I4/mmm,0.0095998483494705,KNa2,1375.735495836038,3579.046370169091
2066_Fe2Ga2,Fe2Ga2,P4/nmm,-0.0240492364425461,GaFe,4121.308772935779,1677.630447247706
2067_VBr3,VBr3,P4/mmm,-0.2722658008667262,VBr3,3300.0,6286.571123347903
2068_Ba2Ir,Ba2Ir,Fm-3m,-0.0891605456993988,Ba2Ir,4029.283249548591,5099.650438772167
2069_Pt2As2,Pt2As2,P4/nmm,-0.1098590302761417,AsPt,4889.540365088724,7684.843573614769
2070_In5Sn,In5Sn,P4/mmm,-0.0015679249820171,In5Sn,3180.05629330254,1931.460739030023
2072_Ga2Br2,Ga2Br2,Pmmn,-0.5777253611313591,GaBr,4325.153214326291,4570.10633107661
2073_BaBr2,BaBr2,I4/mmm,-2.124535582082067,BaBr2,3161.348881821395,4774.016187928046
2074_Ca2In2,Ca2In2,P4/nmm,-0.458801559172195,CaIn,3455.244809420514,1870.629325482905
2075_Ir2Mn2,Ir2Mn2,P4/nmm,-0.0091856610615099,MnIr,4633.101347374884,7477.343547650423
2076_K5P3,K5P3,Cmmm,0.0229123948438667,K5P3,1796.6544728707,6523.418689905101
2077_Sn4P,Sn4P,Im-3m,0.1624301464290653,Sn4P,2563.25869599412,1814.324273367635
2078_V2Br2,V2Br2,P4/nmm,-0.1457084697899882,VBr,3300.0,5537.360474758399
2079_Fe2Ga4,Fe2Ga4,I4_1/amd,-0.0040748238131603,Ga2Fe,4613.530577445965,1757.021060878381
2080_SnP,SnP,Fm-3m,-0.0944015208122417,SnP,2475.843198008345,2324.248011617987
2081_Nb2Pb4,Nb2Pb4,Cmcm,0.5324324151474708,NbPb2,3762.192444731328,3081.956398813672
2082_BaPd,BaPd,Cmmm,-0.4783613083554825,BaPd,3087.32004906727,4788.621398417211
2083_PbSb,PbSb,Cmmm,0.1049325678159949,SbPb,4624.708171206225,2392.217898832685
2084_Ce4Sb8,Ce4Sb8,Cmce,-1.0093768112312318,CeSb2,8484.370601299148,3290.43051225641
2085_Cr5P24,Cr5P24,I-43m,0.4558804071858427,Cr5P24,2285.023496687581,4840.887730284017
2086_GaRb,GaRb,R-3m,0.3709528424798503,RbGa,5775.363616915436,4157.981658706572
2087_IrNa3,IrNa3,Immm,0.4171477206495835,Na3Ir,4338.128395758404,6829.069137164153
2090_Cu5Pt7,Cu5Pt7,P1,-0.0938955697698211,Cu5Pt7,4763.866363931236,7665.483170737793
2091_Pb16V8,Pb16V8,Fd-3m,0.3154810401082291,VPb2,2765.682729780172,1975.153946080459
2092_K2Ge4,K2Ge4,Pnnm,0.2058314233855368,KGe2,4536.602788939914,3023.890338505128
2093_CuPb,CuPb,F-43m,0.6068640491029402,CuPb,2441.8222245204,1729.587879414654
2094_Al3Sn,Al3Sn,Imm2,0.1655793976137554,Al3Sn,2194.576787139825,1356.746072283895
2095_GeP5,GeP5,Amm2,0.2502946082764126,GeP5,3053.638318445778,4078.290115446518
2099_Ba16Ir4,Ba16Ir4,I-43m,0.2012769031781847,Ba4Ir,3648.046256026432,4062.685816391895
2100_Pd3Sb,Pd3Sb,Immm,-0.3754922119956188,SbPd3,4497.610085710399,6729.998639517482
2102_BaCu3,BaCu3,Pmmm,0.2453032477954502,BaCu3,2186.214382632293,1834.979647218453
2103_BiGe,BiGe,P4/mmm,0.2141530049264015,GeBi,5300.0,4942.462974983346
2104_As16Br4,As16Br4,I23,0.33519920200048,As4Br,3300.0,4610.451686870902
2105_Ag8Ta4,Ag8Ta4,Pa-3,1.3870426358454473,TaAg2,1701.765958560294,2950.912962822727
2107_K6Ni4,K6Ni4,Fdd2,1.1132662060029634,K3Ni2,1349.862942018913,4348.883956439723
2109_BaCu5,BaCu5,Cmmm,0.2499063164877467,BaCu5,2022.491687854489,1741.423821631136
2110_RhYb,RhYb,Pm-3m,-0.4724318611785012,YbRh,7150.606188540854,4927.306297801559
2111_Ag2P,Ag2P,Fm-3m,0.1479457399151679,Ag2P,1300.437733894399,1864.524519261594
2112_Ag6Al2,Ag6Al2,Pmmn,-0.0362782632402982,AlAg3,1230.78448989198,1369.21551010802
2113_PAs4,PAs4,Im-3m,0.4778014059865242,As4P,3178.22575796113,4103.039743263659
2114_Ag8P16,Ag8P16,Fd-3m,0.5141729398957775,AgP2,1491.834101299124,2749.732718508447
2115_Pd8Sb4,Pd8Sb4,Cmc2_1,-0.4630380882032696,SbPd2,4910.316796174537,6326.072922893007
2116_Na2Pd,Na2Pd,Fmmm,-0.0417511614547165,Na2Pd,2566.42176289802,5737.220581778644
2117_Au6Nb2,Au6Nb2,Pmmn,-0.0529283902520871,NbAu3,2105.412535908005,2059.7591594706
2118_Ge5P3,Ge5P3,Cmmm,0.4001806940265355,Ge5P3,4627.722136168843,2551.905807351425
2119_WSb,WSb,Pm-3m,0.635789304038278,SbW,7358.586387434554,3941.413612565445
2120_Mo2Sr2,Mo2Sr2,P4/nmm,0.5498863203754158,SrMo,3259.206798866856,4202.124645892351
2121_AlK3,AlK3,P4/mmm,0.2818258477525277,K3Al,1681.298721494779,6040.520732676306
2122_CaGa4,CaGa4,C2/m,-0.4087614125768802,CaGa4,5298.96291187259,1849.740727968147
2123_V4W2,V4W2,I4_1/amd,0.5373678233111873,V2W,5680.655390010605,3979.078338110688
2124_Fe6Ir2,Fe6Ir2,I4/mmm,0.0352644097519831,Fe3Ir,4056.342980720052,5514.142242433676
2125_AgSn4,AgSn4,I4/mmm,0.2672076135465829,AgSn4,2340.838587821486,1562.976941117355
2127_MoTa2,MoTa2,I4/mmm,-0.1478099950723385,Ta2Mo,2320.955112811633,4904.775564058168
2128_FePd,FePd,Pm-3m,0.0611011855322729,FePd,2924.672603457308,5728.548978522787
2129_P3As,P3As,Pm-3m,0.7466427268971589,AsP3,2580.293167742599,4608.9827042178
2132_P5As,P5As,F-43m,0.7834809435520972,AsP5,2423.856156573288,4741.352482899525
2133_FeMn,FeMn,Pm-3m,0.1235497884165575,MnFe,2003.27470688317,1598.362646558415
2134_Mn3W,Mn3W,Pm-3m,0.1922058763221663,Mn3W,4447.337519745751,3118.211814697107
2135_Sn2W2,Sn2W2,P4/nmm,0.7018631931675055,SnW,5273.59444719881,3240.614774417451
2136_Cu3Sn,Cu3Sn,P4/mmm,0.0639751215637698,Cu3Sn,1983.74258117072,1538.374258117072
2137_IrBr3,IrBr3,P4/mmm,1.0903733890113694,IrBr3,4279.043778028334,7879.043778028334
2138_Mo3Sr,Mo3Sr,Cmmm,0.7152137656734343,SrMo3,2820.083102493075,4763.227146814404
2139_Fe3Ir,Fe3Ir,P4/mmm,-0.0482504948414277,Fe3Ir,4056.342980720052,5514.142242433676
2140_FePd3,FePd3,Pm-3m,-0.1114107298153808,FePd3,3080.897348742352,7017.403127124405
2141_P8Br16,P8Br16,Fd-3m,0.5198137568723528,PBr2,3088.942663188109,6607.766764414306
2142_K8P4,K8P4,Pnma,-0.0844143124140514,K2P,1785.115854063029,6604.189021558799
2143_VW2,VW2,I4/mmm,-0.0950786444838437,VW2,6549.751864154135,4190.480183172627
2144_Al6Cu2,Al6Cu2,Cmcm,-0.0017060816812031,Al3Cu,1600.0,1219.896633591619
2145_Ag2Ge2,Ag2Ge2,Cmcm,0.1908003162076452,AgGe,2849.919505041877,1601.209695736814
2146_Fe3Pd,Fe3Pd,Pm-3m,0.0574203385382343,Fe3Pd,2710.766366739063,3963.82252559727
2147_WAs3,WAs3,P4/mmm,0.23299682616069,As3W,4964.708784625145,4134.97638794258
2148_Sn2W2,Sn2W2,P4/nmm,0.7094631933980757,SnW,5273.59444719881,3240.614774417451
2150_MnW,MnW,Fm-3m,0.9855550840613176,MnW,5757.568171730361,3724.800079504796
2151_Ba3Ta,Ba3Ta,P4/mmm,0.8496433783953377,Ba3Ta,2786.376544856442,3062.940911226993
2152_Fe5Ir4,Fe5Ir4,I4/mmm,0.0052237297287357,Fe5Ir4,4674.121475861398,7048.624311010568
2154_Ba4In2,Ba4In2,I4/mcm,-0.2700885921319666,Ba2In,3088.441274340646,2211.558725659354
2155_AgGe2,AgGe2,Immm,0.2269485192188695,AgGe2,3552.961624850582,1686.946539615925
2157_InSn2,InSn2,I4/mmm,0.0148086213463241,InSn2,2828.176971252392,1730.386840715652
2159_Al4Rh2,Al4Rh2,Imma,-0.3845005338222644,Al2Rh,2649.59707634806,5591.987209022764
2160_SbGe3,SbGe3,Imm2,0.3209652310163591,Ge3Sb,6231.983042863872,2437.682524729157
2161_RbV,RbV,P-6m2,1.6020981680290052,RbV,4991.695947417075,5029.040541957183
2162_CrSr2,CrSr2,I4/mmm,0.5298477852028718,Sr2Cr,3948.298311755922,3251.701688244077
2164_MoSr3,MoSr3,P4/mmm,0.8728761706255601,Sr3Mo,3718.695652173913,3615.0
2165_AlSb,AlSb,Cmmm,0.2495095536161731,AlSb,6757.187475805767,2964.642847926006
2166_As2Br2,As2Br2,Fd-3m,0.4243112390513999,AsBr,3300.0,5496.662050720294
2167_Al2P,Al2P,I4/mmm,0.0140671388629805,Al2P,1745.867269334412,2495.139510677717
2168_Pb6As18,Pb6As18,Pmmn,0.1753297828027603,As3Pb,3012.198771751772,2944.728829756498
2170_Al3Ta,Al3Ta,P4/mmm,-0.1025082671477601,TaAl3,2083.646985046602,3625.512204538699
2172_V3W,V3W,P4/mmm,-0.0355875914198176,V3W,5320.432804765576,3891.456628186222
2173_Au3P,Au3P,Pmm2,0.2584710753037122,PAu3,1144.826459383814,1204.209426081819
2174_Au3Cr,Au3Cr,P4/mmm,0.0820446152069775,CrAu3,1261.755915760701,1250.721669429087
2175_AgBr,AgBr,Cmmm,-0.2694783941406529,AgBr,2093.627491183466,3740.452953099553
2176_Ag3Sn,Ag3Sn,P4/mmm,0.0184298694863218,Ag3Sn,1575.737088488601,1453.676726926943
2177_Ag12Br12,Ag12Br12,Pbcm,-0.342706718874014,AgBr,2093.627491183466,3740.452953099553
2178_Ir4Ta8,Ir4Ta8,Pnma,-0.3445234546746931,Ta2Ir,3410.052762546021,6291.633399671216
2179_Mn2V,Mn2V,I4/mmm,-0.0706521015275285,Mn2V,2138.501727329703,2306.825155133839
2180_Mn2V6,Mn2V6,I4/mmm,0.0301983632533797,MnV3,2850.473948516562,2976.916657427353
2181_Pb3As,Pb3As,Immm,0.0508391896890603,AsPb3,2764.539218884239,2036.643802575541
2183_Na6Pb2,Na6Pb2,Pm-3n,-0.1099520900951809,Na3Pb,2300.423039739331,1475.343719788207
2184_SnV,SnV,F-43m,1.1915693404471313,VSn,2810.19000716174,2140.488589844475
2185_Pb3Sb,Pb3Sb,Pmmm,0.0527710928808438,SbPb3,3551.743435213087,2062.074903142488
2186_Ir8Pd16,Ir8Pd16,Fd-3m,0.3399996705513632,IrPd2,4291.449104693907,8521.997397897085
2187_Fe26Pd2,Fe26Pd2,Fm-3c,0.3374554965266674,Fe13Pd,2502.277136730318,2243.78637802512
2188_Al4Ta5,Al4Ta5,I4/mmm,-0.1559804665586502,Ta5Al4,2225.396585524466,4395.010035704242
2189_Sb6Ge2,Sb6Ge2,Pmmn,0.1905762873380529,GeSb3,7468.72488125685,3151.187431494337
2190_Al2Cu4,Al2Cu4,Pnnm,-0.0342056402310759,AlCu2,1600.0,1412.439414174654
2191_Ba4In2,Ba4In2,I4/mcm,-0.2699715745953493,Ba2In,3088.441274340646,2211.558725659354
2192_Ga3Na,Ga3Na,P4/mmm,-0.0249882809222263,NaGa3,5064.28531583918,1761.363509585194
2194_Ba2Sn4,Ba2Sn4,Cmcm,-0.4998577665251904,BaSn2,2746.581026665991,1856.516796665484
2196_Ca4Cr2,Ca4Cr2,I4_1/amd,0.5590748155391374,Ca2Cr,3585.234816548507,2522.986846217351
2197_SbGe3,SbGe3,Immm,0.3134360038520034,Ge3Sb,6231.983042863872,2437.682524729157
2198_CrNa3,CrNa3,Immm,0.5423186726893348,Na3Cr,1959.685441126687,2047.433794028037
2199_Al2Ta4,Al2Ta4,Pnnm,0.5322056089761146,Ta2Al,2251.431783012288,4536.34396492385
2200_Al3Sn,Al3Sn,Immm,0.1862588865298473,Al3Sn,2194.576787139825,1356.746072283895
2201_TaV2,TaV2,Fmmm,0.0641019182028337,TaV2,2660.225870668719,4295.683781063794
2202_Cr3Sr,Cr3Sr,P4/mmm,2.343766949356529,SrCr3,3495.643333991494,3704.356666008506
2203_Ba2Sn2,Ba2Sn2,Cmcm,-0.7239831978783742,BaSn,2814.542429414499,1975.449251475373
2204_Al2Cu6,Al2Cu6,Pmmn,-0.2033060160153859,AlCu3,1600.0,1438.007545706652
2205_GaMn5,GaMn5,P4/mmm,-0.0046963599806891,Mn5Ga,2389.515849747059,1820.243996147361
2206_Mn2V,Mn2V,I4/mmm,-0.0755313052708371,Mn2V,2138.501727329703,2306.825155133839
2207_Ca2Cr2,Ca2Cr2,I4_1/amd,0.7767976291677305,CaCr,3448.223876204057,2968.272402336813
2209_Ag2Mn2,Ag2Mn2,P4/nmm,0.2805958573946263,MnAg,1334.977733808676,1534.977733808676
2210_Na3Sn,Na3Sn,Pm-3m,-0.1740065553992373,Na3Sn,2048.772680639912,1195.766632469269
2211_CuK4,CuK4,Im-3m,0.2236390669345606,K4Cu,1671.107469700718,5553.125772940886
2212_P2As2,P2As2,Fd-3m,0.5730281592022672,AsP,2919.757751052402,4321.743441417198
2214_Mn16W4,Mn16W4,I-43m,0.4719804598832496,Mn4W,4059.750335103124,2938.773303288483
2215_Fe4Pb8,Fe4Pb8,Pa-3,0.6140265799270838,FePb2,2664.372826930643,1752.49710257419
2216_Ga2As2,Ga2As2,I4_1/amd,0.2016376448000651,GaAs,4360.465444268228,2987.737530471238
2218_Ag2Ge2,Ag2Ge2,Cmcm,0.1888974565500993,AgGe,2849.919505041877,1601.209695736814
2219_KP3,KP3,Cmmm,0.5613300460352102,KP3,1911.153410222026,5721.92612844582
2220_NaPb,NaPb,Pm-3m,-0.1356066752964104,NaPb,2540.203016132933,1670.164950608008
2221_Na3Pb,Na3Pb,Pm-3m,0.1518851080749097,Na3Pb,2300.423039739331,1475.343719788207
2240_Fe4Pb8,Fe4Pb8,Pnma,0.8179783771490255,FePb2,2664.372826930643,1752.49710257419
2249_InYb,InYb,P4/mmm,-0.5505183825863234,YbIn,7027.004286835871,2661.242696051525
2250_SnP4,SnP4,Im-3m,0.9161730438708098,SnP4,2293.588285104438,3387.401670224108
2260_FeTa,FeTa,R-3m,0.1801425579882121,TaFe,2323.583901678125,3998.147342943757
2276_Ag4Al6,Ag4Al6,R-3c,0.2770130587326555,Al3Ag2,1309.133529264396,1290.866470735604
2277_Ir2Ta6,Ir2Ta6,Pmmn,-0.1797791506566746,Ta3Ir,3136.794090892964,5924.44205963742
2278_Ag5In,Ag5In,P4/mmm,0.0114862417119632,InAg5,1568.592039550018,1505.312011300005
2279_IrNa3,IrNa3,Cmmm,0.3875730521386757,Na3Ir,4338.128395758404,6829.069137164153
2280_Mn2Sn,Mn2Sn,I4/mmm,0.1991238126793746,Mn2Sn,2119.322938679252,1696.135412264149
2285_Pb4I8,Pb4I8,R-3m,-0.670563589825953,PbI2,3911.212233758417,3451.653046034205
2286_Fe8Sb4,Fe8Sb4,Pnma,0.3155557497340489,Fe2Sb,5268.622831441423,2443.135575069608
2287_KNa2,KNa2,I4/mmm,0.0184620086806955,KNa2,1375.735495836038,3579.046370169091
2294_Ba4Cu2,Ba4Cu2,Pnnm,0.0304039929029062,Ba2Cu,2736.947368421052,2149.684210526316
2295_Ag2Al4,Ag2Al4,I4_1/amd,0.2396434909959482,Al2Ag,1333.381082158326,1266.618917841674
2296_AgAl2,AgAl2,I4/mmm,0.0073829939966311,Al2Ag,1333.381082158326,1266.618917841674
2297_FePb3,FePb3,Pmm2,0.5456989985477598,FePb3,2675.26957908022,1767.026105440294
2298_KNa3,KNa3,P4/mmm,0.0147303260218272,KNa3,1317.076887967506,2924.025248970479
2299_AgTa7,AgTa7,Fm-3m,0.2645234306889392,Ta7Ag,2213.674259770452,4533.174984745035
2303_Fe5Ga4,Fe5Ga4,I4/mmm,-0.0626809731139369,Ga4Fe5,3949.075193910955,1649.850837727573
2304_In2Br2,In2Br2,Cmcm,-0.8192525431939348,InBr,3300.0,4010.710654163372
2306_CrSn4,CrSn4,I4/m,0.4307053984440863,CrSn4,2649.347510544551,1846.737552722754
2307_Cr2W,Cr2W,I4/mmm,0.0618624920747521,Cr2W,5590.951325112339,4227.741093595505
2308_K2P2,K2P2,I4_1/amd,0.247621916405853,KP,1832.608179847769,6271.742741065619
2309_AgAl,AgAl,P4/mmm,-0.0019810858099353,AlAg,1280.034381616517,1319.965618383483
2312_In6Mn18,In6Mn18,Pmmn,0.3345304795585899,Mn3In,2298.026355232742,1882.12074767444
2314_Sn2W,Sn2W,I4/mmm,0.362958406227379,Sn2W,4520.18231021222,2778.293690357499
2315_CuGe5,CuGe5,P4/mmm,0.365069372252232,CuGe5,4749.039475472529,1840.436700051084
2316_VBr2,VBr2,I4/mmm,-0.3904989522570818,VBr2,3300.0,6053.994434150496
2317_KGe2,KGe2,Immm,0.0251469977801098,KGe2,4536.602788939914,3023.890338505128
2318_PbSb,PbSb,P4/mmm,-0.0293366822935872,SbPb,4624.708171206225,2392.217898832685
2319_Cr2Rh2,Cr2Rh2,I4_1/amd,0.0220272874187692,CrRh,3166.432819286566,6690.879952176091
2320_Ir2As4,Ir2As4,Fd-3m,1.0017580786940574,As2Ir,4536.266013994027,6865.889396077064
2321_Ba16Ir4,Ba16Ir4,I-43m,0.2013603867440632,Ba4Ir,3648.046256026432,4062.685816391895
2322_Ag2Na4,Ag2Na4,I4/mcm,-0.0503517501025424,Na2Ag,1170.113607784967,1131.022470064704
2323_Fe5Sb,Fe5Sb,Cmmm,0.1871788563843329,Fe5Sb,4070.087409753482,2007.30451263763
2324_IrTa2,IrTa2,Immm,-0.3511913424291061,Ta2Ir,3410.052762546021,6291.633399671216
2325_SnP,SnP,Fm-3m,-0.094533133663428,SnP,2475.843198008345,2324.248011617987
2326_Cr3W,Cr3W,P4/mmm,0.0566739523358883,Cr3W,5209.818399468201,4208.195815357343
2327_Cu6Fe2,Cu6Fe2,Pm-3n,0.2644123682040105,FeCu3,1781.253879577902,1477.343265052762
2330_Ag4Al4,Ag4Al4,I4/mmm,-0.015127320994988,AlAg,1280.034381616517,1319.965618383483
2331_Ba2Cu,Ba2Cu,I4/mmm,0.0283396572121373,Ba2Cu,2736.947368421052,2149.684210526316
2334_InTa3,InTa3,P4/mmm,0.1709225003421419,Ta3In,2474.585216799326,4311.161392961889
2335_Ag5Al,Ag5Al,P4/mmm,-0.0271560507896306,AlAg5,1219.057365201605,1380.942634798395
2336_KNa3,KNa3,P4/mmm,0.0129009296420767,KNa3,1317.076887967506,2924.025248970479
2337_AuSr,AuSr,F-43m,-0.3245322540582869,SrAu,2054.44419936768,1615.770451204955
2339_Mn5Sb4,Mn5Sb4,I4/mmm,0.1789847373485137,Mn5Sb4,5628.134763852911,2823.018352724549
2340_Ir4Ta4,Ir4Ta4,Pnma,-0.5676369964440191,TaIr,3948.318030356982,7014.927353292196
2342_Cu4Ge2,Cu4Ge2,I4_1/amd,0.2769073934222099,Cu2Ge,2945.643161836862,1645.474936414796
2343_Ni2Sn4,Ni2Sn4,I4_1/amd,0.2186553103016327,NiSn2,2282.859877330779,1580.178742333174
2344_InGe,InGe,P-6m2,0.0678839385461884,InGe,4075.000266726413,1961.249986663679
2345_KP5,KP5,Cmmm,0.0256133907113328,KP5,1939.528459232083,5523.300785375417
2346_Fe2Pt2,Fe2Pt2,P4/nmm,23.193570485481807,FePt,4810.085721459059,7386.341953301532
2349_Fe4Mo16,Fe4Mo16,I-43m,0.7562870920394872,FeMo4,2400.0,4804.565462176272
2350_Ga16P8,Ga16P8,Fd-3m,0.1995491072058464,Ga2P,4863.875610857853,2481.599441501391
2351_Ni4Sb3,Ni4Sb3,I4/mmm,-0.0920022587204028,Ni4Sb3,5200.344769200618,2656.616675576982
2352_Au2Mn2,Au2Mn2,Cmcm,0.1242328596392612,MnAu,1209.045332929074,1174.472532686519
2353_Cr2Sn2,Cr2Sn2,P4/nmm,0.937295597133363,CrSn,2752.297135251757,2361.485676258786
2354_FeMo,FeMo,Fm-3m,0.7999669414053301,FeMo,2400.0,3865.105247554106
2355_AuIn,AuIn,P4/mmm,-0.101576258846467,InAu,1910.173514392241,1368.260688360109
2357_K6Ge18,K6Ge18,Pmmn,0.0690931290886987,KGe3,4752.358528556138,2706.24994407013
2358_As5Br4,As5Br4,I4/mmm,0.0661734483483273,As5Br4,3300.0,5335.140242918713
2359_Ba2V4,Ba2V4,I4/mcm,1.311242249239284,BaV2,3127.774340537603,2768.505915304544
2361_K4Ge2,K4Ge2,Cmcm,0.1993859881267337,K2Ge,3433.690629462611,4647.622128846712
2363_CuI,CuI,P-6m2,0.2521662775642088,CuI,3798.916867991978,3698.916867991978
2364_Fe2Pt2,Fe2Pt2,P4/nmm,0.0726527165458259,FePt,4810.085721459059,7386.341953301532
2365_PdW3,PdW3,Cmmm,0.0769891150981809,PdW3,6385.360367206737,4898.464905614494
2366_Cu7Pt5,Cu7Pt5,P1,-0.1224453568417445,Cu7Pt5,4278.513943398379,6719.668197391711
2367_Fe4Na4,Fe4Na4,P2_13,1.7236679830938106,NaFe,2020.894431011139,1137.542298392327
2368_Ga5Br3,Ga5Br3,Cmmm,-0.2414670257688573,Ga5Br3,4603.61686613057,3937.234395157795
2370_Pd2W,Pd2W,Immm,-0.0741564389783917,Pd2W,4961.097105979631,6285.247554704043
2371_InTa2,InTa2,I4/mmm,0.1643134230464298,Ta2In,2540.853127461645,4125.611243107394
2372_Cr3W,Cr3W,P4/mmm,0.0722511074597704,Cr3W,5209.818399468201,4208.195815357343
2373_PbV,PbV,F-43m,1.603517914690315,VPb,2818.403666206324,2115.743109883533
2375_Ga13Mn13,Ga13Mn13,R-3m,5.485676899432976,MnGa,3781.272425560045,1855.930062193847
2376_Ag2Al3,Ag2Al3,I4/mmm,-0.0040974382584245,Al3Ag2,1309.133529264396,1290.866470735604
2377_Cu2Ge2,Cu2Ge2,P4/nmm,0.1932333650639117,CuGe,3573.536193147606,1713.355264124066
2378_As8Br4,As8Br4,Pa-3,0.4426724631388452,As2Br,3300.0,5008.593793526102
2379_Sn2W4,Sn2W4,I4_1/amd,0.8977808676823535,SnW2,5926.12101400111,3641.028804046136
2380_K2Ni2,K2Ni2,Imma,1.102450928894866,KNi,1279.868434642204,3778.928682086517
2381_IrMn3,IrMn3,P4/mmm,0.0321110700647029,Mn3Ir,3699.666461861932,5730.144915792848
2382_VBr3,VBr3,I4/mmm,0.1166554523062841,VBr3,3300.0,6286.571123347903
2383_KSn,KSn,P4/mmm,-0.0660172371736229,KSn,2377.017622013544,2987.44590747128
2384_Cr12Ta4,Cr12Ta4,Pnma,0.2733236884432699,TaCr3,2670.368774288353,4475.927322497691
2386_K6P2,K6P2,I4/mmm,-0.1084430645371972,K3P,1762.670887257349,6761.303789198556
2387_Ni2Sb,Ni2Sb,I4/mmm,-0.0937071399500493,Ni2Sb,4513.089031507007,2467.372342009176
2388_CaP,CaP,Immm,-0.8147897059473337,CaP,3071.728523776793,3069.356481265025
2389_CuMo,CuMo,F-43m,1.9978086601672205,CuMo,2081.246002783943,3785.918513223732
2390_VBr3,VBr3,P4/mmm,0.285611698004943,VBr3,3300.0,6286.571123347903
2391_Pb2V4,Pb2V4,Fd-3m,0.4200073863920721,V2Pb,2897.777943141487,2327.407848377297
2392_AgP,AgP,F-43m,0.5370522972454537,AgP,1378.469169140667,2225.419907275583
2393_Pd16Ta14,Pd16Ta14,P4_2/mnm,-0.1683704491264867,Ta7Pd8,2661.768532086731,6086.288114086154
2394_Ag4Al8,Ag4Al8,P-1,-0.0173691943988778,Al2Ag,1333.381082158326,1266.618917841674
2396_Ca5P3,Ca5P3,Cmmm,-0.9491693569273068,Ca5P3,3298.078247149344,2640.483321190717
2397_Ba5V,Ba5V,P4/mmm,0.532105161076012,Ba5V,3020.719816859675,2375.972661818808
2398_AgAl2,AgAl2,Immm,0.0748750121599464,Al2Ag,1333.381082158326,1266.618917841674
2399_FeGa3,FeGa3,I4/mmm,0.0656673040268174,Ga3Fe,4846.753379066766,1794.637641784962
2400_CrW3,CrW3,P4/mmm,0.0477118599784649,CrW3,6663.994398823826,4282.768943529428
2401_Mo4P,Mo4P,Im-3m,0.7103721713880631,Mo4P,2370.12660666869,5285.063303334345
2402_Mn2Sb4,Mn2Sb4,I4_1/amd,0.2167492963155422,MnSb2,6740.340579527685,3105.483321784809
2403_Mo4W2,Mo4W2,C2/m,-0.0009316232710124,Mo2W,4650.782497604599,4810.699457042478
2404_Cu2Ga4,Cu2Ga4,Cmcm,0.0213130779137458,Ga2Cu,4279.117403641523,1774.781272168362
2405_Cu8Sn,Cu8Sn,I4/mmm,0.0168007235782425,Cu8Sn,1789.306593438137,1518.930659343814
2406_Pb4V4,Pb4V4,P2_13,0.5249129675022628,VPb,2818.403666206324,2115.743109883533
2407_Na4Pt2,Na4Pt2,Fd-3m,0.243680765189211,Na2Pt,4660.760806580271,7459.668849225076
2408_AuGa,AuGa,F-43m,-0.044513398423442,GaAu,2250.33070528529,1235.294916990173
2409_Au2Cu,Au2Cu,P4/mmm,0.0811198566425339,CuAu2,1169.452347354908,1069.452347354908
2410_AgTa,AgTa,F-43m,2.1461061385795173,TaAg,1889.167542195019,3530.154221330059
2411_Mn4Sn2,Mn4Sn2,P6_3/mmc,0.0705537836800094,Mn2Sn,2119.322938679252,1696.135412264149
2413_Cu2Ge4,Cu2Ge4,Pnnm,0.1874929360863107,CuGe2,4174.085602367521,1778.279524580273
2414_Au4In2,Au4In2,Pnnm,0.0693486325170589,InAu2,1596.509159651256,1225.685981659662
2415_Ir3Ta,Ir3Ta,Pmmm,-0.3949713315041503,TaIr3,4735.699482554674,8072.971179682843
2417_Pb2Sr4,Pb2Sr4,Fd-3m,0.2314095017362637,Sr2Pb,3387.323501725761,2349.858801380609
2418_FePb,FePb,F-43m,1.177480002338207,FePb,2636.309376722614,1715.079168963485
2419_Ag5Al3,Ag5Al3,Amm2,-2.339860029082108,Al3Ag5,1252.19828655585,1347.801713444151
2420_As4Br12,As4Br12,P2_12_12_1,-0.7598932921626429,AsBr3,3300.0,6209.442348178961
2421_Ag4Al2,Ag4Al2,Pnnm,0.1584953971325919,AlAg2,1244.465668678022,1355.534331321978
2422_Cr2Ta4,Cr2Ta4,Pnnm,0.5251773362111992,Ta2Cr,2400.501807404475,4712.060918521083
2423_Al3Sn5,Al3Sn5,Cmmm,0.1306375382299589,Al3Sn5,2479.992198745732,1527.995319247439
2426_Sn2W2,Sn2W2,P4/nmm,0.3048238265149621,SnW,5273.59444719881,3240.614774417451
2427_AuYb,AuYb,Fm-3m,-0.8982156585447809,YbAu,5028.405930544438,1982.10148263611
2429_Ir12As17,Ir12As17,I-43m,0.1461502202227663,As17Ir12,4717.358774385582,7285.695340621123
2431_Ag5Al5,Ag5Al5,P-1,-0.0203045089243822,AlAg,1280.034381616517,1319.965618383483
2432_Mo26Nb2,Mo26Nb2,Fm-3c,0.5742458390784151,NbMo13,2822.892143948394,5542.643033413014
2433_Fe3As,Fe3As,Cmmm,0.1791333723670165,Fe3As,2678.109319358599,2203.426922591507
2434_PtAs3,PtAs3,P4/mmm,0.2011017476524212,As3Pt,4322.236576596146,6369.730245745612
2435_RbTa,RbTa,Fm-3m,3.1517506112669618,RbTa,3486.982913318015,5184.967431346383
2436_WP,WP,Pm-3m,-0.1643606055072712,PW,6279.055454556957,4415.351127270887
2438_Ag3Al5,Ag3Al5,P1,-0.00615388024503,Al5Ag3,1317.691669392166,1282.308330607834
2439_Mo2W,Mo2W,I4/mmm,-0.0033045165627877,Mo2W,4650.782497604599,4810.699457042478
2440_Cu2Ge6,Cu2Ge6,I4/mmm,0.3005277198815186,CuGe3,4464.658608855066,1809.692822578926
2441_AgNa4,AgNa4,I4/m,0.0076326242964114,Na4Ag,1153.980718525841,985.8264667325712
2442_V3Ge,V3Ge,I4/mmm,-0.1837031005204537,V3Ge,3944.358646261385,2916.731015303962
2443_Ag2In2,Ag2In2,P4/nmm,0.0208346111162605,InAg,2282.76938579939,1709.362681656969
2444_AuAs4,AuAs4,I4/mmm,0.3674009336266358,As4Au,2427.506571293647,2810.236233582246
2445_Pd3Ta,Pd3Ta,P4/mmm,-0.2675461896751736,TaPd3,2874.429175326067,6842.414845603792
2446_AuCr2,AuCr2,I4/mmm,0.427669765695344,Cr2Au,1791.072736279035,2071.162741232504
2447_Al3Cs,Al3Cs,Fm-3m,0.6241376151474332,CsAl3,4334.551336127541,4107.444700144933
2448_Au8In,Au8In,I4/mmm,-0.056373013667435,InAu8,1249.418542794336,1067.917519451971
2449_Ca4Mo2,Ca4Mo2,Cmcm,0.4331016662409007,Ca2Mo,3082.775304379429,3570.302562238779
2451_Fe2V,Fe2V,Fmmm,-0.0807875605078566,VFe2,2681.909408693888,2026.465352653084
2452_Ca3Mo,Ca3Mo,Cmmm,0.8021335068030071,Ca3Mo,3234.286269394099,3186.474784201615
2453_Ca2Rh,Ca2Rh,I4/mmm,-0.3258940811642953,Ca2Rh,3506.504644613968,5153.885442870292
2454_V3Ge,V3Ge,P4/mmm,-0.2244572057801619,V3Ge,3944.358646261385,2916.731015303962
2457_GaPb,GaPb,P-6m2,0.1009691235960348,GaPb,3404.977195826999,1825.177756993821
2458_CuGe2,CuGe2,I4/mmm,0.1861280920763596,CuGe2,4174.085602367521,1778.279524580273
2459_PbSm,PbSm,R-3m,-0.6981796142919414,SmPb,5559.514487079092,2346.671887235709
2460_Ni5Rh,Ni5Rh,Pmmm,0.0230299346090584,Ni5Rh,1571.159956858763,3187.518054355436
2461_RhSr,RhSr,F-43m,0.8294736320698664,SrRh,3659.885947025464,5700.570264872681
2462_WSb,WSb,Pm-3m,0.6432706149340781,SbW,7358.586387434554,3941.413612565445
2463_AuV,AuV,Fm-3m,0.6925813456617407,VAu,1552.067980086602,1493.165069185384
2465_Au10Ga6,Au10Ga6,I4/mcm,-0.0787485331617241,Ga3Au5,1870.805844106548,1157.664831749067
2466_Pb24V5,Pb24V5,I-43m,0.4395277279645058,V5Pb24,2729.234678285971,1877.959142095922
2467_Cu6Pt5,Cu6Pt5,P1,-0.1107428779714823,Cu6Pt5,4403.972297404871,6964.151143660776
2468_Fe6P3,Fe6P3,P-62m,-0.5281060693301955,Fe2P,2313.155908506044,2203.307846319095
2470_Fe2W2,Fe2W2,I4_1/amd,0.2298041388097988,FeW,5928.230802928844,3624.31941923775
2471_Au2Nb2,Au2Nb2,Cmcm,-0.0631656503998696,NbAu,3471.753605749531,3499.956503357614
2472_IrBr3,IrBr3,P4/mmm,1.0878837307028393,IrBr3,4279.043778028334,7879.043778028334
2474_Sr4Br8,Sr4Br8,Pnma,-2.1581744519040207,SrBr2,3618.710897715699,5518.91944323197
2475_Al2P4,Al2P4,I4/mcm,-0.0696435490452103,AlP2,1878.63792640495,3856.038745650738
2476_Fe4Mo8,Fe4Mo8,Pa-3,0.7435948269752863,FeMo2,2400.0,4420.817438692098
2483_Fe18As6,Fe18As6,Pmmn,-0.0030855285063147,Fe3As,2678.109319358599,2203.426922591507
2484_Cr8Ta4,Cr8Ta4,Pnma,0.1552691808946953,TaCr2,2591.969315092493,4544.52684929407
2485_W8Sb16,W8Sb16,Fd-3m,0.6432572109632039,Sb2W,7512.841632347436,3787.158367652564
2487_AlRh2,AlRh2,I4/mmm,-0.6362167693245576,AlRh2,3014.553928490902,7188.673437147697
2488_AgMn3,AgMn3,P4/mmm,0.3029489061237731,Mn3Ag,1441.767234390156,1641.767234390156
2490_Ag6P2,Ag6P2,Pm-3n,0.2600994596241142,Ag3P,1269.883028000451,1723.209004502085
2491_Cu2Ta2,Cu2Ta2,P4/nmm,0.0510309410200644,TaCu,2118.06415767953,3942.302457632069
2492_Cu4Pt7,Cu4Pt7,P-1,-0.1140930060003416,Cu4Pt7,4887.989420733289,7907.363999377691
2493_In5Br,In5Br,Cm,-0.128083791964323,In5Br,3300.0,2598.674605577421
2494_Sb6Ge2,Sb6Ge2,Cmcm,0.2654197661846105,GeSb3,7468.72488125685,3151.187431494337
2495_Au2In4,Au2In4,Pnnm,-0.1523262669381715,In2Au,2284.23853185938,1538.290241754264
2496_Al2Sn4,Al2Sn4,Pnnm,0.1387351463467692,AlSn2,2497.95241456284,1538.771448737704
2497_CuTa,CuTa,P4/mmm,0.2519668018756942,TaCu,2118.06415767953,3942.302457632069
2498_Au4Nb2,Au4Nb2,Cmcm,-0.0576491557010866,NbAu2,2512.184480882672,2488.5187771466
2500_Ni2Ta,Ni2Ta,Fm-3m,0.370421373180451,TaNi2,1788.484409522889,3501.537347250411
2501_Ta12V4,Ta12V4,Pnma,0.1817186300693229,Ta3V,2385.791133136137,4679.892413609408
2503_Sn4W2,Sn4W2,I4_1/amd,0.7151859784880076,Sn2W,4520.18231021222,2778.293690357499
2504_Cr2As2,Cr2As2,P4/nmm,0.00771246407571,CrAs,3218.063280377757,4040.968359811121
2505_Ag2Mn2,Ag2Mn2,P4/nmm,0.2806231820436764,MnAg,1334.977733808676,1534.977733808676
2506_SnTa,SnTa,F-43m,1.6490591314503904,TaSn,2418.845531444059,3532.314331263373
2507_AuP2,AuP2,I4/mmm,-0.067117053672824,P2Au,1315.333089651478,1980.961852856731
2508_Fe2Pb2,Fe2Pb2,Pmmn,0.6902663060867562,FePb,2636.309376722614,1715.079168963485
2509_AuIr3,AuIr3,Immm,0.3788525787842882,Ir3Au,4379.739889154456,7037.702977761614
2510_Au8Cu4,Au8Cu4,I4_1/amd,-0.0134236690882166,CuAu2,1169.452347354908,1069.452347354908
2511_Al2V6,Al2V6,Pm-3n,-0.1365881299866016,AlV3,3044.899470689968,3039.85807626819
2512_Ag4Mn2,Ag4Mn2,I4/mcm,0.3955711120956877,MnAg2,1281.18689594062,1481.18689594062
2513_Ca2Rh4,Ca2Rh4,I4/mcm,0.1469112543875018,CaRh2,3314.094571127623,6940.550410957791
2514_FePb4,FePb4,I4/mmm,1.191631646347414,FePb4,2681.061894884388,1774.749193179185
2515_Ni2As2,Ni2As2,P4/nmm,-0.1077266675684649,NiAs,2289.673165438012,2901.818658084796
2516_AgSn2,AgSn2,I4/mmm,-0.0020241158608621,AgSn2,2162.639325641594,1537.519903663085
2517_Au2Cu,Au2Cu,I4/mmm,-0.0358970332570341,CuAu2,1169.452347354908,1069.452347354908
2518_P3Br,P3Br,Pm-3m,1.917565214745004,P3Br,2601.04167858863,5932.211554968871
2519_Cu7Pt5,Cu7Pt5,P1,-0.1150761839321248,Cu7Pt5,4278.513943398379,6719.668197391711
2520_Pd4Sn12,Pd4Sn12,Cmce,-0.3445206529960103,Sn3Pd,2738.043454761647,3072.463517457572
2521_Ta4V12,Ta4V12,Pnma,0.1864758023400057,TaV3,2757.870420554271,4158.98141122402
2522_Sb6Ge2,Sb6Ge2,Cmcm,0.1649034019475364,GeSb3,7468.72488125685,3151.187431494337
2523_K3As,K3As,Fm-3m,-0.4298841623548879,K3As,2323.643443721013,5952.713112557976
2524_K5Ni,K5Ni,Cmmm,0.4523238413744102,K5Ni,1538.364198660109,5883.822760518033
2525_CrTa,CrTa,Cmmm,0.1368525732847381,TaCr,2478.570315489587,4643.750973946611
2527_BaTa3,BaTa3,P4/mmm,1.2182724806159069,BaTa3,2441.330563753825,4295.247986593482
2528_Ag6Al5,Ag6Al5,P-1,-0.0311545684498917,Al5Ag6,1268.996179066036,1331.003820933964
2530_Ni4Rh2,Ni4Rh2,Cmcm,0.1190964767898267,Ni2Rh,2027.689574261107,4536.355560316906
2531_RbSn,RbSn,P-6m2,0.0399304454798907,RbSn,4023.22289690652,3441.817866584908
2533_Ga2P4,Ga2P4,Fd-3m,0.3961177066651302,GaP2,3853.341906651787,3405.515971061222
2534_Ag3Ni,Ag3Ni,Pmm2,0.1945696901642204,NiAg3,1169.294424768113,1415.352787615944
2535_CuNi,CuNi,F-43m,1.2802434695571363,CuNi,1311.909253481283,1500.0
2538_Al18Rh6,Al18Rh6,Pmmn,-0.529446957011567,Al3Rh,2495.559947207822,4918.074769034222
2540_Al2Sb6,Al2Sb6,Cmcm,0.0763948358588573,AlSb3,7466.657251723735,3234.917048275709
2541_RbV,RbV,P-6m2,1.6020458339129915,RbV,4991.695947417075,5029.040541957183
2542_Ir2Ta,Ir2Ta,Immm,-0.4492346500800235,TaIr2,4475.854663046506,7723.804703468742
2543_Ba3Ta,Ba3Ta,P4/mmm,0.8543729953738324,Ba3Ta,2786.376544856442,3062.940911226993
2544_MnNi,MnNi,F-43m,1.427393408751383,MnNi,1290.08543365791,1645.042716828955
2545_Fe3Mo,Fe3Mo,Pm-3m,0.0828215338106606,Fe3Mo,2400.0,2820.119555935098
2546_Pd6Rh10,Pd6Rh10,I4/mcm,0.3249551991973955,Pd3Rh5,3200.0,8000.0
2547_K8Sn4,K8Sn4,Pnma,-0.112285884478541,K2Sn,2242.587196163054,3823.901890540998
2548_K4As5,K4As5,I4/mmm,-0.1427758941465594,K4As5,2828.759784347003,4942.480431305993
2549_Ag4Ge4,Ag4Ge4,Pnma,0.2566176701607023,AgGe,2849.919505041877,1601.209695736814
2550_AgSn,AgSn,P4/mmm,0.0423152505418444,AgSn,1933.495102353183,1504.785014621883
2551_Ba2Fe2,Ba2Fe2,P6_3mc,1.4615896422081454,BaFe,2826.543184312427,2039.81477646864
2554_InNa2,InNa2,P4/mmm,-0.0224446052402965,Na2In,2670.91708158048,1571.079828350328
2555_Cu10Ge6,Cu10Ge6,I4/mcm,0.1407589536416962,Cu5Ge3,3105.281433772052,1662.733127975357
2556_Au5Cr4,Au5Cr4,I4/mmm,0.3412211310621565,Cr4Au5,1448.72802329413,1540.528436105902
2557_RbSr,RbSr,P-6m2,0.1202435620066513,RbSr,5088.809263275632,4481.348772126054
2558_AlK5,AlK5,P4/mmm,0.188813268262128,K5Al,1687.871996188935,6448.063763713973
2559_Ca2Ga2,Ca2Ga2,Cmcm,-0.4668428153569959,CaGa,4915.990746896658,1753.997686724165
2560_FeV,FeV,P-6m2,0.1287259691374238,VFe,2829.336573443273,2354.081274318383
2561_Ag2Mn2,Ag2Mn2,P4/nmm,0.2864868382129435,MnAg,1334.977733808676,1534.977733808676
2563_Ag2Ca,Ag2Ca,I4/mmm,-0.2553668709535663,CaAg2,1623.004334392434,1415.66682719972
2564_In2I2,In2I2,Cmcm,-0.5589380872856298,InI,4140.001146769682,3470.002006846943
2565_Mo2Sr2,Mo2Sr2,P4/nmm,0.5575013792903318,SrMo,3259.206798866856,4202.124645892351
2566_MnV,MnV,R-3m,0.0886847109767376,MnV,2417.915774005262,2569.803081416717
2567_BaFe4,BaFe4,I4/m,0.6684947662822196,BaFe4,2628.429722738954,1742.644584108431
2568_P4As8,P4As8,Pa-3,0.1960957518537416,As2P,3077.311319941323,4188.428883126573
2569_AuSb,AuSb,F-43m,-0.0210635766241136,SbAu,3697.737623812592,1916.848573110326
2570_Ba2Cu,Ba2Cu,I4/mmm,0.026935741795936,Ba2Cu,2736.947368421052,2149.684210526316
2571_Ba3V,Ba3V,P4/mmm,0.5185583514696126,Ba3V,3033.012977334219,2421.047583558803
2572_Ba3Rh,Ba3Rh,Pm-3m,0.2455132468116114,Ba3Rh,3039.972110358302,3439.205145211615
2574_Cr6Ta2,Cr6Ta2,Cmcm,0.052600936998294,TaCr3,2670.368774288353,4475.927322497691
2575_AlCu2,AlCu2,Immm,-0.1952456041573492,AlCu2,1600.0,1412.439414174654
2577_Cr5Na,Cr5Na,Amm2,0.694440626891898,NaCr5,2937.511061932435,3807.519911478384
2578_Mo2Ta,Mo2Ta,I4/mmm,-0.1710372885367566,TaMo2,2351.466108167661,5057.330540838308
2579_VW2,VW2,Immm,0.4517394004088544,VW2,6549.751864154135,4190.480183172627
2580_Al2Ta,Al2Ta,I4/mmm,-0.0842983799627745,TaAl2,2139.197990207671,3927.074803984495
2581_CuGa,CuGa,F-43m,0.4444796102687203,GaCu,3640.382234428111,1709.269972761857
2582_Ir6Ta18,Ir6Ta18,Pmmn,-0.2054474219342973,Ta3Ir,3136.794090892964,5924.44205963742
2583_Pb24Sr5,Pb24Sr5,I-43m,-0.1749641724387654,Sr5Pb24,2821.449296789813,1897.15943743185
2584_PdRh4,PdRh4,I4/m,0.0594367766285841,PdRh4,3200.0,8000.0
2585_Ag4Br2,Ag4Br2,Cmcm,0.0107206331644696,Ag2Br,1767.576014644818,2886.508609784049
2586_Al3Pt,Al3Pt,Cmmm,-0.48119704804955,Al3Pt,4356.335961019589,6724.697765194532
2589_GeAs2,GeAs2,P4/mmm,0.3266597880528567,GeAs2,3952.993124874148,3314.357218882144
2590_NaPb4,NaPb4,Im-3m,0.224980428430975,NaPb4,2656.81606873596,1764.913055847967
2591_Al16Cu36,Al16Cu36,P-43m,-0.2174912665715523,Al4Cu9,1600.0,1420.623874817124
2592_Cu8Sn4,Cu8Sn4,I4_1/amd,0.0782940927330499,Cu2Sn,2082.94969121488,1548.294969121488
2594_Al2Rh2,Al2Rh2,Pmmn,-0.7783706628848774,AlRh,2867.630718004529,6545.884391269816
2595_As2Br6,As2Br6,Pm-3n,0.3903767788982994,AsBr3,3300.0,6209.442348178961
2596_FeV3,FeV3,Immm,-0.1430951792579371,V3Fe,3059.138254512519,2864.751676694485
2597_Al2K2,Al2K2,Cmcm,0.2086908182733893,KAl,1659.168274058103,4668.432991602373
2600_Ag4Al,Ag4Al,I4/m,-0.0423248287951611,AlAg4,1223.541309420166,1376.458690579834
2601_AlSr3,AlSr3,Immm,0.0081842561815732,Sr3Al,3957.964297668133,2813.818690513948
2602_Ba4Ta2,Ba4Ta2,Pnnm,1.243786268910301,Ba2Ta,2721.986406201836,3292.905692136301
2604_PbAs3,PbAs3,Immm,0.2533125639682092,As3Pb,3012.198771751772,2944.728829756498
2605_Ba2Cu,Ba2Cu,I4/mmm,0.0251809137808939,Ba2Cu,2736.947368421052,2149.684210526316
2606_BaSn5,BaSn5,Cmmm,-0.2591177009516817,BaSn5,2675.157379422256,1731.525413988948
2607_In2Sn,In2Sn,I4/mmm,0.0116156002191824,In2Sn,3061.452693586262,1863.687253477864
2609_Au12Nb12,Au12Nb12,Pbcm,0.0229785255657984,NbAu,3471.753605749531,3499.956503357614
2610_Mn2V,Mn2V,I4/mmm,-0.0787711534141972,Mn2V,2138.501727329703,2306.825155133839
2612_Au2Nb4,Au2Nb4,Cmcm,0.0545237198894454,Nb2Au,4692.185679389182,4786.357878275084
2613_Ta2Ge2,Ta2Ge2,Cmcm,-0.062803501917342,TaGe,3159.347063432211,3969.297838682196
2614_Ba2V,Ba2V,I4/mmm,0.6647159440825513,Ba2V,3046.936920196993,2472.102040722307
2615_AuNb,AuNb,F-43m,1.177855591877857,NbAu,3471.753605749531,3499.956503357614
2616_Cr2As2,Cr2As2,P4/nmm,0.1704696047224638,CrAs,3218.063280377757,4040.968359811121
2617_BaIr,BaIr,P4/mmm,0.4526756073737017,BaIr,4458.204367246863,6266.315878911467
2618_Al6In2,Al6In2,Pmmn,0.1591287652795423,Al3In,2597.078013094265,1586.516478290745
2619_Ag2Mn4,Ag2Mn4,I4_1/amd,0.8210633157813625,Mn2Ag,1401.844264205505,1601.844264205504
2620_Ta2V2,Ta2V2,Imma,0.0268457363837892,TaV,2519.680176815342,4492.447752458522
2621_Ag2Sn4,Ag2Sn4,I4_1/amd,0.0132880567558094,AgSn2,2162.639325641594,1537.519903663085
2622_Cr2As2,Cr2As2,P4/nmm,0.007682049183618,CrAs,3218.063280377757,4040.968359811121
2623_K2P,K2P,Immm,-0.0898814432304263,K2P,1785.115854063029,6604.189021558799
2624_Ca3Rh,Ca3Rh,P4/mmm,-0.2192584044008989,Ca3Rh,3577.180194452349,4497.612480085329
2625_FeW2,FeW2,I4/mmm,0.2024333277962119,FeW2,6393.454931822207,3917.612891800957
2627_Ni10Ge6,Ni10Ge6,C2,-0.4625513556699081,Ni5Ge3,2832.381347198892,1670.454078809199
2628_Cr18Ta6,Cr18Ta6,Pmmn,0.2978286892727837,TaCr3,2670.368774288353,4475.927322497691
2629_Mn3Ni,Mn3Ni,Fm-3m,0.0623150700545078,Mn3Ni,1442.439137454583,1721.219568727292
2630_CsBr,CsBr,Pm-3m,-1.8905071260349693,CsBr,4986.225479771559,6337.924840076146
2631_MoSr3,MoSr3,I4/mmm,0.8337843536027552,Sr3Mo,3718.695652173913,3615.0
2632_P3Br,P3Br,Im-3m,0.5398507092120761,P3Br,2601.04167858863,5932.211554968871
2633_Cu4K2,Cu4K2,Fd-3m,0.3710968213036061,KCu2,1623.526222649577,2840.99469102589
2634_CuK4,CuK4,Im-3m,0.2296230775695573,K4Cu,1671.107469700718,5553.125772940886
2635_P3Br,P3Br,Pm-3m,1.0989733360115088,P3Br,2601.04167858863,5932.211554968871
2637_Ga4Na2,Ga4Na2,I4/mcm,0.1822552724839135,NaGa2,4877.261638367143,1701.855975844091
2638_InBr3,InBr3,Immm,-0.5575545409714322,InBr3,3300.0,5313.087185851691
2639_GaNa2,GaNa2,I4/mmm,0.0128615123752906,Na2Ga,3751.464728588579,1343.647868187275
2640_Fe2W4,Fe2W4,I4/mcm,0.0600058327174698,FeW2,6393.454931822207,3917.612891800957
2642_Ag4Al4,Ag4Al4,P4/nmm,-0.0290568165324929,AlAg,1280.034381616517,1319.965618383483
2643_MnW3,MnW3,Pm-3m,2.350156780098427,MnW3,6510.82280885564,4073.529078173907
2644_FePb,FePb,Pm-3m,0.8418730722704222,FePb,2636.309376722614,1715.079168963485
2645_KP3,KP3,Imm2,0.0362569796913732,KP3,1911.153410222026,5721.92612844582
2646_Al2Cu,Al2Cu,Immm,-0.0699907180162859,Al2Cu,1600.0,1270.387622446583
2647_KP3,KP3,Immm,0.0464841365445432,KP3,1911.153410222026,5721.92612844582
2648_KP3,KP3,Cmmm,0.391278674206243,KP3,1911.153410222026,5721.92612844582
2649_Ba5Sn,Ba5Sn,Cmmm,-0.1835240422710799,Ba5Sn,2941.03893362472,2196.81813384326
2650_Au2Cr,Au2Cr,P4/mmm,0.335438791843923,CrAu2,1333.203367571067,1361.465219735155
2651_Ag3V,Ag3V,I4/mmm,0.339459105536597,VAg3,1485.618112162962,1672.017249679011
2652_Fe4Pb,Fe4Pb,Im-3m,1.4306924841850814,Fe4Pb,2544.36341678666,1592.484555715546
2654_Cu3Na,Cu3Na,Pmmm,0.197974552952445,NaCu3,1546.191992367183,1392.383984734365
2655_Ag4Al4,Ag4Al4,P4/mmm,-0.0168922985582784,AlAg,1280.034381616517,1319.965618383483
2656_SnYb3,SnYb3,Pm-3m,-0.5960435130812347,Yb3Sn,8215.803584027091,2820.826866092846
2657_Fe2W,Fe2W,P4/mmm,0.8509494361151546,Fe2W,5261.516597299767,3203.999593949854
2727_V3Sb,V3Sb,Immm,-0.0929562358923776,V3Sb,5339.794671585614,3400.0
2728_Pd2V4,Pd2V4,Pnnm,0.4185596658639869,V2Pd,3248.910961435985,5750.095773944686
2729_Rh2Sr2,Rh2Sr2,P4/nmm,0.0519912715488652,SrRh,3659.885947025464,5700.570264872681
2731_Ga2Ge2,Ga2Ge2,Pmmn,0.1628796890350323,GaGe,5397.951012552418,1900.0
2732_Ba2Cu6,Ba2Cu6,Pmmn,-0.0339271808305898,BaCu3,2186.214382632293,1834.979647218453
2733_AlCu2,AlCu2,I4/mmm,-0.1994923198229224,AlCu2,1600.0,1412.439414174654
2734_Al6Sr2,Al6Sr2,Pmmn,-0.1886478219166454,SrAl3,2951.481738434929,2039.601337257638
2735_Rh3P,Rh3P,Pm-3m,-0.1920001455727336,PRh3,3090.581160080473,7735.571136861144
2737_Al6Rb2,Al6Rb2,P6_3/mmc,0.1995774915215715,RbAl3,3859.797252459573,3567.951423249514
2738_Ni2Sr2,Ni2Sr2,I4_1/amd,0.34235089547228,SrNi,2916.324820556422,2398.277259635823
2739_As4Br2,As4Br2,Cmcm,-0.1734847560270319,As2Br,3300.0,5008.593793526102
2740_InNi,InNi,Fm-3m,0.1547548812790036,InNi,2521.982993624627,1830.865868179267
2741_Nb2Rh4,Nb2Rh4,I4_1/amd,-0.1700100294107696,NbRh2,4848.393588615433,8248.814126583462
2743_Al5Sb,Al5Sb,P4/mmm,0.1278443781347231,Al5Sb,4588.642594765521,2138.530512291627
2744_Al4Mn8,Al4Mn8,Pa-3,0.7432819175377622,Mn2Al,1600.0,1642.279666096743
2745_NbV5,NbV5,P4/mmm,0.0327356929548846,NbV5,4689.79828998773,4843.252070371873
2746_RhBr,RhBr,R-3m,0.3512356642482972,RhBr,3243.708888214233,7519.202229643426
2747_AuBr3,AuBr3,P4/mmm,0.2885409983907767,AuBr3,2307.676395037376,4238.768513963872
2748_Pb7I14,Pb7I14,P3m1,-0.6754812229012036,PbI2,3911.212233758417,3451.653046034205
2749_Al2Ca6,Al2Ca6,P6_3/mmc,-0.1204313542762798,Ca3Al,3478.457957834079,1408.360425616104
2750_SnGe4,SnGe4,Im-3m,0.6338323741281734,SnGe4,4516.856842671098,1812.984093630122
2751_Ga2P2,Ga2P2,Pmmn,-0.0559402271293123,GaP,4423.419533589372,2884.302140718288
2753_IrTa3,IrTa3,Immm,-0.314894706077121,Ta3Ir,3136.794090892964,5924.44205963742
2754_Ag7Pt5,Ag7Pt5,P1,0.0114995210897035,Ag7Pt5,3623.757469962104,5740.216864815861
2757_Mn12Rh4,Mn12Rh4,Pnma,0.058969951857362,Mn3Rh,2215.004573721311,4183.14272317008
2758_Al2Mn,Al2Mn,Fm-3m,0.2460087241998335,MnAl2,1600.0,1403.581112041103
2759_P2As6,P2As6,Cmcm,0.278215754448178,As3P,3142.550570844298,4133.226440054825
2761_AuK3,AuK3,Imm2,-0.1330414285429428,K3Au,1323.943903221556,3314.086999956078
2763_Pd2V2,Pd2V2,Cmcm,-0.0781333125878909,VPd,3232.372276573367,6510.875277625086
2765_In6Mn18,In6Mn18,Pmmn,0.3412085826997663,Mn3In,2298.026355232742,1882.12074767444
2766_K2Pd,K2Pd,Immm,0.129418521939176,K2Pd,2564.656807676016,7661.150297427209
2767_AuBr3,AuBr3,Pm-3m,-0.0229078991777886,AuBr3,2307.676395037376,4238.768513963872
2769_Ba2Br6,Ba2Br6,Pm-3n,-1.669242551351272,BaBr3,3190.732523691183,5224.565363264808
2771_Ga2Ni,Ga2Ni,I4/mmm,-0.199229187461223,Ga2Ni,4166.99757847253,1781.510895864225
2772_CaMn3,CaMn3,Fm-3m,0.6933934960880848,CaMn3,2049.892329932528,1741.318391747931
2773_AlSm,AlSm,R-3m,-0.4655390373998145,SmAl,8298.05849987139,2780.496563256952
2774_Ca2Cu2,Ca2Cu2,Cmcm,-0.159069105587382,CaCu,2489.556473403845,1500.0
2775_Au5Sb,Au5Sb,F-43m,0.1474496383974006,SbAu5,1848.213766012557,1264.075446827962
2776_Al4Ce2,Al4Ce2,P4_2/mnm,0.5630563836845214,CeAl2,7303.429838855395,2516.101602733713
2777_Ga3Rh,Ga3Rh,P4/mmm,-0.1772789533942713,Ga3Rh,4741.582859221115,3911.45415597878
2778_Sn6W4,Sn6W4,Fdd2,0.676190720559454,Sn3W2,4835.105897956646,2971.542255564306
2782_W3P,W3P,I4/mmm,0.3408790440879965,PW3,6734.127951056067,4342.53952783103
2783_Pd2Rb2,Pd2Rb2,P4/nmm,0.1182580533488639,RbPd,4447.134210721057,7109.189849484959
2784_Ga2Rh,Ga2Rh,I4/mmm,-0.3544554391462562,Ga2Rh,4523.391025019445,4490.136846687559
2785_In10Mn6,In10Mn6,I4/mcm,0.2701433455977424,Mn3In5,2920.811393212734,1955.389575672086
2786_AlPd,AlPd,Pm-3m,-0.8944008535151085,AlPd,2876.387077592522,6584.193464467283
2787_CaCu,CaCu,F-43m,0.5358766060288009,CaCu,2489.556473403845,1500.0
2788_Rh6Sb2,Rh6Sb2,Cmcm,-0.1057183546171485,SbRh3,4529.391964485867,6698.892970928727
2790_Al4Sb2,Al4Sb2,I4_1/amd,0.2113444936483244,Al2Sb,5965.323053880597,2662.980211002132
2791_EuI,EuI,Fm-3m,-1.3246680484950362,EuI,7406.681375632032,3873.617752483814
2792_AlNi5,AlNi5,Amm2,-0.2226364434127994,AlNi5,1050.519572442824,1457.900356297646
2793_Mo2Rh6,Mo2Rh6,I4/mmm,-0.1970149649820438,MoRh3,3010.328018949405,7359.857063954242
2794_Ga5Pt,Ga5Pt,Amm2,-0.1300824104031785,Ga5Pt,5499.999999999999,4483.423548691463
2795_Al4Br2,Al4Br2,P4_2/mnm,0.438326157140616,Al2Br,2614.714019617066,4521.654538670991
2796_Mo12Rh12,Mo12Rh12,Pbcm,-0.0396063645746629,MoRh,2814.011883598069,6697.290107143485
2797_Al2Na2,Al2Na2,Cmme,0.1064447917505271,NaAl,1369.970306408558,769.9703064085584
2798_Pd5Sr,Pd5Sr,P6/mmm,-0.3878520724166066,SrPd5,3341.386432582457,7293.067837087717
2799_AlIn5,AlIn5,F-43m,0.2243869260860869,AlIn5,3223.688591666084,1955.110936274167
2800_AlNi3,AlNi3,I4/mmm,-0.4061829382830826,AlNi3,1079.724143364544,1433.56321386288
2801_Al6Sb2,Al6Sb2,I4/mmm,0.1692057428212972,Al3Sb,5384.265084307962,2441.624794022081
2802_AlGe,AlGe,Pm-3m,0.1840861531470681,AlGe,4297.890474058589,1656.243628825062
2803_Al4Cr2,Al4Cr2,P4_2/mnm,0.4176790432707804,Al2Cr,2336.077346587776,2521.226516281404
2804_W8Br,W8Br,I4/mmm,0.7470870496898164,W8Br,6809.338176114907,4433.978578946282
2805_Pb8As4,Pb8As4,Pa-3,0.0584784500907259,AsPb2,2791.867924898472,2136.849057961063
2806_K5P4,K5P4,I4/mmm,0.2907193213798378,K5P4,1816.374702168108,6385.377084823247
2807_Al2Na,Al2Na,I4/mmm,0.0959789052882354,NaAl2,1450.624308705884,850.6243087058837
2808_SnW3,SnW3,Cmmm,0.4164088525385239,SnW3,6220.679468242245,3821.780582785014
2809_NiSb,NiSb,R-3m,-0.1463381743154652,NiSb,5655.739376481684,2782.015190625391
2810_NaPd4,NaPd4,I4/m,-0.0089418085954619,NaPd4,3092.396326221232,7615.70116507583
2811_K3W,K3W,Pm-3m,1.6473001131057847,K3W,4935.59972623565,5429.577508286154
2813_InRh3,InRh3,P4/mmm,-0.0658287898524747,InRh3,3227.109479865277,6373.431208083403
2815_Na5Pd,Na5Pd,P4/mmm,-0.0216217788593574,Na5Pd,2109.545849085655,4105.520889591627
2816_Pt4As8,Pt4As8,Pa-3,-0.8481429737237084,As2Pt,4544.276473412361,6884.459097455928
2817_Ir2Ni6,Ir2Ni6,Pmmn,0.0250427970848559,Ni3Ir,3348.582883605958,5466.495536756729
2818_SbP3,SbP3,Imm2,0.2787830215630311,SbP3,5346.281426691286,4135.817216038105
2819_Sn2Ta,Sn2Ta,I4/mmm,0.0501756129162392,TaSn2,2470.247295275153,2984.028850398362
2820_Cu7In,Cu7In,Fm-3m,0.0432744772338304,InCu7,1948.778857837181,1602.582017010935
2821_V12As4,V12As4,Pnma,-0.3130499928677199,V3As,3300.0,3597.381909064524
2822_AuCu3,AuCu3,Pm-3m,1.091933621721732,Cu3Au,1345.918153766655,1245.918153766655
2823_IrRh3,IrRh3,P4/mmm,0.4006388397466267,IrRh3,4082.550478257094,8422.089359166435
2824_EuMn,EuMn,P-6m2,0.6334786883457086,EuMn,7402.338009757226,2754.81511552967
2825_Pt2Rh2,Pt2Rh2,I4_1/amd,-0.0205890368021455,PtRh,4705.734933613432,8720.134098684684
2826_BaW3,BaW3,Immm,1.4553623349381706,BaW3,6202.56893040109,3901.284465200546
2827_PtAs3,PtAs3,Pmmm,0.1837744748839611,As3Pt,4322.236576596146,6369.730245745612
2828_Ca5Ge24,Ca5Ge24,I-43m,-0.0419165539262305,Ca5Ge24,5155.667652733118,1858.762186495177
2830_Cu5W,Cu5W,F-43m,0.3803622766868185,Cu5W,3579.257132603624,2526.281476164842
2831_AuI,AuI,P-6m2,0.2614996616232603,AuI,2588.978414028554,2488.978414028554
2832_AlMo3,AlMo3,Immm,-0.0993333449440783,AlMo3,2331.432257364449,4931.448383333917
2834_Sn2W2,Sn2W2,P4/nmm,0.380831521925705,SnW,5273.59444719881,3240.614774417451
2835_PbTa3,PbTa3,I4/mmm,0.3831692982889105,Ta3Pb,2410.500237026208,3971.248222303438
2836_CaW4,CaW4,Im-3m,2.8311244584186808,CaW4,6839.778550960876,4155.283852480791
2837_CsCu,CsCu,Fm-3m,0.4745825853302812,CsCu,4576.735385278158,4544.388462216298
2838_Nb4Sn8,Nb4Sn8,Fddd,-0.3024282431053073,NbSn2,4259.412251604004,3625.045459584548
2840_Al6Ca4,Al6Ca4,Fdd2,-0.188409806197005,Ca2Al3,2744.370548085763,1248.776206105601
2841_FePb,FePb,P-6m2,0.6389923159511817,FePb,2636.309376722614,1715.079168963485
2843_In2P2,In2P2,Imma,0.0519244250414705,InP,3023.812305663745,2658.601424955684
2844_Mn3Sb,Mn3Sb,P4/mmm,0.4534544957012665,Mn3Sb,4276.752387301108,2479.810130108218
2845_Sr2W,Sr2W,Fmmm,-8.575093680456437,Sr2W,5633.530132560989,3665.567561546173
2846_Mo2Sr2,Mo2Sr2,Imma,0.6730201296964244,SrMo,3259.206798866856,4202.124645892351
2847_Ba2W2,Ba2W2,Imma,1.0372039623020664,BaW,5289.649932900952,3444.824966450476
2848_Ca3W,Ca3W,Fm-3m,0.8837096676666336,Ca3W,5774.227983977586,3192.851082302335
2849_Pd4As2,Pd4As2,Pnnm,-0.294235139561233,AsPd2,3226.03599646374,6958.560141450424
2850_Pd6Ge4,Pd6Ge4,Fdd2,-0.3925074452225566,Ge2Pd3,3856.752916863995,6092.289146252207
2854_AuK,AuK,Fm-3m,-0.2806845504909177,KAu,1199.375142516441,2026.876472669891
2855_PdP2,PdP2,I4/mmm,0.1484307155578997,P2Pd,2758.483565987464,6933.001951136372
2856_Au2W4,Au2W4,I4/mcm,0.6953492150178905,W2Au,4941.893529685115,3148.855703044217
2857_NiTa7,NiTa7,Fm-3m,0.2031672938550635,Ta7Ni,2242.428298685422,4653.856450509148
2858_FeIn,FeIn,P-6m2,0.3261709629407026,InFe,3005.498555633031,1803.665703755354
2859_Ga2In2,Ga2In2,Pmma,0.0462965949196285,InGa,4131.200654597082,1962.218152063769
2860_V3Br,V3Br,Cmmm,0.280716863032258,V3Br,3300.0,4601.67491304245
2862_EuSb,EuSb,P-6m2,-0.933677982612478,EuSb,8788.275781444083,3233.448290979235
2863_Au3As,Au3As,Pmm2,0.1371121399493331,AsAu3,1347.555189759044,1337.575258762333
2864_V4P,V4P,Im-3m,0.3322994564390953,V4P,3128.465828469231,3624.31391661716
2865_Pt2V4,Pt2V4,Cmcm,-0.3704538090648259,V2Pt,4745.227247471941,7144.452413904575
2866_Mn4Ta2,Mn4Ta2,Cmcm,-0.023585609806472,TaMn2,2035.533274647203,3666.571177059443
2867_Ba3In,Ba3In,P4/mmm,-0.2121527880530078,Ba3In,3065.386228903244,2234.613771096756
2868_InBr3,InBr3,P4/mmm,-0.2723892605766789,InBr3,3300.0,5313.087185851691
2869_AlAs,AlAs,Pm-3m,-0.1240213191225514,AlAs,2849.880246573681,3205.671023365319
2870_Al2Mo6,Al2Mo6,P6_3/mmc,0.0022474617600725,AlMo3,2331.432257364449,4931.448383333917
2871_Fe6Ga2,Fe6Ga2,Cmcm,-0.1224709915662174,GaFe3,3310.996889462104,1546.934982171307
2872_IrMn3,IrMn3,Pm-3m,-0.0410910127053369,Mn3Ir,3699.666461861932,5730.144915792848
2873_FePd4,FePd4,Im-3m,0.4780438335531506,FePd4,3107.219770520742,7234.563106796117
2874_AuNi,AuNi,Fm-3m,0.4615220181329094,NiAu,1077.042397278864,1114.788013605681
2875_FeV5,FeV5,P4/mmm,-0.0874449707715629,V5Fe,3138.157799405897,3040.350665346439
2876_K4P16,K4P16,I-43m,0.0828526557583636,KP4,1928.037001853597,5603.74098702482
2877_W5Sb,W5Sb,Cmmm,0.3221849244437298,SbW5,7105.272056563173,4194.727943436827
2878_Al2Ni4,Al2Ni4,Cmcm,-0.4666516932421451,AlNi2,1112.136243424221,1406.553130479816
2879_Ca6Nb2,Ca6Nb2,Pm-3n,0.6537715933229715,Ca3Nb,5905.107375711726,4682.018226672956
2880_SnTa3,SnTa3,P4/mmm,0.0049675381907032,Ta3Sn,2353.832369511261,4225.788058546545
2881_AuCs,AuCs,P-6m2,-0.2979903415698688,CsAu,3074.210218051264,3014.500222501289
2882_Mo2Pd26,Mo2Pd26,Fm-3c,0.4924532836956327,MoPd13,3148.119507908611,7824.903339191564
2884_W2P,W2P,I4/mmm,0.0145169775755711,PW2,6611.520510372105,4362.156718340463
2885_Ag4Ba2,Ag4Ba2,Cmcm,-0.1205356433118159,BaAg2,1900.125246627093,1750.062623313546
2886_CaNa3,CaNa3,Imm2,0.064918145731448,Na3Ca,2129.079967427098,867.5285597953923
2887_Rh4Ge2,Rh4Ge2,Cmcm,-0.2105813852974674,GeRh2,3747.830677569841,6408.682317535221
2888_AgFe2,AgFe2,Immm,0.355599325778184,Fe2Ag,1810.444064489506,1400.0
2889_BaIn2,BaIn2,Fm-3m,0.0835970481372318,BaIn2,3187.732278186084,2112.267721813916
2890_Ag6Pt5,Ag6Pt5,P1,0.0185353932401794,Ag6Pt5,3784.882609039699,6028.743276652485
2891_InMo,InMo,Fm-3m,1.1270553315005394,InMo,2890.3073667429,3502.206321942702
2893_VAs,VAs,F-43m,0.3203713993122346,VAs,3300.0,3757.157578352988
2894_Rh4W2,Rh4W2,I4_1/amd,-0.0352169931060544,Rh2W,4992.865923608562,6254.314758591663
2895_Al4Pd6,Al4Pd6,Fdd2,-0.7730897825502033,Al2Pd3,2968.661348146668,6987.893398141672
2896_Ni4Ta,Ni4Ta,Im-3m,0.8417830391894328,TaNi4,1565.840966408568,2936.365530114056
2897_AlRh3,AlRh3,P4/mmm,-0.4401970084474111,AlRh3,3071.400911545272,7437.378988010566
2898_Ga2Mn4,Ga2Mn4,Fd-3m,0.2055565894426033,Mn2Ga,3114.037181368793,1838.821466188944
2899_AgAu2,AgAu2,I4/mmm,-0.0022001097025595,AgAu2,1121.496196169967,1085.984784679869
2900_Mn4Ta3,Mn4Ta3,I4/mmm,0.0413758628793833,Ta3Mn4,2098.285642320987,3935.509895661374
2901_AlMn5,AlMn5,F-43m,0.0325080423492979,Mn5Al,1600.0,1728.447957401075
2902_Cu5Mn,Cu5Mn,Amm2,0.19009826311848,MnCu5,1600.0,1544.225454049864
2903_AlMn3,AlMn3,Pm-3m,0.0044625280412473,Mn3Al,1600.0,1687.457154403717
2904_GaP,GaP,Fm-3m,-0.0656846835186915,GaP,4423.419533589372,2884.302140718288
2905_AuCu,AuCu,R-3m,-0.0042660205172095,CuAu,1221.96340515148,1121.96340515148
2906_BaW3,BaW3,Imm2,1.471400623829652,BaW3,6202.56893040109,3901.284465200546
2907_Au5Sb,Au5Sb,Amm2,0.0529373901265829,SbAu5,1848.213766012557,1264.075446827962
2909_SrI,SrI,Pm-3m,-1.0702574194153711,SrI,4614.093222092566,4064.811142523741
2910_PtV3,PtV3,Immm,-0.305222935404382,V3Pt,4533.614010580368,6596.1817546855
2911_VBr5,VBr5,Cmmm,-0.2841827606207943,VBr5,3300.0,6504.194254114947
2912_K2Br4,K2Br4,Pnnm,-1.0890156947304026,KBr2,2985.49372242106,6958.969927046051
2913_Pb2P2,Pb2P2,P4/nmm,0.1636887776688462,PPb,2608.967162386258,2229.154805893354
2914_Ni4Ta8,Ni4Ta8,Pa-3,0.4475267590898551,Ta2Ni,2118.584435224151,4339.483566338229
2916_MoRh2,MoRh2,I4/mmm,0.0380025121836678,MoRh2,2945.64458775613,7141.55048367694
2917_Au16Sn4,Au16Sn4,I-43m,0.0582444988574188,SnAu4,1296.414802277486,1078.565920910994
2918_V4P4,V4P4,P2_13,-0.7870895311130237,VP,2808.444585088429,4042.803234884361
2919_Ag8Au4,Ag8Au4,I4_1/amd,-0.0441376497046051,Ag2Au,1152.274012111602,1209.096048446407
2920_Fe2Mo6,Fe2Mo6,I4/mmm,0.279591567029124,FeMo3,2400.0,4666.256383396622
2921_Pb2V2,Pb2V2,Imma,0.4928501595522814,VPb,2818.403666206324,2115.743109883533
2922_AuNi5,AuNi5,Amm2,0.1243812841000172,Ni5Au,1040.161722494163,1299.191387529184
2923_Ga3Pb,Ga3Pb,P4/mmm,0.0530431986566251,Ga3Pb,4106.620569735019,1850.236448919108
2925_Ag3Sr,Ag3Sr,Pm-3m,-0.0453551621271102,SrAg3,1839.212731923139,1740.913457025674
2926_Ga4In4,Ga4In4,P2_13,0.0605925755307299,InGa,4131.200654597082,1962.218152063769
2927_K2Sn2,K2Sn2,Cmcm,-0.2445203437210175,KSn,2377.017622013544,2987.44590747128
2928_CsCu,CsCu,Pm-3m,0.4399689430103484,CsCu,4576.735385278158,4544.388462216298
2929_K2Sn2,K2Sn2,Pmmn,-0.1301163509892293,KSn,2377.017622013544,2987.44590747128
2930_Mn3Nb,Mn3Nb,P4/mmm,0.0610968797625979,Mn3Nb,4087.400050399558,4323.449326492305
2931_AlMn,AlMn,Fm-3m,0.4252473515547947,MnAl,1600.0,1536.507072772767
2932_Pt8Sr16,Pt8Sr16,Fd-3m,-0.5432285759187595,Sr2Pt,4884.830580788715,6213.43580216243
2933_SbP,SbP,Pm-3m,0.3087547031735251,SbP,6703.50491334064,3744.752821579815
2935_Fe6Pd4,Fe6Pd4,Fdd2,0.0475907069499314,Fe3Pd2,2847.642458100559,5093.050279329609
2936_BaGe,BaGe,Fm-3m,-0.1820046348794206,BaGe,3795.705991893965,2161.616349235832
2937_Fe3Na,Fe3Na,P4/mmm,1.1327794966990163,NaFe3,2243.134831355823,1291.401037092493
2938_KP,KP,F-43m,0.7114022996563714,KP,1832.608179847769,6271.742741065619
2939_CuW7,CuW7,Fm-3m,0.3854280871898492,CuW7,6745.896183870867,4168.242465710819
2940_AsBr5,AsBr5,Cmmm,0.0282342964256434,AsBr5,3300.0,6442.045554184119
2941_Au3As,Au3As,Imm2,0.1334911726647583,AsAu3,1347.555189759044,1337.575258762333
2942_IrRh4,IrRh4,I4/m,-0.0017556820822136,IrRh4,3932.147310789797,8350.157409508163
2943_Mo16V4,Mo16V4,I-43m,0.7960963314866717,VMo4,2505.46858016363,5077.344108543449
2944_AlGa,AlGa,Cmmm,0.0691252028612607,AlGa,4411.860786852459,1648.890950812106
2945_Ir2Ni4,Ir2Ni4,Cmcm,0.0603663610725782,Ni2Ir,3793.817453144955,6218.447254200369
2948_Au6Ba2,Au6Ba2,Pmmn,-0.526886487717174,BaAu3,1458.296801657948,1245.150443239649
2949_Al4Cu8,Al4Cu8,Pnma,-0.1947568048805603,AlCu2,1600.0,1412.439414174654
2950_Ca6Ta2,Ca6Ta2,I4/mmm,0.7325548895312664,Ca3Ta,2938.731652780705,3482.615966139796
2951_AuW2,AuW2,I4/mmm,0.4242236213270421,W2Au,4941.893529685115,3148.855703044217
2952_AuP3,AuP3,Imm2,0.4551556780531776,P3Au,1388.487965113268,2314.222952182664
2953_MoV,MoV,Pm-3m,-0.126784531445768,VMo,2712.138356430184,4641.041247536279
2954_Mo2P2,Mo2P2,I4_1/amd,0.0616187149853217,MoP,2302.378555290166,5251.189277645083
2955_Ni3Sr,Ni3Sr,Cmmm,0.5203327610247177,SrNi3,2063.268059713265,1998.406902990593
2956_Cu3Mo,Cu3Mo,Pmmm,0.22920652430816,Cu3Mo,1867.822372966522,2772.15627159098
2957_Sm3W,Sm3W,I4/mmm,0.0631950852148808,Sm3W,8776.129276129275,3447.457947457947
2958_Na3Ge,Na3Ge,Pmmm,0.0413320232122367,Na3Ge,3254.43465301525,1218.144884338416
2960_Cu4Mn8,Cu4Mn8,Pnma,0.3612515646588257,Mn2Cu,1600.0,1690.072827515803
2962_Ta3Sb,Ta3Sb,P4/mmm,0.0115760029382396,Ta3Sb,3325.958870763934,4543.510282309016
2963_AuSb,AuSb,Fm-3m,-0.0501351230650959,SbAu,3697.737623812592,1916.848573110326
2964_GaPd,GaPd,Pm-3m,-0.6028874388474872,GaPd,4110.41313024077,5585.426045883174
2965_Ni2P4,Ni2P4,Cmcm,-0.0100394529238236,NiP2,1513.486816463707,3348.552539269345
2966_Au2Na4,Au2Na4,Fd-3m,0.0511408221620793,Na2Au,1100.0,905.370909166255
2967_V2W2,V2W2,Cmcm,0.5402600457808884,VW,6197.1959034251,4104.72332786016
2968_Fe2Pt2,Fe2Pt2,Cmcm,-0.1192493888161649,FePt,4810.085721459059,7386.341953301532
2969_Au3Nb3,Au3Nb3,Cm,-0.0151428426324133,NbAu,3471.753605749531,3499.956503357614
2970_Mo2W4,Mo2W4,I4_1/amd,0.7285978333137137,MoW2,6048.091109097969,4506.936715413485
2971_Ca5Sb4,Ca5Sb4,I4/mmm,-0.541558037310753,Ca5Sb4,6733.975822992887,2846.138515921621
2972_Ag4Br2,Ag4Br2,Cmcm,-0.1915446980856871,Ag2Br,1767.576014644818,2886.508609784049
2976_K16Sn8,K16Sn8,Fd-3m,-0.1665311182987367,K2Sn,2242.587196163054,3823.901890540998
2977_Al2Ba,Al2Ba,I4/mmm,0.0014818998829161,BaAl2,2605.058928378121,1933.269004922541
2978_Mo2P4,Mo2P4,I4/mcm,-0.3509871447025444,MoP2,2243.059103263916,5221.529551631958
2979_Ir3Pb,Ir3Pb,Immm,0.5577657850855182,Ir3Pb,4759.859335511468,7170.347553297756
2980_Al6Cu18,Al6Cu18,Pmmn,-0.1877240450960808,AlCu3,1600.0,1438.007545706652
2981_BaCu,BaCu,Pm-3m,0.0764343314651374,BaCu,2557.111209570226,2046.920691182986
2982_VW7,VW7,Fm-3m,0.4516883622280989,VW7,6859.111585514212,4265.729845125078
2984_W2As4,W2As4,Cmcm,0.3283533195803396,As2W,5338.484406766658,4165.282519467567
2985_AgMo2,AgMo2,Immm,0.4600579596531962,AgMo2,1968.164746277042,3896.535425400386
2986_Al2Ba,Al2Ba,I4/mmm,0.0014112876626869,BaAl2,2605.058928378121,1933.269004922541
2987_CuW3,CuW3,Cmmm,0.2052802225342738,CuW3,6442.094994683497,4010.71592316922
2988_Sr6Br18,Sr6Br18,Pmmn,-1.5763172728936563,SrBr3,3540.911368274412,5856.050737477545
2989_AlAs,AlAs,Fm-3m,-0.2077627777841586,AlAs,2849.880246573681,3205.671023365319
2990_MoSn4,MoSn4,Im-3m,0.1971744835279807,Sn4Mo,2566.38284452854,2221.917376222012
2991_Al4Pd4,Al4Pd4,Pnma,-0.7855255843605562,AlPd,2876.387077592522,6584.193464467283
2992_Mn2W,Mn2W,Fmmm,0.2009777584899078,Mn2W,4979.916980373802,3364.776379802686
2993_Ba8Cu4,Ba8Cu4,Pa-3,0.0528366697050458,Ba2Cu,2736.947368421052,2149.684210526316
2995_CaBr3,CaBr3,Pm-3m,-1.1215024322719191,CaBr3,3385.94588798742,6126.487008113229
2996_RbSm,RbSm,F-43m,1.5119832722711608,RbSm,8231.54352455478,4151.006793940323
2997_NaRh,NaRh,Pm-3m,0.7276111557127489,NaRh,2816.51843024677,6630.422965167035
2998_Ta3Sb5,Ta3Sb5,Cmmm,0.3737763057917291,Ta3Sb5,5260.360203091992,4059.909949227002
2999_Ta2Sb2,Ta2Sb2,I4_1/amd,0.3728647878519764,TaSb,4552.521473838078,4236.869631540481
3001_Cu8Ta4,Cu8Ta4,Pnma,0.1459014699692117,TaCu2,2011.191940472123,3438.476290797153
3002_Ir2Rh2,Ir2Rh2,P4/nmm,-0.0085060714919453,IrRh,4698.018958229211,8716.443849587882
3003_Na2P2,Na2P2,Imma,-0.3394175410175988,NaP,1616.57823605646,3140.288762066351
3004_Sn3W,Sn3W,Pmmm,0.4237881929144711,Sn3W,4098.038779932218,2519.251069503861
3005_MnSb,MnSb,Fm-3m,0.1459415094975815,MnSb,5941.23648623277,2902.536250471815
3006_FeTa3,FeTa3,Immm,-0.0214997259267128,Ta3Fe,2309.327887029892,4482.851840983654
3007_Ca2Cu4,Ca2Cu4,Pnnm,0.1830056481666944,CaCu2,2151.411138362147,1500.0
3008_AgNb,AgNb,Fm-3m,1.2152851656673,NbAg,4578.000212975168,4824.274188495376
3010_IrNi2,IrNi2,Immm,0.1371037863756683,Ni2Ir,3793.817453144955,6218.447254200369
3011_IrTa5,IrTa5,C2/m,-0.2895005288566518,Ta5Ir,2860.728211257986,5553.478533877918
3012_Sr3Sb,Sr3Sb,Immm,-0.5052053612735352,Sr3Sb,5371.31714419427,3126.628880453435
3013_Mo8V16,Mo8V16,Fd-3m,0.2939021979591227,V2Mo,2863.518903262007,4321.460093113541
3014_Ni2Ge2,Ni2Ge2,Cmcm,-0.0762614153655016,NiGe,3378.31351354644,1721.238466376413
3016_NaBr,NaBr,Fm-3m,-1.7192765439625828,NaBr,2808.449415645705,5470.034663696596
3017_K3P,K3P,Fm-3m,-0.1935027218734912,K3P,1762.670887257349,6761.303789198556
3018_Cu5Br3,Cu5Br3,Cmmm,0.2481934826088245,Cu5Br3,2331.036412756843,3822.115664051148
3019_Ir3Ta3,Ir3Ta3,Cm,-0.4363903598925691,TaIr,3948.318030356982,7014.927353292196
3020_Au4Ni3,Au4Ni3,I4/mmm,0.0763955927040973,Ni3Au4,1081.733404874235,1091.332975628825
3021_Ir2Rh6,Ir2Rh6,I4/mmm,0.0023693738483077,IrRh3,4082.550478257094,8422.089359166435
3022_Pb2P4,Pb2P4,I4/mcm,0.1152849570185339,P2Pb,2538.886621895879,2559.534496776571
3023_Ca4Sb2,Ca4Sb2,Imma,-0.5586557175776031,Ca2Sb,6312.092157134651,2645.743774638959
3024_Mo2Rh2,Mo2Rh2,I4_1/amd,-0.0590279724766471,MoRh,2814.011883598069,6697.290107143485
3026_Al4Mo12,Al4Mo12,Pnma,0.092877692840064,AlMo3,2331.432257364449,4931.448383333917
3028_Cu5W,Cu5W,Cmmm,0.3101269911022661,Cu5W,3579.257132603624,2526.281476164842
3030_PdP3,PdP3,Cmmm,0.298335614350143,P3Pd,2640.629959616092,6648.189069072224
3031_Ir2Ta,Ir2Ta,Immm,-0.4511854485078939,TaIr2,4475.854663046506,7723.804703468742
3033_Sr2As,Sr2As,I4/mmm,-0.7210184155352634,Sr2As,3930.456472935894,3299.492807849007
3034_Ba2Rh2,Ba2Rh2,P4/nmm,0.1303739087458275,BaRh,3085.671588981507,4741.640285972964
3035_Pd2Rb2,Pd2Rb2,P4/nmm,0.8660587344426816,RbPd,4447.134210721057,7109.189849484959
3036_Al4Mo4,Al4Mo4,Pnma,-0.1782901372976288,AlMo,2224.398302154022,4356.140874077865
3038_NaBr,NaBr,Pm-3m,-1.574279165099012,NaBr,2808.449415645705,5470.034663696596
3039_Mo6W18,Mo6W18,Pmmn,0.3806163891724476,MoW3,6318.376424798443,4448.179038087294
3042_In2Sn2,In2Sn2,Cmcm,0.024598304626076,InSn,2944.166866499948,1796.666780857113
3043_RhTa,RhTa,F-43m,0.6853395561039957,TaRh,2626.277425338391,5960.09751231428
3044_Mo2W2,Mo2W2,Cmcm,0.4147867774643377,MoW,5422.603474158268,4642.912288226464
3046_Al2Fe2,Al2Fe2,Pmmn,-0.1400259878698495,AlFe,2139.392334330871,1269.696167165436
3047_Sr2Br,Sr2Br,Fmmm,-0.9625135229918774,Sr2Br,3918.145047502587,4221.371460822123
3049_Ca2Sb,Ca2Sb,I4/mmm,-0.608186648123708,Ca2Sb,6312.092157134651,2645.743774638959
3052_Ag2Ir4,Ag2Ir4,Fd-3m,0.5584920547057214,AgIr2,4557.828179520628,7412.855112164846
3053_W5As,W5As,Cmmm,0.2297891868005095,AsW5,6721.150893411832,4277.390612979338
3054_SrSb,SrSb,F-43m,-0.3381110220115038,SrSb,6351.647721845449,3232.610564523832
3055_AlPb3,AlPb3,Fm-3m,0.2026536934610288,AlPb3,2654.239072971356,1766.71932579735
3058_Ca2K6,Ca2K6,Pm-3n,0.1668564868052322,K3Ca,2260.27181299957,5748.386666319296
3059_Ba4P2,Ba4P2,I4_1/amd,-0.7354421307758674,Ba2P,2898.655273338683,2583.765234651687
3060_Mo3V,Mo3V,Immm,-0.1013005671636602,VMo3,2535.338136122316,5014.28615707511
3062_CaW3,CaW3,P4/mmm,0.9853804914505152,CaW3,6789.98948610374,4110.313084222733
3063_Mn4P2,Mn4P2,Pnnm,-0.0298668646526903,Mn2P,1687.962497823569,2525.690607044443
3064_Al4Br2,Al4Br2,Pnnm,-0.1377962558375311,Al2Br,2614.714019617066,4521.654538670991
3065_Mo2V2,Mo2V2,Cmme,-0.0680563425467291,VMo,2712.138356430184,4641.041247536279
3066_Nb8Br40,Nb8Br40,Pnma,-0.9904254432297014,NbBr5,4281.087113976307,7258.474137799034
3067_K4Ta2,K4Ta2,I4/mcm,1.1322507917836984,K2Ta,2118.950571511305,5524.19771395478
3068_Pt4Rh8,Pt4Rh8,Pa-3,0.7665586897212068,PtRh2,4319.228725726188,8535.283303608177
3069_Fe2Na2,Fe2Na2,P4/nmm,0.4438350170722662,NaFe,2020.894431011139,1137.542298392327
3070_Au3Mn,Au3Mn,P4/mmm,-0.0381126143200756,MnAu3,1142.532389001626,1068.051822402603
3071_Mo2Rh2,Mo2Rh2,Cmcm,-0.0447398362324946,MoRh,2814.011883598069,6697.290107143485
3072_CaSb3,CaSb3,Cmmm,-0.2721827868377766,CaSb3,7504.517488244958,3212.145806916355
3073_Mn4Rh2,Mn4Rh2,Cmcm,0.0161174144536886,Mn2Rh,2373.792507143123,4798.445965179601
3074_Ag2Mn,Ag2Mn,Immm,0.2038998473890263,MnAg2,1281.18689594062,1481.18689594062
3075_Mo4V8,Mo4V8,Pnma,-0.0006408570692784,V2Mo,2863.518903262007,4321.460093113541
3076_Cu2Ta4,Cu2Ta4,Cmcm,0.1639079811589283,Ta2Cu,2195.444678491364,4307.096341459287
3077_Au3Mn,Au3Mn,I4/mmm,-0.0557070756025801,MnAu3,1142.532389001626,1068.051822402603
3078_Al3Sn3,Al3Sn3,Cm,0.125480888915901,AlSn,2414.803667671611,1488.882200602966
3080_Ag3Al,Ag3Al,Pm-3m,-0.0439969828079953,AlAg3,1230.78448989198,1369.21551010802
3081_GeAs3,GeAs3,Pmmm,0.4621237117053614,GeAs3,3788.492452038434,3487.082925359645
3083_Pd3P,Pd3P,P4/mmm,-0.2245172311260823,PPd3,3093.875124466156,7743.531550793209
3084_AgFe2,AgFe2,Fmmm,0.2691876946108304,Fe2Ag,1810.444064489506,1400.0
3085_Au2Nb4,Au2Nb4,C2/m,0.0528566404423867,Nb2Au,4692.185679389182,4786.357878275084
3086_K4Sn16,K4Sn16,I-43m,-0.0769619674630533,KSn4,2531.531722776839,2026.024836055223
3087_NiV,NiV,P4/mmm,-0.1710537031610801,VNi,2068.68752559632,2382.828825492612
3088_Rh4As12,Rh4As12,Im-3,-0.4381732386554331,As3Rh,3268.594803984371,5256.207840625165
3089_Sn2W2,Sn2W2,Imma,0.6135059614810894,SnW,5273.59444719881,3240.614774417451
3090_PdSb3,PdSb3,P4/mmm,-0.0258166454470663,Sb3Pd,6839.635361458554,4437.803688785245
3091_Mo4W4,Mo4W4,Pnma,0.380614293590968,MoW,5422.603474158268,4642.912288226464
3092_Al4Sn2,Al4Sn2,Cm,0.1378266215590902,Al2Sn,2287.48412853327,1412.490477119962
3093_AlBa3,AlBa3,P4/mmm,-0.0289368508473417,Ba3Al,2913.946747801135,2220.093408672482
3094_In2Ni,In2Ni,I4/mmm,0.018092876315561,In2Ni,2831.803485874143,1898.218149103075
3096_Rh3As,Rh3As,Cmmm,0.1899546984508608,AsRh3,3219.529238623588,7218.830455056472
3097_Ag4Ba6,Ag4Ba6,Fdd2,-0.0507589651294985,Ba3Ag2,2381.368877141211,1990.684438570605
3098_AlSn3,AlSn3,C2/m,0.1044766819611391,AlSn3,2529.572628643349,1557.74357718601
3099_Al3Ir,Al3Ir,Imm2,-0.4499672468645164,Al3Ir,4344.332500027625,6699.767500057377
3100_Na2Sb2,Na2Sb2,P4/nmm,-0.1595024621703382,NaSb,6819.995300292336,2939.40976041879
3101_Al3Ba,Al3Ba,P4/mmm,-0.0367778075288356,BaAl3,2480.819062503133,1817.903415181481
3102_CaBr,CaBr,F-43m,-1.2331421850996755,CaBr,3500.420063009451,5096.219432914937
3103_Al2Sn4,Al2Sn4,C2/m,0.0887452480367532,AlSn2,2497.95241456284,1538.771448737704
3104_Mn3Rh,Mn3Rh,P4/mmm,-0.0283859479505466,Mn3Rh,2215.004573721311,4183.14272317008
3105_Sb2As4,Sb2As4,Pnnm,0.1155331115355782,SbAs2,5362.184834346576,3731.019369433055
3106_AuCu3,AuCu3,Pm-3m,1.1107217943881529,Cu3Au,1345.918153766655,1245.918153766655
3107_GaIn,GaIn,Fm-3m,0.0934294956136678,InGa,4131.200654597082,1962.218152063769
3108_In3Mo,In3Mo,Pmm2,0.3379385834494242,In3Mo,3103.934658510334,2718.906252128776
3109_Al4Ba,Al4Ba,I4/mmm,-0.2379211242006079,BaAl4,2383.915707303946,1727.921728210807
3110_Ba4Cu,Ba4Cu,Im-3m,0.1763109246350126,Ba4Cu,2854.835898925356,2217.049085100203
3111_Al4Ir2,Al4Ir2,Cmcm,-0.45446727995319,Al2Ir,4645.113595406737,7324.466698152453
3112_Na8Pd4,Na8Pd4,Pnma,-0.0135115662789999,Na2Pd,2566.42176289802,5737.220581778644
3113_Ag4W,Ag4W,I4/mmm,1.0330159394192733,Ag4W,2932.894228756496,2266.447114378248
3114_Ag2Ge2,Ag2Ge2,Cmme,0.1973839765043421,AgGe,2849.919505041877,1601.209695736814
3115_RhW3,RhW3,Imm2,0.1259991021727291,RhW3,6402.466896537498,4881.808548108226
3116_Ba5Ca,Ba5Ca,P4/mmm,0.0248819269326171,Ba5Ca,3049.634725125325,2255.880244333045
3118_Mo4Ge8,Mo4Ge8,Pnma,-0.387930767527448,Ge2Mo,4146.588176768095,3252.275930685681
3119_Al2Ba4,Al2Ba4,I4_1/amd,-0.0110277973225484,Ba2Al,2874.768887594202,2183.713967051759
3120_Au3Pb,Au3Pb,Imm2,0.0421634035992708,PbAu3,1515.386695537278,1207.693347768639
3121_YbBr,YbBr,Fm-3m,-1.4271186061040138,YbBr,7541.444746663294,4300.40483269024
3123_Au3K,Au3K,Pmm2,-0.0583983529578526,KAu3,1137.236593988146,1384.778137877506
3124_Pd3Ta,Pd3Ta,I4/mmm,-0.4789615722321567,TaPd3,2874.429175326067,6842.414845603792
3125_Al2Sb,Al2Sb,P4/mmm,0.171565483411961,Al2Sb,5965.323053880597,2662.980211002132
3126_InPd,InPd,Pm-3m,-0.5193825637928868,InPd,3251.897956047334,4886.122637159981
3128_NiGe2,NiGe2,P4/mmm,0.0688872912331408,NiGe2,4062.673858454093,1784.899893809683
3129_Sn5W,Sn5W,Amm2,0.3710214703773496,Sn5W,3640.527920348859,2238.505769304982
3130_CuPb3,CuPb3,P4/mmm,0.2602826834094367,CuPb3,2597.977073499663,1772.175565499908
3131_YbBr,YbBr,Fm-3m,-1.4106922041879266,YbBr,7541.444746663294,4300.40483269024
3132_Ca3Ga,Ca3Ga,P4/mmm,-0.0609181530119942,Ca3Ga,4487.273962001927,1646.818490500482
3133_Au4As2,Au4As2,Cmcm,0.1079734153082032,AsAu2,1451.553491179607,1479.391124335828
3134_Pb2P,Pb2P,I4/mmm,0.128832278331845,PPb2,2651.318116939273,2029.500305857712
3136_Ca2Cu6,Ca2Cu6,Pm-3n,0.1121861645523587,CaCu3,1999.536226356213,1500.0
3137_PbP3,PbP3,I4/mmm,0.759440252156609,P3Pb,2483.27128652914,2821.721077791197
3138_AlNa3,AlNa3,I4/mmm,0.1518605936468804,Na3Al,1240.600836788199,640.6008367881993
3139_Al2Ni,Al2Ni,I4/mmm,-0.4006925273024191,Al2Ni,1287.403326685951,1260.497227761707
3141_Cu2K4,Cu2K4,Fd-3m,0.7106508718075055,K2Cu,1655.168029935954,4644.577706349397
3142_In3Sn,In3Sn,Fm-3m,0.005615596659696,In3Sn,3120.588387698526,1897.479078684872
3143_AuNa3,AuNa3,Pm-3m,-0.1684955919688151,Na3Au,1100.0,870.3271843958548
3144_Ni2Rh4,Ni2Rh4,Fd-3m,0.5717800781255763,NiRh2,2711.821050991968,6557.653105203543
3145_In3Mn,In3Mn,Pmm2,0.2544290912213443,MnIn3,3066.157895057725,1972.489164124438
3146_Ba2W2,Ba2W2,Cmcm,0.8228393727936236,BaW,5289.649932900952,3444.824966450476
3149_CsSr,CsSr,P4/mmm,0.1896024769990805,CsSr,5284.817246076801,4808.028743461335
3150_IrRh,IrRh,P4/mmm,0.0007016676852913,IrRh,4698.018958229211,8716.443849587882
3152_Ca8In4,Ca8In4,Pnma,-0.4191793154319872,Ca2In,3546.666735051854,1794.444387456789
3153_Au2Br,Au2Br,I4/mmm,0.2733392144560372,Au2Br,1470.989915948716,1994.927501862465
3155_CuNi2,CuNi2,I4/mmm,0.0278102839109202,CuNi2,1210.727960878293,1500.0
3156_Ba2Ir2,Ba2Ir2,Cmcm,0.5449168595334992,BaIr,4458.204367246863,6266.315878911467
3158_K3P,K3P,Pm-3m,-0.0328119937475128,K3P,1762.670887257349,6761.303789198556
3159_K4Sn,K4Sn,Im-3m,-0.046379581696436,K4Sn,2088.359713736518,4783.539558972779
3160_Ca10Ge6,Ca10Ge6,I4/mcm,-0.5731595545363475,Ca5Ge3,4629.334703927709,1708.381343979346
3161_KRh,KRh,P-6m2,0.7868528599991338,KRh,2787.000840822569,7779.733781772036
3162_PBr,PBr,P-6m2,0.722297972837521,PBr,2936.844306074649,6397.169039180282
3163_Mn2W4,Mn2W4,Cmcm,0.151803291726362,MnW2,6298.029399099606,3975.013610694262
3164_Pb4Ta2,Pb4Ta2,I4/mcm,0.3486914174797857,TaPb2,2578.425447655914,2711.809142580637
3165_Na2Rh4,Na2Rh4,Pnnm,0.4923615386228531,NaRh2,2988.993211692754,7246.404327474122
3166_Al2Mn,Al2Mn,Fm-3m,0.2455892362076242,MnAl2,1600.0,1403.581112041103
3167_AlBa8,AlBa8,I4/mmm,0.0339744709387872,Ba8Al,2966.44079900265,2268.837884788175
3168_Ga10Mn4,Ga10Mn4,P4/mbm,-0.1219104476741017,Mn2Ga5,4565.376055617569,1876.035283477374
3169_RbSm,RbSm,F-43m,1.509341299483286,RbSm,8231.54352455478,4151.006793940323
3170_Pd5Rb,Pd5Rb,P4/mmm,0.153967332672618,RbPd5,3587.503752624408,7723.21160526828
3171_Sn6W2,Sn6W2,Pmmn,0.4786639913277879,Sn3W,4098.038779932218,2519.251069503861
3173_Al4Cu2,Al4Cu2,Cmcm,-0.0344383852028453,Al2Cu,1600.0,1270.387622446583
3174_Ga3Pd,Ga3Pd,Imm2,-0.2564353314449885,Ga3Pd,4724.415299646058,3956.985509634366
3175_Fe2Ir,Fe2Ir,P4/mmm,0.9098474483705892,Fe2Ir,4360.707387457347,6270.144155942443
3176_Sn4Br8,Sn4Br8,Pa-3,-0.8643235854753722,SnBr2,3001.64585412792,4641.032895539965
3179_Ge3As5,Ge3As5,Cmmm,0.3617212920548871,Ge3As5,4035.56017605919,3227.66181513785
3180_AlBa2,AlBa2,P4/mmm,0.0085581230857399,Ba2Al,2874.768887594202,2183.713967051759
3181_Mn3Rh,Mn3Rh,Pmmm,0.0538139994731174,Mn3Rh,2215.004573721311,4183.14272317008
3182_SnW3,SnW3,Immm,0.3813266833695365,SnW3,6220.679468242245,3821.780582785014
3183_Al4Sr2,Al4Sr2,Pnnm,0.2872414261810381,SrAl2,3209.034105666408,2237.718542820314
3184_Sb2P,Sb2P,I4/mmm,0.3290368608400082,Sb2P,7234.246452566016,3591.827293328437
3185_CaSb,CaSb,P-6m2,-0.9295830155484096,CaSb,6909.429182268688,2929.478861577627
3187_Al3Br,Al3Br,Imm2,0.1113996489438839,Al3Br,2444.500894983767,3930.914870826013
3188_AuSb3,AuSb3,P4/mmm,0.227695155440879,Sb3Au,5517.819755517264,2559.23050194727
3190_Sn2W2,Sn2W2,Cmcm,0.4676484999730883,SnW,5273.59444719881,3240.614774417451
3191_Au24Br5,Au24Br5,I-43m,0.1994016806252971,Au24Br5,1271.443808490475,1459.781122769909
3192_InK,InK,Pm-3m,0.067864092426493,KIn,2893.562994952451,3320.920266404532
3193_Ni4Sr,Ni4Sr,I4/m,0.3530060754889405,SrNi4,1869.694683765435,1907.669383015048
3194_SbGe2,SbGe2,I4/mmm,0.290026473554884,Ge2Sb,6485.500299580587,2583.942480527262
3195_CeV,CeV,Pm-3m,0.6211147799052004,CeV,7846.899231906626,3179.988746843228
3196_FePd,FePd,F-43m,1.0223786888127373,FePd,2924.672603457308,5728.548978522787
3197_Cu4W8,Cu4W8,Pa-3,1.2660410542214962,CuW2,6204.249279959929,3887.388515534778
3198_Ga3Rh,Ga3Rh,I4/mmm,-0.2169885340034145,Ga3Rh,4741.582859221115,3911.45415597878
3199_NbBr3,NbBr3,Immm,-0.5853608179005412,NbBr3,4752.454840288741,7430.704653182425
3201_Al2Sb,Al2Sb,I4/mmm,0.1876107753542217,Al2Sb,5965.323053880597,2662.980211002132
3202_AlAs,AlAs,P4/mmm,-0.1258805203464161,AlAs,2849.880246573681,3205.671023365319
3203_InSb2,InSb2,I4/mmm,0.172704249641176,InSb2,6426.076497608403,2951.414586228645
3204_Al2Cu,Al2Cu,Fmmm,-0.2369830017517777,Al2Cu,1600.0,1270.387622446583
3205_PdRb2,PdRb2,P4/mmm,0.1579059991105035,Rb2Pd,4925.653565314708,6767.390310489494
3207_Na2P2,Na2P2,Cmcm,-0.3693177276301007,NaP,1616.57823605646,3140.288762066351
3208_CaW,CaW,Pm-3m,1.71443865346851,CaW,6445.145990943113,3798.841540206683
3209_PtRh3,PtRh3,P4/mmm,-0.0067502684002151,PtRh3,4090.616821539478,8425.94717551888
3210_Ba2W,Ba2W,Immm,1.3084603054428634,Ba2W,4603.859592491941,3101.92979624597
3211_AuV3,AuV3,Fm-3m,0.1333038841847544,V3Au,2061.184918074624,2048.565365172317
3212_In4Rh16,In4Rh16,I-43m,0.2404357359716975,InRh4,3221.810272775625,6691.383633462502
3213_AgEu,AgEu,Pm-3m,-0.4924128376574583,EuAg,6054.291346492082,2394.252444462234
3214_InSb2,InSb2,P4/mmm,0.1714528778890098,InSb2,6426.076497608403,2951.414586228645
3216_Ta2P,Ta2P,I4/mmm,-0.2863519570587295,Ta2P,2276.348054303892,4823.651945696108
3218_Sn3W,Sn3W,Imm2,0.2896653718213491,Sn3W,4098.038779932218,2519.251069503861
3219_KNa3,KNa3,Immm,0.0155194455850997,KNa3,1317.076887967506,2924.025248970479
3220_Pd2Rb4,Pd2Rb4,I4/mcm,0.1455347177912755,Rb2Pd,4925.653565314708,6767.390310489494
3221_Al3Cu,Al3Cu,Immm,0.0063965280789801,Al3Cu,1600.0,1219.896633591619
3224_TaSb8,TaSb8,I4/mmm,0.3092628586948807,TaSb8,7022.698122230608,3619.325469442348
3225_Mo2W,Mo2W,I4/mmm,-0.0036623847086711,Mo2W,4650.782497604599,4810.699457042478
3226_MoRh,MoRh,P4/mmm,-0.1753282368478412,MoRh,2814.011883598069,6697.290107143485
3227_CaP,CaP,Fm-3m,-0.744611542772053,CaP,3071.728523776793,3069.356481265025
3228_Al4In,Al4In,Im-3m,0.6381890727771047,Al4In,2476.299539827564,1515.470317545626
3229_Al2Ni4,Al2Ni4,Cmcm,-0.4528155467130901,AlNi2,1112.136243424221,1406.553130479816
3230_Ba2Ca2,Ba2Ca2,Pmmn,0.0406486469655449,BaCa,3203.321214170965,2119.270031848032
3231_Fe2As,Fe2As,I4/mmm,0.0126401657999911,Fe2As,2761.335736899528,2443.858795487526
3232_Al5Pt,Al5Pt,Amm2,-0.2573612978127588,Al5Pt,3905.596219963028,5788.545995307827
3233_WAs3,WAs3,Imm2,0.1306941151796659,As3W,4964.708784625145,4134.97638794258
3234_AlP,AlP,Fm-3m,-0.3675687588258789,AlP,1813.776905161976,3191.213277910252
3235_BaGe,BaGe,Fm-3m,-0.1830738889749259,BaGe,3795.705991893965,2161.616349235832
3236_Mn2Sb6,Mn2Sb6,I4/mmm,0.5913991960011264,MnSb3,7076.356923225419,3190.820805898519
3237_Cu2Fe,Cu2Fe,I4/mmm,0.1032353326638938,FeCu2,1844.215221633677,1469.47309729579
3238_GaNi,GaNi,Fm-3m,-0.0512278565072206,GaNi,3443.251017782775,1717.177868247358
3239_Pb3V,Pb3V,Immm,0.3814954916460991,VPb3,2745.446860900034,1921.191629066756
3240_CuW,CuW,Pm-3m,0.6085194492981056,CuW,5612.902912856832,3580.764473333172
3241_InGe3,InGe3,Cmmm,0.2659420410108755,InGe3,4609.859408904304,1934.507029554785
3243_AuMn,AuMn,P-6m2,0.1939194425575365,MnAu,1209.045332929074,1174.472532686519
3244_Al4Eu2,Al4Eu2,P4_2/mnm,0.6089629541792144,EuAl2,7429.809349617673,2549.696156227482
3245_Ba4W4,Ba4W4,Pnma,1.0878871809741997,BaW,5289.649932900952,3444.824966450476
3246_Al3Rh,Al3Rh,P4/mmm,-0.4172590044019131,Al3Rh,2495.559947207822,4918.074769034222
3247_GaPb8,GaPb8,I4/mmm,0.0253117476819279,GaPb8,2813.021363115063,1804.036477254109
3248_In2Rh,In2Rh,Fm-3m,-0.3115683777988701,In2Rh,3269.054839771878,3856.709613687314
3249_Ni2Rh4,Ni2Rh4,Cmmm,0.0462443337260178,NiRh2,2711.821050991968,6557.653105203543
3250_InV,InV,Pm-3m,0.3685158133105357,VIn,3300.0,2430.25045321686
3251_Ni2Sr4,Ni2Sr4,I4/mcm,0.208795066472381,Sr2Ni,3397.126703583157,2623.653142304604
3252_Mn3Nb,Mn3Nb,P4/mmm,0.0587387417979776,Mn3Nb,4087.400050399558,4323.449326492305
3253_Sr4V2,Sr4V2,Cmcm,0.7019037388563749,Sr2V,3997.298408578951,3090.089596187133
3255_MoRh,MoRh,P4/mmm,-0.178031266937797,MoRh,2814.011883598069,6697.290107143485
3256_Ga2Ge2,Ga2Ge2,Cmcm,0.1807988408540439,GaGe,5397.951012552418,1900.0
3257_InP,InP,Pm-3m,0.3374919533225204,InP,3023.812305663745,2658.601424955684
3258_Ta12As12,Ta12As12,Pbcm,-0.2001446386269852,TaAs,2592.81178826017,4565.750569391863
3259_Ga2Rh,Ga2Rh,I4/mmm,-0.4789372728210382,Ga2Rh,4523.391025019445,4490.136846687559
3260_P12Br17,P12Br17,I-43m,-0.1160226505544552,P12Br17,3020.707604343974,6513.287452168579
3261_Al2In2,Al2In2,I4_1/amd,0.179782887200552,AlIn,2976.524930385069,1809.720547285335
3262_In4Rh3,In4Rh3,I4/mmm,-0.1529194983569896,In4Rh3,3259.801937138382,4411.883771697102
3264_Sn2Br4,Sn2Br4,Fd-3m,0.2584199160717686,SnBr2,3001.64585412792,4641.032895539965
3265_CuMn,CuMn,P4/mmm,0.3284417554150183,MnCu,1600.0,1639.102387161073
3266_GaMn,GaMn,Fm-3m,0.6603565188484879,MnGa,3781.272425560045,1855.930062193847
3267_AlMn,AlMn,Pm-3m,-0.0462419779947644,MnAl,1600.0,1536.507072772767
3268_Al5Mn,Al5Mn,F-43m,0.1800210855609935,MnAl5,1600.0,1231.506045187067
3269_Ir2Pb2,Ir2Pb2,Imma,0.5037811192586714,IrPb,4047.482956408966,5313.080564923375
3270_K2Sr2,K2Sr2,Pmma,0.1337180092551744,KSr,3428.637458046707,4295.889070481533
3272_Au7Sb,Au7Sb,Fm-3m,0.0363614110297692,SbAu7,1651.785180250358,1194.747710676597
3273_Fe3V4,Fe3V4,I4/mmm,-0.0739615341255576,V4Fe3,2893.910331510015,2497.578514466699
3274_Al4In,Al4In,I4/mmm,0.1408628166853951,Al4In,2476.299539827564,1515.470317545626
3277_Mn2Sb2,Mn2Sb2,Cmcm,0.2208059199903882,MnSb,5941.23648623277,2902.536250471815
3278_InMn,InMn,P4/mmm,0.2268852581227722,MnIn,2749.830039925824,1935.274122344215
3279_Au12Ni4,Au12Ni4,Pnma,0.1178616165446024,NiAu3,1090.964590084543,1045.177049577283
3280_Cu2Mn,Cu2Mn,I4/mmm,0.152270836831537,MnCu2,1600.0,1590.542270096126
3281_Sn18W6,Sn18W6,Pmmn,0.5323133311983336,Sn3W,4098.038779932218,2519.251069503861
3282_Ca4W2,Ca4W2,Fd-3m,1.7641017660772362,Ca2W,6058.759981211838,3449.847724965531
3283_Al6Ge2,Al6Ge2,Pm-3n,0.1712366775517884,Al3Ge,3349.966939071511,1425.667633828205
3284_SrAs,SrAs,P-6m2,-0.9460797429955128,SrAs,3785.155800115171,3460.937999872032
3285_In24Pt5,In24Pt5,I-43m,0.0133550996723297,In24Pt5,3875.152530707157,3856.174076373098
3286_AuEu,AuEu,Fm-3m,-0.945224780753796,EuAu,4758.314041267046,1914.578510316762
3287_Cr9Ga12,Cr9Ga12,C2/m,-0.0512915740185254,Cr3Ga4,4639.13801108029,2689.123489843067
3288_Au12Pb4,Au12Pb4,Pnma,-0.0183364790162765,PbAu3,1515.386695537278,1207.693347768639
3289_AlSr3,AlSr3,I4/mmm,0.057116047106092,Sr3Al,3957.964297668133,2813.818690513948
3290_Cu4Ga5,Cu4Ga5,I4/mmm,0.0654526913839102,Ga5Cu4,3855.475705832293,1731.330841623825
3291_RhSr8,RhSr8,I4/mmm,0.0602316093634118,Sr8Rh,4071.986669411736,3640.066652941319
3292_Ni2Ta,Ni2Ta,I4/mmm,-0.3550029438734891,TaNi2,1788.484409522889,3501.537347250411
3293_Na4Pd2,Na4Pd2,Cmcm,0.0142338250281968,Na2Pd,2566.42176289802,5737.220581778644
3294_Al4Mo2,Al4Mo2,Imma,0.0716738620601376,Al2Mo,2112.010836826237,3752.058247941024
3295_RhSr2,RhSr2,I4/mmm,-0.1502170610517511,Sr2Rh,3830.029966330571,4849.850168347142
3296_RhYb,RhYb,Pm-3m,-0.5889667665039164,YbRh,7150.606188540854,4927.306297801559
3297_Na2Pb2,Na2Pb2,Pmmn,-0.1047916292313502,NaPb,2540.203016132933,1670.164950608008
3298_AlCe,AlCe,Pm-3m,-0.3025139623470183,CeAl,8224.372861947111,2760.90924178341
3300_Pd16Sb4,Pd16Sb4,I-43m,-0.0221158833867306,SbPd4,4245.360222124798,6976.88148472892
3302_CeGa2,CeGa2,P6/mmm,-0.720202136335919,CeGa2,7504.793212239146,2501.437963671744
3303_Rh3Sr,Rh3Sr,P4/mmm,0.2050868898288982,SrRh3,3421.074768536332,6894.626157318339
3304_Sn2P4,Sn2P4,Fd-3m,0.4229429072671393,SnP2,2394.259803981372,2800.151143441997
3305_Cu4Fe,Cu4Fe,I4/m,0.1124787343126072,FeCu4,1744.102648461918,1481.98716894226
3306_Fe4Br12,Fe4Br12,Pnma,-0.2228960036185552,FeBr3,3129.946507780225,5860.784214212486
3308_Fe3Br,Fe3Br,Cmmm,0.6181349230431623,Fe3Br,2690.631630422044,3176.082185912488
3309_Fe4Pb6,Fe4Pb6,Fdd2,1.1952070005445747,Fe2Pb3,2654.30593625987,1739.074581679826
3310_KAs,KAs,P-6m2,-0.1738326167191761,KAs,2751.347703339505,5097.304593320991
3311_K4Mo2,K4Mo2,Cmcm,0.930444831662508,K2Mo,2085.662749818247,6153.20110763619
3312_CrMo,CrMo,Fm-3m,1.0318884017398364,CrMo,2646.033726723903,4878.227897044737
3313_Sn2W,Sn2W,I4/mmm,0.5202709353288716,Sn2W,4520.18231021222,2778.293690357499
3314_PtBr5,PtBr5,Amm2,-0.0871835685459364,PtBr5,4021.799382446132,7621.79938244613
3315_K4Sr8,K4Sr8,Pnma,0.0951012154256858,KSr2,3743.965077636615,3766.138669570488
3316_Ta5Br4,Ta5Br4,I4/mmm,0.1965072939432378,Ta5Br4,2561.048385133924,5348.201608781242
3318_AgRb,AgRb,Pm-3m,0.0768720358900465,RbAg,3321.929904415111,3433.516158397815
3319_Mo18Sr6,Mo18Sr6,Pmmn,0.7464550569288152,SrMo3,2820.083102493075,4763.227146814404
3320_Mo12Ta4,Mo12Ta4,Pnma,0.1747143460660947,TaMo3,2361.399257986704,5106.996289933517
3321_AgEu,AgEu,P4/mmm,-0.4739998494988326,EuAg,6054.291346492082,2394.252444462234
3322_Al6Ge2,Al6Ge2,P6_3/mmc,0.0256641957364984,Al3Ge,3349.966939071511,1425.667633828205
3323_Sr4As2,Sr4As2,Pnnm,-0.8694510745793492,Sr2As,3930.456472935894,3299.492807849007
3324_Cs2Ni6,Cs2Ni6,P6_3/mmc,0.6204138322765402,CsNi3,3150.673519672258,3435.606167705032
3325_Na3Rh,Na3Rh,Cmmm,0.3123486508330413,Na3Rh,2357.319514801559,4990.426838576996
3326_W4P3,W4P3,I4/mmm,-0.2027034634468054,P3W4,6439.071680293885,4389.748531152978
3328_Ag2Ga4,Ag2Ga4,Cmcm,0.0340333516807961,Ga2Ag,3624.518284837668,1681.920730795078
3329_CuIn,CuIn,F-43m,0.53827912498393,InCu,2694.338543652306,1821.864277544796
3331_KP,KP,P4/mmm,0.134582269728186,KP,1832.608179847769,6271.742741065619
3334_Al3Br,Al3Br,Fm-3m,0.3122945690795773,Al3Br,2444.500894983767,3930.914870826013
3335_FeMo3,FeMo3,P4/mmm,0.1101955142401873,FeMo3,2400.0,4666.256383396622
3336_Al8Mn16,Al8Mn16,Fd-3m,0.1273715740383494,Mn2Al,1600.0,1642.279666096743
3338_Ba4In2,Ba4In2,C2/m,-0.2546404354869868,Ba2In,3088.441274340646,2211.558725659354
3339_Pd6V18,Pd6V18,Pmmn,0.0094176494364196,V3Pd,3258.949948793513,5288.30235549838
3340_Ag4Pt8,Ag4Pt8,P-1,0.0432711982259418,AgPt2,4568.675610327121,7432.27958128345
3342_KP3,KP3,Pmmm,0.015246017205297,KP3,1911.153410222026,5721.92612844582
3343_Ag6Pt6,Ag6Pt6,P-1,0.0297693496556714,AgPt,3968.955630624237,6358.362408327122
3344_AgGa3,AgGa3,Pmmm,0.0312642882724012,Ga3Ag,4036.975282395883,1729.880846790219
3345_MoNi3,MoNi3,Pm-3m,0.0846750970911083,Ni3Mo,1493.772153685646,2840.238702861037
3346_SnSb3,SnSb3,Fm-3m,0.1632144741154624,SnSb3,6600.049587801401,2958.507407177834
3347_CuIn5,CuIn5,F-43m,0.3415053973082337,In5Cu,3130.580142902847,1950.170630265543
3348_Au12Sb17,Au12Sb17,I-43m,0.120151874278284,Sb17Au12,4274.782051472546,2120.511312284428
3350_Al3Pt,Al3Pt,Imm2,-0.4537269625614808,Al3Pt,4356.335961019589,6724.697765194532
3351_Ga4Mn2,Ga4Mn2,Fd-3m,0.6176953518909775,MnGa2,4397.757398247371,1871.73736918583
3352_Ba2Sb,Ba2Sb,Fmmm,-0.1312124896991768,Ba2Sb,4505.052798337092,2637.868995545062
3353_Rb2Sb4,Rb2Sb4,C2/m,-0.4917014117046919,RbSb2,7406.398656728305,4075.454469740216
3354_Pb4As16,Pb4As16,I23,0.3364037777388639,As4Pb,3054.737945227965,3100.705799169203
3355_NaBr,NaBr,Cmmm,-1.51503601569897,NaBr,2808.449415645705,5470.034663696596
3356_Pd4Ta2,Pd4Ta2,I4/mcm,-0.0058051799035148,TaPd2,2786.444631053653,6529.580910412988
3357_Ir3Ta5,Ir3Ta5,Cmmm,-0.3663745186503728,Ta5Ir3,3545.642742115785,6473.832434718087
3359_Ga2Ta,Ga2Ta,I4/mmm,0.0503635093607286,TaGa2,3692.745704131427,3537.824205630895
3360_AgRb,AgRb,Pm-3m,0.0660429941993814,RbAg,3321.929904415111,3433.516158397815
3361_Ca16W4,Ca16W4,I-43m,1.0830365109750342,Ca4W,5555.965968525535,2995.711197377902
3362_Mn3Ge,Mn3Ge,Immm,0.0354328238165058,Mn3Ge,2731.873319451775,1830.591170795994
3363_EuI,EuI,R-3m,-1.3430890122809351,EuI,7406.681375632032,3873.617752483814
3364_FeBr3,3-Feb,Imm2,-0.13506335506495,FeBr3,3129.946507780225,5860.784214212486
3366_Al4As2,Al4As2,P4_2/mnm,0.202797994810151,Al2As,2588.222361005378,2743.921813538902
3367_Al6Cu18,Al6Cu18,Pmmn,-0.2013947623643298,AlCu3,1600.0,1438.007545706652
3369_In2Pt,In2Pt,Fm-3m,-0.4998269741034047,In2Pt,4310.512337540025,5261.198907515539
3370_Ag4Pt8,Ag4Pt8,P-1,0.0272420275515964,AgPt2,4568.675610327121,7432.27958128345
3371_Fe2Br2,Fe2Br2,Pmmn,0.546021311397265,FeBr,2929.754178667983,4637.38664741545
3372_Ni3Ta,Ni3Ta,Fm-3m,-0.2058836724948634,TaNi3,1658.862025642353,3172.495911245972
3373_MoTa3,MoTa3,Immm,-0.1069536017678007,Ta3Mo,2315.019169871038,4875.09584935519
3375_Ga2Sr6,Ga2Sr6,Cmcm,0.09042512494865,Sr3Ga,4472.533172170555,2769.395008163376
3376_PbAs3,PbAs3,Fm-3m,0.3915886817129497,As3Pb,3012.198771751772,2944.728829756498
3377_V16P8,V16P8,Fd-3m,-0.5723199034988357,V2P,2996.922535263956,3796.332069270211
3378_Fe3Br,Fe3Br,I4/mmm,0.5931622489733952,Fe3Br,2690.631630422044,3176.082185912488
3379_K4Na8,K4Na8,P6_3/mmc,-0.0243008570655279,KNa2,1375.735495836038,3579.046370169091
3380_Pd6I4,Pd6I4,R-3c,-0.004287555210886,Pd3I2,3952.920229806906,6582.738390951707
3381_Mo4Ta2,Mo4Ta2,Pnnm,1.4117438118955663,TaMo2,2351.466108167661,5057.330540838308
3382_Pd5Rb4,Pd5Rb4,I4/mmm,0.2655793852662308,Rb4Pd5,4295.275633796628,7217.660261573837
3383_InMn2,InMn2,I4/mmm,0.2647872636948243,Mn2In,2468.694855303047,1902.199394741535
3384_Pd2As4,Pd2As4,Cmcm,-0.1253413229392096,As2Pd,3258.472383081144,5661.104676754212
3385_NiW,NiW,P-6m2,0.1530420215647172,NiW,5547.992152833383,3622.396337988912
3386_Ag5P,Ag5P,F-43m,0.3444536904378221,Ag5P,1243.447954096619,1600.946787696862
3388_Pt2Br4,Pt2Br4,Cmcm,-0.1790273019413776,PtBr2,4509.339179243263,8109.339179243263
3389_AuBr,AuBr,Fm-3m,0.0429653741732587,AuBr,1734.91327602971,2702.721967534223
3390_SmP,SmP,F-43m,-1.4191332313975558,SmP,8218.919122187515,3441.621567416662
3391_Ni2V2,Ni2V2,Pmma,-0.1546616339452162,VNi,2068.68752559632,2382.828825492612
3392_Fe2Mn4,Fe2Mn4,Fd-3m,0.2141786033866128,Mn2Fe,1869.585482451268,1665.207258774366
3393_Ag2Cu,Ag2Cu,I4/mmm,0.0761581397430024,CuAg2,1291.013253968027,1422.753313492007
3394_Cu4Fe6,Cu4Fe6,R-3c,0.6946488182658911,Fe3Cu2,2054.907391379609,1443.136576077549
3395_IrP3,IrP3,P4/mmm,0.3209887184886195,P3Ir,4359.414827933701,7796.474089067086
3397_Ni2Pd,Ni2Pd,I4/mmm,0.0330800850408934,Ni2Pd,2046.098688690424,4590.746125676253
3398_Ag6Pt3,Ag6Pt3,P-1,-0.0045986450110449,Ag2Pt,3241.917100513996,5056.456203245993
3399_Al2Br2,Al2Br2,P4/nmm,-0.3345127740137723,AlBr,2870.862286696659,5410.639700888405
3400_BaRh3,BaRh3,Pmmm,0.2943309062598329,BaRh3,3138.424391342997,6245.09515327541
3401_Mo2Sr,Mo2Sr,I4/mmm,0.6679731985949005,SrMo2,2964.279069767442,4578.976744186047
3402_TaP,TaP,Pm-3m,-0.5758566204072242,TaP,2256.152998286037,4843.847001713964
3403_BaCa5,BaCa5,P4/mmm,0.0209200169999936,BaCa5,3534.029971840328,1825.306691697486
3404_Fe3Mn,Fe3Mn,Pm-3m,0.066990186712136,MnFe3,2202.446017673736,1498.776991163132
3405_CaTa,CaTa,Pm-3m,1.3058777306599012,CaTa,2590.123491421004,4201.620298944178
3406_Fe2Sb4,Fe2Sb4,I4_1/amd,0.1960877187219457,FeSb2,6874.003306999816,3026.910293454479
3407_As4Br12,As4Br12,Pnma,-0.5247536637232186,AsBr3,3300.0,6209.442348178961
3409_Sr4Bi2,Sr4Bi2,I4/mmm,-0.788333228094911,Sr2Bi,4798.298372496619,4631.722834081687
3410_SrAs4,SrAs4,I4/m,-0.3109020440592161,SrAs4,3503.60624043393,3773.770843962299
3411_Cu4As2,Cu4As2,P4/nmm,-0.1525581951790394,Cu2As,2230.485868278176,2427.185100409081
3412_Sn12Sb17,Sn12Sb17,I-43m,0.089294179427916,Sn12Sb17,5739.4375064388,2666.224058790536
3413_Al2Sb2,Al2Sb2,P4/nmm,0.0747185115180317,AlSb,6757.187475805767,2964.642847926006
3414_PbGe5,PbGe5,P4/mmm,0.2853134562152644,Ge5Pb,4355.539971949509,1863.674614305751
3415_Ag3K,Ag3K,Immm,0.1557467317868135,KAg3,1253.898521351773,2025.222847680567
3417_Ba5Fe,Ba5Fe,Cm,0.4972811038738764,Ba5Fe,2954.871511690551,2232.307267535826
3418_Fe2As2,Fe2As2,P4/nmm,-0.0034891794196232,FeAs,2915.647267727386,2889.64766232356
3419_PdAs3,PdAs3,Imm2,0.0839645199551011,As3Pd,3267.866882779644,5285.32468881422
3420_Ca3Mn,Ca3Mn,Fm-3m,0.3640246657770225,Ca3Mn,3178.666276345635,1594.087007433178
3421_Al4I2,Al4I2,P4_2/mnm,0.7168983581645406,Al2I,3915.422293734739,3666.243853391517
3422_BaCa3,BaCa3,I4/mmm,0.0343718308017577,BaCa3,3420.135812487139,1926.545944455876
3423_SnP,SnP,F-43m,0.134815296805475,SnP,2475.843198008345,2324.248011617987
3424_W2Sb6,W2Sb6,Pmmn,0.694428265919723,Sb3W,7598.688811188811,3701.311188811189
3425_In4Nb2,In4Nb2,I4_1/amd,0.1166725944878296,NbIn2,4797.828521014821,3958.698835173226
3426_NiPb3,NiPb3,Pm-3m,0.3375171003002992,NiPb3,2553.329783884424,1774.117020685487
3428_Fe4Ni,Fe4Ni,I4/mmm,0.5846093848012615,Fe4Ni,2108.690149443372,1420.807846468331
3429_Al4Pd6,Al4Pd6,R-3c,-0.5849627395921765,Al2Pd3,2968.661348146668,6987.893398141672
3430_YbGe,YbGe,P4/mmm,-0.8311990432124841,YbGe,8258.18951481602,2745.197004233149
3431_RhBr,RhBr,P-6m2,0.4504867152200558,RhBr,3243.708888214233,7519.202229643426
3432_Ba4Br8,Ba4Br8,Pnma,-2.3961927963342133,BaBr2,3161.348881821395,4774.016187928046
3433_Au3Br,Au3Br,P4/mmm,0.3171197310725695,Au3Br,1362.056989497227,1702.7891991062
3435_NbBr3,NbBr3,P4/mmm,-0.3850672075571144,NbBr3,4752.454840288741,7430.704653182425
3436_In3Sr,In3Sr,Imm2,-0.2040066123664181,SrIn3,3482.510403310544,2202.789337011715
3437_CaSb,CaSb,P4/mmm,-0.8116893433576702,CaSb,6909.429182268688,2929.478861577627
3439_Pb2Sr2,Pb2Sr2,Cmcm,-0.552749920594013,SrPb,3145.797435723492,2156.637948578794
3440_Ba2Ir2,Ba2Ir2,Pmma,-0.0424457808078875,BaIr,4458.204367246863,6266.315878911467
3441_AlSb2,AlSb2,I4/mmm,0.1446425292884262,AlSb2,7271.598054267039,3160.60878257792
3443_Ga6Sb2,Ga6Sb2,Pmmn,0.0666863054200095,Ga3Sb,6383.041377455587,2451.900860909742
3445_Sr2As4,Sr2As4,Pnnm,-0.5606790033731818,SrAs2,3632.08513992905,3631.016511189944
3446_Au3K,Au3K,Immm,-0.0419299927417968,KAu3,1137.236593988146,1384.778137877506
3447_NbSb3,NbSb3,Pmm2,0.2761555592913893,NbSb3,8021.661905358251,4494.957148224266
3448_Ag2Br6,Ag2Br6,I4/mmm,-0.1108622604289462,AgBr3,2648.285028894051,5193.127456627276
3449_CuSb2,CuSb2,I4/mmm,0.2026567853708698,CuSb2,6596.241850286257,3006.803097705379
3450_KW5,KW5,F-43m,1.1809571108084664,KW5,6783.761496811589,4418.319180989886
3451_MoSr,MoSr,P4/mmm,1.4736654169528158,SrMo,3259.206798866856,4202.124645892351
3452_Ag2Au2,Ag2Au2,Cmme,0.0062231319415904,AgAu,1135.385792885063,1141.543171540252
3455_FeGe7,FeGe7,Fm-3m,0.4406868157201442,FeGe7,5013.019093607407,1850.520533380587
3456_Au8Na4,Au8Na4,Pa-3,0.3405145718810456,NaAu2,1100.0,972.4292322650429
3457_AlSb,AlSb,F-43m,-0.1687718686976369,AlSb,6757.187475805767,2964.642847926006
3459_Fe2Mo,Fe2Mo,Fmmm,3.2870273239455563,Fe2Mo,2400.0,3202.080624187256
3461_Au4K6,Au4K6,Fdd2,-0.1810899825019721,K3Au2,1237.662519988781,2422.512706550731
3462_Mo2W,Mo2W,I4/mmm,-0.0056973814252998,Mo2W,4650.782497604599,4810.699457042478
3463_Fe3Pd,Fe3Pd,Pm-3m,0.0064362337017787,Fe3Pd,2710.766366739063,3963.82252559727
3464_Mo2Nb,Mo2Nb,I4/mmm,-0.1180241041157141,NbMo2,4390.014122164128,6441.811381569581
3465_Pb3Sr,Pb3Sr,Pm-3m,-0.372066137539123,SrPb3,2885.316262936747,1948.253010349398
3468_Ni4Pd8,Ni4Pd8,I4_1/amd,0.0685609689016277,NiPd2,2724.45820661473,6594.990155907155
3469_Ag7Pt3,Ag7Pt3,Pmm2,0.0294889942727358,Ag7Pt3,3077.585912836053,4762.188727636653
3470_Ba3Pt,Ba3Pt,Pm-3m,-0.0461319682219438,Ba3Pt,3803.390081786958,4485.221022460527
3471_Al2Sb,Al2Sb,Fm-3m,0.3893018647743063,Al2Sb,5965.323053880597,2662.980211002132
3472_Cu2Fe,Cu2Fe,Fmmm,0.1231665368949919,FeCu2,1844.215221633677,1469.47309729579
3474_Ta2P2,Ta2P2,P4/nmm,-0.0397634335946133,TaP,2256.152998286037,4843.847001713964
3475_CrSb3,CrSb3,Pm-3m,0.2056924724572182,CrSb3,7301.879762584053,3487.225867956492
3476_Sb2P,Sb2P,I4/mmm,0.3290076952128349,Sb2P,7234.246452566016,3591.827293328437
3477_AlYb3,AlYb3,Fm-3m,-0.1302088707657951,Yb3Al,9109.680361849105,2996.244146820648
3478_Ba2In2,Ba2In2,C2/m,-0.3880134217732007,BaIn,3136.609490570901,2163.390509429099
3479_Fe8As4,Fe8As4,Pa-3,0.3710105528520332,Fe2As,2761.335736899528,2443.858795487526
3480_Ba4Sr16,Ba4Sr16,I-43m,0.1938910097868522,BaSr4,3862.177049529834,2802.936612225737
3481_SmW,SmW,P4/mmm,0.6411380863800229,SmW,8124.775583482943,3760.107719928186
3483_MnGe3,MnGe3,Immm,0.2612476874954641,MnGe3,4555.031067528173,1879.865704527789
3484_PdBr,PdBr,Fm-3m,-0.1070412786634809,PdBr,3242.88443786093,7528.271183529765
3485_Al3Na,Al3Na,Cmmm,0.1641406444576083,NaAl3,1489.402485701414,889.4024857014143
3486_Pb4Sb2,Pb4Sb2,I4/mcm,0.0692095082417735,SbPb2,3880.901223515369,2163.354222620113
3487_Cu4Mn,Cu4Mn,I4/m,0.0374399811596923,MnCu4,1600.0,1553.316849336966
3488_In2Sn,In2Sn,I4/mmm,0.0148089513722802,In2Sn,3061.452693586262,1863.687253477864
3489_Pb2Sr,Pb2Sr,P4/mmm,-0.0975137793375046,SrPb2,2961.802318632724,2009.441854906179
3490_PbYb,PbYb,P4/mmm,-0.6046977537265015,YbPb,5794.550810014727,2391.60530191458
3491_Al3Pt,Al3Pt,Cmmm,-0.4834220380422467,Al3Pt,4356.335961019589,6724.697765194532
3492_Ir2Mn6,Ir2Mn6,Pm-3n,0.0123537499260386,Mn3Ir,3699.666461861932,5730.144915792848
3493_Rh3Sb,Rh3Sb,Pmmm,-0.0427092390285475,SbRh3,4529.391964485867,6698.892970928727
3494_KTa2,KTa2,Fmmm,0.8032727114000338,KTa2,2241.497936403347,5034.008254386611
3495_AlBr3,AlBr3,P4/mmm,-0.2381826702708811,AlBr3,3128.010022812003,6303.093608582836
3496_V3P,V3P,Pm-3m,-0.4864401960416202,V3P,3080.923442029066,3686.484729654299
3499_Fe3As,Fe3As,P4/mmm,0.0172060819869557,Fe3As,2678.109319358599,2203.426922591507
3500_RhSr2,RhSr2,I4/mmm,-0.1422194087130049,Sr2Rh,3830.029966330571,4849.850168347142
3501_P2Br6,P2Br6,Pm-3n,0.644935418993847,PBr3,3151.244888898146,6694.031384628202
3502_Ca4Mn4,Ca4Mn4,P2_13,0.6361592220111758,CaMn,2570.145621194821,1673.459266800676
3505_Cu3Br,Cu3Br,I4/mmm,0.4183911709454029,Cu3Br,2102.091357349321,3094.878429227254
3506_Ag3Pt9,Ag3Pt9,Immm,0.0237166277832881,AgPt3,4830.804007731992,7901.672292915428
3507_Pb6As2,Pb6As2,Pm-3n,0.1701053573248594,AsPb3,2764.539218884239,2036.643802575541
3508_Al7Ge,Al7Ge,Fm-3m,0.0486894881177044,Al7Ge,2627.751169844552,1249.993527800026
3509_Fe4Na2,Fe4Na2,Fd-3m,0.9275578196026,NaFe2,2178.09064996343,1246.370449974683
3510_AgMn2,AgMn2,I4/mmm,0.3680142390347581,Mn2Ag,1401.844264205505,1601.844264205504
3511_Fe2Sr6,Fe2Sr6,P6_3/mmc,0.5452398911895373,Sr3Fe,3884.595472301972,2719.640419823975
3514_AgP3,AgP3,Cmmm,0.4904018901239348,AgP3,1570.223711813277,3112.284667136405
3515_MnSb2,MnSb2,I4/mmm,0.1487860227552436,MnSb2,6740.340579527685,3105.483321784809
3516_Ca2Sb2,Ca2Sb2,Pmma,-0.8103366219678154,CaSb,6909.429182268688,2929.478861577627
3518_Mn23Sm6,Mn23Sm6,Fm-3m,-0.0307691676262185,Sm6Mn23,4890.829157224212,2341.528848657149
3519_Ga2Ni6,Ga2Ni6,I4/mmm,-0.310124810305747,GaNi3,2276.441885215489,1613.461500908043
3521_InRh3,InRh3,Fm-3m,-0.0126030187117507,InRh3,3227.109479865277,6373.431208083403
3522_Pd3As,Pd3As,Immm,-0.2758033828431498,AsPd3,3219.006873989044,7239.725040438214
3523_AlRh4,AlRh4,I4/mmm,0.1490114095620938,AlRh4,3101.572928714169,7569.381563124489
3524_AgAu5,AgAu5,P4/mmm,-0.0147197676914275,AgAu5,1109.871702831583,1039.486811326331
3525_Cu2Ge2,Cu2Ge2,Cmcm,0.1181708539907431,CuGe,3573.536193147606,1713.355264124066
3526_FeGe,FeGe,Pm-3m,0.0018767926074065,FeGe,4039.537689224423,1682.678911935245
3527_AgBa,AgBa,P4/mmm,-0.0329036478309925,BaAg,2208.1298491977,1904.06492459885
3529_Ba3W,Ba3W,Pmmm,1.0842347237129757,Ba3W,4234.196176368406,2917.098088184203
3530_P3Br,P3Br,Pm-3m,1.926129210792646,P3Br,2601.04167858863,5932.211554968871
3531_Ga3Sr,Ga3Sr,Cmmm,-0.1438987980865582,SrGa3,5116.205452358409,2224.749232619808
3532_Ca2Ga,Ca2Ga,I4/mmm,-0.3246202201433765,Ca2Ga,4644.312412012356,1686.078103003089
3533_Pd2Br,Pd2Br,Fmmm,2.000228915517294,Pd2Br,3227.29483781051,7699.756784084388
3534_Mn2Ge6,Mn2Ge6,Cmcm,0.4868770529645303,MnGe3,4555.031067528173,1879.865704527789
3535_Ir4Ta12,Ir4Ta12,Pnma,-0.1931485683947595,Ta3Ir,3136.794090892964,5924.44205963742
3536_Fe3Yb,Fe3Yb,Fm-3m,0.3191566587744008,YbFe3,6007.381634001322,2263.73926447919
3537_V3Sb,V3Sb,Immm,-0.0930840734466427,V3Sb,5339.794671585614,3400.0
3538_Ga4Na,Ga4Na,I4/mmm,-0.1346281103334927,NaGa4,5164.918537236419,1793.383170938861
3539_VBr3,VBr3,P4/mmm,-0.2218910264533509,VBr3,3300.0,6286.571123347903
3540_AgIr,AgIr,P4/mmm,0.7201161562403575,AgIr,3954.328104151755,6332.168930690352
3541_Ca2Ga,Ca2Ga,I4/mmm,-0.1370402405445349,Ca2Ga,4644.312412012356,1686.078103003089
3542_BaSr7,BaSr7,Fm-3m,0.0035132338114711,BaSr7,3980.472033538173,2871.942019563935
3543_Al4Pt2,Al4Pt2,I4/mcm,-0.6948453370551823,Al2Pt,4654.954944879795,7344.906423981112
3544_Ba2Sb,Ba2Sb,Fmmm,-8.07092158461461,Ba2Sb,4505.052798337092,2637.868995545062
3545_Ga2Sr2,Ga2Sr2,Imma,-0.3373286017251207,SrGa,4776.065665456995,2512.559821536388
3546_GaRh3,GaRh3,P4/mmm,-0.2569407674469,GaRh3,3623.747785313108,6876.147178082626
3547_Rh4Sr2,Rh4Sr2,Cmcm,0.1572920891605817,SrRh2,3498.605123521373,6506.974382393135
3548_In2Mn2,In2Mn2,I4_1/amd,0.2256218912605403,MnIn,2749.830039925824,1935.274122344215
3549_NbAs3,NbAs3,P4/mmm,-0.0959467948461227,NbAs3,4820.79636560043,5403.812029785013
3550_Ta2Sb2,Ta2Sb2,Cmcm,0.0257373142077632,TaSb,4552.521473838078,4236.869631540481
3551_Ag4Sn,Ag4Sn,I4/mmm,0.1467271739098009,Ag4Sn,1502.070511837157,1443.152930262451
3552_W2As2,W2As2,P4/nmm,0.1099817999318233,AsW,5928.705341132533,4213.138270902638
3553_NbSr3,NbSr3,Immm,0.7270039404560236,Sr3Nb,5322.920704311633,4514.637229071504
3554_Mo4Nb2,Mo4Nb2,I4_1/amd,0.5445260246281526,NbMo2,4390.014122164128,6441.811381569581
3555_PBr4,PBr4,Im-3m,0.274910942903859,PBr4,3185.148127628438,6740.974330562454
3556_SrAs,SrAs,Immm,-0.8153866816487305,SrAs,3785.155800115171,3460.937999872032
3557_BaP,BaP,Fm-3m,-0.6508185873227221,BaP,2815.961843357548,2815.306838598865
3559_Mo2Pb4,Mo2Pb4,Cm,0.4545479546314854,MoPb2,2643.602304346122,2457.973115961908
3561_Ag3Mn,Ag3Mn,P4/mmm,0.2350035309251792,MnAg3,1258.052159486549,1458.052159486549
3562_Fe3Ir,Fe3Ir,P4/mmm,-0.0256111017813136,Fe3Ir,4056.342980720052,5514.142242433676
3563_Pd2V,Pd2V,Immm,-0.2776788724314076,VPd2,3219.31200633858,7111.647708425345
3564_Ga32Rh6,Ga32Rh6,Ccce,-0.3121174702825569,Ga16Rh3,5001.470422517412,3222.187140279909
3565_CuK7,CuK7,Fm-3m,0.2138562995320674,K7Cu,1681.156709834504,6125.932460566711
3566_Cu6Rh2,Cu6Rh2,Cmcm,0.0420879414142643,Cu3Rh,2160.900854558183,3778.659721642619
3567_P4Br6,P4Br6,Fdd2,0.2069360492629879,P2Br3,3033.037498262445,6530.359612978771
3568_Ag4Pt8,Ag4Pt8,Pnma,0.0023235877472878,AgPt2,4568.675610327121,7432.27958128345
3569_Mn2Ta4,Mn2Ta4,Pnnm,0.5994460916093445,Ta2Mn,2207.741092400123,4404.604681714814
3571_Fe5Mn,Fe5Mn,Amm2,0.0476466478093809,MnFe5,2268.476072810505,1465.761963594748
3572_In2Pb2,In2Pb2,P4/nmm,-0.0006363025444038,InPb,2913.934624772528,1871.311541590843
3573_V18Sb6,V18Sb6,Pmmn,-0.0075097335478725,V3Sb,5339.794671585614,3400.0
3574_P3Br,P3Br,Cmmm,1.0780590886319557,P3Br,2601.04167858863,5932.211554968871
3577_EuMn,EuMn,R-3m,0.6012495285623629,EuMn,7402.338009757226,2754.81511552967
3578_Ba4In2,Ba4In2,C2/m,-0.239736009939115,Ba2In,3088.441274340646,2211.558725659354
3579_Au21Ga6,Au21Ga6,P-62m,-0.1366279752500119,Ga2Au7,1504.134868430952,1082.663950360877
3580_In4Pb2,In4Pb2,I4_1/amd,0.0253351892478015,In2Pb,3015.408070763398,1905.1360235878
3581_Ba3Sr,Ba3Sr,Immm,0.0026527436349885,Ba3Sr,3210.455943843187,2422.765967241859
3582_Pd2Rh2,Pd2Rh2,Cmme,0.1426459089233844,PdRh,3200.0,8000.0
3583_AlK4,AlK4,I4/mmm,0.4481500084409727,K4Al,1685.286120211544,6287.739453115709
3584_Cu4V,Cu4V,I4/mmm,0.0402390247492668,VCu4,1883.819444785834,1817.209967701815
3586_FeGa,FeGa,R-3m,-0.0760232916373659,GaFe,4121.308772935779,1677.630447247706
3587_AuSb3,AuSb3,P4/mmm,0.2293286939166487,Sb3Au,5517.819755517264,2559.23050194727
3588_FeSb,FeSb,R-3m,0.1735590152007571,FeSb,6170.614566031361,2771.13256946595
3589_AlSb,AlSb,Pm-3m,0.2165434108700332,AlSb,6757.187475805767,2964.642847926006
3590_Ag4Fe,Ag4Fe,I4/m,0.253723311022955,FeAg4,1337.516011112255,1400.0
3591_NaBr5,NaBr5,Cmmm,-0.4681310095885373,NaBr5,3180.292726716854,6551.760659539937
3592_In2W,In2W,I4/mmm,0.7245268331346111,In2W,4945.096692431967,3022.627673673926
3593_K2Sb2,K2Sb2,Imma,-0.3844806039214687,KSb,6393.024854794562,4323.629927706559
3594_Ni2V,Ni2V,Immm,-0.2072508566888669,VNi2,1696.053188917134,2075.000460409807
3595_Mn6P2,Mn6P2,Pm-3n,-0.2087209704508552,Mn3P,1663.280238410242,2322.061966884501
3596_Na2P,Na2P,I4/mmm,-0.1856062485340137,Na2P,1462.250684468887,2351.503498396535
3597_Au26Ta2,Au26Ta2,Fm-3c,0.4344388837923522,TaAu13,1179.203503343092,1250.811093919791
3598_Pb3V,Pb3V,P4/mmm,0.4395690890623331,VPb3,2745.446860900034,1921.191629066756
3599_CuFe2,CuFe2,Immm,0.1345766076162012,Fe2Cu,2109.895227008149,1436.263096623981
3600_Ag4Sn2,Ag4Sn2,I4_1/amd,0.1840775408030524,Ag2Sn,1696.922675800965,1470.988953685852
3601_Cu3Ge,Cu3Ge,Cmmm,0.0652571573942939,Cu3Ge,2620.852482926792,1610.36243058668
3602_Al2Cu2,Al2Cu2,I4_1/amd,-0.1291277482368524,AlCu,1600.0,1350.976073042154
3603_Mo2Nb,Mo2Nb,I4/mmm,-0.1171227482251945,NbMo2,4390.014122164128,6441.811381569581
3604_Al3Pt,Al3Pt,P4/mmm,-0.4549920345578195,Al3Pt,4356.335961019589,6724.697765194532
3606_KNi,KNi,R-3m,1.0052471914417698,KNi,1279.868434642204,3778.928682086517
3607_Fe3As,Fe3As,Pm-3m,1.3052704991518975,Fe3As,2678.109319358599,2203.426922591507
3608_AlK3,AlK3,Fm-3m,0.3006512908502217,K3Al,1681.298721494779,6040.520732676306
3609_Fe4Pd8,Fe4Pd8,Pnma,-0.0967366215483439,FePd2,3033.723505219868,6628.218918063904
3610_Ga2Rh2,Ga2Rh2,Pmmn,-0.4851140473666762,GaRh,4128.948001054287,5536.268345029935
3611_Ni2Pb2,Ni2Pb2,P6_3mc,0.6257644555964119,NiPb,2324.74141892954,1733.777897458154
3613_Au4V2,Au4V2,Cmcm,0.0171157944692872,VAu2,1351.916585993378,1274.818093810958
3614_Pb2V2,Pb2V2,P4/nmm,0.2658984600832914,VPb,2818.403666206324,2115.743109883533
3615_Al6Ba2,Al6Ba2,P6_3/mmc,-0.1768863718932234,BaAl3,2480.819062503133,1817.903415181481
3616_PtV3,PtV3,Pm-3m,-0.234975318016616,V3Pt,4533.614010580368,6596.1817546855
3617_BaGe2,BaGe2,I4/mmm,-0.2935484472204012,BaGe2,4182.362786484412,2094.371689307059
3618_Cu2V,Cu2V,I4/mmm,0.0882831066899108,VCu2,2086.42839690283,2043.655267126692
3619_EuI,EuI,P-6m2,-1.3552092755245704,EuI,7406.681375632032,3873.617752483814
3620_Ga3K,Ga3K,Pmm2,-0.0110621706509679,KGa3,4901.55815929041,2734.668883094955
3621_KSb,KSb,R-3m,-0.2790825044919915,KSb,6393.024854794562,4323.629927706559
3622_Al6Pt4,Al6Pt4,Fdd2,-0.7048057370949273,Al3Pt2,4829.918174481627,7708.291593154147
3623_Ga2P,Ga2P,I4/mmm,0.1671434064544392,Ga2P,4863.875610857853,2481.599441501391
3624_Ba3P,Ba3P,Pm-3m,-0.2539164227109487,Ba3P,2930.074660761859,2495.790949866795
3625_K2P,K2P,Immm,-0.0875183940462124,K2P,1785.115854063029,6604.189021558799
3627_Cu16Mn8,Cu16Mn8,Fd-3m,0.3382363165353024,MnCu2,1600.0,1590.542270096126
3628_CuPb5,CuPb5,Cmmm,0.1710939179905928,CuPb5,2636.42776200359,1782.66211691007
3629_Na2Sn2,Na2Sn2,Pmma,-0.2116591017251918,NaSn,2356.635779329619,1421.53290484172
3630_Cu5V,Cu5V,F-43m,0.1966226874632391,VCu5,1834.898954760539,1762.534125908837
3631_Pb3As,Pb3As,I4/mmm,0.1116338261116278,AsPb3,2764.539218884239,2036.643802575541
3632_Mn8P16,Mn8P16,Fd-3m,0.0593578151712369,MnP2,1811.993745780542,3548.948402689472
3633_Ta4Sb8,Ta4Sb8,Pnma,0.2600121913022366,TaSb2,5512.756640149074,3996.810839962732
3634_In2Ge4,In2Ge4,I4/mcm,0.3237670822118061,InGe2,4417.11739421295,1944.144130289352
3636_Fe2Br4,Fe2Br4,Pnnm,-0.1272779419185526,FeBr2,3066.938090358122,5475.732774410742
3637_K3Pt,K3Pt,P4/mmm,0.1227777550677848,K3Pt,4073.141079631178,8386.570539815588
3638_Cu2Fe2,Cu2Fe2,Imma,0.2020980547607358,FeCu,1974.199060230671,1453.225117471166
3639_V2Sb2,V2Sb2,Pmmn,0.2042057005244544,VSb,6543.144963998575,3400.0
3640_Fe3P,Fe3P,Immm,-0.1983662193815236,Fe3P,2337.587113661008,1977.319198635676
3641_MnPd3,MnPd3,Pmm2,-0.1628683062001306,MnPd3,2965.095320046368,7089.744365179674
3643_VGe3,VGe3,P4/mmm,0.1074684072566141,VGe3,4921.057682115141,2184.206738413644
3644_Fe3P,Fe3P,Immm,-0.1958156787846761,Fe3P,2337.587113661008,1977.319198635676
3645_Al4K5,Al4K5,I4/mmm,0.2492645665704687,K5Al4,1664.42983694755,4994.649890748085
3646_Mo2Na2,Mo2Na2,P4/nmm,0.5780009365550232,NaMo,2148.702950952197,4372.133972746575
3647_In4Pt,In4Pt,Im-3m,-0.109899875488567,In4Pt,3955.88884338189,4116.732176368827
3648_PdAs3,PdAs3,Pmm2,-0.0502398700533159,As3Pd,3267.866882779644,5285.32468881422
3649_Cu2Ge4,Cu2Ge4,Cmcm,0.2520284133880294,CuGe2,4174.085602367521,1778.279524580273
3650_Au2Ta,Au2Ta,Fm-3m,0.3603856372156286,TaAu2,1477.708515677587,2196.076966312357
3651_AlGe3,AlGe3,Pm-3m,0.249991609029232,AlGe3,4892.359879032626,1800.844294899828
3652_V2Ge,V2Ge,I4/mmm,-0.3074182880661394,V2Ge,4132.440423325293,2775.669682506031
3653_Ag5Pt5,Ag5Pt5,P-1,0.0451717437014799,AgPt,3968.955630624237,6358.362408327122
3655_IrSn2,IrSn2,I4/mmm,-0.065348526247007,Sn2Ir,3897.442492150351,4955.454721078492
3656_Ge3Br,Ge3Br,Fm-3m,0.0465995518350488,Ge3Br,4763.414634146341,3241.463414634146
3657_In2Ta2,In2Ta2,Fd-3m,0.5123786104406642,TaIn,2688.205698371969,3713.024044558487
3658_Al2Ta2,Al2Ta2,P6_3/mmc,1.0984819167369944,TaAl,2209.165922036585,4306.900719627175
3660_Cu5P4,Cu5P4,I4/mmm,0.1356729049497344,Cu5P4,1712.217410276965,2509.956692492678
3661_MoI,MoI,Fm-3m,1.3718957778972358,MoI,3823.68879514937,5015.262240970125
3662_Sb2Ge2,Sb2Ge2,P4/nmm,0.2920265700266515,GeSb,6928.477366255143,2839.506172839506
3663_Ba4Sr8,Ba4Sr8,Pnma,0.0083402217814067,BaSr2,3672.777356534759,2692.45345797861
3664_FeSr3,FeSr3,P4/mmm,0.6208096359060029,Sr3Fe,3884.595472301972,2719.640419823975
3665_Na2P2,Na2P2,Fd-3m,0.1266276353560829,NaP,1616.57823605646,3140.288762066351
3666_Ba2Na2,Ba2Na2,P4/nmm,0.0068428781838612,BaNa,2727.535916372479,2041.876131300243
3667_Cu2Ga2,Cu2Ga2,I4_1/amd,-0.0149761966092438,GaCu,3640.382234428111,1709.269972761857
3668_Ga8Nb4,Ga8Nb4,Pnma,-0.3191380989813623,NbGa2,6699.553626263696,4658.973340406498
3669_Ba3Sr,Ba3Sr,Pmm2,0.0140121820406959,Ba3Sr,3210.455943843187,2422.765967241859
3670_Pd4As2,Pd4As2,Cmcm,-0.2132849462625093,AsPd2,3226.03599646374,6958.560141450424
3671_GaMo2,GaMo2,P4/mmm,0.9061655129576126,GaMo2,3226.218736023669,4393.824612103072
3673_Na2Pt,Na2Pt,I4/mmm,0.0048590077104702,Na2Pt,4660.760806580271,7459.668849225076
3674_Cu4V2,Cu4V2,Cmcm,0.1310439131075043,VCu2,2086.42839690283,2043.655267126692
3675_Au4Sb12,Au4Sb12,Pnma,0.0816958115240025,Sb3Au,5517.819755517264,2559.23050194727
3676_W2Sb6,W2Sb6,Cmcm,0.3256841746554091,Sb3W,7598.688811188811,3701.311188811189
3677_AgP7,AgP7,Fm-3m,0.7571528019389939,AgP7,1734.220293966943,3870.768859597113
3678_K2Ta,K2Ta,P4/mmm,1.574859957444275,K2Ta,2118.950571511305,5524.19771395478
3679_AuFe4,AuFe4,I4/m,0.093735028143422,Fe4Au,1790.844225732219,1212.567454071452
3680_Pd4W2,Pd4W2,I4/mcm,0.3204977384153148,Pd2W,4961.097105979631,6285.247554704043
3681_Mn6Rh2,Mn6Rh2,Pmmn,-0.0091769471865195,Mn3Rh,2215.004573721311,4183.14272317008
3683_Pd18As6,Pd18As6,Pmmn,-0.2913676761221317,AsPd3,3219.006873989044,7239.725040438214
3684_Al2Cu2,Al2Cu2,P4/nmm,-0.0710479778351218,AlCu,1600.0,1350.976073042154
3685_AlAs,AlAs,P4/mmm,-0.1401830677239841,AlAs,2849.880246573681,3205.671023365319
3686_Fe2Sr6,Fe2Sr6,I4/mmm,0.615835199672778,Sr3Fe,3884.595472301972,2719.640419823975
3687_Al2Pt,Al2Pt,P4/mmm,-0.6005503292033859,Al2Pt,4654.954944879795,7344.906423981112
3688_Pd4Pt4,Pd4Pt4,Imma,-0.032065831937813,PdPt,4688.183241350031,8711.73981108045
3689_GaK3,GaK3,Pmm2,0.1886516453423525,K3Ga,3116.695407231073,5224.082721493504
3691_BaRh2,BaRh2,I4/mmm,0.1387420418890942,BaRh2,3119.958150948015,5718.807302018429
3692_Al2Ta2,Al2Ta2,I4_1/amd,0.0484771651687685,TaAl,2209.165922036585,4306.900719627175
3693_NiSb,NiSb,R-3m,-0.1496660710504063,NiSb,5655.739376481684,2782.015190625391
3694_P2Br2,P2Br2,Pmmn,0.1930605002183072,PBr,2936.844306074649,6397.169039180282
3695_Cu2K2,Cu2K2,Pmma,0.4746093749372502,KCu,1638.091058149357,3671.190314513324
3696_Cr2Sb2,Cr2Sb2,P6_3/mmc,-0.0563094461679325,CrSb,6463.611407023984,3609.473336475668
3698_InW3,InW3,Pmm2,0.5709071561380128,InW3,6362.445785772386,3903.682515480132
3699_Ag10Fe6,Ag10Fe6,I4/mcm,0.5069376206385812,Fe3Ag5,1484.409146724461,1400.0
3701_PbSr3,PbSr3,I4/mmm,-0.2301207637119535,Sr3Pb,3538.807811768711,2471.046249414968
3702_Ni2P2,Ni2P2,P4/nmm,-0.2510017772277049,NiP,1345.430381748895,2743.549374296022
3703_CuFe2,CuFe2,Fmmm,0.079502949474796,Fe2Cu,2109.895227008149,1436.263096623981
3705_Fe2Pd2,Fe2Pd2,Fd-3m,0.054175898367049,FePd,2924.672603457308,5728.548978522787
3706_BaPd5,BaPd5,P6/mmm,-0.337024768245661,BaPd5,3158.971777355858,6830.695654641955
3707_EuGe2,EuGe2,P-3m1,-0.9202436732756536,EuGe2,7447.221811037396,2513.491946010685
3708_Ni8Ge4,Ni8Ge4,Pnma,-0.4454890874569628,Ni2Ge,2643.726042852903,1652.904748172363
3709_Al4Ga2,Al4Ga2,I4/mcm,0.1296503943423186,Al2Ga,3798.466522309594,1507.338428225291
3710_Al2K4,Al2K4,I4/mcm,0.2315029424185904,K2Al,1674.346818683859,5609.502758399262
3711_Ga10Mn4,Ga10Mn4,P4/mbm,-0.1222770479353282,Mn2Ga5,4565.376055617569,1876.035283477374
3712_Na5Pt,Na5Pt,Cmmm,-0.0253459167581734,Na5Pt,3868.640839082397,5911.434367297412
3713_Al2Br2,Al2Br2,Fd-3m,0.0760864591054089,AlBr,2870.862286696659,5410.639700888405
3714_Fe2Sr6,Fe2Sr6,I4/mmm,0.8647008501467695,Sr3Fe,3884.595472301972,2719.640419823975
3715_SbGe2,SbGe2,I4/mmm,0.2898463893914892,Ge2Sb,6485.500299580587,2583.942480527262
3717_Fe18Pb6,Fe18Pb6,Pmmn,0.7481306957990626,Fe3Pb,2565.877219902064,1621.169626536085
3719_Au3Fe4,Au3Fe4,I4/mmm,0.1105281714746949,Fe4Au3,1456.626841493914,1109.731335844281
3720_Ni3P,Ni3P,P4/mmm,-0.1701341414636958,Ni3P,1149.592703760964,2038.533733539472
3721_BaPb3,BaPb3,P4/mmm,-0.1589663600065693,BaPb3,2754.284667695312,1890.474446158853
3722_K2Pt,K2Pt,I4/mmm,0.0839811861269848,K2Pt,4412.666760831175,8556.333380415588
3724_Fe5Pd,Fe5Pd,Cmmm,0.0312070643968134,Fe5Pd,2620.762618470355,3221.291602380427
3725_Ga3Sr,Ga3Sr,Cmmm,-0.2500555671844617,SrGa3,5116.205452358409,2224.749232619808
3726_FeNi,FeNi,P-6m2,-0.0363000949573359,FeNi,1682.592039001767,1451.243425785588
3727_Cr3Sn,Cr3Sn,I4/mmm,0.2386689885192066,Cr3Sn,2883.926584183448,3019.632920917239
3728_NiRh,NiRh,R-3m,0.0425965851684635,NiRh,2400.95074904594,5639.172667635732
3729_Ni8Pt4,Ni8Pt4,Pnma,-0.0452248635459563,Ni2Pt,3809.47211707462,6244.886242170469
3730_Al2Cu,Al2Cu,P4/mmm,-0.024514671381759,Al2Cu,1600.0,1270.387622446583
3731_Cu2Sb6,Cu2Sb6,Cmcm,0.2657594816528084,CuSb3,6966.42834156511,3118.446642694239
3732_AuSb2,AuSb2,I4/mmm,0.1671950463491859,Sb2Au,4859.333692646597,2326.82365622821
3733_Ag5Pt7,Ag5Pt7,Pmm2,-0.0030204133850902,Ag5Pt7,4282.544493784282,6919.905256311389
3735_Cs2Fe2,Cs2Fe2,P6_3/mmc,1.6374434228893548,CsFe,4934.879371274236,4639.012529961524
3736_Rh3Sb,Rh3Sb,Imm2,-0.0768941101261564,SbRh3,4529.391964485867,6698.892970928727
3737_CaP5,CaP5,P4/mmm,0.1311372483648725,CaP5,2390.610136169963,4359.896584099016
3738_Ag2Nb2,Ag2Nb2,Cmcm,0.2586238279425172,NbAg,4578.000212975168,4824.274188495376
3739_Ag2Nb,Ag2Nb,Immm,0.3134987729553824,NbAg2,3397.415970657081,3627.517559296219
3740_Ir2Pb,Ir2Pb,I4/mmm,0.5982526184912954,Ir2Pb,4519.393746809684,6543.419411325246
3741_GaTa2,GaTa2,I4/mmm,-0.1216311086354669,Ta2Ga,2816.922851082747,4331.53866620626
3742_Al3K,Al3K,P4/mmm,0.1977556432354683,KAl3,1632.570268507257,3019.356647449912
3743_GaMo3,GaMo3,Immm,-0.0075587913645431,GaMo3,3004.518337654492,4636.979887733783
3744_FeI,FeI,P-6m2,0.5974285370116457,FeI,4136.044296051857,3761.020242630525
3745_Ca2Cu2,Ca2Cu2,Cmcm,-0.1472054650268024,CaCu,2489.556473403845,1500.0
3746_CuIr2,CuIr2,I4/mmm,0.258956206583683,CuIr2,4946.784677887405,8021.939372293406
3748_Au4Nb2,Au4Nb2,C2/m,-0.0768398583593246,NbAu2,2512.184480882672,2488.5187771466
3750_Mn2Ge2,Mn2Ge2,Cmcm,0.1626999725298628,MnGe,3706.694768680614,1856.937696450827
3751_Ag8K4,Ag8K4,P6_3/mmc,0.0051023062900457,KAg2,1276.713061447283,2289.871512788486
3752_Al42Pd16,Al42Pd16,I4_1/a,-0.5514900207285938,Al21Pd8,2560.650634583696,5202.846526303671
3753_Pb3Sr,Pb3Sr,I4/mmm,-0.3053776900756442,SrPb3,2885.316262936747,1948.253010349398
3754_Al3Cu2,Al3Cu2,P-3m1,-0.1646769696389171,Al3Cu2,1600.0,1305.45584370153
3755_PbGe,PbGe,Fm-3m,0.1222864572366444,GePb,3374.899942824472,1825.957690108634
3757_Cr2Bi2,Cr2Bi2,P6_3mc,0.7851509186435619,CrBi,4861.679231654958,5621.450245520191
3758_Eu3Pd,Eu3Pd,Pm-3m,-0.3023895575627371,Eu3Pd,8307.697506010898,4027.346384213746
3759_NiRh5,NiRh5,Pmmm,0.0241607385453797,NiRh5,2974.736964405869,7334.450122108248
3772_Mo10Ge6,Mo10Ge6,P6_3/mcm,-0.1450532842163383,Ge3Mo5,3305.891459533844,4237.920357787907
3773_Ge2P2,Ge2P2,C2/m,0.4919381840765435,GeP,4313.515071482493,2856.591445835158
3774_W4Sb2,W4Sb2,Cmcm,0.5123617666159177,SbW2,7223.896698267407,4076.103301732593
3775_Cu2I2,Cu2I2,P6_3mc,-0.2441904427747188,CuI,3798.916867991978,3698.916867991978
3776_Cu4K2,Cu4K2,Fd-3m,0.3419753359349879,KCu2,1623.526222649577,2840.99469102589
3777_Eu3Fe,Eu3Fe,Fm-3m,0.4686251092821969,Eu3Fe,8725.188915399904,2914.481852983075
3778_InMo,InMo,R-3m,0.4716348834971979,InMo,2890.3073667429,3502.206321942702
3780_AgBa,AgBa,P4/mmm,-0.2376321169705488,BaAg,2208.1298491977,1904.06492459885
3782_Ga6Sb2,Ga6Sb2,Cmcm,0.2322455614496541,Ga3Sb,6383.041377455587,2451.900860909742
3783_GaSb3,GaSb3,Immm,0.1770898010176713,GaSb3,7515.324032248052,3159.577520155033
3784_CuW2,CuW2,Immm,0.532183823929414,CuW2,6204.249279959929,3887.388515534778
3785_Sb2Br,Sb2Br,I4/mmm,0.0393010609795823,Sb2Br,6763.54012070842,4264.697734243594
3787_AuBr3,AuBr3,Fm-3m,0.4834805601449372,AuBr3,2307.676395037376,4238.768513963872
3788_Cu12Pb12,Cu12Pb12,Pbcm,0.2586636069044156,CuPb,2441.8222245204,1729.587879414654
3789_Mn4Rh2,Mn4Rh2,Cmcm,0.0155560353019161,Mn2Rh,2373.792507143123,4798.445965179601
3790_MnPd3,MnPd3,Cmmm,-0.1677646712931579,MnPd3,2965.095320046368,7089.744365179674
3791_Fe3Na,Fe3Na,Pmmm,0.7118915968889912,NaFe3,2243.134831355823,1291.401037092493
3792_Cu2W,Cu2W,Immm,0.7723792866705873,Cu2W,4792.775269190691,3155.513102543321
3794_Ag2Sn,Ag2Sn,I4/mmm,0.032167906632529,Ag2Sn,1696.922675800965,1470.988953685852
3795_Ca3Ga,Ca3Ga,P4/mmm,-0.0297621651322841,Ca3Ga,4487.273962001927,1646.818490500482
3796_Cu3V,Cu3V,Pm-3m,0.2278824626723592,VCu3,1958.476402178165,1900.650096552067
3797_Au4Nb2,Au4Nb2,Cm,0.0185439151225352,NbAu2,2512.184480882672,2488.5187771466
3798_Ga4Sr,Ga4Sr,I4/mmm,-0.4463342416331709,SrGa4,5189.216178460732,2162.970925917842
3799_Ga2Ta6,Ga2Ta6,Pmmn,-0.0167889698066012,Ta3Ga,2664.227474091635,4469.918851604456
3801_Na4P2,Na4P2,I4/mcm,-0.2358167291925571,Na2P,1462.250684468887,2351.503498396535
3802_NaBr5,NaBr5,Cmmm,-0.4678710658109493,NaBr5,3180.292726716854,6551.760659539937
3805_FeSn,FeSn,R-3m,0.2022509167831438,FeSn,2536.014436710492,1536.014436710492
3806_Ag4Pd6,Ag4Pd6,Fdd2,0.0226663836828961,Ag2Pd3,2393.503358153438,5338.561081906346
3807_Pd6Sr2,Pd6Sr2,Cmcm,-0.375023231360875,SrPd3,3415.346047974833,6923.269760125835
3808_In3W,In3W,C2/m,0.5152056352826531,In3W,4587.555792797193,2800.372519846904
3809_Ni2Sr2,Ni2Sr2,Fd-3m,0.4626434563326298,SrNi,2916.324820556422,2398.277259635823
3810_AgMo3,AgMo3,P4/mmm,0.4025494275119783,AgMo3,2072.869092381324,4236.824550239305
3811_Ag2Sn2,Ag2Sn2,P4/nmm,0.0142127378141592,AgSn,1933.495102353183,1504.785014621883
3812_AgSn,AgSn,P4/mmm,0.0299293164035243,AgSn,1933.495102353183,1504.785014621883
3813_Cu24As8,Cu24As8,I-43d,0.0163710169351274,Cu3As,2079.616327182297,2205.318128209261
3814_W2Sb6,W2Sb6,Pmmn,0.6963800044215294,Sb3W,7598.688811188811,3701.311188811189
3815_FeMo3,FeMo3,Immm,0.2095670596886858,FeMo3,2400.0,4666.256383396622
3816_Mo2Na,Mo2Na,I4/mmm,0.7765980918076991,NaMo2,2260.907841227985,4786.428952226406
3817_Na2Rh4,Na2Rh4,Cmcm,0.2454819018463692,NaRh2,2988.993211692754,7246.404327474122
3818_FeP5,FeP5,Amm2,0.1148882220658234,FeP5,2106.011086791132,4119.397447182033
3819_P2As4,P2As4,Cmcm,0.3096385535205896,As2P,3077.311319941323,4188.428883126573
3820_Al3Fe,Al3Fe,I4/mmm,-0.1803985331203383,Al3Fe,1926.603739170675,1163.301869585337
3821_InK2,InK2,Fm-3m,0.1273937393592102,K2In,2651.787066885096,4106.692032623439
3822_Mn6Ta10,Mn6Ta10,I4/mcm,0.0135820767479337,Ta5Mn3,2192.132660288014,4337.711401234347
3823_Ga2Pd2,Ga2Pd2,Imma,-0.5766066931495129,GaPd,4110.41313024077,5585.426045883174
3824_MoSr2,MoSr2,I4/mmm,0.954402009198068,Sr2Mo,3563.183125599233,3813.710450623202
3826_CsSm,CsSm,P-6m2,0.323942724359175,CsSm,7857.83333784659,4460.652377212824
3830_Mn6Br2,Mn6Br2,Pmmn,0.6461421765977988,Mn3Br,2155.074514604322,3465.223543812966
3831_Na4P2,Na4P2,P4_2/mnm,-0.1461563225130477,Na2P,1462.250684468887,2351.503498396535
3832_CuPb3,CuPb3,Immm,0.1775907872946192,CuPb3,2597.977073499663,1772.175565499908
3834_Ni5P,Ni5P,P4/mmm,-0.0728238679233352,Ni5P,1095.46815822113,1843.685369596068
3835_Fe2Br2,Fe2Br2,Pmma,0.555203703580994,FeBr,2929.754178667983,4637.38664741545
3837_In2W4,In2W4,I4_1/amd,1.250886245647976,InW2,6119.526713064096,3752.678767580384
3838_CrI2,CrI2,C2/m,-0.4092368593035083,CrI2,4593.945593571642,4680.978841944528
3839_GaP,GaP,R-3m,0.3834919186626027,GaP,4423.419533589372,2884.302140718288
3840_Al2In,Al2In,I4/mmm,0.1387528894089046,Al2In,2756.472059771876,1680.277682218751
3841_InTa4,InTa4,Im-3m,1.5870665708125742,Ta4In,2436.914734762372,4416.638742665359
3842_MnP,MnP,Pm-3m,-0.3775156260053043,MnP,1744.211898604344,2989.74816348584
3843_Ir4Ta6,Ir4Ta6,Fdd2,-0.344838574125113,Ta3Ir2,3626.667167343753,6582.709006118168
3844_Al8Fe,Al8Fe,I4/mmm,-0.0512620528078302,Al8Fe,1764.432986831263,1082.216493415632
3845_P2Br4,P2Br4,Cmcm,-0.0074376607961076,PBr2,3088.942663188109,6607.766764414306
3847_W4Sb2,W4Sb2,Pnnm,0.6877308191738637,SbW2,7223.896698267407,4076.103301732593
3848_AlBr3,AlBr3,Fm-3m,0.0587533733797673,AlBr3,3128.010022812003,6303.093608582836
3849_SnSb,SnSb,F-43m,-0.06644948616947,SnSb,5283.611261279993,2511.415145340375
3850_AgW,AgW,Pm-3m,1.187984958539951,AgW,4855.269203951071,3227.634601975536
3851_P12Br12,P12Br12,Pbcm,0.0127132869675463,PBr,2936.844306074649,6397.169039180282
3852_Ag4Mo,Ag4Mo,I4/m,0.4949321417975973,Ag4Mo,1418.288217502495,2109.436706883109
3853_Sn2P4,Sn2P4,Pnnm,-0.056001519449877,SnP2,2394.259803981372,2800.151143441997
3855_CuSr3,CuSr3,P4/mmm,0.0230810902990548,Sr3Cu,3693.821804746236,2707.974118122829
3856_Al2K,Al2K,I4/mmm,0.2835629885431574,KAl2,1642.013455180201,3604.834221172476
3858_PI3,PI3,Pm-3m,0.8190091040477483,PI3,4681.815135595238,4822.570848041872
3861_FeRb,FeRb,Amm2,1.4476931142635006,RbFe,4577.326328542072,4182.139197581536
3862_InP,InP,R-3m,0.0171562093145318,InP,3023.812305663745,2658.601424955684
3863_BaBr2,BaBr2,Fmmm,-11.34664136590266,BaBr2,3161.348881821395,4774.016187928046
3864_AlSr3,AlSr3,Pm-3m,0.0458020447738753,Sr3Al,3957.964297668133,2813.818690513948
3866_FeAs,FeAs,Pm-3m,0.1233376778550159,FeAs,2915.647267727386,2889.64766232356
3867_AuTa3,AuTa3,Pm-3m,0.0237207956110818,Ta3Au,1980.512812712483,3788.290573589531
3868_Au16Yb20,Au16Yb20,Pnma,-0.9813941101488048,Yb5Au4,5496.484342772957,2099.121085693239
3869_NiPt,NiPt,P4/mmm,-0.1186682531105658,NiPt,4459.244203778587,7342.279099714947
3870_FeGe,FeGe,P-6m2,-0.1988810521886597,FeGe,4039.537689224423,1682.678911935245
3871_Pb2V4,Pb2V4,Cmcm,0.4576023331878953,V2Pb,2897.777943141487,2327.407848377297
3872_P3Br,P3Br,Pmmm,0.8758684315881653,P3Br,2601.04167858863,5932.211554968871
3873_Cu2Ga2,Cu2Ga2,P4/nmm,-0.0164941734962384,GaCu,3640.382234428111,1709.269972761857
3874_Sn3As,Sn3As,Pm-3m,-0.1805342987981388,Sn3As,2721.667846726471,2017.146903062185
3875_In4K,In4K,Im-3m,0.5600406304992827,KIn4,3174.476308078551,2407.951998744709
3876_Fe10Pb6,Fe10Pb6,Cmcm,0.8850088092175019,Fe5Pb3,2607.010240612772,1676.013654150362
3877_Cu4Pd6,Cu4Pd6,Fdd2,-0.0477099033245785,Cu2Pd3,2744.424131627057,6149.223034734918
3879_Cu2Ge2,Cu2Ge2,Pmmn,0.1737348240279024,CuGe,3573.536193147606,1713.355264124066
3880_V2Ge2,V2Ge2,P4/nmm,-0.2034460607797328,VGe,4475.580487370683,2518.314634471988
3881_VBr3,VBr3,P4/mmm,-0.044573140622091,VBr3,3300.0,6286.571123347903
3882_KPd3,KPd3,P4/mmm,0.2268438239013788,KPd3,3036.344100304081,7912.71685349551
3884_As18Br6,As18Br6,Pmmn,0.0226532074799372,As3Br,3300.0,4760.568853784831
3885_BaGe8,BaGe8,I4/mmm,0.0751645538209276,BaGe8,4860.368266552718,1976.457692773441
3886_Pb6V2,Pb6V2,Pmmn,0.613132292092458,VPb3,2745.446860900034,1921.191629066756
3887_SmSb,SmSb,R-3m,-1.5775718023941758,SmSb,8784.08055269734,3234.234896369249
3888_FeP5,FeP5,Cmmm,-0.1254662331799127,FeP5,2106.011086791132,4119.397447182033
3889_CuAs7,CuAs7,Fm-3m,0.5110070369431146,CuAs7,3116.27769656046,3729.820142000676
3890_IrNi,IrNi,Pm-3m,0.1231103774781239,NiIr,4447.352122510664,7322.19469579579
3891_KP2,KP2,Fmmm,-0.2278657130216874,KP2,1883.91910189183,5912.566286757185
3892_BaIn3,BaIn3,C2/m,-0.1502425738916377,BaIn3,3214.487910482148,2085.512089517852
3894_CaI3,CaI3,Pm-3m,-0.787452079627013,CaI3,4804.75566029259,4485.693678965547
3895_Ni2Sn2,Ni2Sn2,Pmmn,-0.1151318649780357,NiSn,2070.64464378924,1566.915290236828
3896_K2P2,K2P2,Cmcm,0.1540928379601198,KP,1832.608179847769,6271.742741065619
3897_BaPb3,BaPb3,Pmmm,-0.2594454125591254,BaPb3,2754.284667695312,1890.474446158853
3898_Ag5Pt7,Ag5Pt7,Imm2,0.0384508224427128,Ag5Pt7,4282.544493784282,6919.905256311389
3899_Cu4Pd8,Cu4Pd8,I4_1/amd,-0.0814270191338154,CuPd2,2832.131873539181,6505.535736252921
3900_Eu2Ga4,Eu2Ga4,Imma,-0.7244935671849531,EuGa2,7585.91331800556,2525.773995401668
3902_Ga4P3,Ga4P3,I4/mmm,0.0203795103231487,Ga4P3,4625.301560633313,2699.724287420972
3903_AlGa2,AlGa2,I4/mmm,0.0353028648597616,AlGa2,4867.724828323574,1754.090344997748
3905_AlCe3,AlCe3,Pm-3m,-0.1653339908128144,Ce3Al,9023.49635660747,2973.334474541226
3906_Al2Fe,Al2Fe,I4/mmm,-0.36144122023592,Al2Fe,2006.855316468469,1203.427658234234
3907_Nb4Sr16,Nb4Sr16,I-43m,0.909109010293352,Sr4Nb,5101.014221501346,4215.321508071583
3908_Al2Fe4,Al2Fe4,Fd-3m,-0.1664737846228483,AlFe2,2244.342746190602,1322.171373095301
3909_Ba2Ge,Ba2Ge,I4/mmm,-0.2536671172700515,Ba2Ge,3481.067913640893,2216.336015018976
3911_Fe4Ir,Fe4Ir,I4/m,0.0552875162944161,Fe4Ir,3833.775267867671,4961.312762122922
3912_P4Br2,P4Br2,Cmcm,0.1837938368234185,P2Br,2732.281170274914,6113.927774226804
3913_Cu7As,Cu7As,Fm-3m,0.0252278097608709,Cu7As,1845.056831868636,1860.377693924466
3914_SbGe,SbGe,Pm-3m,-0.0133631114332759,GeSb,6928.477366255143,2839.506172839506
3915_Cu8Ir16,Cu8Ir16,Fd-3m,0.4563536858166645,CuIr2,4946.784677887405,8021.939372293406
3916_CeIn,CeIn,P-6m2,-0.2702256979151656,CeIn,6707.62393403783,2604.578439909938
3918_Ga3V,Ga3V,P4/mmm,-0.0526355528457882,VGa3,5069.139654108541,2193.768417653266
3920_Ag3Mo,Ag3Mo,P4/mmm,0.3129424275328398,Ag3Mo,1474.411826537631,2291.838436247303
3921_Sb3Ge,Sb3Ge,P4/mmm,0.2677004968112384,GeSb3,7468.72488125685,3151.187431494337
3922_Cu2Ir2,Cu2Ir2,Fd-3m,0.2529828817891149,CuIr,4531.019342125327,7211.730000039099
3924_Al2Fe4,Al2Fe4,I4/mcm,0.0479176586642762,AlFe2,2244.342746190602,1322.171373095301
3925_Na2Sn,Na2Sn,I4/mmm,-0.1466331125119874,Na2Sn,2181.216217842077,1292.891893084189
3926_InW,InW,P4/mmm,0.9132617318997428,InW,5577.548232426387,3415.773225562349
3979_Ni3V,Ni3V,I4/mmm,-0.2523763540864658,VNi3,1516.098020585697,1926.341843092533
3980_SrI,SrI,P-6m2,-1.1805649649666825,SrI,4614.093222092566,4064.811142523741
3981_CsBr,CsBr,Fm-3m,-1.9532013368567016,CsBr,4986.225479771559,6337.924840076146
3982_Cu2W2,Cu2W2,Cmme,0.2190544733619734,CuW,5612.902912856832,3580.764473333172
3983_AuCu,AuCu,Pm-3m,-0.0659880698796522,CuAu,1221.96340515148,1121.96340515148
3984_Mo3Sn,Mo3Sn,P4/mmm,0.2320871808682163,SnMo3,2458.401593978304,4219.570511401373
3985_Au3Cu,Au3Cu,Pm-3m,-0.0153363036812166,CuAu3,1148.549481890023,1048.549481890023
3987_Cs8Sb8,Cs8Sb8,P2_12_12_1,-0.6076108534631741,CsSb,6908.423181369896,4756.894593914882
3988_Ag4Ba2,Ag4Ba2,Imma,-0.2866839690043905,BaAg2,1900.125246627093,1750.062623313546
3989_K3V,K3V,Imm2,0.8662796318159853,K3V,2184.475416735023,6049.37088525432
3990_TaV3,TaV3,Fm-3m,0.0534170211823017,TaV3,2757.870420554271,4158.98141122402
3991_CeAs,CeAs,Fm-3m,-1.7374966219490622,CeAs,7339.847914969289,3413.570463956071
3992_CaTa,CaTa,Fm-3m,2.085022014389096,CaTa,2590.123491421004,4201.620298944178
3993_Ag4Nb2,Ag4Nb2,Fd-3m,0.5543828981923381,NbAg2,3397.415970657081,3627.517559296219
3994_BaNi3,BaNi3,P4mm,0.3882233707854299,BaNi3,1876.348724598541,1850.539489839417
3995_CrSn,CrSn,Pm-3m,0.2876573438924481,CrSn,2752.297135251757,2361.485676258786
3996_Mo12W4,Mo12W4,Pnma,0.2400632513012386,Mo3W,4192.952550566087,4910.227706398678
3997_Mn3Ta,Mn3Ta,Immm,0.0642209454664826,TaMn3,1966.331495378404,3369.992123050301
3998_AgSr2,AgSr2,I4/mmm,-0.1903265589472257,Sr2Ag,3056.957869817971,2390.377530569584
3999_GaAs3,GaAs3,Imm2,0.3380044080014444,GaAs3,3820.872511526793,3502.803511724424
4000_MnTa2,MnTa2,Fmmm,0.0306398640400852,Ta2Mn,2207.741092400123,4404.604681714814
4001_KSr5,KSr5,F-43m,0.1226925396156953,KSr5,3995.167438777548,3344.118702853719
4002_NiAs,NiAs,Fm-3m,-0.3012501129468337,NiAs,2289.673165438012,2901.818658084796
4003_Na4P20,Na4P20,Pnma,-0.278409981598901,NaP5,1883.667167275486,4505.409966074705
4004_Na12P4,Na12P4,Pnma,-0.3687060882754256,Na3P,1378.922649110415,1925.604651008787
4005_Mn2Sb2,Mn2Sb2,Cmcm,0.1044043826542004,MnSb,5941.23648623277,2902.536250471815
4006_Ga3As,Ga3As,Imm2,0.0935757977451485,Ga3As,4919.80649834947,2453.821069757324
4007_Ni4Ge2,Ni4Ge2,Pnnm,-0.1756610055196823,Ni2Ge,2643.726042852903,1652.904748172363
4008_V8As4,V8As4,Pa-3,0.1239380017364091,V2As,3300.0,3654.252208370144
4009_Ag2Ba2,Ag2Ba2,Cmcm,-0.2761736007103255,BaAg,2208.1298491977,1904.06492459885
4010_Fe3Ta,Fe3Ta,P4/mmm,-0.1127685116032299,TaFe3,2348.075532433616,3165.431897257047
4011_SrBr,SrBr,Fm-3m,-1.3925750242942536,SrBr,3770.726582459827,4860.184809340752
4012_Na2Pd4,Na2Pd4,Cmcm,-0.009570242687688,NaPd2,2995.282352879382,7268.86554599779
4013_MoRh2,MoRh2,Immm,-0.1614324447944059,MoRh2,2945.64458775613,7141.55048367694
4014_Ta2P6,Ta2P6,I4/mmm,-0.1821465687261643,TaP3,2198.212762659086,4901.787237340914
4015_Ta5Sb4,Ta5Sb4,I4/m,0.0942704375860425,Ta5Sb4,4259.66688399038,4310.083279002405
4017_Cu8In,Cu8In,I4/mmm,0.0159428749984079,InCu8,1913.21403240766,1592.121774237547
4018_Na3Pd,Na3Pd,Immm,-0.0141660341409721,Na3Pd,2374.205382028606,5050.733507245022
4019_Mo4W4,Mo4W4,Pnma,0.4015146948815431,MoW,5422.603474158268,4642.912288226464
4020_Pt2V4,Pt2V4,Cmcm,-0.1754896770449102,V2Pt,4745.227247471941,7144.452413904575
4021_CeMo,CeMo,Fm-3m,1.5109984231473377,CeMo,6614.354221032298,3994.143762497034
4022_KP,KP,F-43m,0.712586257773205,KP,1832.608179847769,6271.742741065619
4023_Pb2P2,Pb2P2,P4/nmm,0.3564752675865845,PPb,2608.967162386258,2229.154805893354
4024_AuRh2,AuRh2,Immm,0.1829427448860971,Rh2Au,2173.056528627095,4576.855095423649
4025_Fe3W,Fe3W,Immm,0.0411978976634284,Fe3W,4806.727854855923,2917.284951974386
4026_BaIn5,BaIn5,P4/mmm,-0.1550668724833904,BaIn5,3242.090082188084,2057.909917811916
4027_Na2Sr2,Na2Sr2,Fd-3m,0.1054436255100468,NaSr,3555.678207884243,2480.385651519551
4028_Au5Ni,Au5Ni,Amm2,0.0825313759901096,NiAu5,1094.375474475968,1028.122627620161
4029_VW5,VW5,F-43m,0.4316567842693999,VW5,6805.715403371571,4252.741584603896
4031_Mn4P2,Mn4P2,Pnnm,-0.0374880990532998,Mn2P,1687.962497823569,2525.690607044443
4032_K3P,K3P,Pm-3m,-0.030217587200664,K3P,1762.670887257349,6761.303789198556
4033_Ni3Yb,Ni3Yb,I4/mmm,-0.0804497372718122,YbNi3,5212.990253786519,2293.033459536286
4034_Au2Na4,Au2Na4,Fd-3m,0.066824322316533,Na2Au,1100.0,905.370909166255
4035_Al3In,Al3In,Fm-3m,0.2005794903275313,Al3In,2597.078013094265,1586.516478290745
4036_Na6Pd2,Na6Pd2,I4/mmm,-0.0136777169854349,Na3Pd,2374.205382028606,5050.733507245022
4037_Ca8Br16,Ca8Br16,Fd-3m,-1.8897337814623807,CaBr2,3420.302572466306,5817.276847803248
4038_Ga2K2,Ga2K2,Fd-3m,0.085636318940012,KGa,4134.701662266486,3804.231892102006
4039_NaBr,NaBr,Pm-3m,-1.5671150316488234,NaBr,2808.449415645705,5470.034663696596
4040_Na3V,Na3V,Pmm2,0.63313957064004,Na3V,2034.622174754586,1732.001957631045
4042_V4W8,V4W8,Pa-3,1.3927489663079091,VW2,6549.751864154135,4190.480183172627
4043_AlBa5,AlBa5,P4/mmm,-0.0042544079372278,Ba5Al,2947.066593896343,2250.847551475175
4045_AlAs3,AlAs3,Fm-3m,0.3084391696072028,AlAs3,3117.798281098814,3678.46755488026
4047_Au3Cu,Au3Cu,Pm-3m,0.80561609820449,CuAu3,1148.549481890023,1048.549481890023
4048_Na4Rh16,Na4Rh16,I23,0.5542941585464085,NaRh4,3088.915765976654,7603.270592773764
4050_Au3Ni,Au3Ni,Cmmm,0.0700246573522385,NiAu3,1090.964590084543,1045.177049577283
4051_Al8As4,Al8As4,Pa-3,0.1096141093467484,Al2As,2588.222361005378,2743.921813538902
4053_Mo18V6,Mo18V6,Pmmn,0.2154315725919993,VMo3,2535.338136122316,5014.28615707511
4054_MnTa2,MnTa2,Fmmm,0.0326198714318716,Ta2Mn,2207.741092400123,4404.604681714814
4055_Al16As8,Al16As8,Fd-3m,0.1657365845596465,Al2As,2588.222361005378,2743.921813538902
4056_Ni6As4,Ni6As4,Fdd2,-0.1381767844322986,Ni3As2,2057.424413221021,2649.374362196761
4058_SrAs,SrAs,P4/mmm,-0.862153859829148,SrAs,3785.155800115171,3460.937999872032
4059_Pb2P6,Pb2P6,Pmmn,0.0608281721851131,P3Pb,2483.27128652914,2821.721077791197
4060_VAs5,VAs5,Amm2,0.1273263648936259,VAs5,3300.0,3928.175453149398
4061_Mn5V,Mn5V,Amm2,0.1339017868412367,Mn5V,1865.946292548737,2050.302392987047
4062_Cu4In16,Cu4In16,I-43m,0.1786766166937521,In4Cu,3093.373219743773,1939.227417571698
4063_Fe2Ta2,Fe2Ta2,Imma,-0.0429836756126427,TaFe,2323.583901678125,3998.147342943757
4064_In5Mo,In5Mo,Amm2,0.2891137401028671,In5Mo,3171.13114338164,2472.519140933989
4065_Mo4Rh2,Mo4Rh2,Pnnm,0.7288084832143985,Mo2Rh,2679.268824280706,6242.532281947382
4067_PdBi,PdBi,Pm-3m,-0.3015815765160319,BiPd,4591.433999449589,6674.824762428963
4068_Ni4Ge5,Ni4Ge5,I4/mmm,0.1658968720271679,Ni4Ge5,3611.754097505308,1742.953869535377
4069_Ba5P,Ba5P,F-43m,0.3985963186882178,Ba5P,2956.837536495966,2420.854897811295
4070_Mn2Sb2,Mn2Sb2,Cmcm,0.2133661323603402,MnSb,5941.23648623277,2902.536250471815
4071_Fe4As,Fe4As,I4/mmm,0.4298662774482622,Fe4As,2626.044513338178,2053.01748297696
4072_KPd5,KPd5,Cmmm,0.2378287882718357,KPd5,3097.325587278534,7945.240313215219
4073_Cu24In5,Cu24In5,I-43m,0.0511636891329517,In5Cu24,2064.917963751802,1636.740577574059
4074_K2Mo2,K2Mo2,Imma,1.1300388461502564,KMo,2197.325573559501,5850.116300338497
4075_GaPb3,GaPb3,P4/mmm,0.0396178590203546,GaPb3,2982.39245620354,1810.085444864412
4076_InSr,InSr,Fm-3m,-0.1074781430223197,SrIn,3689.54148924609,2432.8238769401
4077_Mo4Rh8,Mo4Rh8,I4_1/amd,-0.1778144107156573,MoRh2,2945.64458775613,7141.55048367694
4078_Cu16In4,Cu16In4,I-43m,0.1568465307846374,InCu4,2128.968948677785,1655.57910255229
4079_Al2As,Al2As,Fm-3m,0.2365133531478314,Al2As,2588.222361005378,2743.921813538902
4080_MoSn2,MoSn2,I4/mmm,0.0805992023603892,Sn2Mo,2542.44060475162,2664.848812095032
4081_BaIn,BaIn,Pm-3m,-0.3934987706890727,BaIn,3136.609490570901,2163.390509429099
4082_Mo3W,Mo3W,Cmmm,0.4366388836053136,Mo3W,4192.952550566087,4910.227706398678
4083_Fe6Ta10,Fe6Ta10,I4/mcm,-0.0784120095070566,Ta5Fe3,2315.624265579781,4268.774970287456
4084_Ta2Sb4,Ta2Sb4,Cmcm,0.0578058763603053,TaSb2,5512.756640149074,3996.810839962732
4085_Ga2Mn4,Ga2Mn4,I4_1/amd,0.4832637774343287,Mn2Ga,3114.037181368793,1838.821466188944
4086_Sn8W4,Sn8W4,I4_1/amd,0.4984100343295215,Sn2W,4520.18231021222,2778.293690357499
4087_AuNi3,AuNi3,Pmmm,0.0985591715563041,Ni3Au,1052.799430357752,1236.002848211239
4088_Fe7Ge,Fe7Ge,Fm-3m,0.1567704748029283,Fe7Ge,2854.435827463839,1478.351004735145
4089_Al3Mo,Al3Mo,Pmmm,-0.1944689772432752,Al3Mo,2033.909979411562,3332.266139337144
4090_Cu2Sb2,Cu2Sb2,P4/nmm,0.0947745338992556,CuSb,5739.57454156908,2748.44311571131
4091_Ca2Pd,Ca2Pd,I4/mmm,-0.4987472775199446,Ca2Pd,3500.731069376554,5207.497212931995
4092_Au6Pb10,Au6Pb10,I4/mcm,-0.0606662388242571,Pb5Au3,2118.870427518001,1509.435213759
4095_Ir2Pb2,Ir2Pb2,Cmcm,0.3368817978345504,IrPb,4047.482956408966,5313.080564923375
4096_InRh,InRh,Pm-3m,-0.4297782565255268,InRh,3252.735694585104,4835.85832489373
4097_Mn3Sb,Mn3Sb,Immm,0.2143725397026807,Mn3Sb,4276.752387301108,2479.810130108218
4098_Ca4W4,Ca4W4,P2_13,1.7124751815438843,CaW,6445.145990943113,3798.841540206683
4099_CuW,CuW,F-43m,2.2610068203752807,CuW,5612.902912856832,3580.764473333172
4100_Pt4V8,Pt4V8,Pnma,-0.2722998168753759,V2Pt,4745.227247471941,7144.452413904575
4101_NiGe2,NiGe2,I4/mmm,0.0045054710163607,NiGe2,4062.673858454093,1784.899893809683
4102_Fe2Mo2,Fe2Mo2,P4/nmm,0.1543280102061235,FeMo,2400.0,3865.105247554106
4103_AgMo,AgMo,Pm-3m,0.9627148163233477,AgMo,1764.884042938409,3235.873139549832
4104_CaW3,CaW3,Pm-3m,1.1974411247556669,CaW3,6789.98948610374,4110.313084222733
4105_CrIr,CrIr,Fm-3m,0.71516585690547,CrIr,4989.009230053589,8035.435895944977
4106_Rh3As,Rh3As,Pmmm,-0.0143576654625379,AsRh3,3219.529238623588,7218.830455056472
4107_Mn3W5,Mn3W5,Cmmm,0.1556870506274474,Mn3W5,6178.980882015897,3919.898556488841
4108_CuIn,CuIn,Fm-3m,0.2413165592473523,InCu,2694.338543652306,1821.864277544796
4109_RbTa,RbTa,P-6m2,1.5587009498917554,RbTa,3486.982913318015,5184.967431346383
4110_Na2Pb2,Na2Pb2,Imma,-0.1562603921855645,NaPb,2540.203016132933,1670.164950608008
4111_Ba5V,Ba5V,Cm,0.5603798148423765,Ba5V,3020.719816859675,2375.972661818808
4112_Pd2Rb,Pd2Rb,I4/mmm,0.1444467522241363,RbPd2,4002.224547933376,7426.982465761875
4113_Cu2Mo2,Cu2Mo2,Pmmn,0.2552253731582725,CuMo,2081.246002783943,3785.918513223732
4114_Ag2Nb,Ag2Nb,Immm,0.3134987729553824,NbAg2,3397.415970657081,3627.517559296219
4115_Al2In,Al2In,P4/mmm,0.2284985677949282,Al2In,2756.472059771876,1680.277682218751
4116_BaIn,BaIn,Pm-3m,-0.3942991436374097,BaIn,3136.609490570901,2163.390509429099
4117_CaGe3,CaGe3,Fm-3m,-0.0378530245933212,CaGe3,5082.520794734843,1837.863084209955
4119_Al5K4,Al5K4,I4/mmm,0.221806964842009,K4Al5,1653.687854640391,4328.646987704223
4120_Cu8Sb4,Cu8Sb4,Pa-3,0.4144417011578489,Cu2Sb,4682.506871554177,2429.644929516339
4121_NaP3,NaP3,Cmmm,0.3117392660306839,NaP3,1821.49422846666,4187.637167718485
4122_Al2Sr6,Al2Sr6,Pmmn,0.03583471460575,Sr3Al,3957.964297668133,2813.818690513948
4123_Au2Pb4,Au2Pb4,I4_1/amd,0.2124181947602489,Pb2Au,2184.521191736933,1542.260595868466
4124_Al3Ta,Al3Ta,I4/mmm,-0.3367066690608897,TaAl3,2083.646985046602,3625.512204538699
4125_InRh4,InRh4,Im-3m,1.09674590170157,InRh4,3221.810272775625,6691.383633462502
4126_Ba4Cu2,Ba4Cu2,Pnnm,0.0315725948119934,Ba2Cu,2736.947368421052,2149.684210526316
4128_Mn8Sb4,Mn8Sb4,Pnma,0.1912105869806796,Mn2Sb,4911.608307669154,2641.0433797255
4129_Al5Fe,Al5Fe,Amm2,-0.0528174990306299,Al5Fe,1834.209013237889,1117.104506618944
4130_Au3Na,Au3Na,P4/mmm,-0.1153779668336403,NaAu3,1100.0,981.2753189553666
4131_W3Sb,W3Sb,Pmm2,0.5330850639774898,SbW3,7162.761406844107,4137.238593155894
4132_AuV5,AuV5,F-43m,0.1040210577935312,V5Au,2340.621364960404,2353.40512541135
4133_Ir6Ta6,Ir6Ta6,Pmma,-0.5934999130302536,TaIr,3948.318030356982,7014.927353292196
4134_Sb4Ge2,Sb4Ge2,I4/mcm,0.2734004992760119,GeSb2,7302.631578947367,3055.364372469635
4135_Sm3W,Sm3W,I4/mmm,0.0611845420881635,Sm3W,8776.129276129275,3447.457947457947
4136_CuYb,CuYb,Pm-3m,-0.2513605341934943,YbCu,7378.093378306408,2670.246760163323
4137_Pb5P,Pb5P,Amm2,0.1470081182557236,PPb5,2679.679319049647,1895.797495908808
4138_Na4P2,Na4P2,Cmc2_1,-0.2091135756894007,Na2P,1462.250684468887,2351.503498396535
4139_Ag4Ba8,Ag4Ba8,Pnma,-0.1623410645895558,Ba2Ag,2492.414401046527,2046.207200523264
4140_In6Rh2,In6Rh2,Pm-3n,-0.0876610181800892,In3Rh,3276.997135413465,3380.1718751921
4141_Ga8Pb,Ga8Pb,I4/mmm,0.0497634616121622,Ga8Pb,4741.605053177584,1872.914466184914
4142_Au3As,Au3As,Immm,0.1491817017053591,AsAu3,1347.555189759044,1337.575258762333
4143_Cu8In16,Cu8In16,Fd-3m,0.0794970944309702,In2Cu,2931.53194943755,1891.62704395222
4144_AuSb3,AuSb3,Pm-3m,0.7712758898898024,Sb3Au,5517.819755517264,2559.23050194727
4147_AgSn,AgSn,P4/mmm,0.0310844222511628,AgSn,1933.495102353183,1504.785014621883
4148_GeI,GeI,Pm-3m,0.1217367740047419,GeI,5045.611652380044,3744.315520244686
4149_Ba4Ni2,Ba4Ni2,Cmcm,0.1227738676787139,Ba2Ni,2647.854460541765,2159.141784216706
4150_Mo2Ni6,Mo2Ni6,Pmmn,-0.1130121420144583,Ni3Mo,1493.772153685646,2840.238702861037
4151_AuSb3,AuSb3,Fm-3m,0.22864339001835,Sb3Au,5517.819755517264,2559.23050194727
4152_MoP5,MoP5,P4/mmm,0.2074013164390062,MoP5,2153.008979230036,5176.504489615018
4153_Mo2Rh2,Mo2Rh2,P4/nmm,-0.0742199523069722,MoRh,2814.011883598069,6697.290107143485
4154_Cu2Ni2,Cu2Ni2,Pmmn,0.0196414447752104,CuNi,1311.909253481283,1500.0
4155_CaK,CaK,Fm-3m,0.4978925186275535,KCa,2813.611017438299,4314.735091182589
4156_Fe2Ga2,Fe2Ga2,Cmcm,-0.0016789232952305,GaFe,4121.308772935779,1677.630447247706
4157_GaMn3,GaMn3,Pm-3m,0.208263872388593,Mn3Ga,2759.388682734612,1829.727914941913
4158_Sn4W2,Sn4W2,Cmcm,0.4186146885247837,Sn2W,4520.18231021222,2778.293690357499
4159_In4Mn2,In4Mn2,Pnnm,0.3757935799507077,MnIn2,2971.808873152856,1961.389279194454
4160_InRh,InRh,Pm-3m,-0.4304722861100893,InRh,3252.735694585104,4835.85832489373
4161_AuGe,AuGe,P-6m2,-0.0203678673486198,GeAu,2231.604475112029,1242.486673238292
4162_TaSb3,TaSb3,P4/mmm,0.1410275166388412,TaSb3,6044.898557722831,3863.775360569291
4163_AlBa3,AlBa3,P4/mmm,-0.0290267904209771,Ba3Al,2913.946747801135,2220.093408672482
4164_Sn2W4,Sn2W4,Cmcm,0.550858656015072,SnW2,5926.12101400111,3641.028804046136
4165_Ba2W2,Ba2W2,Cmcm,0.7883000138159826,BaW,5289.649932900952,3444.824966450476
4166_Pb2Ta4,Pb2Ta4,I4/mcm,0.7310696243836764,Ta2Pb,2445.634541364357,3707.740939767325
4167_Mn3Ta,Mn3Ta,P4/mmm,0.0919242943004228,TaMn3,1966.331495378404,3369.992123050301
4168_Fe3Mo4,Fe3Mo4,I4/mmm,0.2261068901686473,Fe3Mo4,2400.0,4114.815117133296
4169_Al3Mn,Al3Mn,Pm-3m,0.4621942741946689,MnAl3,1600.0,1323.444034295802
4170_Ni2Ta6,Ni2Ta6,Pm-3n,-0.0830495279921201,Ta3Ni,2173.155907406799,4478.011149571105
4172_Al5Mn24,Al5Mn24,I-43m,-0.1477738051154592,Mn24Al5,1600.0,1725.743352231556
4173_PdP8,PdP8,I4/mmm,0.4356433094713152,P8Pd,2360.531790149765,5971.285159528597
4174_Fe8Ge16,Fe8Ge16,Cmce,-0.0145605955894048,FeGe2,4494.77688004972,1761.168427594779
4176_Mo2W2,Mo2W2,Cmcm,0.4080368590916485,MoW,5422.603474158268,4642.912288226464
4178_Ca2Sb4,Ca2Sb4,Cmcm,-0.4487941170993181,CaSb2,7334.720978286166,3131.492464685929
4179_Rh4W2,Rh4W2,I4/mcm,0.1744026382173255,Rh2W,4992.865923608562,6254.314758591663
4181_Au6Sb2,Au6Sb2,Pm-3n,0.1268491665292348,SbAu3,2261.799933218338,1410.047035253531
4182_TaV,TaV,P-6m2,0.3810899222485702,TaV,2519.680176815342,4492.447752458522
4183_Au3Ta,Au3Ta,I4/mmm,0.0805848578988808,TaAu3,1381.321674974673,1890.851970753133
4184_SnW,SnW,Cmmm,0.763816548221854,SnW,5273.59444719881,3240.614774417451
4185_Au4V16,Au4V16,I23,0.4755917777020059,V4Au,2218.664253116896,2220.36100340025
4186_Pd3Rb,Pd3Rb,P4/mmm,0.2028508952207026,RbPd3,3791.285896348113,7577.65293117992
4187_Na4Pb2,Na4Pb2,Cmcm,-0.1531713600703626,Na2Pb,2409.426511658779,1563.909040722757
4188_Mn4Sb8,Mn4Sb8,Pa-3,0.3833065550035227,MnSb2,6740.340579527685,3105.483321784809
4189_Ag2Mo2,Ag2Mo2,Pmma,0.5144999072780223,AgMo,1764.884042938409,3235.873139549832
4190_KSb3,KSb3,Pmm2,-0.0872071987377549,KSb3,7300.537912148106,3767.412247393097
4191_CeBi,CeBi,Pm-3m,-20.51942767497456,CeBi,6985.744109649942,4836.033829051231
4193_K6Pd2,K6Pd2,Cmcm,0.0987713269920638,K3Pd,2413.542102023603,7580.555787745921
4194_PbTa3,PbTa3,I4/mmm,0.3900547148183602,Ta3Pb,2410.500237026208,3971.248222303438
4195_KBr,KBr,Fm-3m,-1.9000790488547985,KBr,2774.318731654766,6998.565237814732
4196_Ni2Sr2,Ni2Sr2,Pmma,0.1953395257108292,SrNi,2916.324820556422,2398.277259635823
4197_Rh2As6,Rh2As6,Pm-3n,0.2374773535485985,As3Rh,3268.594803984371,5256.207840625165
4198_Al5Fe,Al5Fe,Cmmm,-0.0580412148693868,Al5Fe,1834.209013237889,1117.104506618944
4199_Sm4Sb8,Sm4Sb8,Cmce,-1.2011228798766862,SmSb2,8510.785010663147,3285.477810500661
4200_Sr3Br,Sr3Br,Immm,-0.6682952205881987,Sr3Br,3990.195002975808,3909.15498710483
4202_V2Br2,V2Br2,Imma,0.2049389206913092,VBr,3300.0,5537.360474758399
4203_V4As2,V4As2,Cmcm,-0.3354524045812148,V2As,3300.0,3654.252208370144
4204_Ag5Pt5,Ag5Pt5,P1,0.037224391652122,AgPt,3968.955630624237,6358.362408327122
4205_MnRh3,MnRh3,Pmmm,-0.0543841615570341,MnRh3,2958.284687463482,7063.353163920995
4206_PbSb3,PbSb3,I4/mmm,0.2203488826656587,Sb3Pb,6017.942984907771,2820.905533817775
4207_K4Pd2,K4Pd2,Pnnm,0.0843341938906068,K2Pd,2564.656807676016,7661.150297427209
4208_Sb8P4,Sb8P4,Pa-3,0.2323574671258956,Sb2P,7234.246452566016,3591.827293328437
4209_PdGe2,PdGe2,Immm,-0.0960783464424916,Ge2Pd,4412.109654350417,4479.110051648789
4210_Mo2W4,Mo2W4,Cmcm,-0.0028610466844322,MoW2,6048.091109097969,4506.936715413485
4211_AgSr3,AgSr3,P4/mmm,-0.1333091971026072,Sr3Ag,3327.110913062454,2534.459153633309
4212_Fe16W8,Fe16W8,Fd-3m,0.5076754801286446,Fe2W,5261.516597299767,3203.999593949854
4213_CaSb,CaSb,P4/mmm,-0.8106477564381542,CaSb,6909.429182268688,2929.478861577627
4216_Pd2P,Pd2P,I4/mmm,-0.2964587169428299,PPd2,3047.553665161854,7631.588024141148
4217_Mo3Nb,Mo3Nb,Immm,-0.0921436769856338,NbMo3,3888.546493678741,6154.084053750097
4218_PbP3,PbP3,P4/mmm,0.5421844827604634,P3Pb,2483.27128652914,2821.721077791197
4220_IrSm3,IrSm3,I4/mmm,-0.5846968306787721,Sm3Ir,8304.80089290017,4892.798660649747
4221_Au2Mn,Au2Mn,I4/mmm,-0.089335500206479,MnAu2,1161.195780750309,1097.913249200495
4222_Ag4Na2,Ag4Na2,Pnnm,0.0165116819565905,NaAg2,1190.369816032596,1313.328344293365
4223_K8As8,K8As8,P2_12_12_1,-0.713846988178084,KAs,2751.347703339505,5097.304593320991
4224_FeMo2,FeMo2,I4/mmm,0.1637340308112816,FeMo2,2400.0,4420.817438692098
4225_CsMn,CsMn,Fm-3m,1.377763715437709,CsMn,4713.144708285081,4771.63813063576
4226_Au2V6,Au2V6,Pm-3n,-0.0374003777432081,V3Au,2061.184918074624,2048.565365172317
4227_Sn3Sb,Sn3Sb,Immm,0.0335006972881908,Sn3Sb,3950.369331854611,2058.615999497792
4228_Mo3Nb,Mo3Nb,Immm,-0.0910283442660997,NbMo3,3888.546493678741,6154.084053750097
4229_MoP3,MoP3,P4/mmm,-0.0003381909733004,MoP3,2203.196752562619,5201.598376281308
4230_NbPd2,NbPd2,P4/mmm,0.3503046510252652,NbPd2,4810.497609162208,8243.093978741466
4231_AuBa,AuBa,Pm-3m,-0.7055677220240955,BaAu,1880.515463640283,1534.03689617493
4233_Ir2Ni2,Ir2Ni2,Imma,0.1240748108296081,NiIr,4447.352122510664,7322.19469579579
4234_CaW3,CaW3,Fm-3m,0.877911644159294,CaW3,6789.98948610374,4110.313084222733
4235_Ag3Na5,Ag3Na5,Cmmm,-0.0012180582987706,Na5Ag3,1173.78909062428,1164.101815618522
4237_Mo3P,Mo3P,P4/mmm,0.0348839204519695,Mo3P,2361.136301029629,5280.568150514814
4238_Mn3Sb,Mn3Sb,Pm-3m,0.1085140340628285,Mn3Sb,4276.752387301108,2479.810130108218
4239_Sr3Ta,Sr3Ta,I4/mmm,0.8742473959707291,Sr3Ta,3425.338288270141,3733.890042691446
4241_Au8Rh4,Au8Rh4,Pnma,0.1711982711978444,RhAu2,1534.953188966757,2449.843963222522
4242_PtV5,PtV5,F-43m,-0.0809234845314452,V5Pt,4254.18610622922,5872.209457048433
4244_AgIr3,AgIr3,Pm-3m,3.4604658513367634,AgIr3,4822.395544200952,7886.61527682496
4245_Cu2Mn,Cu2Mn,Immm,0.4952616009620237,MnCu2,1600.0,1590.542270096126
4246_AuW4,AuW4,I4/m,0.4205974914697705,W4Au,5753.545382336948,3602.830468086767
4247_MnRh3,MnRh3,P4/mmm,0.0642769134889844,MnRh3,2958.284687463482,7063.353163920995
4249_AuRh,AuRh,Pm-3m,0.2785169400110483,RhAu,1820.645809796977,3402.152699323257
4250_Ba4Ca2,Ba4Ca2,Cmcm,0.0320475488332038,Ba2Ca,3114.606077551695,2198.12793106516
4251_Pd2P,Pd2P,I4/mmm,-0.2900332965915086,PPd2,3047.553665161854,7631.588024141148
4252_AlCu3,AlCu3,Imm2,-0.1649203732823112,AlCu3,1600.0,1438.007545706652
4253_Au2Ge4,Au2Ge4,I4/mcm,0.152505619377352,Ge2Au,2882.854980205806,1382.040352901244
4255_Au2Mn,Au2Mn,I4/mmm,-0.0971041462008267,MnAu2,1161.195780750309,1097.913249200495
4257_Fe2Sb2,Fe2Sb2,Imma,0.4179474835499421,FeSb,6170.614566031361,2771.13256946595
4258_Al5Ni,Al5Ni,Amm2,-0.1007123025640458,Al5Ni,1418.099993887948,1151.58333842671
4260_MoW,MoW,Pm-3m,-0.0115632644363721,MoW,5422.603474158268,4642.912288226464
4261_Mo4W16,Mo4W16,I-43m,0.9989554266022864,MoW4,6469.115842656081,4415.409599422591
4262_Ba2P,Ba2P,I4/mmm,-0.7444133013472781,Ba2P,2898.655273338683,2583.765234651687
4263_Ag2Sr,Ag2Sr,I4/mmm,-0.1945276093546164,SrAg2,2066.505536062532,1862.136285900017
4264_MoBr3,MoBr3,Imm2,-0.3920457264089467,MoBr3,3042.751421114726,6442.669193092846
4265_Ba2Ni6,Ba2Ni6,I4/mmm,0.6240558499667035,BaNi3,1876.348724598541,1850.539489839417
4266_IrMo3,IrMo3,Cmmm,0.0075335950078798,Mo3Ir,3641.305774346561,6821.600626618365
4267_Ba3Ge,Ba3Ge,P4/mmm,-0.2287610492721032,Ba3Ge,3344.74775133558,2240.043869332942
4268_In4W8,In4W8,Pnma,0.5404186690897484,InW2,6119.526713064096,3752.678767580384
4269_AuNi2,AuNi2,Immm,0.1135973976274199,Ni2Au,1062.657693037163,1186.711534814186
4270_Mo2V6,Mo2V6,Cmcm,-0.0734245459992521,V3Mo,2952.900634937863,4132.765326242289
4271_MnBr2,MnBr2,P-3m1,-0.985413620866448,MnBr2,2865.092449083288,5595.277347249865
4272_RbW,RbW,F-43m,3.473318277164075,RbW,6682.63897295214,4839.513745981365
4273_AgSr3,AgSr3,P4/mmm,-0.1419343204578349,Sr3Ag,3327.110913062454,2534.459153633309
4274_Fe8W4,Fe8W4,Pa-3,1.27481575434075,Fe2W,5261.516597299767,3203.999593949854
4275_Ta2P4,Ta2P4,I4/mcm,-0.5957414793266563,TaP2,2223.488642049399,4876.511357950602
4276_V8As16,V8As16,Fd-3m,0.0624888650882127,VAs2,3300.0,3847.772763562164
4278_CuTa3,CuTa3,Immm,0.1501830417095071,Ta3Cu,2226.644195306503,4454.179777873514
4279_Fe4W2,Fe4W2,Fd-3m,-0.0117364097206985,Fe2W,5261.516597299767,3203.999593949854
4280_Al10Ta20,Al10Ta20,P4_2/mnm,-0.0910167770230183,Ta2Al,2251.431783012288,4536.34396492385
4281_NiGe2,NiGe2,P4/mmm,0.066839860205236,NiGe2,4062.673858454093,1784.899893809683
4282_AlSn,AlSn,Fm-3m,0.0668889507328112,AlSn,2414.803667671611,1488.882200602966
4283_Cu2Mn2,Cu2Mn2,Cmcm,0.2471525421194602,MnCu,1600.0,1639.102387161073
4284_MoW5,MoW5,Cmmm,0.0012216927512819,MoW5,6565.257993971274,4394.509131745374
4285_In2Mn,In2Mn,I4/mmm,0.2163870694935195,MnIn2,2971.808873152856,1961.389279194454
4287_Ba4W2,Ba4W2,Pnnm,1.4642914263667777,Ba2W,4603.859592491941,3101.92979624597
4288_AuYb,AuYb,Pm-3m,-1.0277863141157448,YbAu,5028.405930544438,1982.10148263611
4289_K32Ge32,K32Ge32,P-43n,-0.2314262604501489,KGe,4040.325564287267,3754.520697021522
4290_Mo2W2,Mo2W2,Fd-3m,-0.0119251779004159,MoW,5422.603474158268,4642.912288226464
4291_MoBr,MoBr,Cmmm,0.9804332898592608,MoBr,2808.962489479311,6027.044425740998
4292_Au6Mn2,Au6Mn2,I4/mmm,-0.0405193873597822,MnAu3,1142.532389001626,1068.051822402603
4293_KP2,KP2,Fm-3m,1.0624264301844708,KP2,1883.91910189183,5912.566286757185
4294_Cr2As4,Cr2As4,C2/m,-0.4620956065782605,CrAs2,3248.477724605664,4025.761137697168
4295_AuAs5,AuAs5,Cmmm,0.4915406082243644,As5Au,2541.872407727783,2966.189646901523
4296_Ba5Rh,Ba5Rh,Cmmm,0.0985829817622795,Ba5Rh,3026.067187180392,3042.914834641162
4297_Ca2Br2,Ca2Br2,Fd-3m,-0.6922187046404753,CaBr,3500.420063009451,5096.219432914937
4298_MoW5,MoW5,F-43m,0.4405019749326466,MoW5,6565.257993971274,4394.509131745374
4299_Ga2Ge6,Ga2Ge6,Pmmn,0.2415807844033328,GaGe3,5348.478843566504,1900.0
4301_RhW4,RhW4,I4/mmm,1.1430705070741864,RhW4,6533.511876607113,4754.212120145706
4302_Rh2As4,Rh2As4,Cmcm,-0.1859461427662717,As2Rh,3259.285448352455,5628.582065901824
4303_AuRh3,AuRh3,Pmmm,0.1418375503469873,Rh3Au,2382.037485024044,5273.458283413479
4304_Mn2Rh2,Mn2Rh2,P4/nmm,1.0151847718994276,MnRh,2643.113926515019,5842.066465245696
4305_InPd,InPd,P-6m2,-0.4227868516602266,InPd,3251.897956047334,4886.122637159981
4306_K3V,K3V,Pmm2,0.8623195553608953,K3V,2184.475416735023,6049.37088525432
4307_Au3Nb,Au3Nb,C2/m,-0.0066006916361915,NbAu3,2105.412535908005,2059.7591594706
4308_Al2Mn4,Al2Mn4,I4_1/amd,0.3858038264970271,Mn2Al,1600.0,1642.279666096743
4309_SrBr,SrBr,P-6m2,-1.4833767957406825,SrBr,3770.726582459827,4860.184809340752
4310_Ca2Mo2,Ca2Mo2,Imma,0.4960835738562963,CaMo,2841.978267582232,4180.321722125013
4311_NaTa,NaTa,P4/mmm,1.0824819908627168,NaTa,2164.724717415356,4315.26357073836
4312_CeSm,CeSm,Fm-3m,0.2714352747135438,CeSm,9500.0,3100.0
4313_Rh3Ta,Rh3Ta,Pmm2,-0.4051768741573873,TaRh3,2867.418953365569,6817.489611966465
4314_Ag2Al4,Ag2Al4,Fd-3m,0.1908437062868871,Al2Ag,1333.381082158326,1266.618917841674
4315_Mo3V,Mo3V,Pm-3m,0.3792234579534757,VMo3,2535.338136122316,5014.28615707511
4316_Cu3Ta,Cu3Ta,Immm,0.2003392939363832,TaCu3,1940.872790968268,3106.971728850407
4317_Ag4Nb2,Ag4Nb2,Cm,0.2673313436111317,NbAg2,3397.415970657081,3627.517559296219
4319_Pd8Sn16,Pd8Sn16,I4_1/acd,-0.5596961660742501,Sn2Pd,2785.702652396464,3580.828292228944
4320_TaSb3,TaSb3,Cmmm,0.4794987944840185,TaSb3,6044.898557722831,3863.775360569291
4321_MoW2,MoW2,Immm,0.4640619945655662,MoW2,6048.091109097969,4506.936715413485
4322_K2Sn6,K2Sn6,Pm-3n,0.0649611003597767,KSn3,2510.966724801842,2153.984823455203
4323_Au4Na2,Au4Na2,Fd-3m,-0.3609220344025997,NaAu2,1100.0,972.4292322650429
4325_Au4Ba2,Au4Ba2,Pnnm,-0.5351719339405504,BaAu2,1591.136603966323,1336.040834292747
4326_VAs7,VAs7,Fm-3m,0.4766247840716735,VAs7,3300.0,3946.879930871559
4328_AuCu,AuCu,Pm-3m,-0.0597546096257533,CuAu,1221.96340515148,1121.96340515148
4329_Na5Pb,Na5Pb,Cmmm,-0.0854004033022069,Na5Pb,2129.089514690871,1336.135230686333
4330_Mo2P,Mo2P,I4/mmm,-0.2007091096885993,Mo2P,2344.405224803878,5272.202612401939
4331_Rh3Ta,Rh3Ta,Imm2,-0.3658550965484686,TaRh3,2867.418953365569,6817.489611966465
4332_Fe3Ge,Fe3Ge,Pm-3m,-0.1030593229876171,Fe3Ge,3277.093785781201,1551.223066514
4333_MoSr3,MoSr3,Pmm2,0.9261985218621888,Sr3Mo,3718.695652173913,3615.0
4334_CuSb3,CuSb3,P4/mmm,0.2871325776202331,CuSb3,6966.42834156511,3118.446642694239
4335_Fe3K,Fe3K,Fm-3m,1.8156021498517223,KFe3,2267.548889748168,2497.452056372327
4336_In16Sn4,In16Sn4,I-43m,0.0915696363380483,In4Sn,3156.229086718964,1917.845192410836
4337_Al12As17,Al12As17,I-43m,0.0631815920846978,Al12As17,2955.435298915023,3391.944645144159
4338_VP3,VP3,Pm-3m,0.3957803432569173,VP3,2460.327175924426,4498.033693021905
4339_AlCu2,AlCu2,Immm,-0.20682742671996,AlCu2,1600.0,1412.439414174654
4340_W2P2,W2P2,I4_1/amd,0.2953934385766779,PW,6279.055454556957,4415.351127270887
4341_Mo12Rh12,Mo12Rh12,Pbcm,-0.0368725320621348,MoRh,2814.011883598069,6697.290107143485
4342_InSn,InSn,Pm-3m,-0.0829382529904796,InSn,2944.166866499948,1796.666780857113
4343_AlK4,AlK4,I4/mmm,0.4386963169198887,K4Al,1685.286120211544,6287.739453115709
4345_MoP3,MoP3,P4/mmm,0.3445089633266329,MoP3,2203.196752562619,5201.598376281308
4346_KV3,KV3,Imm2,1.2695272567403224,KV3,2974.049774180035,4174.131786322418
4347_AuV,AuV,P4/mmm,0.1783313605397838,VAu,1552.067980086602,1493.165069185384
4348_Cu3Br,Cu3Br,Pmm2,0.1835211112072219,Cu3Br,2102.091357349321,3094.878429227254
4349_Ir3Ta3,Ir3Ta3,Cm,-0.4347810583230007,TaIr,3948.318030356982,7014.927353292196
4350_Au2Ni2,Au2Ni2,Cmcm,0.1379700411721982,NiAu,1077.042397278864,1114.788013605681
4351_BaRh3,BaRh3,P4/mmm,0.3275921122123266,BaRh3,3138.424391342997,6245.09515327541
4352_Mn2Rh4,Mn2Rh4,Cmcm,0.0299697213341948,MnRh2,2862.890914902488,6693.70229524714
4353_Ba7P,Ba7P,Fm-3m,0.046327332024564,Ba7P,2968.784717933414,2387.402789786442
4354_Fe3Bi,Fe3Bi,Pm-3m,0.3277642144979555,Fe3Bi,4009.610549794245,3953.175354846044
4355_Mo6Rh18,Mo6Rh18,Pmmn,-0.182751220239588,MoRh3,3010.328018949405,7359.857063954242
4356_Fe5Sb3,Fe5Sb3,Cmmm,0.3266920626745477,Fe5Sb3,5517.182954360322,2533.521074312845
4357_Au2Fe2,Au2Fe2,Pmmn,0.2273726575768231,FeAu,1387.164469122851,1088.358298191647
4358_Cu4Ir,Cu4Ir,I4/mmm,0.4572899932894181,Cu4Ir,3279.311426273687,4772.504317866672
4359_MoPd,MoPd,P4/mmm,0.0242015109187416,MoPd,2820.715556434078,6719.915002965014
4360_Mn4W2,Mn4W2,Cmcm,0.2035748244125805,Mn2W,4979.916980373802,3364.776379802686
4362_PbGe2,PbGe2,I4/mmm,0.2158120200137189,Ge2Pb,3771.629596005447,1841.216522923286
4363_Al4Sr2,Al4Sr2,Pnnm,0.2809149352770609,SrAl2,3209.034105666408,2237.718542820314
4364_Al3Ni,Al3Ni,Imm2,-0.2242332681677492,Al3Ni,1347.804780823877,1210.16268264677
4365_Ba2W2,Ba2W2,Imma,1.030850390101512,BaW,5289.649932900952,3444.824966450476
4367_PbGe,PbGe,P4/mmm,0.229419473115144,GePb,3374.899942824472,1825.957690108634
4368_Mo17Pd12,Mo17Pd12,I-43m,0.2563564100439517,Mo17Pd12,2751.315327955103,6485.689231848474
4369_Rh4Ge2,Rh4Ge2,Cmcm,-0.2143445395982084,GeRh2,3747.830677569841,6408.682317535221
4370_Rh3Sb,Rh3Sb,Immm,-0.2063562446620768,SbRh3,4529.391964485867,6698.892970928727
4371_Pb6Sb18,Pb6Sb18,Pmmn,0.1200002632881756,Sb3Pb,6017.942984907771,2820.905533817775
4372_Au4Fe,Au4Fe,I4/m,0.0940818174179668,FeAu4,1186.046615785659,1026.475881780203
4373_Ca2As6,Ca2As6,P-1,-0.953861079987993,CaAs3,3390.79650268008,3621.681238832998
4374_Fe3W,Fe3W,Fm-3m,0.042603553216491,Fe3W,4806.727854855923,2917.284951974386
4375_BaAs,BaAs,Fm-3m,-0.9919125426882248,BaAs,3105.896952912763,2900.082733172327
4377_MnPd3,MnPd3,Imm2,-0.1615328336668762,MnPd3,2965.095320046368,7089.744365179674
4378_Au2As4,Au2As4,Pnnm,0.0144955617245739,As2Au,2050.535623464517,2296.184941087978
4380_Pt2As4,Pt2As4,Pnnm,-0.4910888935308979,As2Pt,4544.276473412361,6884.459097455928
4381_MoPd4,MoPd4,Im-3m,0.6319045285055118,MoPd4,3052.85840266861,7503.397109006557
4382_Ba3Ga5,Ba3Ga5,Cmmm,-0.1704261584929725,Ba3Ga5,4145.861271949892,2116.662196488017
4383_V18W6,V18W6,Pmmn,0.1444451908513369,V3W,5320.432804765576,3891.456628186222
4384_AlK5,AlK5,P4/mmm,0.1901957953294963,K5Al,1687.871996188935,6448.063763713973
4385_Al3Cs,Al3Cs,Pm-3m,0.8151148327681543,CsAl3,4334.551336127541,4107.444700144933
4386_Cu4K8,Cu4K8,Pa-3,0.3554414266929508,K2Cu,1655.168029935954,4644.577706349397
4387_AgSn3,AgSn3,P4/mmm,0.00321990824178,AgSn3,2274.534340865977,1553.504905837997
4388_Nb2Ni4,Nb2Ni4,I4_1/amd,0.0333005873831287,NbNi2,4313.4590955351,4725.10018632083
4389_CuBr3,CuBr3,Pmm2,0.0078963335368147,CuBr3,2943.774607759729,5768.460518766199
4390_Ni12Sr4,Ni12Sr4,Pnma,0.0600111016735347,SrNi3,2063.268059713265,1998.406902990593
4391_Ga13Nb5,Ga13Nb5,Cmmm,-0.3496700897289181,Nb5Ga13,6516.532416039349,4238.024556890504
4392_Eu4I8,Eu4I8,P2_1/c,-1.877240265112853,EuI2,6622.723057875668,4163.341478611166
4393_V6W18,V6W18,Pmmn,0.4443461860250674,VW3,6687.144240752313,4223.899950453265
4394_In5Sb,In5Sb,P4/mmm,0.0245841235107479,In5Sb,4104.909103973558,2244.972335991952
4395_In3Mn,In3Mn,Cmmm,0.2284877334658102,MnIn3,3066.157895057725,1972.489164124438
4396_Au2Fe4,Au2Fe4,I4/mcm,0.4657313841943183,Fe2Au,1570.416037055087,1144.74339601695
4397_EuTa,EuTa,Fm-3m,1.9821528238551585,EuTa,5586.577817529371,4024.00245975001
4398_KGe3,KGe3,Immm,0.2251137099133981,KGe3,4752.358528556138,2706.24994407013
4399_NbNi2,NbNi2,I4/mmm,-0.2620564037436684,NbNi2,4313.4590955351,4725.10018632083
4400_PdTa,PdTa,P4/mmm,-0.2949298433654892,TaPd,2633.294034114042,5985.045454627705
4401_Ag12P17,Ag12P17,I-43m,0.120738424806306,Ag12P17,1431.328697700811,2469.89522686625
4402_BaP3,BaP3,Pm-3m,1.7239127617203445,BaP3,2596.430064196004,3429.995820251188
4403_Ba4Rh2,Ba4Rh2,Cmcm,-0.0327557695338812,Ba2Rh,3054.510878417838,3853.560034908405
4404_Al2Cu4,Al2Cu4,Cmcm,-0.0829668452392239,AlCu2,1600.0,1412.439414174654
4405_FeGe3,FeGe3,Pm-3m,0.5245141898888992,FeGe3,4708.432414662211,1798.005588734864
4406_Al3Ca,Al3Ca,Pm-3m,-0.1485498107579226,CaAl3,2361.670861191219,1165.580621998091
4407_Al17As12,Al17As12,I-43m,0.0187716242959471,Al17As12,2725.690198843782,2986.512115606674
4408_Cu17In12,Cu17In12,I-43m,0.2514156314578594,In12Cu17,2552.886011867713,1780.260591725798
4409_Au2Br,Au2Br,I4/mmm,0.2718252220490837,Au2Br,1470.989915948716,1994.927501862465
4410_CeCu5,CeCu5,P6/mmm,-0.1502946904905435,CeCu5,4017.660960235538,1989.652852705932
4412_NbNi2,NbNi2,I4/mmm,-0.2972245130050706,NbNi2,4313.4590955351,4725.10018632083
4413_MoW3,MoW3,Pmm2,0.4838752111837507,MoW3,6318.376424798443,4448.179038087294
4414_MoW2,MoW2,I4/mmm,-0.0054168026914638,MoW2,6048.091109097969,4506.936715413485
4415_Fe3Br,Fe3Br,Pmmm,0.8483269798622297,Fe3Br,2690.631630422044,3176.082185912488
4416_AlMo,AlMo,Pm-3m,0.076944126559888,AlMo,2224.398302154022,4356.140874077865
4417_Ca4Ge,Ca4Ge,Im-3m,-0.1180823670313536,Ca4Ge,4336.553453071878,1624.729558020537
4418_Na4Sr,Na4Sr,Im-3m,0.3768492047214097,Na4Sr,2612.548145118789,1719.79689122483
4419_Ag4Sr2,Ag4Sr2,Fd-3m,-0.2252556994140283,SrAg2,2066.505536062532,1862.136285900017
4420_Au3P4,Au3P4,I4/mmm,0.0064831113172161,P4Au3,1255.996588419287,1710.651125021196
4421_Ir2Mn44,Ir2Mn44,Fd-3m,0.1065903814918346,Mn22Ir,2135.135214198876,2801.663349654306
4422_PAs3,PAs3,Immm,0.4020973050781125,As3P,3142.550570844298,4133.226440054825
4424_Ni3P,Ni3P,Immm,-0.3095052203257662,Ni3P,1149.592703760964,2038.533733539472
4425_Au2Sb2,Au2Sb2,Fd-3m,0.2069522440366871,SbAu,3697.737623812592,1916.848573110326
4426_In2Nb,In2Nb,Fm-3m,0.5931966225101638,NbIn2,4797.828521014821,3958.698835173226
4427_Pd6P2,Pd6P2,Cmcm,-0.0517859647767435,PPd3,3093.875124466156,7743.531550793209
4428_FeMn5,FeMn5,F-43m,0.1748406066285154,Mn5Fe,1735.162598782021,1732.41870060899
4429_NaSb3,NaSb3,Immm,-0.0525864033552427,NaSb3,7497.366461483993,3228.288637985821
4430_MoYb,MoYb,P4/mmm,0.5927353378973717,YbMo,6967.566361811286,3884.697747044389
4431_Au2V2,Au2V2,P4/nmm,0.0249428442236858,VAu,1552.067980086602,1493.165069185384
4432_In11Sr3,In11Sr3,Immm,-0.3222818449235483,Sr3In11,3455.043260906323,2172.270289895914
4433_BaIn3,BaIn3,P4/mmm,-0.2974247195844026,BaIn3,3214.487910482148,2085.512089517852
4434_BaW5,BaW5,Amm2,0.8998810528593069,BaW5,6480.08143663153,4040.040718315764
4435_Na2Pd6,Na2Pd6,I4/mmm,-0.0039800834452812,NaPd3,3058.937770536515,7496.206323344698
4436_FeMn3,FeMn3,Cmmm,0.100148581130357,Mn3Fe,1802.466124957845,1698.766937521078
4438_AlFe3,AlFe3,Immm,-0.1897415479368378,AlFe3,2289.031385015609,1344.515692507804
4439_Mn12Sb12,Mn12Sb12,Pbcm,0.1541555942751363,MnSb,5941.23648623277,2902.536250471815
4440_Fe3Pd,Fe3Pd,Cmmm,0.0872960532260496,Fe3Pd,2710.766366739063,3963.82252559727
4441_Rh5As,Rh5As,F-43m,0.4701166732585164,AsRh5,3212.710444379337,7491.582224826537
4442_Mn2Ta4,Mn2Ta4,I4/mcm,-0.0182772382291886,Ta2Mn,2207.741092400123,4404.604681714814
4444_Al4Ba3,Al4Ba3,I4/mmm,0.0292033668084903,Ba3Al4,2709.377693918497,2030.136430067176
4445_Ca4Nb,Ca4Nb,Im-3m,0.7438121018970222,Ca4Nb,5587.75010723945,4178.386039749563
4446_Sn8I32,Sn8I32,Pa-3,-0.5442849740864955,SnI4,4464.073373198715,4193.493388798212
4447_V12W4,V12W4,Pnma,0.1295615667311391,V3W,5320.432804765576,3891.456628186222
4449_K3Pd,K3Pd,Immm,0.0902629690702925,K3Pd,2413.542102023603,7580.555787745921
4450_Al3Sb,Al3Sb,P4/mmm,0.170681241367423,Al3Sb,5384.265084307962,2441.624794022081
4451_Ca5Ge,Ca5Ge,F-43m,0.2746564330536423,Ca5Ge,4272.471889535947,1606.420539867414
4452_K2Pd4,K2Pd4,Pnnm,0.958128436165806,KPd2,2967.215028441487,7875.848015168794
4453_Au3Sn,Au3Sn,Fm-3m,-0.0548105807840317,SnAu3,1350.933715031607,1100.373486012643
4454_MoSr,MoSr,P4/mmm,1.4422288245039052,SrMo,3259.206798866856,4202.124645892351
4455_NiGe5,NiGe5,P4/mmm,0.1534593577210206,NiGe5,4701.788176823814,1844.35238854175
4456_Ga4Mn8,Ga4Mn8,Pa-3,0.8996624400047596,Mn2Ga,3114.037181368793,1838.821466188944
4457_Ca3V,Ca3V,P4/mmm,0.6160135411991172,Ca3V,3721.44115250138,2065.436350412296
4458_Fe3Nb,Fe3Nb,Fm-3m,-0.0722045087948419,NbFe3,4576.03254137265,4039.777181337313
4460_SbP,SbP,Fm-3m,0.0811624920790903,SbP,6703.50491334064,3744.752821579815
4461_Mo8Ni4,Mo8Ni4,Pa-3,0.7993973341064257,NiMo2,2072.069102306948,4409.901849118861
4462_Al3Pb,Al3Pb,Pm-3m,0.2750512699404068,Al3Pb,2390.991701743955,1575.266692177422
4463_Mo6W2,Mo6W2,Cmcm,0.4508075929566892,Mo3W,4192.952550566087,4910.227706398678
4464_CsYb,CsYb,R-3m,0.2117052403539379,CsYb,7979.568567660738,4359.786043938247
4465_Pd2P2,Pd2P2,Cmme,-0.0748898037399525,PPd,2929.474512823952,7346.230072657883
4466_Ag5Pt6,Ag5Pt6,P1,0.0378372249416071,Ag5Pt6,4143.639452698929,6671.168322274826
4467_Ba4Fe2,Ba4Fe2,C2/m,0.9680279891977884,Ba2Fe,2898.616939839455,2147.925409759182
4468_PdSn2,PdSn2,I4/mmm,-0.3196629277584938,Sn2Pd,2785.702652396464,3580.828292228944
4469_GeAs,GeAs,Immm,0.208114042910724,GeAs,4284.537982781429,2966.2351180795
4470_Al2In,Al2In,I4/mmm,0.1566495902955118,Al2In,2756.472059771876,1680.277682218751
4472_MnSb2,MnSb2,Immm,0.1504747922415295,MnSb2,6740.340579527685,3105.483321784809
4473_Ba4In,Ba4In,Im-3m,0.1451732176930757,Ba4In,3051.865760412934,2248.134239587067
4474_Ni4Ta16,Ni4Ta16,I-43m,0.5509188345813755,Ta4Ni,2202.488318880318,4552.470347926961
4475_AlNi3,AlNi3,Immm,-0.4056051678421566,AlNi3,1079.724143364544,1433.56321386288
4476_Ga3K,Ga3K,Cmmm,0.3125029998473985,KGa3,4901.55815929041,2734.668883094955
4477_Na2Pd,Na2Pd,Immm,-0.059035687527869,Na2Pd,2566.42176289802,5737.220581778644
4478_K3Ta,K3Ta,Cmmm,1.1691466944339015,K3Ta,2064.02801771094,5743.887929156239
4479_AlMn4,AlMn4,Im-3m,1.008851761143592,Mn4Al,1600.0,1712.516088184147
4480_Al3Ge,Al3Ge,Fm-3m,0.0707607175218676,Al3Ge,3349.966939071511,1425.667633828205
4482_Ba2In4,Ba2In4,Fd-3m,-0.4352745821380361,BaIn2,3187.732278186084,2112.267721813916
4483_Ir2Mo,Ir2Mo,Fmmm,3.5922447122469983,MoIr2,4880.86990553194,8341.066335813346
4484_IrMo,IrMo,Fm-3m,0.792264955653728,MoIr,4467.875151393164,7834.81470170775
4485_Na3Rh,Na3Rh,Immm,0.3291477045577302,Na3Rh,2357.319514801559,4990.426838576996
4486_Al4Ge8,Al4Ge8,Pa-3,0.2644100296867571,AlGe2,4720.464407601663,1759.031882930134
4487_Au6K2,Au6K2,Pmmn,-0.1902402434086161,KAu3,1137.236593988146,1384.778137877506
4488_Al2V6,Al2V6,I4/mmm,-0.0845296956554664,AlV3,3044.899470689968,3039.85807626819
4489_EuNi,EuNi,Fm-3m,-0.0301608271115529,EuNi,7131.728579200161,2654.207732555324
4490_KTa2,KTa2,I4/mmm,1.054611953918965,KTa2,2241.497936403347,5034.008254386611
4491_Cu2Pb,Cu2Pb,I4/mmm,0.2598637746294485,Cu2Pb,2281.79914565709,1685.945221542843
4492_Ge4P2,Ge4P2,C2/m,0.2094131892536352,Ge2P,4720.078111013596,2462.348498411058
4493_Na4Pd2,Na4Pd2,Cmcm,-0.0597792815661713,Na2Pd,2566.42176289802,5737.220581778644
4494_CuGa4,CuGa4,I4/m,0.039402732975958,Ga4Cu,4776.279501690817,1825.772256583674
4495_AgSn2,AgSn2,I4/mmm,-0.0007098658300653,AgSn2,2162.639325641594,1537.519903663085
4497_Fe2Sb4,Fe2Sb4,I4_1/amd,0.4788135614246241,FeSb2,6874.003306999816,3026.910293454479
4498_Mo6V2,Mo6V2,Cmcm,-0.0999753629379949,VMo3,2535.338136122316,5014.28615707511
4499_Ta3Sb,Ta3Sb,P4/mmm,-0.0251829081044103,Ta3Sb,3325.958870763934,4543.510282309016
4500_IrMo2,IrMo2,Immm,-0.013815246551965,Mo2Ir,3951.359942931083,7201.667026818746
4501_AlSb2,AlSb2,I4/mmm,0.1450680860912729,AlSb2,7271.598054267039,3160.60878257792
4502_Au3Sb,Au3Sb,Pm-3m,0.4217477824387243,SbAu3,2261.799933218338,1410.047035253531
4503_Pd5Sn,Pd5Sn,P4/mmm,-0.2280325911464439,SnPd5,3090.557920130299,6832.61781472319
4504_CaV,CaV,P-6m2,1.073180324298205,CaV,3564.193936464165,2563.38586786348
4506_Ba3In,Ba3In,P4/mmm,-0.211620368678886,Ba3In,3065.386228903244,2234.613771096756
4508_Al16Mn4,Al16Mn4,I-43m,0.301063565326821,MnAl4,1600.0,1269.859405332268
4509_AuGa,AuGa,P-6m2,-0.0783288279649321,GaAu,2250.33070528529,1235.294916990173
4510_Ca7Ge,Ca7Ge,Fm-3m,-0.0143469796221094,Ca7Ge,4187.93893302679,1582.268266579083
4512_Au4V,Au4V,Im-3m,0.5053051396209789,VAu4,1233.607845809956,1145.754013610861
4513_In2Mo2,In2Mo2,Pmma,0.4014679899582596,InMo,2890.3073667429,3502.206321942702
4514_Al3Sn,Al3Sn,Fm-3m,0.1452120532474441,Al3Sn,2194.576787139825,1356.746072283895
4515_Ni24Ta5,Ni24Ta5,I-43m,-0.1675005312947368,Ta5Ni24,1508.416564327277,2790.595894061549
4516_Ni2Ge4,Ni2Ge4,Cmcm,0.1023729698401296,NiGe2,4062.673858454093,1784.899893809683
4517_Rh3Sb,Rh3Sb,P4/mmm,0.0382249713464721,SbRh3,4529.391964485867,6698.892970928727
4518_AlMo3,AlMo3,Immm,-0.0996964259999515,AlMo3,2331.432257364449,4931.448383333917
4520_V8W4,V8W4,Pnma,0.0528966610899613,V2W,5680.655390010605,3979.078338110688
4521_Ir8Mo22,Ir8Mo22,P4_2/mnm,0.0019097001955458,Mo11Ir4,3706.589380158403,6901.625691807074
4523_Ga10V12,Ga10V12,P6_3/mmc,-0.2051192851040197,V6Ga5,4472.237812259271,2600.74694618686
4524_Au3Br,Au3Br,Immm,0.2829069902830432,Au3Br,1362.056989497227,1702.7891991062
4525_FePd3,FePd3,Pmmm,-0.0949810401407154,FePd3,3080.897348742352,7017.403127124405
4526_Fe8Ga4,Fe8Ga4,Pnma,-0.1229566562214709,GaFe2,3591.432256784244,1592.166493029717
4527_AuNi,AuNi,P-6m2,0.1788439408535893,NiAu,1077.042397278864,1114.788013605681
4528_In16Sn4,In16Sn4,I-43m,0.0889102016768188,In4Sn,3156.229086718964,1917.845192410836
4531_InNi2,InNi2,I4/mmm,-0.0206246987735809,InNi2,2137.277954633152,1747.234337963729
4532_Rh3Ge,Rh3Ge,Fm-3m,-0.1988314155642134,GeRh3,3600.003671105645,6838.084574407411
4533_Al2Fe2,Al2Fe2,Cmcm,-0.1659621127138217,AlFe,2139.392334330871,1269.696167165436
4534_K5Sr24,K5Sr24,I-43m,0.1030625836751013,K5Sr24,3987.35867983048,3357.237417884794
4535_In2Mn6,In2Mn6,I4/mmm,0.3305705497817044,Mn3In,2298.026355232742,1882.12074767444
4536_Ba4In5,Ba4In5,I4/mmm,-0.2514774306094741,Ba4In5,3153.308978652267,2146.691021347732
4537_Al2Fe4,Al2Fe4,Cmcm,-0.2272930246471259,AlFe2,2244.342746190602,1322.171373095301
4538_Ge5As3,Ge5As3,Cmmm,0.3379859815522268,Ge5As3,4535.448108458193,2702.779486118897
4539_Fe2Na6,Fe2Na6,P6_3/mmc,0.6521293141597573,Na3Fe,1681.652065827776,902.6821994192296
4540_Pd4Sb2,Pd4Sb2,I4/mcm,-0.3088773544865653,SbPd2,4910.316796174537,6326.072922893007
4541_Ag2Sr,Ag2Sr,Fm-3m,0.1312674073517152,SrAg2,2066.505536062532,1862.136285900017
4542_KGe3,KGe3,Pm-3m,0.3174478618796499,KGe3,4752.358528556138,2706.24994407013
4545_Al4Mn,Al4Mn,Im-3m,-0.072840510263844,MnAl4,1600.0,1269.859405332268
4546_PtRh7,PtRh7,Fm-3m,0.003178418728682,PtRh7,3690.148756448525,8234.41897047538
4547_MoV3,MoV3,Fm-3m,-0.0631905048546421,V3Mo,2952.900634937863,4132.765326242289
4548_SbP3,SbP3,Cmmm,0.5203529482374165,SbP3,5346.281426691286,4135.817216038105
4549_Al2Mn4,Al2Mn4,Fd-3m,-0.0478207925401304,Mn2Al,1600.0,1642.279666096743
4550_NiTa4,NiTa4,Im-3m,0.7637822265224969,Ta4Ni,2202.488318880318,4552.470347926961
4551_NbPd3,NbPd3,I4/mmm,-0.4390642868602672,NbPd3,4394.672437863564,8180.327915149217
4552_Sn2Ta6,Sn2Ta6,Pm-3n,-0.112248719472225,Ta3Sn,2353.832369511261,4225.788058546545
4553_InMo2,InMo2,I4/mmm,0.1640907388659277,InMo2,2736.931443961161,4064.584705475745
4554_NaSr,NaSr,P4/mmm,0.024068302942102,NaSr,3555.678207884243,2480.385651519551
4555_Fe2V6,Fe2V6,P6_3/mmc,0.123355382997504,V3Fe,3059.138254512519,2864.751676694485
4556_Au8Cu16,Au8Cu16,Fd-3m,0.1460925404133319,Cu2Au,1296.094181974864,1196.094181974864
4557_SnBr3,SnBr3,Fm-3m,-0.2861192229211466,SnBr3,3068.158762575958,5144.630630932254
4558_TaSb4,TaSb4,I4/mmm,1.331670094197225,TaSb4,6383.044141459573,3779.238964635107
4559_Al3Ba,Al3Ba,P4/mmm,-0.0382474331130611,BaAl3,2480.819062503133,1817.903415181481
4560_CuW3,CuW3,Pm-3m,3.1041706291605253,CuW3,6442.094994683497,4010.71592316922
4561_BaBr,BaBr,F-43m,-1.499596806424356,BaBr,3110.348891272424,3992.016332843839
4562_SbP2,SbP2,I4/mmm,0.0828077510599977,SbP2,5910.47674236794,3973.252464063475
4563_AlP,AlP,Fm-3m,-0.3691838408500709,AlP,1813.776905161976,3191.213277910252
4564_CaCr,CaCr,Fm-3m,1.112240896363634,CaCr,3448.223876204057,2968.272402336813
4565_CuIn7,CuIn7,Fm-3m,0.1100149162863828,In7Cu,3175.439077936333,1963.364434687157
4566_PdYb,PdYb,P-6m2,-0.6517078910153504,YbPd,7100.923209046017,4965.948615186431
4567_Na2Rh4,Na2Rh4,Fd-3m,0.2568463173101829,NaRh2,2988.993211692754,7246.404327474122
4568_Mn2Sb2,Mn2Sb2,I4_1/amd,0.3028448297486399,MnSb,5941.23648623277,2902.536250471815
4569_Pb4P2,Pb4P2,Cmcm,0.0598117949566413,PPb2,2651.318116939273,2029.500305857712
4570_Ba2Ge6,Ba2Ge6,I4/mmm,-0.0218457243890619,BaGe3,4410.894391789375,2054.6270622975
4571_Fe4Pb4,Fe4Pb4,Pnma,0.756893538735766,FePb,2636.309376722614,1715.079168963485
4572_TaP2,TaP2,I4/mmm,-0.5639764310451021,TaP2,2223.488642049399,4876.511357950602
4573_Mn6Pd2,Mn6Pd2,Cmcm,0.1800065618612514,Mn3Pd,2227.767592747867,4232.599421897985
4575_Cu8P4,Cu8P4,I4_1/amd,0.0429996810381183,Cu2P,1678.381963577919,2205.43767220127
4577_In2Pt,In2Pt,Fm-3m,-0.491304117124633,In2Pt,4310.512337540025,5261.198907515539
4578_AlFe2,AlFe2,Fmmm,-0.1343440926625234,AlFe2,2244.342746190602,1322.171373095301
4579_Pd2V2,Pd2V2,Pmma,-0.1715385737955514,VPd,3232.372276573367,6510.875277625086
4580_Au10Ni6,Au10Ni6,I4/mcm,0.1828234982158285,Ni3Au5,1084.832610783523,1075.836946082383
4581_Ca3Nb,Ca3Nb,Pm-3m,0.6314967539345484,Ca3Nb,5905.107375711726,4682.018226672956
4582_Pt4V12,Pt4V12,Pnma,-0.1642023230585536,V3Pt,4533.614010580368,6596.1817546855
4584_Ag4Pt7,Ag4Pt7,P1,0.0326727396703538,Ag4Pt7,4467.57358459992,7251.236418934741
4586_Ni3P,Ni3P,Pmmm,-0.1897412135355365,Ni3P,1149.592703760964,2038.533733539472
4587_InMo8,InMo8,I4/mmm,0.3558672096246924,InMo8,2517.116343170078,4870.573408376382
4588_Ag3Ni,Ag3Ni,Pm-3m,0.1637136908782399,NiAg3,1169.294424768113,1415.352787615944
4589_AuPb3,AuPb3,Pmm2,0.0619014909753019,Pb3Au,2315.001977438441,1607.500988719221
4590_In2Br2,In2Br2,P4/nmm,-0.7137914213078189,InBr,3300.0,4010.710654163372
4591_Mo2Sn,Mo2Sn,I4/mmm,0.1088356497885385,SnMo2,2476.441611127209,3885.830194146624
4592_In3Mn,In3Mn,Imm2,0.2204623372783771,MnIn3,3066.157895057725,1972.489164124438
4593_K2Pd6,K2Pd6,Pmmn,0.0709865784228007,KPd3,3036.344100304081,7912.71685349551
4594_Ag4Ir2,Ag4Ir2,Fd-3m,0.8181056146560977,Ag2Ir,3226.047828011729,5028.039133881469
4595_MnW3,MnW3,Pmmm,0.3836572048518096,MnW3,6510.82280885564,4073.529078173907
4596_KGe,KGe,Fm-3m,0.7538320179509621,KGe,4040.325564287267,3754.520697021522
4597_NiGe4,NiGe4,I4/mmm,0.4805487365606581,NiGe4,4577.368180238188,1832.778435370994
4598_Ni3Rh3,Ni3Rh3,Cm,0.0590098443842267,NiRh,2400.95074904594,5639.172667635732
4599_AuNi3,AuNi3,Imm2,0.1610918246717236,Ni3Au,1052.799430357752,1236.002848211239
4600_Sr8Br16,Sr8Br16,Fd-3m,-2.052905570554053,SrBr2,3618.710897715699,5518.91944323197
4601_K3P,K3P,Pm-3m,-0.0201667510898992,K3P,1762.670887257349,6761.303789198556
4602_Mo8W,Mo8W,I4/mmm,0.4258541140077057,Mo8W,3288.900100908173,5106.760847628658
4603_Cu2In6,Cu2In6,Pm-3n,0.2063896272875793,In3Cu,3035.225,1922.125
4604_Ba2As4,Ba2As4,Cmcm,-0.6748860622830364,BaAs2,3156.537690888539,3187.046915035055
4605_Cu6Ir2,Cu6Ir2,I4/mmm,0.1147352875377123,Cu3Ir,3558.042339789215,5315.672251896933
4607_In4Mo,In4Mo,I4/m,0.3040013113251668,In4Mo,3144.481027067138,2570.236234087159
4608_Mn2Rh,Mn2Rh,I4/mmm,0.0660991104519356,Mn2Rh,2373.792507143123,4798.445965179601
4609_Ni2P2,Ni2P2,Cmcm,-0.2444295353290506,NiP,1345.430381748895,2743.549374296022
4611_Sn3V,Sn3V,Cmmm,0.3710273258378747,VSn3,2687.598984453591,1825.254531452091
4612_IrK,IrK,Fm-3m,2.116775691776342,KIr,4857.70119832108,8778.85059916054
4613_In3Mo5,In3Mo5,Cmmm,0.3843984287084891,In3Mo5,2776.153728550732,3920.769661980649
4614_Al2K4,Al2K4,Pnnm,0.4108101513743062,K2Al,1674.346818683859,5609.502758399262
4616_Pt3V5,Pt3V5,Cmmm,-0.4058848760908624,V5Pt3,4832.876763701107,7371.544342316503
4617_PbGe2,PbGe2,I4/mmm,0.3009133831301203,Ge2Pb,3771.629596005447,1841.216522923286
4619_Ba2In4,Ba2In4,C2/m,-0.3853485588517111,BaIn2,3187.732278186084,2112.267721813916
4621_NaP3,NaP3,Imm2,0.1460175172211837,NaP3,1821.49422846666,4187.637167718485
4622_Na3Pd,Na3Pd,Imm2,-0.0037423943346612,Na3Pd,2374.205382028606,5050.733507245022
4623_AgGa5,AgGa5,Amm2,0.0301596591030233,Ga5Ag,4483.898509298918,1781.848663871967
4624_Sn4W2,Sn4W2,I4/mcm,0.1627192610009006,Sn2W,4520.18231021222,2778.293690357499
4625_Ba4P,Ba4P,Im-3m,-0.3524857490659137,Ba4P,2946.622892483738,2449.455901045534
4626_AgAu3,AgAu3,Pmm2,-0.0264467700055792,AgAu3,1115.43691387647,1061.747655505879
4627_Cu2Mn2,Cu2Mn2,Cmcm,0.3182716405481285,MnCu,1600.0,1639.102387161073
4629_Pd3V,Pd3V,Pmmm,-0.2222188597370307,VPd3,3213.760479090441,7367.017961839701
4631_V2Ge2,V2Ge2,P4/nmm,-0.1990215627984675,VGe,4475.580487370683,2518.314634471988
4632_Al5K,Al5K,P4/mmm,0.1562076988746348,KAl5,1622.469513449459,2393.109833866469
4633_Au5Sb,Au5Sb,Amm2,0.0592267831128546,SbAu5,1848.213766012557,1264.075446827962
4634_Cu16Ir8,Cu16Ir8,Fd-3m,0.4219933363345654,Cu2Ir,3947.714283029917,6075.03296180189
4635_Fe6Ta4,Fe6Ta4,Fdd2,-0.0447040189155075,Ta2Fe3,2331.644364600198,3724.091603593264
4636_Ag6Pt6,Ag6Pt6,Cmcm,0.0261640127670741,AgPt,3968.955630624237,6358.362408327122
4637_Na4P,Na4P,I4/mmm,0.2007152095016753,Na4P,1326.761099796847,1659.001176739438
4638_PdSr,PdSr,R-3m,-0.3796195866085003,SrPd,3651.556380127809,5742.218099360956
4639_CrNi,CrNi,R-3m,0.1338070737599874,CrNi,1986.469448321656,2721.343126493479
4640_Fe4As2,Fe4As2,Fd-3m,0.288011546750063,Fe2As,2761.335736899528,2443.858795487526
4641_CuV3,CuV3,Fm-3m,0.1548210464828159,V3Cu,2800.725838318995,2841.987701650641
4642_AgSr,AgSr,P-6m2,-0.1351962930203547,SrAg,2544.633589137349,2117.137914206586
4643_PdV3,PdV3,Cmmm,-0.1064366261083087,V3Pd,3258.949948793513,5288.30235549838
4644_PbPt3,PbPt3,Pm-3m,-0.104670332191489,Pt3Pb,4767.89256636364,7191.291333733778
4645_Na2P2,Na2P2,P4/nmm,-0.0555534054562691,NaP,1616.57823605646,3140.288762066351
4701_Fe8Ta4,Fe8Ta4,I4_1/amd,-0.0433940220525492,TaFe2,2338.166624225134,3502.334776345427
4702_AlPb8,AlPb8,I4/mmm,0.0781345707423987,AlPb8,2682.381563741541,1787.18659181203
4703_Sr4Br2,Sr4Br2,Cmcm,-0.8965013603840285,Sr2Br,3918.145047502587,4221.371460822123
4710_Mn2V2,Mn2V2,Imma,-0.1878639363857122,MnV,2417.915774005262,2569.803081416717
4711_Fe3Mn,Fe3Mn,I4/mmm,0.0871804571518044,MnFe3,2202.446017673736,1498.776991163132
4712_Fe6Nb2,Fe6Nb2,I4/mmm,0.0127559507396668,NbFe3,4576.03254137265,4039.777181337313
4713_Al2Ba4,Al2Ba4,I4/mcm,-0.01645350904803,Ba2Al,2874.768887594202,2183.713967051759
4716_SrBi,SrBi,P4/mmm,-0.5781677096715216,SrBi,4975.044268315214,5113.757095405131
4718_AgIn3,AgIn3,Pmm2,0.0519812957642829,In3Ag,2799.199420236283,1856.914120067509
4719_Ir10Rh6,Ir10Rh6,I4/mcm,0.3974173345042455,Ir5Rh3,4940.81972654781,8832.56595617504
4720_Cr6Pt2,Cr6Pt2,Pm-3n,-0.0260007174240968,Cr3Pt,4433.632986709576,6878.402055644949
4722_Ba2Pb,Ba2Pb,Immm,-0.4676688865764706,Ba2Pb,2870.998269185272,2084.997115308786
4724_Cu3W,Cu3W,Cmmm,0.1954342356596488,Cu3W,4250.986172752471,2874.585422908689
4725_TaP5,TaP5,P4/mmm,0.3120509520027319,TaP5,2161.648797145848,4938.351202854152
4726_AlK,AlK,Pm-3m,0.5512967988077919,KAl,1659.168274058103,4668.432991602373
4727_FeNa3,FeNa3,P4/mmm,0.953419922791528,Na3Fe,1681.652065827776,902.6821994192296
4728_Au2Nb3,Au2Nb3,C2/m,-0.0708677776626018,Nb3Au2,4166.252361669694,4231.995732570759
4729_Mn2V2,Mn2V2,Cmcm,0.1160297069715028,MnV,2417.915774005262,2569.803081416717
4730_Au3Ba5,Au3Ba5,Cmmm,-0.440568201391275,Ba5Au3,2121.190651691626,1698.709393262691
4731_MoBr3,MoBr3,Pmm2,0.04303350203143,MoBr3,3042.751421114726,6442.669193092846
4732_MoSn4,MoSn4,Im-3m,0.1970626607332569,Sn4Mo,2566.38284452854,2221.917376222012
4733_K6Br18,K6Br18,Pmmn,-0.7936805794907835,KBr3,3075.627801411928,6942.069787235264
4734_Fe4Pd6,Fe4Pd6,Fdd2,-0.0234736291717496,Fe2Pd3,2992.662721893491,6289.467455621301
4735_V26W2,V26W2,Fm-3c,0.413087493103449,V13W,4103.952820036415,3595.556091360209
4736_Rh6W2,Rh6W2,P6_3/mmc,-0.2931200597782641,Rh3W,4618.298205383545,6619.025431600232
4738_Pd2Sb,Pd2Sb,I4/mmm,-0.390415799050519,SbPd2,4910.316796174537,6326.072922893007
4739_Ir16Mo14,Ir16Mo14,P4_2/mnm,0.0130681067903537,Mo7Ir8,4557.673053560469,7944.889549525737
4740_Mn2Na4,Mn2Na4,C2/m,0.5916767438931417,Na2Mn,1372.192630173992,1207.700838452379
4741_Ni2Ge4,Ni2Ge4,Pnnm,-0.1418782318798713,NiGe2,4062.673858454093,1784.899893809683
4742_Ge5As,Ge5As,Cmmm,0.328977437833131,Ge5As,4957.987188944804,2259.113451607956
4743_CaW2,CaW2,I4/mmm,0.6443813081220485,CaW2,6695.305058392478,4024.791665644818
4744_AuW8,AuW8,I4/mmm,0.4000832382714839,W8Au,6303.164768067399,3910.24470078346
4745_Ba5Pb,Ba5Pb,Cmmm,-0.1592093732859284,Ba5Pb,2930.456963533538,2184.094939222563
4746_Au2Ni2,Au2Ni2,Cmcm,0.2424296367895184,NiAu,1077.042397278864,1114.788013605681
4747_BaW3,BaW3,Pmm2,1.139329181823605,BaW3,6202.56893040109,3901.284465200546
4749_K6Rh2,K6Rh2,I4/mmm,0.6040952700919129,K3Rh,2400.989871044739,7573.861264557195
4750_Al2Pd6,Al2Pd6,Cmcm,-0.3512329465345525,AlPd3,3075.316919123695,7454.511521166166
4751_Mn4W2,Mn4W2,Cmcm,0.1197822458971262,Mn2W,4979.916980373802,3364.776379802686
4752_CaAs3,CaAs3,Immm,-0.3502374894930931,CaAs3,3390.79650268008,3621.681238832998
4753_Cu4Ta4,Cu4Ta4,P2_13,0.3145868356134906,TaCu,2118.06415767953,3942.302457632069
4754_Au2Ba6,Au2Ba6,Pmmn,-0.2617753895589199,Ba3Au,2385.43726890221,1879.509710301512
4755_AuAs3,AuAs3,Immm,0.3577655840683733,As3Au,2272.505998717871,2598.87181643346
4756_K2Sn2,K2Sn2,Pmmn,-0.0014499690382616,KSn,2377.017622013544,2987.44590747128
4757_InBr,InBr,Fm-3m,-0.7175140965916014,InBr,3300.0,4010.710654163372
4759_Au4Ni8,Au4Ni8,Pnma,0.1137680593830878,Ni2Au,1062.657693037163,1186.711534814186
4760_Mn4Ta5,Mn4Ta5,I4/mmm,0.1391875726000301,Ta5Mn4,2163.203487926517,4213.729233970787
4761_Fe4Ga4,Fe4Ga4,Pnma,0.0308050240268382,GaFe,4121.308772935779,1677.630447247706
4762_Fe3Sb,Fe3Sb,Imm2,0.4414744564171062,Fe3Sb,4714.868905442541,2241.770511070015
4763_InMo5,InMo5,P4/mmm,0.1573142325687998,InMo5,2573.815090543936,4662.6780013389
4765_Mo3W,Mo3W,Pmm2,0.4530177667841109,Mo3W,4192.952550566087,4910.227706398678
4766_Au2Mn2,Au2Mn2,P4/nmm,0.6149682153648515,MnAu,1209.045332929074,1174.472532686519
4767_Sn4W8,Sn4W8,Pnma,0.5256381582876166,SnW2,5926.12101400111,3641.028804046136
4768_Pb6P2,Pb6P2,I4/mmm,0.2162553450890172,PPb3,2666.775198969768,1956.631204856808
4769_Sr2Br6,Sr2Br6,Pmmn,-1.6828241395262955,SrBr3,3540.911368274412,5856.050737477545
4770_Cu8Ta4,Cu8Ta4,Pa-3,1.1517740039267264,TaCu2,2011.191940472123,3438.476290797153
4771_EuSb,EuSb,P-6m2,-0.9332170063572685,EuSb,8788.275781444083,3233.448290979235
4772_Ba4Ta2,Ba4Ta2,Cmcm,0.900999325810084,Ba2Ta,2721.986406201836,3292.905692136301
4775_Mo4P8,Mo4P8,I4_1/amd,0.1065608358772536,MoP2,2243.059103263916,5221.529551631958
4776_Ni2Ge6,Ni2Ge6,Pmmn,0.0800920653913639,NiGe3,4387.601612937045,1815.125731436004
4777_Al4Ba,Al4Ba,I4/mmm,-0.2379211242006079,BaAl4,2383.915707303946,1727.921728210807
4778_MnRh5,MnRh5,Amm2,-0.0331173025082295,MnRh5,3045.643212707452,7401.867449241376
4779_MoW,MoW,P-6m2,0.4723990886009801,MoW,5422.603474158268,4642.912288226464
4780_Pb4P,Pb4P,I4/mmm,0.4434886753329195,PPb4,2674.782164380588,1918.884082205802
4782_Sr4Br,Sr4Br,Im-3m,-0.2378610234737603,Sr4Br,4032.908286553404,3724.064091601918
4783_Ag24Al5,Ag24Al5,I-43m,0.068669406625523,Al5Ag24,1219.812092264412,1380.187907735588
4784_Ni4Rh2,Ni4Rh2,C2/m,0.046255102906335,Ni2Rh,2027.689574261107,4536.355560316906
4785_Mo2Nb,Mo2Nb,Fmmm,-0.0745787488592076,NbMo2,4390.014122164128,6441.811381569581
4787_Cu2Ni2,Cu2Ni2,Cmcm,0.0822911971003383,CuNi,1311.909253481283,1500.0
4788_Mo2Pb2,Mo2Pb2,Cmme,0.4939748205054668,MoPb,2605.053770535066,2907.706010424226
4789_Na2Pb,Na2Pb,Immm,-0.1529461556916516,Na2Pb,2409.426511658779,1563.909040722757
4790_Ba5W,Ba5W,Amm2,0.8487297015357887,Ba5W,3844.78014876935,2722.390074384675
4791_NaP3,NaP3,Immm,0.076200731217769,NaP3,1821.49422846666,4187.637167718485
4792_Ni2Yb2,Ni2Yb2,Pmma,-0.24160819968451,YbNi,7347.121304050258,2694.752245468283
4793_AlTa,AlTa,Fm-3m,0.4693485286782328,TaAl,2209.165922036585,4306.900719627175
4794_EuNi,EuNi,Fm-3m,-0.0364610876192079,EuNi,7131.728579200161,2654.207732555324
4795_FeW7,FeW7,Fm-3m,0.4130573151942798,FeW7,6808.682343741272,4179.386694967324
4796_Ni3P,Ni3P,Pmmm,-0.174271319347592,Ni3P,1149.592703760964,2038.533733539472
4798_SnBr4,SnBr4,Im-3m,-0.2659943161222486,SnBr4,3110.421923408604,5464.623134379434
4799_Ba3In3,Ba3In3,Cm,-0.3259496805371166,BaIn,3136.609490570901,2163.390509429099
4801_Ir2Rh4,Ir2Rh4,I4_1/amd,0.3085144192754955,IrRh2,4310.723617433949,8531.215643120584
4802_K4Pd2,K4Pd2,Pnnm,0.0954286081191586,K2Pd,2564.656807676016,7661.150297427209
4803_Mo5W,Mo5W,Cmmm,0.0032439918025867,Mo5W,3674.473279681707,5022.940591373543
4804_Ca2P,Ca2P,I4/mmm,-0.7301065161364099,Ca2P,3370.437561091871,2503.381463194351
4805_Sn2Br4,Sn2Br4,Fd-3m,0.258251974530042,SnBr2,3001.64585412792,4641.032895539965
4806_Rh2As,Rh2As,Fm-3m,-0.4713601768918624,AsRh2,3226.68788733478,6932.484506608781
4807_GaIn,GaIn,Pm-3m,0.0465300307790692,InGa,4131.200654597082,1962.218152063769
4809_Mn6W2,Mn6W2,Pmmn,0.2104745956342277,Mn3W,4447.337519745751,3118.211814697107
4810_CeNi3,CeNi3,Pm-3m,-0.0086891208885537,CeNi3,4766.604405745547,2209.007888140338
4811_CuIn3,CuIn3,Fm-3m,0.2076251569604519,In3Cu,3035.225,1922.125
4812_Ba3W,Ba3W,Pmm2,1.2293632028874226,Ba3W,4234.196176368406,2917.098088184203
4813_Ca3Nb,Ca3Nb,Pm-3m,0.6282818560868297,Ca3Nb,5905.107375711726,4682.018226672956
4814_Pd4V4,Pd4V4,Pnma,-0.0948595768377771,VPd,3232.372276573367,6510.875277625086
4816_Ba2Sb2,Ba2Sb2,Cmcm,-0.8338671201122385,BaSb,5302.794042155724,2816.953764565571
4818_AgW2,AgW2,I4/mmm,0.6495468493854482,AgW2,5684.3908566997,3642.19542834985
4819_NaSr,NaSr,Pm-3m,0.0196509155200732,NaSr,3555.678207884243,2480.385651519551
4820_V2W,V2W,Fm-3m,0.870102745832483,V2W,5680.655390010605,3979.078338110688
4821_Ag3Nb3,Ag3Nb3,Cm,0.2345844547757055,NbAg,4578.000212975168,4824.274188495376
4822_Al6Br2,Al6Br2,Cmcm,-0.078349820865998,Al3Br,2444.500894983767,3930.914870826013
4823_CuSb3,CuSb3,I4/mmm,0.3994996801531401,CuSb3,6966.42834156511,3118.446642694239
4824_Al6Mn2,Al6Mn2,Pm-3n,-0.1138396464069968,MnAl3,1600.0,1323.444034295802
4825_Cu2Sb2,Cu2Sb2,P4/nmm,0.09306332431475,CuSb,5739.57454156908,2748.44311571131
4826_Au2V2,Au2V2,P4/nmm,0.027181270273112,VAu,1552.067980086602,1493.165069185384
4827_Mo2Pd,Mo2Pd,Fm-3m,1.0351696748078811,Mo2Pd,2685.403955749246,6263.238350653704
4829_Fe2Ta6,Fe2Ta6,P6_3/mmc,0.2474721246249149,Ta3Fe,2309.327887029892,4482.851840983654
4830_Fe2As,Fe2As,I4/mmm,0.0120831969950868,Fe2As,2761.335736899528,2443.858795487526
4831_Al4V2,Al4V2,I4_1/amd,0.2737093218978603,Al2V,2425.517363602701,2165.436278027342
4833_Mn2Nb,Mn2Nb,I4/mmm,0.1324247635487564,Mn2Nb,4761.289148909173,5007.104933675973
4834_In3V,In3V,I4/mmm,0.2276268100656002,VIn3,3300.0,2180.371552028285
4835_CaGa,CaGa,Pm-3m,-0.4281546413302104,CaGa,4915.990746896658,1753.997686724165
4836_NiSr,NiSr,Pm-3m,0.1471746751052132,SrNi,2916.324820556422,2398.277259635823
4837_Ag6Fe2,Ag6Fe2,P6_3/mmc,0.3145756984875691,FeAg3,1376.608434954207,1400.0
4839_Fe2Sb6,Fe2Sb6,P6_3/mmc,0.1168711655218608,FeSb3,7170.650044523599,3134.781834372217
4840_Al4Pd4,Al4Pd4,Pnma,-0.7824189350264472,AlPd,2876.387077592522,6584.193464467283
4841_Mo2Sr2,Mo2Sr2,Imma,0.6658938067199829,SrMo,3259.206798866856,4202.124645892351
4842_CaCu,CaCu,P4/mmm,0.4393169567324375,CaCu,2489.556473403845,1500.0
4843_CrSm,CrSm,Fm-3m,0.5526842695973091,SmCr,7855.49785748984,3356.953459767212
4844_CuIn7,CuIn7,Fm-3m,0.0132383724315321,In7Cu,3175.439077936333,1963.364434687157
4845_VP4,VP4,Im-3m,0.1480949914869519,VP4,2378.776352871026,4604.677077014813
4846_Al3Mn,Al3Mn,Pm-3m,-0.1379675077832951,MnAl3,1600.0,1323.444034295802
4848_AgSn8,AgSn8,I4/mmm,0.018971326515688,AgSn8,2457.202272199035,1579.600324599862
4849_Sn4Br4,Sn4Br4,P2_13,-0.3749848258403285,SnBr,2881.615596080841,3732.232370326362
4850_Mn3Pd,Mn3Pd,Pmm2,0.1965186180139397,Mn3Pd,2227.767592747867,4232.599421897985
4851_NbRh3,NbRh3,I4/mmm,-0.4288553189376305,NbRh3,4426.035264723962,8185.061926750786
4852_GaMn2,GaMn2,Fm-3m,0.8850172981825631,Mn2Ga,3114.037181368793,1838.821466188944
4853_Au3V,Au3V,Pm-3m,0.0919731410731934,VAu3,1274.609075855112,1190.482628205577
4854_Ag4Pt7,Ag4Pt7,P-1,0.0311257725487666,Ag4Pt7,4467.57358459992,7251.236418934741
4855_K3P4,K3P4,I4/mmm,-0.139473519418894,K3P4,1854.10474071664,6121.266814983517
4856_Al4Ni4,Al4Ni4,Pnma,-0.5654812568977841,AlNi,1188.957511082477,1342.53540743127
4857_Ag2P2,Ag2P2,Imma,0.215945692610235,AgP,1378.469169140667,2225.419907275583
4858_TaW3,TaW3,I4/mmm,0.275062910855949,TaW3,5838.918320896201,4423.519327564234
4859_Mo3Rh,Mo3Rh,I4/mmm,0.1017876729739253,Mo3Rh,2610.696256067239,6011.099864226931
4860_KMo3,KMo3,Pmmm,0.8846373431271548,KMo3,2316.282416738371,5527.233440281562
4861_NbNi2,NbNi2,I4/mmm,-0.2625785314750324,NbNi2,4313.4590955351,4725.10018632083
4862_FeGe,FeGe,Pm-3m,0.0022779541582638,FeGe,4039.537689224423,1682.678911935245
4863_AlBa2,AlBa2,I4/mmm,-0.0728546199252759,Ba2Al,2874.768887594202,2183.713967051759
4864_K2Mo,K2Mo,Fmmm,4.81669369363701,K2Mo,2085.662749818247,6153.20110763619
4865_Ag2Ga,Ag2Ga,Immm,-0.0137227884469162,GaAg2,2250.268094166806,1522.12419699614
4867_Fe2Ir,Fe2Ir,I4/mmm,-0.0278560975141021,Fe2Ir,4360.707387457347,6270.144155942443
4868_AgSr3,AgSr3,Fm-3m,0.0908131573419157,Sr3Ag,3327.110913062454,2534.459153633309
4869_AuSn7,AuSn7,Fm-3m,0.0055408770330904,Sn7Au,2312.579683990209,1485.031873596083
4870_AlV,AlV,Fm-3m,0.4851956900377718,AlV,2711.36002337568,2568.978856530372
4872_K6Ge18,K6Ge18,Pmmn,0.0672474289266761,KGe3,4752.358528556138,2706.24994407013
4873_Ba4V2,Ba4V2,C2/m,0.6654282184353768,Ba2V,3046.936920196993,2472.102040722307
4874_Ga5Nb3,Ga5Nb3,Cmmm,-0.2383261687443578,Nb3Ga5,6832.874088440333,4965.610403412766
4875_Sn2W4,Sn2W4,I4/mcm,0.8958564563297932,SnW2,5926.12101400111,3641.028804046136
4876_GeAs,GeAs,P-6m2,-0.0428850132941525,GeAs,4284.537982781429,2966.2351180795
4877_Al2Ni2,Al2Ni2,Pmmn,-0.4553764697931735,AlNi,1188.957511082477,1342.53540743127
4879_InPb2,InPb2,I4/mmm,0.0110441219397922,InPb2,2830.17471061075,1843.391570203584
4880_AlBa3,AlBa3,I4/mmm,0.0921476397973015,Ba3Al,2913.946747801135,2220.093408672482
4881_Pd8V4,Pd8V4,Pnma,-0.2238081572333025,VPd2,3219.31200633858,7111.647708425345
4882_Cu4Ge4,Cu4Ge4,Pnma,0.1401491838090569,CuGe,3573.536193147606,1713.355264124066
4883_Mo6Rh2,Mo6Rh2,I4/mmm,0.0748557648128329,Mo3Rh,2610.696256067239,6011.099864226931
4884_PdV3,PdV3,Cmmm,0.0416317142825679,V3Pd,3258.949948793513,5288.30235549838
4885_AsI,AsI,P-6m2,0.2784186072773007,AsI,4306.050169831875,4503.025084915937
4886_Al2Br2,Al2Br2,Pmmn,-0.2130247291300895,AlBr,2870.862286696659,5410.639700888405
4887_CsCu,CsCu,Fm-3m,0.4629642665639557,CsCu,4576.735385278158,4544.388462216298
4889_Au12Sb4,Au12Sb4,Pnma,0.0309741185759158,SbAu3,2261.799933218338,1410.047035253531
4892_Mn2Rh4,Mn2Rh4,Cmcm,0.0094144196852769,MnRh2,2862.890914902488,6693.70229524714
4893_FeNi,FeNi,Fm-3m,0.5900486215904728,FeNi,1682.592039001767,1451.243425785588
4894_AgSr,AgSr,Pm-3m,-0.0336765836214314,SrAg,2544.633589137349,2117.137914206586
4895_AgSr,AgSr,Pm-3m,-0.2790911051684235,SrAg,2544.633589137349,2117.137914206586
4896_Al5As24,Al5As24,I-43m,0.2029142958536346,Al5As24,3181.355415257708,3790.627203395955
4897_CaSn,CaSn,Pm-3m,-0.6047923086631299,CaSn,2928.119253344081,1574.76005743507
4898_Al2Au,Al2Au,I4/mmm,-0.4116197583822245,Al2Au,1207.526308702857,1000.0
4899_InW3,InW3,P2/m,0.4483106890783048,InW3,6362.445785772386,3903.682515480132
4900_Ca2Sr,Ca2Sr,I4/mmm,0.0145876839698736,SrCa2,4056.673183292009,2283.365916460042
4901_Rh2Sb4,Rh2Sb4,Fd-3m,0.8924790440338496,Sb2Rh,6503.867642537863,4766.427413686348
4902_AgGa5,AgGa5,Cmmm,0.0345835753718712,Ga5Ag,4483.898509298918,1781.848663871967
4903_Mn3Sr,Mn3Sr,Pm-3m,0.8495298385172907,SrMn3,2502.46115090576,2216.520531187274
4905_Cu4K16,Cu4K16,I-43m,0.388446705850454,K4Cu,1671.107469700718,5553.125772940886
4907_Rh2Ta4,Rh2Ta4,I4/mcm,-0.2997070499201785,Ta2Rh,2499.257097538849,5508.469680138131
4908_Mo2Ta2,Mo2Ta2,Cmcm,0.3511306459887429,TaMo,2334.649403939241,4973.247019696204
4909_InMn5,InMn5,Amm2,0.348006162550855,Mn5In,2101.120611766285,1858.955366090151
4910_AgGa5,AgGa5,Cmmm,0.0338377283785996,Ga5Ag,4483.898509298918,1781.848663871967
4911_NiPd3,NiPd3,Pm-3m,0.0067054398745094,NiPd3,2858.356083051508,6990.59751810673
4912_NaBr3,NaBr3,Cmmm,-0.6094928308533563,NaBr3,3107.47182421108,6339.918034068597
4913_Na3Rh,Na3Rh,Cmmm,0.3103064652176819,Na3Rh,2357.319514801559,4990.426838576996
4914_Fe2As,Fe2As,I4/mmm,0.011960028974741,Fe2As,2761.335736899528,2443.858795487526
4915_Cu2Rh6,Cu2Rh6,Pmmn,0.06766825202389,CuRh3,2926.87659917397,6890.436184144253
4916_SbP3,SbP3,Im-3m,0.2084703715605291,SbP3,5346.281426691286,4135.817216038105
4917_In2Pd2,In2Pd2,P4/nmm,-0.4115068745040471,InPd,3251.897956047334,4886.122637159981
4918_PI3,PI3,Pm-3m,0.8204711590365552,PI3,4681.815135595238,4822.570848041872
4919_EuGa,EuGa,Pm-3m,-0.5421530171607336,EuGa,8241.956001028477,2722.586800308543
4920_PbAs3,PbAs3,P4/mmm,0.3092709550260926,As3Pb,3012.198771751772,2944.728829756498
4921_NaP,NaP,Cmmm,-0.0973361816196645,NaP,1616.57823605646,3140.288762066351
4922_NbAs3,NbAs3,P4/mmm,0.1966417168765444,NbAs3,4820.79636560043,5403.812029785013
4924_Al2Sb4,Al2Sb4,I4_1/amd,0.1593734761924174,AlSb2,7271.598054267039,3160.60878257792
4927_Ag3Pb,Ag3Pb,Imm2,0.0971226535759504,Ag3Pb,1785.526199283126,1556.140319808834
4928_Ba2Mn2,Ba2Mn2,P4/nmm,0.8169081951931902,BaMn,2599.962317643335,2157.129399158334
4929_Ag3Au,Ag3Au,Cmmm,-0.0315943423557443,Ag3Au,1162.163373477181,1248.653493908726
4930_Cu4Yb2,Cu4Yb2,Imma,-0.293062360656964,YbCu2,6154.715924993003,2422.474111390988
4931_Pb4As3,Pb4As3,I4/mmm,0.1430533531112188,As3Pb4,2828.002454144254,2269.342331862264
4932_Al4Bi2,Al4Bi2,P4_2/mnm,0.889244536310505,Al2Bi,4540.660434835079,4973.865452479838
4934_Mn3Pb,Mn3Pb,Pm-3m,0.454647138983935,Mn3Pb,2212.664892424047,1800.0
4935_InPt,InPt,Pm-3m,-0.3954266898175138,InPt,4684.904905421714,6469.465831133713
4936_Pb3As,Pb3As,Fm-3m,0.158233633628551,AsPb3,2764.539218884239,2036.643802575541
4937_Fe2As,Fe2As,P4/mmm,0.2919286981624853,Fe2As,2761.335736899528,2443.858795487526
4938_Ni2Sb4,Ni2Sb4,Pnnm,-0.3996609011663068,NiSb2,6559.938771742087,3030.997632798546
4941_YbGe,YbGe,P4/mmm,-0.8290159565154296,YbGe,8258.18951481602,2745.197004233149
4943_InK,InK,R-3m,0.0734591574714023,KIn,2893.562994952451,3320.920266404532
4944_PBr3,PBr3,Fm-3m,0.6417892177990348,PBr3,3151.244888898146,6694.031384628202
4945_Al3Br,Al3Br,I4/mmm,0.273000563654906,Al3Br,2444.500894983767,3930.914870826013
4948_SmW,SmW,P-6m2,0.6281554503118381,SmW,8124.775583482943,3760.107719928186
4949_AgCu8,AgCu8,I4/mmm,0.8151936839697029,Cu8Ag,1529.982561881305,1482.495640470326
4950_CuMn2,CuMn2,I4/mmm,0.291305059286478,Mn2Cu,1600.0,1690.072827515803
4951_Pd3Rb,Pd3Rb,P4/mmm,0.2062061691088219,RbPd3,3791.285896348113,7577.65293117992
4952_Pd2W,Pd2W,I4/mmm,0.0837341889231855,Pd2W,4961.097105979631,6285.247554704043
4953_SnSb,SnSb,Pm-3m,0.0903802482941573,SnSb,5283.611261279993,2511.415145340375
4954_Ni2V4,Ni2V4,Cmcm,-0.0308948681763017,V2Ni,2459.310957276412,2705.517747315297
4955_Fe2Br2,Fe2Br2,Imma,0.554255786528496,FeBr,2929.754178667983,4637.38664741545
4956_AlSb2,AlSb2,I4/mmm,0.1444806532237414,AlSb2,7271.598054267039,3160.60878257792
4957_IrTa5,IrTa5,Cmmm,-0.263741136245784,Ta5Ir,2860.728211257986,5553.478533877918
4958_Ba2Ge2,Ba2Ge2,P4/nmm,-0.1778758672158011,BaGe,3795.705991893965,2161.616349235832
4959_GaNa3,GaNa3,P4/mmm,0.0112123224602209,Na3Ga,3311.955405298417,1203.803992594951
4960_Sn6Sb2,Sn6Sb2,Pm-3n,0.1037218500945518,Sn3Sb,3950.369331854611,2058.615999497792
4961_IrNa3,IrNa3,Pmm2,0.3740963947163251,Na3Ir,4338.128395758404,6829.069137164153
4962_Ge2P4,Ge2P4,C2/m,0.0137601105489194,GeP2,3781.086336055933,3372.885977157883
4963_Cu8In,Cu8In,I4/mmm,0.0245764029035318,InCu8,1913.21403240766,1592.121774237547
4964_Cu3Na5,Cu3Na5,Cmmm,0.2736034573217432,Na5Cu3,1411.921148187221,1123.842296374442
4965_Fe4Pd2,Fe4Pd2,Pnnm,0.8623138115758214,Fe2Pd,2790.335151987529,4620.265003897116
4968_Al4Pt2,Al4Pt2,Cmcm,-0.5791034507663954,Al2Pt,4654.954944879795,7344.906423981112
4969_PtP3,PtP3,Pmmm,0.399243288113225,P3Pt,4370.768986510893,7809.450270298164
4970_PdAs,PdAs,Cmmm,-0.138616894546411,AsPd,3241.315175337595,6347.392986496204
4971_Ni2Sb4,Ni2Sb4,Pnnm,-0.3743846982243711,NiSb2,6559.938771742087,3030.997632798546
4972_Fe4Mn4,Fe4Mn4,Pnma,0.0404711306334171,MnFe,2003.27470688317,1598.362646558415
4973_Pb4V4,Pb4V4,Pnma,0.4396753374186346,VPb,2818.403666206324,2115.743109883533
4974_SmYb,SmYb,P-6m2,-0.3023586934686482,YbSm,9500.0,3100.0
4975_AlRb,AlRb,P4/mmm,0.6302057448982932,RbAl,4944.246615248656,4800.280244600745
4976_Rh3Ta,Rh3Ta,I4/mmm,-0.4835740124948469,TaRh3,2867.418953365569,6817.489611966465
4977_Fe2Ir2,Fe2Ir2,P4/nmm,0.0103466912544032,FeIr,4802.111972006999,7366.536188533512
4978_Sn3Br,Sn3Br,P4/mmm,-0.1491318265327392,Sn3Br,2728.276235339446,2571.234353284377
4980_Rh6P4,Rh6P4,Fdd2,-0.4949304186620736,P2Rh3,2999.449032043099,7515.335160770823
4981_Ag2Br6,Ag2Br6,I4/mmm,-0.0441878178169319,AgBr3,2648.285028894051,5193.127456627276
4982_Ga3Nb,Ga3Nb,I4/mmm,-0.3381442933782557,NbGa3,6422.680756041753,4022.165738896033
4983_Ba4Ca2,Ba4Ca2,I4_1/amd,0.1024221370404016,Ba2Ca,3114.606077551695,2198.12793106516
4984_Na4Pd,Na4Pd,I4/m,-0.0258741763051297,Na4Pd,2226.540173714061,4523.357763264506
4985_Cu5Mn,Cu5Mn,F-43m,0.1331142964003463,MnCu5,1600.0,1544.225454049864
4986_Pb2Sr2,Pb2Sr2,Pmma,-0.6056881541202612,SrPb,3145.797435723492,2156.637948578794
4987_In3W,In3W,Fm-3m,0.8934791810267129,In3W,4587.555792797193,2800.372519846904
4988_FeYb3,FeYb3,Pm-3m,0.337279709129779,Yb3Fe,8810.393676136808,2934.882992877827
4989_Cu12Ge12,Cu12Ge12,Pbcm,0.159939611134894,CuGe,3573.536193147606,1713.355264124066
4990_Au2Nb4,Au2Nb4,C2/m,0.0519236670651916,Nb2Au,4692.185679389182,4786.357878275084
4991_Cu2W,Cu2W,Immm,0.4542508312631017,Cu2W,4792.775269190691,3155.513102543321
4992_Ag4Al2,Ag4Al2,Cmcm,-0.06928288901308,AlAg2,1244.465668678022,1355.534331321978
4993_Ag4Al2,Ag4Al2,Cmcm,-0.0484234267756432,AlAg2,1244.465668678022,1355.534331321978
4994_Ba2Ir2,Ba2Ir2,Cmcm,0.5409645036856263,BaIr,4458.204367246863,6266.315878911467
4995_Au2Sb2,Au2Sb2,Cmcm,-0.0255928153431068,SbAu,3697.737623812592,1916.848573110326
4996_Al2In2,Al2In2,P4/nmm,0.1980946123949709,AlIn,2976.524930385069,1809.720547285335
4997_Ag3Br,Ag3Br,P4/mmm,-0.0466270446590901,Ag3Br,1615.848385883225,2489.126724932256
4998_Al16Ge8,Al16Ge8,Fd-3m,0.200161422863711,Al2Ge,3722.918383535151,1516.385552751794
5000_Ga5Sr,Ga5Sr,Cmmm,-0.1824981728377247,SrGa5,5238.888443155639,2120.940548099075
5001_MoSr3,MoSr3,Pmm2,0.9291439460161364,Sr3Mo,3718.695652173913,3615.0
