file_name,value_per_atom,mean_10nn_dist
4426_In2Nb,0.5931966225101638,4.721964117516881
177_Au3Sr,0.7382655086643606,2.225717565125185
4281_NiGe2,0.066839860205236,2.746955464068529
3262_In4Rh3,-0.1529194983569896,4.023181001327427
1187_AsBr8,0.0085100131908456,3.4752174472623745
321_PAs,0.552972441845033,1.9475706468651863
1290_Ag2Br2,-0.4427062432956123,2.0419755040791805
4938_Ni2Sb4,-0.3996609011663068,3.5444815770799503
2835_PbTa3,0.3831692982889105,9.723489286591027
4268_In4W8,0.5404186690897484,7.095960223072497
4378_Au2As4,0.0144955617245739,3.265114325898123
217_Ge8Br,0.2846492762005539,10.65708424996816
3912_P4Br2,0.1837938368234185,2.662638508200585
73_NiSb2,-0.0025785561335673,3.3484731261534777
1481_Fe3V,0.0116175512059566,7.804831657191469
739_Ag2Ta4,0.5628349412683527,6.75547538770387
2841_FePb,0.6389923159511817,3.282159633043561
3803_K2Nb,1.3750683807518378,2.3913840409982443
955_V3Br,0.2451158130539417,5.517981542678957
4389_CuBr3,0.0078963335368147,4.3307972919760775
650_Mo5P24,0.4231915241768708,4.691809316753796
2784_Ga2Rh,-0.3544554391462562,4.251456388225971
1032_Fe2Ga,-0.1271094661681431,3.523364087190104
4223_K8As8,-0.713846988178084,1.34067173125658
4547_MoV3,-0.0631905048546421,7.153399919546061
1294_Au3Ga,-0.0748055552389126,4.8962299227218855
2327_Cu6Fe2,0.2644123682040105,4.873520451900244
1146_Fe8Pb4,1.0841797110529658,4.569954284931281
2572_Ba3Rh,0.2455132468116114,1.1521329436161725
3235_BaGe,-0.1830738889749259,0.801572143695679
3397_Ni2Pd,0.0330800850408934,4.71158162002394
41_TaV5,0.0285429832034746,4.617090891902185
2943_Mo16V4,0.7960963314866717,6.901803081267017
2801_Al6Sb2,0.1692057428212972,2.5790329826298213
183_AgP3,0.6377887469169732,4.391486618263768
813_Cr4As,0.0144065940607106,6.144810211012188
4328_AuCu,-0.0597546096257533,2.240192318930133
2995_CaBr3,-1.1215024322719191,4.878910196274522
4582_Pt4V12,-0.1642023230585536,5.261390947000711
3347_CuIn5,0.3415053973082337,2.1782527585898204
2018_Au2Mn2,0.0127753186422383,5.3295494742382585
4733_K6Br18,-0.7936805794907835,4.222115521227376
844_Au2Nb4,0.066589382172116,2.899049354187284
1719_Al3Ga,0.0275824749523612,2.307577713595511
743_Al4P2,0.1063656280243972,2.5503066406245662
4000_MnTa2,0.0306398640400852,5.680700561010789
925_In5Sn,0.0071618832732151,4.48282416635913
483_Fe2Ga,-0.1236527609692442,3.5236422028110645
144_CaRh4,-0.0123593460472001,4.050405812608172
4473_Ba4In,0.1451732176930757,0.6923624048709136
2258_Cr2Nb4,0.691069255071028,5.219362177500588
2948_Au6Ba2,-0.526886487717174,2.310662298806313
3038_NaBr,-1.574279165099012,5.062544312393301
3124_Pd3Ta,-0.4789615722321567,3.953286783323013
3233_WAs3,0.1306941151796659,4.04179137569136
754_Ba3Sn,-0.322119701814052,0.5471431515245334
3555_PBr4,0.274910942903859,3.321242678658932
3719_Au3Fe4,0.1105281714746949,7.881229573447227
991_Ni4Rh2,0.0388150810912032,4.033064440239153
2077_Sn4P,0.1624301464290653,3.2606088056851803
4835_CaGa,-0.4281546413302104,0.9365588906561634
2618_Al6In2,0.1591287652795423,1.2573124789768673
3208_CaW,1.71443865346851,1.588718796426182
3637_K3Pt,0.1227777550677848,1.6601782634619275
1504_FeNa3,1.3762284436560104,2.0846903271190325
3621_KSb,-0.2790825044919915,2.2086030288825897
1932_AgTa3,0.3187596400493717,6.516619789454488
630_P4As,0.812091334973811,2.6634355962577905
270_FeNa,2.2341407373912583,4.778368894680236
4837_Ag6Fe2,0.3145756984875691,4.637316543267462
4469_GeAs,0.208114042910724,2.92465147597624
4910_AgGa5,0.0338377283785996,1.8812400846892137
2511_Al2V6,-0.1365881299866016,8.338546868167361
2577_Cr5Na,0.694440626891898,2.6139205251059336
3582_Pd2Rh2,0.1426459089233844,2.7199622577353564
2014_Cr12W18,0.3721570960262284,3.9225458065032313
1072_Fe2Pb2,0.2930038543888518,3.9216602062290304
1083_Ba3Ta,0.8554577806908497,1.0625726180221755
2355_AuIn,-0.101576258846467,6.399999171382816
2642_Ag4Al4,-0.0290568165324929,0.9021023780849486
1503_FeMo5,0.5453663357175754,8.031289980588982
2406_Pb4V4,0.5249129675022628,5.237645256389993
752_Ba2Ga2,-0.1956373653855494,0.8184424010706837
2894_Rh4W2,-0.0352169931060544,8.150426151112136
535_MoTa2,-0.1505603280492735,4.705054055903173
2591_Al16Cu36,-0.2174912665715523,1.2177038454799036
2774_Ca2Cu2,-0.159069105587382,0.5349571231094818
751_Ca3Ir,-0.046826592853308,1.5190377154071015
3220_Pd2Rb4,0.1455347177912755,0.4719456889118197
2534_Ag3Ni,0.1945696901642204,3.619115934342909
4250_Ba4Ca2,0.0320475488332038,0.3247370683038509
2504_Cr2As2,0.00771246407571,3.975864448661659
3053_W5As,0.2297891868005095,4.754931328227874
3696_Cr2Sb2,-0.0563094461679325,4.892360267159697
1748_Ag4Al3,-0.0356463121095568,1.5047246223957722
2445_Pd3Ta,-0.2675461896751736,3.687520122473968
3827_Al2Pt2,-0.8915417961538017,4.364637323504434
4368_Mo17Pd12,0.2563564100439517,3.699977655470355
4821_Ag3Nb3,0.2345844547757055,2.4078119377384573
297_FePd3,-0.1061349423812592,2.597844081151002
3567_P4Br6,0.2069360492629879,2.5886068040423296
3411_Cu4As2,-0.1525581951790394,3.277443988794944
4776_Ni2Ge6,0.0800920653913639,6.027313629657526
4182_TaV,0.3810899222485702,6.667366387443202
1428_InV,0.4022346652563175,6.127665070676175
481_RbW,2.187420242882454,3.0254947343662506
2259_Cr4Nb2,0.2767052758592463,4.47998901958834
3604_Al3Pt,-0.4549920345578195,4.160268944166464
672_Ba2Ta4,0.787986574164344,4.444972604342339
2026_Sr8Bi6,-0.9292699023510173,1.189148697922537
4540_Pd4Sb2,-0.3088773544865653,1.2960759260519603
3510_AgMn2,0.3680142390347581,2.4821549821302304
1525_CsYb,0.6718211478979981,1.219513582698915
1910_KSn,0.0318888405176593,2.4833817883870912
4800_Nb3Br5,-0.0615081050359869,9.021402850043476
2829_Ca2Nb,1.172952547926214,1.2076255722634943
970_Nb4W8,0.124329705043389,3.063737387975217
2082_BaPd,-0.4783613083554825,1.0673565025912786
3096_Rh3As,0.1899546984508608,7.188429719242079
4057_Nb4Ni,0.7399515162667611,9.65378203970988
3088_Rh4As12,-0.4381732386554331,5.874467309293062
2485_W8Sb16,0.6432572109632039,3.126813564275693
266_Ag4Al4,-0.0171242730527843,1.1218324836990097
2149_NaPt2,-0.046822418080523,2.887170376886761
4360_Mn4W2,0.2035748244125805,3.9710023287419935
1519_Cr2Ta4,0.758102563824084,4.311486996676256
2564_In2I2,-0.5589380872856298,2.158248606696121
3521_InRh3,-0.0126030187117507,5.321500207329692
3896_K2P2,0.1540928379601198,1.296067127086956
1209_Ag4Al,-0.0270003615448651,1.5724547188197455
1502_Fe5Mo,0.1221333189670185,10.67332126025111
2130_Cr2Nb6,0.1085546089350248,3.5786884902087293
4641_CuV3,0.1548210464828159,6.781405346149276
2127_MoTa2,-0.1478099950723385,4.708203669209277
1114_Pb2V,0.7233741524777114,5.200124099191127
223_Pd12Ta18,-0.1882194332244068,2.9792887036026987
1255_Ga4W,0.5111326559478918,6.332551035654885
936_FeAs3,0.0897481398296129,3.0582911421724
1835_Ca3Pb,-0.2709615632900624,0.7534378751286417
1755_V3W,-0.0340694370188607,3.483376248082755
425_CsYb,0.2133070813367397,2.229211400341803
577_Ba3Ir,0.338428116950626,1.36227707420991
1940_Al3Cr,-0.1551539401644879,5.370379266445985
1020_MoV4,0.5635547788826841,6.453953163773957
4350_Au2Ni2,0.1379700411721982,4.101451584418724
3331_KP,0.134582269728186,1.5183715494120542
19_In4Sn2,0.0058372774279457,3.5910077775712805
3689_GaK3,0.1886516453423525,0.9676566403879814
706_Ta4V6,0.1993984094369878,4.039296598234737
2307_Cr2W,0.0618624920747521,4.057298178105105
3178_Pt2P2,0.0154463285845389,6.635945739622878
2821_V12As4,-0.3130499928677199,4.90235753320667
4384_AlK5,0.1901957953294963,0.9005222113533158
3738_Ag2Nb2,0.2586238279425172,2.6308922596140465
1731_CrTa,0.530166486935034,5.378726348394898
4585_CsIr,1.543183644474976,3.286308361844424
1247_Ba2Ga2,-0.3509398047293142,0.6695247870440014
2116_Na2Pd,-0.0417511614547165,0.5013159629998858
3112_Na8Pd4,-0.0135115662789999,0.6403965287967812
4309_SrBr,-1.4833767957406825,1.588678671985106
725_SrV,1.1938333385077635,1.9023553433357596
954_Ga24Pt5,-0.0221923533320317,5.420862901454034
734_Fe3Ir4,0.3829532302239989,6.794792331439251
2119_WSb,0.635789304038278,4.200624079752158
2088_Nb4Pb2,0.2068769972852896,8.06697107105812
3781_Nb6V10,0.2635492415701748,2.6544816925500205
4763_InMo5,0.1573142325687998,6.558041550832402
2047_Mo2Pb4,0.836551452064942,7.2173552603709314
4085_Ga2Mn4,0.4832637774343287,4.225822737826329
1848_MnNi,0.0683401008984505,8.023161871485682
4019_Mo4W4,0.4015146948815431,4.023178173492509
1302_Ir2Pb4,0.1596593003387981,10.147128465626224
1674_Pb2As4,0.0357977154458121,2.8928183453251606
3079_AlPt3,-0.5888720165519494,7.611022638413248
4287_Ba4W2,1.4642914263667777,1.0297377469560456
978_AlIn3,0.1314761879387154,1.8066850123578688
1484_Nb2P,-0.4176020747172989,5.284575927909169
971_Cr6Ta2,0.3273652456195499,5.024107008440981
2656_SnYb3,-0.5960435130812347,7.752746118410402
3162_PBr,0.722297972837521,5.320892886987329
1447_Fe2Pb2,0.2944677495223846,3.924552878572319
1733_FeV,0.1213318125962068,5.787413387798611
3069_Fe2Na2,0.4438350170722662,4.507827687989967
3875_In4K,0.5600406304992827,1.9587846706028436
3372_Ni3Ta,-0.2058836724948634,5.7610198852467205
3366_Al4As2,0.202797994810151,1.8572280626345097
1299_Cr2Na6,0.6015848251485396,1.6380225127470396
3542_BaSr7,0.0035132338114711,0.231875255516068
2951_AuW2,0.4242236213270421,5.766905588726749
3221_Al3Cu,0.0063965280789801,1.927065832327288
2790_Al4Sb2,0.2113444936483244,2.159716407962172
3193_Ni4Sr,0.3530060754889405,2.8725048105658386
3796_Cu3V,0.2278824626723592,4.812000061485321
4702_AlPb8,0.0781345707423987,7.934005536601878
3847_W4Sb2,0.6877308191738637,4.481303859368517
2345_KP5,0.0256133907113328,0.9814662852864932
2733_AlCu2,-0.1994923198229224,1.1126828478191384
3268_Al5Mn,0.1800210855609935,5.542455395095898
795_MoSr2,0.9515306066991656,0.6517804103770302
1697_Ca5Ga3,-0.1228295982076836,0.7979556233074129
1956_Sr8W4,1.5620329569499674,1.0177588112301053
2969_Au3Nb3,-0.0151428426324133,2.430339951577284
273_Ba3Br,-0.6944199402649203,0.7637171737581655
2982_VW7,0.4516883622280989,9.554136257805649
3284_SrAs,-0.9460797429955128,0.7266847075843131
3835_Fe2Br2,0.555203703580994,8.660428773403158
2795_Al4Br2,0.438326157140616,4.964360683664234
1431_Ba2Br,-0.9593332803697492,0.944704093126792
744_V4W3,-0.0694999846588128,4.809464222818484
222_BaIr2,1.7617864823163814,4.512075730242409
1370_Cr5Nb24,0.4282415165249063,3.404184035751168
3670_Pd4As2,-0.2132849462625093,1.354739364370603
252_AuPt,1.1568970335132995,5.122930032239708
1185_AsBr,0.606413846195041,7.8348715169309955
1663_TaGe3,0.1374193903641964,3.924075517391525
3918_Ga3V,-0.0526355528457882,7.011480722844391
3917_NbV2,0.0458614302778042,2.0140284347959487
3043_RhTa,0.6853395561039957,10.287802778426888
3240_CuW,0.6085194492981056,4.75557012679022
233_Ag6Al6,-0.0259394001015677,1.1290284774658912
1211_PbSb,0.0827676745746988,4.884180329569462
2487_AlRh2,-0.6362167693245576,4.3981233944579685
1137_Al4Pb8,0.1908878355909351,4.927491372483627
2114_Ag8P16,0.5141729398957775,3.241422242544324
3686_Fe2Sr6,0.615835199672778,0.9245083521466004
4037_Ca8Br16,-1.8897337814623807,1.133366612592713
3154_Na4Pt8,-0.0312456015943839,3.403555502738591
113_CsV,-0.1117365929441112,3.497089766276301
1953_Mo16Nb8,0.3950892874479035,3.9538488337484665
4560_CuW3,3.1041706291605253,3.9743718112316073
3907_Nb4Sr16,0.909109010293352,0.8158170941709189
2494_Sb6Ge2,0.2654197661846105,2.264228432398438
3080_Ag3Al,-0.0439969828079953,1.3354324822798185
4184_SnW,0.763816548221854,3.514452617753633
3798_Ga4Sr,-0.4463342416331709,0.8476029128094403
1499_Fe6Sb2,0.3131206590505275,3.146892270177957
3401_Mo2Sr,0.6679731985949005,2.889627740167544
3214_InSb2,0.1714528778890098,2.892522326423684
3243_AuMn,0.1939194425575365,4.0528244096027946
4013_MoRh2,-0.1614324447944059,4.730040494457394
4497_Fe2Sb4,0.4788135614246241,4.007161536048776
3516_Ca2Sb2,-0.8103366219678154,0.5685832193142215
1388_Fe8Na16,0.7667905908766114,2.7047174427109315
4503_Pd5Sn,-0.2280325911464439,4.147718526544958
2388_CaP,-0.8147897059473337,0.5358026688006575
2427_AuYb,-0.8982156585447809,3.395103674684531
3819_P2As4,0.3096385535205896,1.9137367858541157
3495_AlBr3,-0.2381826702708811,4.462041258641211
2729_Rh2Sr2,0.0519912715488652,2.4073740333864904
108_Fe2Pb2,0.4067883133950829,3.223943371625046
3711_Ga10Mn4,-0.1222770479353282,3.423923326409154
3980_SrI,-1.1805649649666825,1.4098719268226698
1746_Ir2V,0.1849424688285653,8.083359594169313
1031_BaFe2,0.877546727959088,3.2019252924652326
3074_Ag2Mn,0.2038998473890263,1.808663618168504
3843_Ir4Ta6,-0.344838574125113,4.309877689247832
4297_Ca2Br2,-0.6922187046404753,1.4768226725841245
4161_AuGe,-0.0203678673486198,6.005255746804241
4472_MnSb2,0.1504747922415295,2.6544520925451005
4108_CuIn,0.2413165592473523,2.765225704763343
2575_AlCu2,-0.1952456041573492,1.1188046451223732
3145_In3Mn,0.2544290912213443,3.756199395643762
3436_In3Sr,-0.2040066123664181,0.8413538420390445
1968_GaSr,-0.1161170499616095,0.5962403957529323
3709_Al4Ga2,0.1296503943423186,1.4248776237208851
590_Sb4Ge2,0.2864570294892138,2.580271465908346
749_Mo10W6,0.344623366699313,4.098232012039803
4639_CrNi,0.1338070737599874,8.202860126336379
4221_Au2Mn,-0.089335500206479,2.875954438031355
4862_FeGe,0.0022779541582638,9.93616584774874
1689_InRh,-0.0625134166024929,4.817947378155638
406_As4Br,0.8804043387066216,3.4476608431131126
3172_PtRb5,0.4503096521275971,1.5684910187890917
4569_Pb4P2,0.0598117949566413,4.268115589574533
3066_Nb8Br40,-0.9904254432297014,8.814159450587184
2414_Au4In2,0.0693486325170589,4.408747019528882
2524_K5Ni,0.4523238413744102,1.8650806599205836
4886_Al2Br2,-0.2130247291300895,4.3466611648225335
727_Ga2W,0.2419851468309346,7.821547869599764
1052_CuIr,2.1677452154660086,5.164121273286507
4321_MoW2,0.4640619945655662,5.810486139047269
3433_Au3Br,0.3171197310725695,10.996438269355266
32_In4Br12,-0.8565492677849518,5.320194475812217
246_WSb,0.6402363637939983,4.253227637091349
2078_V2Br2,-0.1457084697899882,4.5523375481895405
3603_Mo2Nb,-0.1171227482251945,3.71893841844769
582_InBr3,-0.5541793780190627,3.498422130497633
4898_Al2Au,-0.4116197583822245,5.492529032423854
1744_Na2Pt2,0.0178433983610966,2.4789881065875856
35_Ag4Sn8,0.0393953092254234,1.3609775827029933
534_Ni2Sb2,-0.0458101554117664,3.243821634924984
4833_Mn2Nb,0.1324247635487564,5.625564178816545
2802_AlGe,0.1840861531470681,7.266823813660525
730_Ni3Ta,-0.1871286724374261,5.750797245579241
264_Cr4P,0.722891464014863,5.905209314698201
163_As3Br,0.2126619543483046,3.008287467249912
529_AlPd3,-0.60903041698508,2.408387931334998
2279_IrNa3,0.3875730521386757,5.215401098155414
1155_Ca3Pb,-0.3742175042414386,1.1646812689399204
3788_Cu12Pb12,0.2586636069044156,3.852371117000595
2832_AlMo3,-0.0993333449440783,3.289095993046346
508_Ba3Sb,-0.4907969730717179,0.5578786920017815
4883_Mo6Rh2,0.0748557648128329,8.765561131568937
3987_Cs8Sb8,-0.6076108534631741,1.42517042759692
501_FeSb3,0.3358709608334767,3.4208455073637425
1740_Al2Sr6,0.0682416433704053,0.5072950902101007
2848_Ca3W,0.8837096676666336,1.3693824655229858
1843_Cu3Sn,0.0759635169361603,1.6162329104297093
2958_Na3Ge,0.0413320232122367,1.3172371821179671
4010_Fe3Ta,-0.1127685116032299,9.7345878782735
4545_Al4Mn,-0.072840510263844,4.387943373966044
4598_Ni3Rh3,0.0590098443842267,3.678266010640464
1849_AlSb3,0.1501559370777596,3.1452565687217726
4087_AuNi3,0.0985591715563041,5.50276858035995
287_Ca12Mo4,0.6399058390486374,0.7460232274934128
4110_Na2Pb2,-0.1562603921855645,3.0254581888430083
3616_PtV3,-0.234975318016616,6.57949970446754
1284_Cr4Nb4,0.3977030851031742,3.193024474329881
742_SnW2,0.4336866222469631,3.926653717645464
3897_BaPb3,-0.2594454125591254,2.9646816421770104
3430_YbGe,-0.8311990432124841,6.950895834362344
4129_Al5Fe,-0.0528174990306299,7.574263301403801
4526_Fe8Ga4,-0.1229566562214709,3.7660263121242337
1592_BaIr5,0.6484048012314467,6.897643342835361
4541_Ag2Sr,0.1312674073517152,0.7759988211616703
2189_Sb6Ge2,0.1905762873380529,2.761350111707348
384_CrAs3,0.5987397938903678,5.314336533208428
174_PbSr7,-0.030999434316967,0.8006270279501848
973_MnW,0.1476485737560633,6.313532784715332
3447_NbSb3,0.2761555592913893,5.71756162795804
3724_Fe5Pd,0.0312070643968134,3.3913598100134963
3087_NiV,-0.1710537031610801,9.846158024218202
101_CrW3,0.0537844050765876,3.217092711770804
1997_BaTa2,2.6742888561602256,4.624420047953934
3025_Ag2Nb4,0.5705474645153797,2.327453576416759
3708_Ni8Ge4,-0.4454890874569628,3.4825303426184795
573_Fe3Ga,-0.081774550841752,5.298288681996867
761_CuMo,0.34300430186188,4.95777387312011
4619_Ba2In4,-0.3853485588517111,1.201695699609122
278_Al12Sn4,0.1373679800708411,2.961796723837734
2612_Au2Nb4,0.0545237198894454,2.0145676673465926
4989_Cu12Ge12,0.159939611134894,1.7141704378090323
998_KI,-1.585206424514379,1.415393948318313
2462_WSb,0.6432706149340781,4.228290817943491
51_Ag2Br2,-0.4385558393715043,1.8827379224217105
3441_AlSb2,0.1446425292884262,1.7859290420973253
2782_W3P,0.3408790440879965,4.936787627898895
2530_Ni4Rh2,0.1190964767898267,4.105020508742726
2367_Fe4Na4,1.7236679830938106,5.130731350346624
2091_Pb16V8,0.3154810401082291,4.452509607731293
536_KSn3,-0.1798566029982073,2.2232522162591253
707_Pd3Sb,-0.3760822909045904,1.1191254912314754
2728_Pd2V4,0.4185596658639869,3.857194102543541
3305_Cu4Fe,0.1124787343126072,5.838653089486686
3469_Ag7Pt3,0.0294889942727358,3.8467833664813615
4405_FeGe3,0.5245141898888992,10.320859659834117
374_Al6Rh6,-0.7530327867590891,3.655262125641327
3269_Ir2Pb2,0.5037811192586714,9.250486880973432
1194_MnSb8,0.1924240153271862,4.824442124503639
462_Fe2Pb4,0.4720998800685994,3.789060947137117
288_As2Br6,0.3046454324844947,3.4150533068219757
3818_FeP5,0.1148882220658234,5.927779047864485
2583_Pb24Sr5,-0.1749641724387654,3.062316056781376
2038_Nb10Ge6,-0.5620901117693196,8.396977113416877
4340_W2P2,0.2953934385766779,5.566584391789621
4929_Ag3Au,-0.0315943423557443,2.725677635361514
2197_SbGe3,0.3134360038520034,2.6053722192463487
45_CaRh2,-0.0716643596461175,2.9622279779867613
2749_Al2Ca6,-0.1204313542762798,0.5663700077385984
2309_AgAl,-0.0019810858099353,1.807786161954972
3615_Al6Ba2,-0.1768863718932234,0.8731980717506017
1122_Au4Mn6,0.1804851735896761,4.759591634792045
292_Ga14Pt6,-0.5450134948837502,4.555451283170465
1000_Fe2Ga4,0.1881841721178313,3.804282214857485
2217_Ir3V,-0.2390413103018538,7.768827287661155
759_P4Br16,0.0475859620767529,3.6007550726321407
3488_In2Sn,0.0148089513722802,2.812039319099436
1160_Fe3As,0.1806419260128855,5.489047679895373
3296_RhYb,-0.5889667665039164,6.120444351448946
1488_IrTa,-0.2715116790559833,7.182828246889133
4373_Ca2As6,-0.953861079987993,1.6012855548963398
1015_Cr8Rh,0.4020511085975929,5.727444767012417
4093_CaNb4,2.0724527098289203,2.68107894789797
4348_Cu3Br,0.1835211112072219,3.054400365327393
1668_Ba6As2,-0.3480596932121238,0.5176344189495345
1894_Cr2W,0.0611237773090872,4.055186397274994
518_CaPb5,-0.1095779331682044,5.878958565163421
1420_CaCs,0.2514498412173807,0.4799457639437094
695_In4Br2,-0.3554943725237409,5.160972894389375
3464_Mo2Nb,-0.1180241041157141,3.729286307668749
1029_AlNb3,-0.1644287196143619,6.56967593275634
3990_TaV3,0.0534170211823017,4.791000751167323
4468_PdSn2,-0.3196629277584938,2.873121219071185
2175_AgBr,-0.2694783941406529,2.279294766683799
1455_SrBi,-0.630477073737969,2.072670443843971
3448_Ag2Br6,-0.1108622604289462,4.298489702447903
1743_Na5Pt4,-0.0063450382886319,0.9193166510850832
4195_KBr,-1.9000790488547985,1.7681005157687857
966_Ag2Ca,-0.2523950355557402,0.9509618166281244
2186_Ir8Pd16,0.3399996705513632,7.100724615786424
2537_Nb10P6,-0.8280427660965373,4.372415043653779
4347_AuV,0.1783313605397838,6.725820282841381
3539_VBr3,-0.2218910264533509,3.689394690642541
2425_NbP2,-0.2707179532971071,4.061788131091029
603_CrP7,0.6510238187764203,6.393009451743732
3004_Sn3W,0.4237881929144711,3.1374774150338083
4336_In16Sn4,0.0915696363380483,4.743760021933016
4409_Au2Br,0.2718252220490837,8.763804613240914
4559_Al3Ba,-0.0382474331130611,0.95986635804452
2409_Au2Cu,0.0811198566425339,2.621461244234866
2433_Fe3As,0.1791333723670165,5.466418524611248
3625_K2P,-0.0875183940462124,1.0580150474017402
3676_W2Sb6,0.3256841746554091,4.711845472698767
3806_Ag4Pd6,0.0226663836828961,2.822602090075674
124_PbV3,0.3868962014052073,6.517369876011277
3285_In24Pt5,0.0133550996723297,5.133869234423509
4885_AsI,0.2784186072773007,4.8659261923935375
2569_AuSb,-0.0210635766241136,3.5715401656596293
271_PtV2,-0.3400272227183064,5.686027914651771
4738_Pd2Sb,-0.390415799050519,2.244921378990949
373_Mn8W16,0.2505562964440694,3.88772577937248
498_Ge4Br5,0.2780708243690522,8.46091090851869
2760_Cu4Nb4,0.305104841116413,2.7436518859518544
4306_K3V,0.8623195553608953,2.7231103785355093
4446_Sn8I32,-0.5442849740864955,6.575929545880338
4164_Sn2W4,0.550858656015072,4.779634501369823
4203_V4As2,-0.3354524045812148,5.65770134759856
2317_KGe2,0.0251469977801098,1.5768610104635772
243_FePb3,0.4786018239383995,4.1459009345860025
195_Ni6Ge18,0.2198266953462753,4.798224226963743
3982_Cu2W2,0.2190544733619734,4.756585167519313
2747_AuBr3,0.2885409983907767,10.062262929506693
2103_BiGe,0.2141530049264015,6.669559710040867
1952_Ba2V2,1.4341046655489045,1.9226519810206115
2178_Ir4Ta8,-0.3445234546746931,3.810206797063127
3338_Ba4In2,-0.2546404354869868,0.587532876873631
4033_Ni3Yb,-0.0804497372718122,6.688968702041519
626_AgAl2,0.0462782463932066,0.8913795028722517
1047_K2Na4,0.0428438262803355,0.0891342921337317
2873_FePd4,0.4780438335531506,2.8343064958437583
1392_GaNb,-0.1452180837217334,5.177668758877699
4205_MnRh3,-0.0543841615570341,5.278562572395987
3094_In2Ni,0.018092876315561,5.591999010149886
2028_Ag3Al4,-0.0070739792168131,1.7129222157042456
4918_PI3,0.8204711590365552,3.973124667069739
3001_Cu8Ta4,0.1459014699692117,4.880748734492255
4076_InSr,-0.1074781430223197,0.7343604433595818
2099_Ba16Ir4,0.2012769031781847,1.0922488486502042
3475_CrSb3,0.2056924724572182,4.4815641270769655
3545_Ga2Sr2,-0.3373286017251207,0.6448038751183389
2837_CsCu,0.4745825853302812,0.4169549442182169
238_In4Pb16,0.2226825117026813,6.641086131022776
1475_Ca2P2,-0.816929871768715,0.5857041497007249
1962_K2As2,-0.1601061421490177,1.3271650780764337
60_CuMn3,0.2690644181336781,3.414495378280526
3675_Au4Sb12,0.0816958115240025,3.620122728739693
1184_Ca3Pb,-0.1979178734946765,1.2283605547437697
30_In5Br,-0.1449179659511769,6.148018115757844
4831_Al4V2,0.2737093218978603,7.0402759768336125
3552_W2As2,0.1099817999318233,3.3772364567819446
4096_InRh,-0.4297782565255268,6.07876714056567
3379_K4Na8,-0.0243008570655279,0.2512112006573225
1699_Ag2Ge2,0.1769106188002136,1.4518405931983047
261_Fe3Na,1.127116443806946,3.4402328077506907
3409_Sr4Bi2,-0.788333228094911,1.003409122785054
2415_Ir3Ta,-0.3949713315041503,8.255385523259452
3925_Na2Sn,-0.1466331125119874,1.7022277906825725
2568_P4As8,0.1960957518537416,1.160321558357905
4366_NbV2,0.0481065601878126,1.9796370816372344
4387_AgSn3,0.00321990824178,2.033532147830447
3624_Ba3P,-0.2539164227109487,0.8914967269422801
3532_Ca2Ga,-0.3246202201433765,0.5307407050684312
2100_Pd3Sb,-0.3754922119956188,1.1437902767163133
4077_Mo4Rh8,-0.1778144107156573,4.495087409502768
232_Ta3Ge,-0.1070394710213111,6.521092829300121
4850_Mn3Pd,0.1965186180139397,3.54339807659327
1278_CrNb3,0.2586689314898542,3.068409787658525
644_Al2Pt2,-0.9206056344885516,4.854263427597655
2319_Cr2Rh2,0.0220272874187692,6.817436235529897
3034_Ba2Rh2,0.1303739087458275,2.4543006841918795
3537_V3Sb,-0.0930840734466427,4.636863980852878
299_NbW3,0.4719516784127222,6.426157306243842
3148_Al2Pt2,-0.935620107858214,6.7285276840228265
988_W3As,0.4255188202761601,4.631618633638741
2984_W2As4,0.3283533195803396,2.735157499669756
2138_Mo3Sr,0.7152137656734343,3.1492392897969097
846_In2Ta2,0.2468565124577857,4.603945636570799
2102_BaCu3,0.2453032477954502,0.8949813394887451
2398_AgAl2,0.0748750121599464,1.1423419526417633
3256_Ga2Ge2,0.1807988408540439,3.01474180454673
4126_Ba4Cu2,0.0315725948119934,0.4113549496237303
4460_SbP,0.0811624920790903,1.1040939824301763
4790_Ba5W,0.8487297015357887,0.8119109024588698
327_Au2Nb3,-0.1809541178163854,2.363024827873983
3008_AgNb,1.2152851656673,4.157262959947047
4002_NiAs,-0.3012501129468337,4.221571691602788
2921_Pb2V2,0.4928501595522814,5.336265409915299
3423_SnP,0.134815296805475,2.994586957185983
1873_Al2Sb2,0.181921935434036,1.6982133626897908
3595_Mn6P2,-0.2087209704508552,5.186521643596242
1643_Ca3Ni,0.2530239250171147,1.2104007633936271
1696_Cr3Na,0.9098419704397562,2.912494703470007
2550_AgSn,0.0423152505418444,1.6188323154971536
3137_PbP3,0.759440252156609,6.813572169438031
1725_CrNb,0.0447298304455507,3.242612955091791
4136_CuYb,-0.2513605341934943,3.722463359033983
1121_Cr4Rh8,-0.0843739375719524,4.719275502612932
4355_Mo6Rh18,-0.182751220239588,5.061067339763954
1857_CuMo,0.3588543434479447,4.957769934494987
4840_Al4Pd4,-0.7824189350264472,1.2249555267066932
3446_Au3K,-0.0419299927417968,2.36725418792199
3553_NbSr3,0.7270039404560236,0.9748523769607836
4165_Ba2W2,0.7883000138159826,2.0456667129695902
4728_Au2Nb3,-0.0708677776626018,2.1627956885211512
3324_Cs2Ni6,0.6204138322765402,3.291130883348888
4997_Ag3Br,-0.0466270446590901,3.049789237596522
338_Nb2V,0.0503705615820422,5.984694730977913
4537_Al2Fe4,-0.2272930246471259,5.22187478895165
4788_Mo2Pb2,0.4939748205054668,8.501472178372113
3445_Sr2As4,-0.5606790033731818,1.4970852732548714
748_Mo2P,0.0111428188688501,4.650415646428983
517_AlNi,-0.4930291561301398,4.438549060519132
2009_MoNb,-0.1312283059431038,3.4862687569994684
4583_Na2Pt2,-0.0653840123712798,1.0311087223086912
2816_Pt4As8,-0.8481429737237084,4.843063870334647
935_BaPd5,-0.0742184407992028,1.237507987229739
772_PbGe3,0.1001123730519051,3.952078708019689
55_AgMn,0.829020340298344,1.848255576917025
1412_FeK,1.3241645138926663,4.19231977735685
4856_Al4Ni4,-0.5654812568977841,4.841203747468385
340_Ag2Ge2,0.1739586116285205,1.4109181037103578
2184_SnV,1.1915693404471313,6.724616773233244
3339_Pd6V18,0.0094176494364196,3.875283148837888
3643_VGe3,0.1074684072566141,4.618852064053561
206_Cr12W18,0.3346698123646452,4.05587383379843
2556_Au5Cr4,0.3412211310621565,5.191277441415407
1218_Ba4Cu8,0.2957104055890719,0.7898433591651861
14_Pd2Ta2,-0.3572595305178883,2.787576366461006
1103_NbP3,-0.1665362972477222,4.971665443552987
3727_Cr3Sn,0.2386689885192066,7.818919034097533
3665_Na2P2,0.1266276353560829,1.3051667798818287
4804_Ca2P,-0.7301065161364099,0.6157671136619725
812_V4W2,0.4559703031640971,3.5442499448440428
3271_Pt2Sb2,-0.3033767802065705,7.073707150295876
1684_FePb2,0.5941554962577266,3.116426357785888
1183_K3Sn,-0.0495743689624823,1.2584332343253617
1640_Ag2Ca4,-0.2512035885165782,0.3052712537242588
3877_Cu4Pd6,-0.0477099033245785,2.8913590567187404
4514_Al3Sn,0.1452120532474441,2.456934042322208
4957_IrTa5,-0.263741136245784,6.801314126892644
2083_PbSb,0.1049325678159949,2.6964472477543886
331_VW2,-0.0937538236216634,4.28784408948553
4040_Na3V,0.63313957064004,2.7601042185583697
3904_NaPt5,-0.0501648287347424,6.879231729418817
3752_Al42Pd16,-0.5514900207285938,2.5981816679185443
3873_Cu2Ga2,-0.0164941734962384,3.4659941618855283
2912_K2Br4,-1.0890156947304026,4.222874787631051
1017_CuGa,-0.0550340558600681,2.604211053462448
1521_InBr5,-0.2827377903090093,5.888611804273635
3100_Na2Sb2,-0.1595024621703382,1.6396551001509738
317_Fe4W2,0.6376702269705253,6.789121530427695
1825_Pb2Sb6,0.173259380384851,2.812388726372189
3278_InMn,0.2268852581227722,4.834779794011368
4818_AgW2,0.6495468493854482,4.804976930079939
1039_Nb2P2,-0.0587182743692746,6.953412251010638
1844_Ni2Pb2,0.0508002978802686,10.52566322272999
2754_Ag7Pt5,0.0114995210897035,1.523945380784604
1607_K2Na4,0.0638998573109968,0.2214613630197241
1616_Al2K2,0.2424803932814523,1.1082303224946206
133_AlNb5,0.0071761993991602,6.236247440660116
1010_Cr3W,0.0656147205161872,3.655745980268405
3346_SnSb3,0.1632144741154624,2.1087968894910287
3789_Mn4Rh2,0.0155560353019161,5.118725360552196
3842_MnP,-0.3775156260053043,9.346472033480682
2140_FePd3,-0.1114107298153808,2.605762085746388
3028_Cu5W,0.3101269911022661,3.8405134749934313
310_Ba6Sn2,-0.1445053251641583,0.6990011380876472
3155_CuNi2,0.0278102839109202,4.307696360750714
4593_K2Pd6,0.0709865784228007,1.30324646417052
1493_InK2,0.0403808359025378,0.967437383663804
4766_Au2Mn2,0.6149682153648515,5.04539750687488
3731_Cu2Sb6,0.2657594816528084,3.111814719606424
2565_Mo2Sr2,0.5575013792903318,1.704125419594479
4854_Ag4Pt7,0.0311257725487666,1.7318965950819334
2609_Au12Nb12,0.0229785255657984,3.015039695202295
968_IrV3,-0.2177500932741018,9.401130697373498
1879_Al2Rh,-0.7826644855886933,3.028896712005751
3571_Fe5Mn,0.0476466478093809,10.594195700916414
3227_CaP,-0.744611542772053,0.5496302332439529
711_CrNb,0.0374160302242572,3.2176602519388178
1273_Ag2Mn4,0.6947248627524445,2.6064014188066507
1998_Cu5Pt5,-0.1249004932685046,1.2194739707592457
1245_P17Br12,0.0963308127641721,2.687826167173248
640_SrW,1.9908134049990984,1.4274593637551432
1443_Pd4Ge2,-0.003291648050693,3.5127225522262107
2152_Fe5Ir4,0.0052237297287357,6.5264176565183805
1314_Ta3V,0.2921233851410409,8.322546730591728
2916_MoRh2,0.0380025121836678,4.843049523356054
274_CsBr,-1.85028031224608,3.291435685007452
2211_CuK4,0.2236390669345606,0.5304086569857955
4303_AuRh3,0.1418375503469873,9.809080984434464
3105_Sb2As4,0.1155331115355782,1.7200520206961087
3474_Ta2P2,-0.0397634335946133,8.801286635046747
716_CuNb,0.2235941904050769,4.6459040567353584
4068_Ni4Ge5,0.1658968720271679,3.103774413005962
2607_In2Sn,0.0116156002191824,2.805884334488095
4769_Sr2Br6,-1.6828241395262955,1.2909737053686097
1201_Cu6Pt4,-0.1170175652860208,1.1243752753542855
3098_AlSn3,0.1044766819611391,3.3508237720888845
1634_Cu2Na,0.1896229369415631,1.2222079134065968
1012_KPt,0.3818962756672643,1.1394279069180164
2159_Al4Rh2,-0.3845005338222644,4.084493976612629
2034_Fe3Ga4,0.078311859130354,2.4325880018149566
1887_Fe5Pd,0.2336302647298455,3.772920474399035
4117_CaGe3,-0.0378530245933212,1.9480742820657924
668_MoSn,0.2023255626539493,4.741840655373824
658_AgAl5,-0.0043263235933051,3.667285535524441
3881_VBr3,-0.044573140622091,4.761722755550165
1116_Ir2Ta4,0.1685092472094496,4.572209360646227
4736_Rh6W2,-0.2931200597782641,10.074018407697135
519_Ag4Al,-0.0485466401328874,1.186157978110936
2738_Ni2Sr2,0.34235089547228,1.349310671226031
4124_Al3Ta,-0.3367066690608897,6.615860372668337
3679_AuFe4,0.093735028143422,8.057559005787237
1738_IrV,-0.4972864209587264,10.718238108053136
2580_Al2Ta,-0.0842983799627745,5.914881009112298
2385_Cr4Nb2,0.4819255786809115,5.027342427519957
3179_Ge3As5,0.3617212920548871,3.556474234054388
3439_Pb2Sr2,-0.552749920594013,2.0277698121427656
2330_Ag4Al4,-0.015127320994988,0.931258523710223
2360_Ir4Na2,0.7113253348531856,4.455957079615914
2650_Au2Cr,0.335438791843923,3.675213552118544
3370_Ag4Pt8,0.0272420275515964,2.347285044422497
715_Mo2Sr2,0.547790505542185,1.7013385833084589
358_SbGe,0.3136889612467888,3.0294690367420856
143_Ba2Pt2,-0.4142137698980046,1.8765617419308296
2505_Ag2Mn2,0.2806231820436764,2.266306430897116
4809_Mn6W2,0.2104745956342277,3.448580076820368
681_Pt3V,-0.4605299601087775,8.622553068799014
3164_Pb4Ta2,0.3486914174797857,6.456701165308727
3333_Al3Pt5,-0.915859397452909,5.096172539711272
2376_Ag2Al3,-0.0040974382584245,1.313647617564013
3520_Mn5Nb4,0.0655003863898523,5.508603493618359
1457_Au2Nb4,0.045874804663016,2.0408931959540677
3281_Sn18W6,0.5323133311983336,2.8435026995403
485_PI,0.6799114991940689,4.875086995774042
1225_FePd3,-0.0160473646052743,1.9853777416811755
3086_K4Sn16,-0.0769619674630533,1.992564245776565
1175_Ba5Pd,-0.0416080374204114,0.6285482693578368
2933_SbP,0.3087547031735251,1.8765972185737805
4587_InMo8,0.3558672096246924,5.929931909873392
202_K3Na,0.0175885883206032,0.0796008074455935
2090_Cu5Pt7,-0.0938955697698211,1.9962563322984117
753_Ir2V4,-0.1734783621908313,9.535790751694083
3525_Cu2Ge2,0.1181708539907431,1.9038601459472493
3759_NiRh5,0.0241607385453797,6.749426602006993
3303_Rh3Sr,0.2050868898288982,3.186745244109434
4079_Al2As,0.2365133531478314,2.1309973552257424
3659_Nb4As5,0.0399136352688995,5.453517161547323
3083_Pd3P,-0.2245172311260823,1.567196187644332
1506_Ba2Pd2,-0.5512698825241915,0.9004149493133247
4562_SbP2,0.0828077510599977,1.18640898654878
3482_Nb4Sn,1.2860597229982376,10.226881304810046
2008_Au2P,0.3120691496839557,4.501152042661035
1647_PbSb,0.1028825215824067,2.701036913294553
3238_GaNi,-0.0512278565072206,5.853996249189316
782_FeIr2,0.016372947711981,4.883158576222533
3033_Sr2As,-0.7210184155352634,0.5736460174734793
1460_Ge8I32,-0.4836880931436205,6.708712206520856
600_Ni4Ta4,0.0027783047602145,7.203857262431557
1221_Mo3Pb,0.507330070879302,8.747235831602447
1198_Ag5Al3,-0.0362252790731596,1.3044483850342978
745_CaCr3,0.7852050754029234,1.8626837270160577
4364_Al3Ni,-0.2242332681677492,6.198591703412275
2139_Fe3Ir,-0.0482504948414277,5.138607731141873
3551_Ag4Sn,0.1467271739098009,3.398135284243748
10_Ba2Bi3,-0.8094130623309983,3.710395742253354
3120_Au3Pb,0.0421634035992708,6.639940962241856
4100_Pt4V8,-0.2722998168753759,5.410662781114752
4270_Mo2V6,-0.0734245459992521,6.466014668383266
181_WSb,1.5974823249986905,5.7508543227282605
1170_NbP3,-0.1655885277068263,4.949981460571761
3257_InP,0.3374919533225204,3.5215103233884206
2525_CrTa,0.1368525732847381,3.603545791719208
4730_Au3Ba5,-0.440568201391275,1.0835988516505153
620_K2As2,0.3860607131950981,1.5783677255168305
2157_InSn2,0.0148086213463241,2.9975386343480084
3754_Al3Cu2,-0.1646769696389171,1.3500113502901778
4249_AuRh,0.2785169400110483,8.599501603764642
3466_Ir3Sr,0.4561107350422215,4.221832971492096
4785_Mo2Nb,-0.0745787488592076,4.609850786324692
2858_FeIn,0.3261709629407026,2.2034405215697297
665_AsBr4,0.0831803890341781,3.0639263986449388
3908_Al2Fe4,-0.1664737846228483,6.723246966327565
2500_Ni2Ta,0.370421373180451,6.249082454847731
1671_Al2In4,0.1496605006122985,1.7279729089512472
4889_Au12Sb4,0.0309741185759158,3.6631317989805856
1850_Au5Nb,0.048939849058281,3.815199338724839
4314_Ag2Al4,0.1908437062868871,2.3337909508245054
4189_Ag2Mo2,0.5144999072780223,3.518276390000378
4230_NbPd2,0.3503046510252652,4.653043252594561
3988_Ag4Ba2,-0.2866839690043905,0.8261029367067911
1433_Cr16W14,0.1711127888080928,4.58965147957911
3522_Pd3As,-0.2758033828431498,1.0634768770899066
3078_Al3Sn3,0.125480888915901,3.2156818669628806
1550_Ag4Al6,-0.0121998775051977,1.167156236675955
3246_Al3Rh,-0.4172590044019131,4.155080083433674
2963_AuSb,-0.0501351230650959,4.081343678675019
3710_Al2K4,0.2315029424185904,0.9482960494937316
379_P3As,0.6037013122326167,2.400234309956541
3468_Ni4Pd8,0.0685609689016277,5.597596413219706
3443_Ga6Sb2,0.0666863054200095,4.406732028187707
4538_Ge5As3,0.3379859815522268,2.9826951098371413
996_AuCr2,0.3190157135225651,6.357266795308779
1166_As3Br,0.2125235734648201,3.002701814696734
1973_Fe3V,-0.0559529631309843,9.16993809061298
2036_AgAl2,0.0454910328131704,0.9031974363360716
802_FePd,0.0486880392537516,3.1042667253700498
1555_FeW,0.3016816518868364,5.436624087495293
352_AuP3,0.5236402867825065,3.8506076014421056
566_NaPd3,0.0354355352941269,1.0102079914205946
3779_CaIr3,0.0305344814990053,4.565300470116162
4198_Al5Fe,-0.0580412148693868,7.674145064629347
399_Au2Nb2,-0.0960918000005977,3.497206378566168
1565_In2Br2,-0.7314480474795149,1.791007904221012
4346_KV3,1.2695272567403224,3.903322538238436
4630_Nb2V4,0.4616743501136291,3.8197110667230296
482_MnMo3,0.3761156942213759,8.584111401849563
1049_Fe4V2,0.1077950162773397,8.499959075046046
405_NaPt,-0.1344248556811007,0.9753761148132256
2765_In6Mn18,0.3412085826997663,2.9561814304031344
3273_Fe3V4,-0.0739615341255576,4.935577296305655
3778_InMo,0.4716348834971979,4.838121915637184
391_Ga2Na,-0.0480496307103811,2.086432249672204
1964_SrW4,3.29538982431248,1.5826381067637465
1197_KGe3,0.2462290881116402,2.204554753449906
4408_Cu17In12,0.2514156314578594,2.185179812930289
4716_SrBi,-0.5781677096715216,2.5617320212856645
3291_RhSr8,0.0602316093634118,0.8033207194749116
4745_Ba5Pb,-0.1592093732859284,0.6866852982141043
1303_Ga4W,0.4929919372029175,6.176059444144735
4566_PdYb,-0.6517078910153504,3.830356606466749
348_MnNb,1.8045609325081904,6.50825494094353
553_Al8Sn4,0.1639814527707136,2.809879735617131
3581_Ba3Sr,0.0026527436349885,0.3201852988305719
3277_Mn2Sb2,0.2208059199903882,2.7309899244664626
4568_Mn2Sb2,0.3028448297486399,2.519455222726259
1119_AlPd2,-0.7924205762264265,1.4778050130844542
2997_NaRh,0.7276111557127489,4.692980550625316
4968_Al4Pt2,-0.5791034507663954,4.390369279961935
4495_AgSn2,-0.0007098658300653,1.3174516210627767
3985_Au3Cu,-0.0153363036812166,3.893268140725449
4051_Al8As4,0.1096141093467484,1.9804547371959969
4404_Al2Cu4,-0.0829668452392239,1.6014888325547
923_Ca4P6,-0.7364136415173135,1.1384681884731769
1476_Ni3Ta,-0.1899694483609204,5.752482947152485
4802_K4Pd2,0.0954286081191586,0.670594535328412
1593_W2As2,0.6139095757248487,4.2424327439973455
4185_Au4V16,0.4755917777020059,5.476630098146382
771_Al2Pt4,-0.6594769920454873,4.634495545447795
3618_Cu2V,0.0882831066899108,4.298982148617806
2889_BaIn2,0.0835970481372318,0.8337866415360434
4388_Nb2Ni4,0.0333005873831287,10.13412405153937
4574_Pt2V2,-0.4415867327475009,10.17580703319095
4799_Ba3In3,-0.3259496805371166,0.6957765755640616
4099_CuW,2.2610068203752807,4.646468676086625
4638_PdSr,-0.3796195866085003,0.7671047322554176
4906_Rh6Sb4,-0.0479862950624436,6.020107947170712
20_Sr6Br4,-1.1928946056775946,0.6705500733763627
1424_Pd12Sb4,-0.3704102548060044,1.1232468547450098
687_In3Ni,0.2402447399500977,6.108258572410309
3656_Ge3Br,0.0465995518350488,10.021155477993002
3863_BaBr2,-11.34664136590266,4.445479413921914
3813_Cu24As8,0.0163710169351274,2.985803570256916
3236_Mn2Sb6,0.5913991960011264,4.199528321959237
1202_PdTa4,0.7824558231776578,3.357362542836256
1130_Ir4Mn3,0.1284928555570275,11.014376522831183
1946_CrP,-0.2154551302781184,5.881083427284081
4102_Fe2Mo2,0.1543280102061235,8.174277551974596
2778_Sn6W4,0.676190720559454,3.267449523498388
4501_AlSb2,0.1450680860912729,1.7923961911321278
4362_PbGe2,0.2158120200137189,4.441131831411054
3995_CrSn,0.2876573438924481,8.603923733785845
4874_Ga5Nb3,-0.2383261687443578,4.41964496161715
91_V3Br,0.5709922328291892,5.374286647888875
1538_MoNb,-0.1333689993059774,3.476771033080684
3147_Pt6As2,-0.073531221889179,7.12133514706847
3350_Al3Pt,-0.4537269625614808,3.724719165307824
4432_In11Sr3,-0.3222818449235483,0.9723787279586016
1057_Fe4V12,0.0315684178168123,6.026418745057557
1246_Al3Cu5,-0.2072909856782967,1.597085790880595
2797_Al2Na2,0.1064447917505271,1.3939358024034605
2349_Fe4Mo16,0.7562870920394872,8.691708696906602
4251_Pd2P,-0.2900332965915086,2.1173560069184583
302_CuK,0.4781945344055849,0.7048936983100604
4877_Al2Ni2,-0.4553764697931735,4.423163356436232
1993_K4Sn2,0.0381415247835024,1.191135359130564
3017_K3P,-0.1935027218734912,0.6759918891989115
3143_AuNa3,-0.1684955919688151,2.1497224717375043
3205_PdRb2,0.1579059991105035,0.4788955420623687
4109_RbTa,1.5587009498917554,4.29432302582109
4190_KSb3,-0.0872071987377549,1.853617246444172
3705_Fe2Pd2,0.054175898367049,2.2621155206184125
803_Au5Sr24,0.0134686051511183,0.6565879158016068
1474_Ge2Br2,0.1309502640754578,9.087006971133752
4210_Mo2W4,-0.0028610466844322,3.968280766699813
1404_Al3Pd,-0.3980137157838905,3.279631009475133
840_Cu2Ge,0.1278837745665371,2.2566411630747565
697_Ge2P6,0.3548940576013857,2.4322759801853517
4995_Au2Sb2,-0.0255928153431068,3.331074230260311
4784_Ni4Rh2,0.046255102906335,3.794111827672959
1977_Fe4W2,0.1000496737824505,3.993668793433888
2555_Cu10Ge6,0.1407589536416962,1.639836625549978
4470_Al2In,0.1566495902955118,1.34290117456418
2864_V4P,0.3322994564390953,6.715227018357777
4039_NaBr,-1.5671150316488234,5.113285348164679
4924_Al2Sb4,0.1593734761924174,1.815707807514351
972_NiP4,0.2320048088897643,6.146009193321354
3371_Fe2Br2,0.546021311397265,10.630469882191075
1469_CuGe,0.0786484601624302,2.270712266001836
1512_CuNi,0.6666003672900942,3.5017326143410776
2439_Mo2W,-0.0033045165627877,3.1878760401893054
3751_Ag8K4,0.0051023062900457,1.3292484851445132
1909_KPb,-0.0405393933728852,3.2880347385820583
1167_AgTa3,3.130992588674295,4.822343724505599
4879_InPb2,0.0110441219397922,5.918357072701913
196_Au8Mn4,-0.0326742680376834,2.8721395607223554
489_In2Br2,-0.8172334018909813,1.8154206747453483
704_Cu7Pt5,-0.1193349788810517,0.8721732891414724
3047_Sr2Br,-0.9625135229918774,0.8091404856213316
4960_Sn6Sb2,0.1037218500945518,3.0708686273606887
2563_Ag2Ca,-0.2553668709535663,0.949378264525386
3669_Ba3Sr,0.0140121820406959,0.2143696316241743
2869_AlAs,-0.1240213191225514,3.381123961300092
1982_Fe2V4,-0.1378910599604251,5.099699866208447
4729_Mn2V2,0.1160297069715028,5.968041194260152
2066_Fe2Ga2,-0.0240492364425461,5.847440453800803
3167_AlBa8,0.0339744709387872,0.5353082401810394
4341_Mo12Rh12,-0.0368725320621348,4.978701670445868
1707_Pd2Sn,-0.4766293163031274,3.7564765102532407
1601_IrV3,-0.3769391857983084,9.147210524259448
1630_BaIr,1.1244898747305545,1.6231970251403294
2624_Ca3Rh,-0.2192584044008989,0.9310760973677364
4045_AlAs3,0.3084391696072028,3.31299173128736
4231_AuBa,-0.7055677220240955,1.7917818751825116
1487_Fe8W4,0.106739363251543,4.265271698938578
4875_Sn2W4,0.8958564563297932,4.705551260875334
3506_Ag3Pt9,0.0237166277832881,5.051151606550584
1102_MoSr2,0.9492812964603784,0.6557625939381527
4549_Al2Mn4,-0.0478207925401304,5.125582226129812
3090_PdSb3,-0.0258166454470663,3.8429507330851793
285_MoPb3,0.5025277881857404,5.801140503963027
950_Sb3Ge,0.2281014348942531,2.1627785679854417
1118_Ag4Al3,-0.0526194813139255,1.03243192417756
1259_VW3,-0.0783489245455051,4.664038074244715
736_Cr2Nb4,0.7428867004486825,5.474143168885355
4035_Al3In,0.2005794903275313,1.2588677069018863
4114_Ag2Nb,0.3134987729553824,2.7500361424328537
4920_PbAs3,0.3092709550260926,3.749764648481688
611_BaTa3,1.209436450673138,3.777392683113751
3407_As4Br12,-0.5247536637232186,3.016038061586409
184_W3Sb,0.6142879079802093,4.963158703001649
2325_SnP,-0.094533133663428,3.3485140183338458
815_Pd4Rh,0.0493545376730246,4.864050582174341
204_Ni3Sb,-0.1361405822875303,3.3638479779998725
2416_Cs3Fe,0.7934928922294131,2.036577212227791
2214_Mn16W4,0.4719804598832496,5.605201185756811
4464_CsYb,0.2117052403539379,2.226647745257821
2216_Ga2As2,0.2016376448000651,3.826633886418248
1822_Ca3Mo,0.7116405846471903,0.583273704926756
999_K3Na,0.01417873513989,0.2166050912422376
962_In2Na,-0.0923335285838901,2.0456076593620547
3345_MoNi3,0.0846750970911083,9.0076723425598
29_Nb2W6,0.3700803438589179,3.589367051645617
811_NaPt,-0.1472193669535051,0.9779131088784528
4128_Mn8Sb4,0.1912105869806796,3.479523738963008
1903_CrNb3,0.0724017543079593,3.1855932890207974
2106_RbBi,0.6406652800277259,2.0996800833681637
3362_Mn3Ge,0.0354328238165058,3.7641431611765546
1172_CuNi,1.7193662460175383,2.695456798325865
1649_Ag14Yb4,-0.3354358099427333,3.1815601920192567
4561_BaBr,-1.499596806424356,0.8484444979470668
98_Cr3Sn,0.4386852445490596,7.710891447828445
656_CrSb,0.450704512349529,4.830571238660929
2925_Ag3Sr,-0.0453551621271102,1.3667071321719506
1063_Pb8Sb4,0.0237348567169709,2.9065332858836848
2347_Na2Pt2,-0.0139597554174071,1.6547235966042435
1162_Fe6V4,-0.0192158893058021,6.687346444928981
2909_SrI,-1.0702574194153711,2.079345876103248
1880_Al4Ta5,-0.155074501972327,3.460339717982128
3210_Ba2W,1.3084603054428634,1.5559111517021598
1856_Cu4Pt4,-0.1205808597847024,0.9905992098300028
2423_Al3Sn5,0.1306375382299589,3.675916255961802
3437_CaSb,-0.8116893433576702,0.5858485298106749
1595_Ag7Al5,-0.033099776589608,1.0402523459508457
1554_Ba5P,0.243126367836548,0.6666343579981725
4288_AuYb,-1.0277863141157448,5.585150333680245
305_Au3Ga,-0.0390593413436333,4.726427614532245
976_InNa3,-0.0468242476688618,0.9036903910289142
1149_NbI,1.049989155341601,10.717541667075633
2306_CrSn4,0.4307053984440863,5.62873106034867
3883_Pt2As,-0.1144511097708177,6.388223272250831
1686_Ca3Ga8,-0.4391065488204818,1.1474672269306567
842_Na4Pt2,-0.1813541043859411,2.1634912951518195
1736_CrSr3,0.3991310186583723,0.7122124354416095
623_K2As2,-0.3857350325807225,1.7106024857512814
2371_InTa2,0.1643134230464298,4.938450279978229
2442_V3Ge,-0.1837031005204537,6.724437762561171
4822_Al6Br2,-0.078349820865998,5.391965606435013
1989_Ba8P,-0.1316894719354589,0.6203375755971896
3653_Ag5Pt5,0.0451717437014799,0.9422220525936312
1556_Fe6Mo2,0.0530397565109037,8.667978648544494
3697_AlPt2,-0.8184847811437367,4.604832284578093
72_Ni4Ge4,-0.3244859129136115,3.2141190738295187
4305_InPd,-0.4227868516602266,2.217261308324729
4805_Sn2Br4,0.258251974530042,10.856477786797209
291_Fe24Pb5,0.554399661464772,6.473408641623846
2560_FeV,0.1287259691374238,5.760513372609891
2950_Ca6Ta2,0.7325548895312664,1.4505658256676113
3554_Mo4Nb2,0.5445260246281526,5.341329272625551
2980_Al6Cu18,-0.1877240450960808,1.4776626894753406
525_MnBr8,0.0470076085075885,10.230701917330553
96_Mn3Sn,0.1853687985945038,3.904877636395702
445_CrW3,0.0467321429249381,3.2130713123542924
2171_Ir2V,-0.3586535209868391,6.140431508851954
2341_Ga4Pt4,-0.6357998298661194,6.00324313459676
2021_CuI,0.1611175716966943,2.1562328575707923
2129_P3As,0.7466427268971589,3.0505701023549188
3913_Cu7As,0.0252278097608709,5.976564170932613
4015_Ta5Sb4,0.0942704375860425,6.4518095390199095
3192_InK,0.067864092426493,2.1309102107303
1530_NiTa5,0.4665004146776101,10.971757643180169
4058_SrAs,-0.862153859829148,0.6325642069964708
3844_Al8Fe,-0.0512620528078302,6.824718813732905
4327_Nb3Ni,0.0207120814794556,9.672221696440978
2092_K2Ge4,0.2058314233855368,1.7223452379847115
3485_Al3Na,0.1641406444576083,2.005329389534473
385_IrPb2,0.2257577188972366,10.275882527396533
2648_KP3,0.391278674206243,1.0388621473013382
3319_Mo18Sr6,0.7464550569288152,3.0550735608285637
1043_AsBr2,0.1637912403107397,3.0474012905889687
2498_Au4Nb2,-0.0576491557010866,2.8396298785967877
655_PdRh2,0.0668231722260811,3.915591319128415
2154_Ba4In2,-0.2700885921319666,0.3679485559836413
1229_Nb2V6,0.1581114690204579,4.591091955477539
1716_Mn6W2,0.1763066696193256,3.8308963263268345
2643_MnW3,2.350156780098427,5.700194477868498
3743_GaMo3,-0.0075587913645431,4.131018705186622
3862_InP,0.0171562093145318,2.7598380928323345
2811_K3W,1.6473001131057847,1.6219536854803824
3609_Fe4Pd8,-0.0967366215483439,2.186558584179705
3611_Ni2Pb2,0.6257644555964119,9.168733869962152
4304_Mn2Rh2,1.0151847718994276,6.509240344591495
2112_Ag6Al2,-0.0362782632402982,1.0931521290449286
4401_Ag12P17,0.120738424806306,3.1130535259677217
1435_Ni4Sb2,0.1844372324256843,3.708488119579621
3685_AlAs,-0.1401830677239841,3.307648319246536
4812_Ba3W,1.2293632028874226,0.9412037295342252
2213_Ir16Pd8,0.7222316351201421,5.575917743476929
3658_Al2Ta2,1.0984819167369944,7.117610936051489
799_Ba3In,-0.2065075990659131,0.3393433548657965
4610_BaNb3,1.0103358666597488,2.785750372352972
4227_Sn3Sb,0.0335006972881908,2.8372600957786003
2834_Sn2W2,0.380831521925705,3.978013549279349
4178_Ca2Sb4,-0.4487941170993181,1.4882944170505237
24_Cu2Ga2,-0.0461503759196872,3.074625634522605
443_Cr3Nb,0.0969227978575446,4.211809295252408
756_Fe2Ir2,0.095469058522756,7.403063806058943
2191_Ba4In2,-0.2699715745953493,0.3716154180660624
3185_CaSb,-0.9295830155484096,0.7339853617277051
4375_BaAs,-0.9919125426882248,0.7374405144267326
3400_BaRh3,0.2943309062598329,3.1743670598311238
646_Al3Sb,0.1732711125575723,3.893513857453237
1639_V3W,-0.0312432122397954,3.480530785615941
4216_Pd2P,-0.2964587169428299,2.1139102812221457
1117_Al8Pb4,0.2485274522084513,4.739761301352599
2286_Fe8Sb4,0.3155557497340489,3.059745628210112
4819_NaSr,0.0196509155200732,0.6993036167088833
3725_Ga3Sr,-0.2500555671844617,0.8262886838522103
516_Ba2Cu4,0.1950184329572829,0.7773390030643499
2501_Ta12V4,0.1817186300693229,4.892223102736733
733_Pt2Sb,-0.1835536045961205,6.289235580460664
2352_Au2Mn2,0.1242328596392612,4.175353225354991
3864_AlSr3,0.0458020447738753,0.5907840573017499
4179_Rh4W2,0.1744026382173255,8.354342262434178
268_FeW2,0.3111246762356288,6.130853633920759
2644_FePb,0.8418730722704222,5.0525179990274856
2573_Cr4Nb16,0.7301185064127622,4.1262059155476205
1233_Ba2Ga2,-0.0618128052502804,0.5898592624394254
1729_AgGe,0.2156207633049502,1.4928478953135176
1652_Ta2Ge4,0.2489534098761604,4.899001594667123
1679_KAs3,0.2951061834844219,4.41026617611671
3104_Mn3Rh,-0.0283859479505466,4.858025205830442
1975_Ta2Ge,-0.1709796290019044,7.336840705558769
624_Fe5As3,0.0406293060694071,3.1057783965773647
1549_Ga3P,0.1349100492576389,4.428735998646421
2068_Ba2Ir,-0.0891605456993988,1.411843681311916
3626_Nb2Sr2,0.8231238151646618,2.7938841348907397
4137_Pb5P,0.1470081182557236,4.297890143742327
2613_Ta2Ge2,-0.062803501917342,5.240940339474696
963_Pb5As,0.0730055359613004,4.013875684783304
760_Cr26Nb2,0.3761024021291713,4.849797515873894
4512_Au4V,0.5053051396209789,6.112569168025752
2512_Ag4Mn2,0.3955711120956877,2.0473020820903995
2878_Al2Ni4,-0.4666516932421451,4.500634659639663
474_KAs3,0.0965459569694791,2.7859269262992514
3151_Pt3V,-0.4207377805033276,8.85363562509852
3839_GaP,0.3834919186626027,2.7173760898723818
4418_Na4Sr,0.3768492047214097,0.7641794736585045
3852_Ag4Mo,0.4949321417975973,3.110413606472597
2930_Mn3Nb,0.0610968797625979,5.985607790754072
1220_Ba4As,-0.4649167621253038,0.5581722946343605
1313_Sn4W,0.4976734814005475,3.7915758072393175
1453_Na3Pd,-0.0211022296641258,0.3688427952772679
2846_Mo2Sr2,0.6730201296964244,1.551628559211446
322_Nb4V8,0.1597620642543861,2.723262077632064
3678_K2Ta,1.574859957444275,2.763746307940459
4133_Ir6Ta6,-0.5934999130302536,7.757968995508942
3750_Mn2Ge2,0.1626999725298628,5.162792068851234
3884_As18Br6,0.0226532074799372,3.0778571053197403
1011_Cr2Rh2,0.0194575353109609,6.606496268898811
4548_SbP3,0.5203529482374165,1.3547564297553714
1680_Na4Pt2,-0.127379207660755,2.3148942794778664
597_Cu6Pt5,-0.1221253059125608,1.0183555408395284
2035_V2Br4,0.0156110111199486,4.624587742687227
4861_NbNi2,-0.2625785314750324,8.579671839223959
359_As6Br2,0.7613573160563023,4.154766275530983
1897_Cr5Nb,0.0850460954363327,4.260681693968496
2496_Al2Sn4,0.1387351463467692,3.62244672027408
4474_Ni4Ta16,0.5509188345813755,8.683606385782545
18_InSn5,-0.0004405329807042,5.317225332895061
208_PI,0.6765507848780659,4.889133071553994
4063_Fe2Ta2,-0.0429836756126427,9.529960844246135
207_CrRh3,-0.0699913797349944,4.915760969685278
4193_K6Pd2,0.0987713269920638,0.4146907466842283
488_Ga2Sr,-0.531548045592905,0.977217150732332
2510_Au8Cu4,-0.0134236690882166,2.773647092665791
219_Ag4Al2,0.0373786797866924,1.2515671351296072
1462_P4Br8,0.1761227743372254,4.793509046604166
993_Ba4Ni6,0.4805433521371796,1.7729712570352607
2314_Sn2W,0.362958406227379,5.305278766698195
4292_Au6Mn2,-0.0405193873597822,2.9522564135759217
4916_SbP3,0.2084703715605291,1.2794112186989768
920_Cr24P5,0.1464752893235274,6.938721675738497
2194_Ba2Sn4,-0.4998577665251904,1.1472974151881614
216_Cr5Rh4,0.043413251064886,5.590800564877357
4892_Mn2Rh4,0.0094144196852769,5.843677917236079
3109_Al4Ba,-0.2379211242006079,0.8909719759539303
2744_Al4Mn8,0.7432819175377622,4.175693012541681
4047_Au3Cu,0.80561609820449,2.5849098831721804
258_Cr5Nb,0.1469112927238486,6.063798512324331
4909_InMn5,0.348006162550855,5.075460324705704
1037_AlCa3,-0.0462830051008067,0.3262737229007043
3023_Ca4Sb2,-0.5586557175776031,0.6083940749314323
3216_Ta2P,-0.2863519570587295,8.242785845888394
3156_Ba2Ir2,0.5449168595334992,1.937612695625473
4_Ir2Na2,0.4721300324400452,3.998285711723098
3776_Cu4K2,0.3419753359349879,1.3186293936711715
4174_Fe8Ge16,-0.0145605955894048,7.738954021814308
2592_Cu8Sn4,0.0782940927330499,1.8628259048280469
826_BaSn5,-0.2592371020090927,1.805847534426185
2549_Ag4Ge4,0.2566176701607023,1.8348708064668693
2207_Ca2Cr2,0.7767976291677305,2.1234067032774986
2562_Nb3W,0.3688451667137702,5.299712146757104
2544_MnNi,1.427393408751383,7.633076658108328
324_BaGa4,-0.469580045886774,0.880890088247711
3093_AlBa3,-0.0289368508473417,0.3164115709193887
4242_PtV5,-0.0809234845314452,7.316698815243905
4572_TaP2,-0.5639764310451021,8.864838747502898
5001_MoSr3,0.9291439460161364,0.4890407332069315
2623_K2P,-0.0898814432304263,1.0561617905478302
605_Fe4Mo16,0.753637950687812,8.691212761000646
3792_Cu2W,0.7723792866705873,4.281363285449282
2635_P3Br,1.0989733360115088,6.490762825614453
3415_Ag3K,0.1557467317868135,1.227086907536313
3903_AlGa2,0.0353028648597616,2.372498257830863
1750_MnSb2,0.2132027757194402,2.7622233976078574
1208_W16Sb4,1.0332184323450888,5.520354378312311
1737_Na4Pb2,-0.0059604221131216,2.983499847486426
13_Ga2Sr,-0.533854310311091,0.977215677898732
54_Ba2Sn6,-0.2436607623660132,1.8155491221267908
4493_Na4Pd2,-0.0597792815661713,0.4675795286166352
1950_Ta10Ge6,-0.4756011476448218,6.331833421428678
4054_MnTa2,0.0326198714318716,5.666138429257506
93_GaGe,-0.0146410194391521,3.4267845476661782
3706_BaPd5,-0.337024768245661,1.4924306134809948
4789_Na2Pb,-0.1529461556916516,2.324758803564313
4981_Ag2Br6,-0.0441878178169319,4.598390345167464
1972_Ga2Pt2,-0.2900444828879625,5.744067694524089
3429_Al4Pd6,-0.5849627395921765,1.6238456541279696
2145_Ag2Ge2,0.1908003162076452,1.6251894258625008
556_Ir4Ta2,-0.1360535071058433,6.661029531245188
2105_Ag8Ta4,1.3870426358454473,4.895874850145832
1963_Mo4P4,-0.5185167056942248,4.185886731653932
3042_In2Sn2,0.024598304626076,3.1372706440908016
2470_Fe2W2,0.2298041388097988,5.830889175424035
3514_AgP3,0.4904018901239348,2.808515039807702
3753_Pb3Sr,-0.3053776900756442,3.199603906754013
3774_W4Sb2,0.5123617666159177,5.451217579078729
2867_Ba3In,-0.2121527880530078,0.3416070130764074
4712_Fe6Nb2,0.0127559507396668,10.69153209898216
843_SbGe3,0.3111828316428111,4.452197079073233
3173_Al4Cu2,-0.0344383852028453,1.0752406539008887
1026_Ge2P4,0.2497538444960133,2.6483029263127777
717_TaBi,1.5440836077559703,7.085782112395442
2927_K2Sn2,-0.2445203437210175,1.3475646697693997
1941_Nb3P4,-0.7612680442137554,3.8968731079529513
1677_Fe8Ir,0.0635756256994726,10.228176826025445
3698_InW3,0.5709071561380128,7.90694424404883
2407_Na4Pt2,0.243680765189211,2.7066137405239976
2156_Na4Pt5,0.0008579267341291,2.9663041086439894
1127_AgAl4,0.2037868935858093,3.1764576284710238
2605_Ba2Cu,0.0251809137808939,0.2279540861924082
371_Ag14Ca4,-0.2682671116525693,0.785654018552272
1040_Cu8Pt4,-0.1016922929724071,2.655852241944928
1604_Cu16Ni4,0.3643143718723906,3.514737921894508
1659_Cu2Fe2,0.1809816039781348,4.460158408642096
4535_In2Mn6,0.3305705497817044,3.352463660953339
4992_Ag4Al2,-0.06928288901308,1.1500004800686487
354_CaCr3,0.7352797838408138,1.8061284020464925
1636_NiP3,0.3806580164047135,5.238268852632398
3739_Ag2Nb,0.3134987729553824,2.7500361424328537
4423_Al2Pt2,-0.9410388965392072,6.703259770598057
2059_KNi3,0.7556957670325106,3.2571441083589767
4107_Mn3W5,0.1556870506274474,4.87863995835899
3108_In3Mo,0.3379385834494242,5.82195650627081
4590_In2Br2,-0.7137914213078189,2.067160929452512
4518_AlMo3,-0.0996964259999515,3.2845243809935205
4907_Rh2Ta4,-0.2997070499201785,10.742025110597996
4122_Al2Sr6,0.03583471460575,0.3866673301912142
2117_Au6Nb2,-0.0529283902520871,2.945637093606077
1585_CuFe,0.793062598387337,5.224266579563356
4147_AgSn,0.0310844222511628,1.6092938722820498
4302_Rh2As4,-0.1859461427662717,5.22332213488149
1735_Ba6Sn2,-0.1304743003915054,0.6688777362274937
3497_FeIr3,-0.0557801795417685,7.955266904751587
2025_Al2Pb4,0.2598910134384138,4.583789409968892
1929_Pb2Sb2,0.0611476891897284,2.346337855229005
3538_Ga4Na,-0.1346281103334927,2.249095308287534
3585_Pt6As2,-0.0470132012798281,6.374916174729434
3924_Al2Fe4,0.0479176586642762,5.470645469661778
2169_Pt2V2,-0.4021971048022354,5.847576980990419
1496_Cu12Ni17,0.1192806312733478,3.401788788982657
1727_MoNb3,0.3686160886970704,6.211324275649488
4516_Ni2Ge4,0.1023729698401296,3.106737876909324
657_CsI,-1.618852980774196,1.6241967300042894
229_Pd2Rh2,0.0413431690888472,2.2524478879760625
1295_Pt3Sb,-0.1219302696641104,7.108130032932467
356_Ag3Ca,-0.1590576046828498,0.8167760565266251
3557_BaP,-0.6508185873227221,0.5718985569524437
178_SrW2,3.2276063672278554,2.208550741286759
3634_In2Ge4,0.3237670822118061,3.992713884004549
3784_CuW2,0.532183823929414,3.968634262505243
4616_Pt3V5,-0.4058848760908624,6.182703830945584
2517_Au2Cu,-0.0358970332570341,2.442864074670468
987_Cr2Na2,0.9853560370272048,2.435216223065232
1095_Cr4Ta6,0.2239742892993831,3.7821231805676447
633_Fe4V12,0.0347610532886228,5.979984206742117
102_Cr2Sn2,0.2075312870777024,6.342128745697163
528_IrTa3,-0.316739098636301,4.251896050813686
1863_Fe4W2,0.1247923180939961,5.376207185987083
4422_PAs3,0.4020973050781125,1.8661870231013575
4414_MoW2,-0.0054168026914638,3.979036860998819
3044_Mo2W2,0.4147867774643377,3.849959740114086
2001_FeMo5,0.546571882198973,8.021433636464284
2141_P8Br16,0.5198137568723528,3.712477172025207
247_Ba4Ir2,1.2154619112347849,2.256356129402574
3126_InPd,-0.5193825637928868,2.731085223235508
491_Ag2Al2,-0.0136965697181792,2.0446380640009525
2392_AgP,0.5370522972454537,3.675024828865712
4515_Ni24Ta5,-0.1675005312947368,8.905155268600428
1603_Au3Sr,-0.4641703289192604,2.5839040255627674
3563_Pd2V,-0.2776788724314076,3.2329555744985496
3923_Ca2Nb6,0.5114966910788024,2.871228211411457
1492_K6Sn2,-0.0242253265418126,1.3497501400019931
1523_Ga2Br6,-0.4421051503954034,5.595529514795638
3461_Au4K6,-0.1810899825019721,1.8682597277355515
2085_Cr5P24,0.4558804071858427,5.334897801198566
2581_CuGa,0.4444796102687203,2.655079379965408
4325_Au4Ba2,-0.5351719339405504,2.441490128052604
2331_Ba2Cu,0.0283396572121373,0.2237176876828698
3627_Cu16Mn8,0.3382363165353024,1.6170564757866628
158_Cu2Ge4,0.1885786881460269,1.602576858878469
2794_Ga5Pt,-0.1300824104031785,5.417787578464686
4016_Cu17Nb12,0.3728100275968739,2.5230004257049363
1717_Au4Ga,0.0781698024577743,5.3191806986345
3463_Fe3Pd,0.0064362337017787,3.3239607260679747
2166_As2Br2,0.4243112390513999,4.90121210698086
3701_PbSr3,-0.2301207637119535,0.9391645320104498
3493_Rh3Sb,-0.0427092390285475,4.352898265376837
3478_Ba2In2,-0.3880134217732007,0.6405109378639269
4964_Cu3Na5,0.2736034573217432,0.7509439288013899
3997_Mn3Ta,0.0642209454664826,7.283310870271116
2614_Ba2V,0.6647159440825513,0.632584642982856
3646_Mo2Na2,0.5780009365550232,3.015952333246959
2316_VBr2,-0.3904989522570818,3.883269945218303
4988_FeYb3,0.337279709129779,10.44412999863162
3289_AlSr3,0.057116047106092,0.3818266790297128
673_Fe3Ga,-0.1088279660592226,4.739831032994418
3848_AlBr3,0.0587533733797673,6.360586183270874
2200_Al3Sn,0.1862588865298473,2.5164036900319866
1129_Al2Pb4,0.2678257974993154,4.590346473891477
1413_Nb2Pb2,0.4433461486233714,7.673516380824253
1916_Cr5Rh,0.0637703554591707,6.21222291350715
4848_AgSn8,0.018971326515688,3.823786355636629
3639_V2Sb2,0.2042057005244544,5.04140062913732
4982_Ga3Nb,-0.3381442933782557,5.544776082799422
4517_Rh3Sb,0.0382249713464721,4.341725126540323
2893_VAs,0.3203713993122346,6.115913190718502
3573_V18Sb6,-0.0075097335478725,4.82184747004483
1120_Al6Pb18,0.1724440600109176,6.521194252014121
800_Fe3Pd,0.0678074179691172,3.31084778123338
70_Al3Nb,-0.4241836065132585,7.273504619000829
2808_SnW3,0.4164088525385239,7.873600383627033
2315_CuGe5,0.365069372252232,4.414978304637066
4332_Fe3Ge,-0.1030593229876171,9.876996304430666
1542_BaAs8,0.1090165162356824,1.6231052403891235
4238_Mn3Sb,0.1085140340628285,4.975097875396747
677_W6As10,0.3115210182407653,3.3866921084697266
574_Ag2Al,-0.0620567473526894,0.9927653949249364
4703_Sr4Br2,-0.8965013603840285,0.7029706643442812
4014_Ta2P6,-0.1821465687261643,6.256299086556283
1581_FeV3,-0.1426573123202441,4.445996741778876
3715_SbGe2,0.2898463893914892,2.636758610208523
1406_Cu2Br2,0.0045894584552015,2.103360211016464
80_Ag4Al5,0.0050849121442403,1.0216285379089325
2828_Ca5Ge24,-0.0419165539262305,1.8462043264932764
4048_Na4Rh16,0.5542941585464085,3.4508309487260087
4034_Au2Na4,0.066824322316533,2.693688231102713
2121_AlK3,0.2818258477525277,0.939963486725947
1181_MoPb5,0.463974806041629,7.772471566983808
4751_Mn4W2,0.1197822458971262,3.651059815410731
2528_Ag6Al5,-0.0311545684498917,1.1210038453944462
2960_Cu4Mn8,0.3612515646588257,2.768219939379459
3174_Ga3Pd,-0.2564353314449885,3.817997318445468
3508_Al7Ge,0.0486894881177044,6.1713266441449
4825_Cu2Sb2,0.09306332431475,3.702763818997512
3166_Al2Mn,0.2455892362076242,3.831331328120207
4169_Al3Mn,0.4621942741946689,4.128046804877248
1570_Ge4As2,0.2483039054601121,2.578245605807989
969_CsW,2.3783873322065965,3.304422558286782
1861_AsBr8,0.0996156429798001,3.868468378307864
4157_GaMn3,0.208263872388593,4.392948285798485
3211_AuV3,0.1333038841847544,5.988495178692044
1086_Al2Rh,-0.7934654617387066,3.0417762751647843
729_CrNb,0.0704811032511401,3.2705316605478485
2914_Ni4Ta8,0.4475267590898551,7.295448240417896
1265_CsNi,1.2031352450911528,1.6310169573867088
3632_Mn8P16,0.0593578151712369,5.371590355142168
3856_Al2K,0.2835629885431574,1.3974722585663772
1966_NaPt3,0.1237963514291218,3.8347704963558846
4783_Ag24Al5,0.068669406625523,2.137469146237794
2620_Ta2V2,0.0268457363837892,5.019990636677518
1567_AgIn3,0.0414522576685278,2.087495916844257
4212_Fe16W8,0.5076754801286446,4.157776934753864
387_FePd,0.4812580703488791,3.126351079592137
2772_CaMn3,0.6933934960880848,4.202218150591799
1947_MnNi,1.5847576502533247,7.572341208710126
1091_W2Sb6,0.7422411538439109,3.805397413006653
1399_Ni2Sb,-0.0823336954427803,3.211357785874914
1180_Mo3W,-0.0004325140166905,3.222470414826406
1264_Sb4Ge2,0.1172749535292852,2.161516646611325
4597_NiGe4,0.4805487365606581,7.342961229016036
4577_In2Pt,-0.491304117124633,3.984704664581978
1438_KNa3,0.0243309260970867,0.4597887160796173
612_NiTa2,0.3244954078270427,6.421366307318142
335_Cu3Sb,0.1292163677066637,3.501428106359549
479_Ca18Mo6,0.6779185862039393,0.6127744463324085
1442_Ag8P16,0.5154180949090043,3.2431940432888795
1913_CrSn2,0.2617738281861198,4.6105411756758485
3681_Mn6Rh2,-0.0091769471865195,5.156433692703812
4092_Au6Pb10,-0.0606662388242571,5.826830689144087
4946_Rh2W2,-0.0488505645361634,8.066282135721718
2049_Ba4Ir2,1.2092215221026048,2.2518982284334674
334_Ba2Cu,0.0233477096016647,0.2234141646375787
2468_Fe6P3,-0.5281060693301955,6.2225368459319474
1480_Fe2Pb2,0.7151422050452814,3.998319619565875
1306_Na6Pb2,-0.1263341472736097,2.0238843775230024
4053_Mo18V6,0.2154315725919993,6.29157943960159
2019_KNa2,0.0142078707647042,0.0834914419355278
4956_AlSb2,0.1444806532237414,1.7817406518510122
3491_Al3Pt,-0.4834220380422467,3.4222111859160464
4111_Ba5V,0.5603798148423765,0.8031612495332986
4400_PdTa,-0.2949298433654892,3.525147766711167
3666_Ba2Na2,0.0068428781838612,0.5145331324561908
2373_PbV,1.603517914690315,5.980065687684066
942_Cu2Ga2,-0.0384632138339466,2.251540123131661
1546_Mo2Pb4,0.5704802408949945,5.331305845736075
3206_InNb,0.2792113996294327,7.514021980355777
3125_Al2Sb,0.171565483411961,1.664196028072847
3177_Pt2V2,-0.4011110193829674,6.179061050716706
1667_Cs4I12,-0.9683357396519788,4.467001101450884
2768_Ga2Pt,-0.2988789514579319,6.074483249670864
1524_KAs8,0.2680072295464981,2.494762622523557
159_CrMn,0.2433130873062836,7.894556730254196
1410_K2Na,0.0087589688820123,0.1525338027493397
3921_Sb3Ge,0.2677004968112384,2.102357186788573
2158_Pt3V,-0.4267483757291694,8.797609187273796
2399_FeGa3,0.0656673040268174,5.497247787959898
2101_Mo4Nb4,0.2752814592945132,3.3328600018304675
785_Mn4W16,0.9153041860879512,4.822408694759156
2924_Pt2V2,-0.4276230445207822,5.19889105170019
589_Ni2P6,0.3413307033604384,4.597795953640532
3260_P12Br17,-0.1160226505544552,3.3718928873313656
130_GaP,0.2827077846157659,4.135774963107073
721_AgMn3,0.5190592754356258,2.5855357172395586
1191_CrNb,0.9536186859240008,5.26768787682285
1087_Fe2Pb2,0.2934461841775402,3.952801069225097
4420_Au3P4,0.0064831113172161,3.467213588798689
3215_K8W4,2.0775030196961777,1.9215563303810008
1177_PAs5,0.7699399335684985,4.082627328350172
4599_AuNi3,0.1610918246717236,5.341361599147431
2628_Cr18Ta6,0.2978286892727837,5.041319391967265
2412_Fe4Ir8,-0.028524601757797,6.952689612784148
1685_Al5Rh7,-0.6383318023359396,4.334686601056
3279_Au12Ni4,0.1178616165446024,5.658704083856317
39_CrTa3,0.0265847358564226,3.726508037523312
3922_Cu2Ir2,0.2529828817891149,7.05583417669978
4900_Ca2Sr,0.0145876839698736,0.2244491520273417
1624_Al3Cu9,-0.0331233459433093,1.651494887221666
2540_Al2Sb6,0.0763948358588573,3.621339828882036
3272_Au7Sb,0.0363614110297692,5.174523163444515
4917_In2Pd2,-0.4115068745040471,2.1469484852773464
926_Nb4Pb4,0.5735621749519426,7.542391979058756
4491_Cu2Pb,0.2598637746294485,4.099228217515432
847_Fe3Pb,0.8418246784643095,4.920991651461238
1468_Cr3P,-0.1446743340815022,7.320695207335842
2796_Mo12Rh12,-0.0396063645746629,4.978744004844236
4338_VP3,0.3957803432569173,8.565942819833396
493_Fe3Na,1.1195761482720776,3.4357684228648084
2484_Cr8Ta4,0.1552691808946953,5.056820088685217
2491_Cu2Ta2,0.0510309410200644,6.312083359667332
3057_AgNb3,0.2892068832617926,4.401488447009497
3128_NiGe2,0.0688872912331408,2.751574404107877
4449_K3Pd,0.0902629690702925,0.4588410485343119
1082_Pb4V,0.3152668653469838,3.9853513339618543
1970_FePb3,0.4816714178581449,4.410128063613583
2520_Pd4Sn12,-0.3445206529960103,2.8642025554339545
4183_Au3Ta,0.0805848578988808,9.738394361856644
1123_Au8Mn4,-0.03722282827629,2.879660923689069
3323_Sr4As2,-0.8694510745793492,0.6045398982573421
1704_P16Br4,0.2682701181112456,4.05038582113323
2125_AgSn4,0.2672076135465829,3.411554977472484
2908_Pd2W2,0.1123978174485955,3.2461732694649945
3855_CuSr3,0.0230810902990548,0.2475447832061252
3455_FeGe7,0.4406868157201442,9.044685938256796
3228_Al4In,0.6381890727771047,1.6365483194357364
3168_Ga10Mn4,-0.1219104476741017,3.421412004925596
3490_PbYb,-0.6046977537265015,7.801188422184111
330_FePd3,1.3101389883025163,3.102674694340497
4118_Mo2Nb2,0.3806547880258044,5.159325651834734
4897_CaSn,-0.6047923086631299,1.3385765449691174
1613_P12As17,0.3327069785419281,1.1601615939533911
1021_Ni3Sb,0.032134307323318,3.17139910997896
949_Cr12Ta12,0.2317028235556613,4.091524947769281
1034_Cr3W,0.070083144452175,3.6460815525604273
4732_MoSn4,0.1970626607332569,5.624445135751759
2506_SnTa,1.6490591314503904,4.957984197184102
1241_VW2,-0.0960441537532806,4.297895889034146
2777_Ga3Rh,-0.1772789533942713,5.418926914169478
1606_Ba2In4,-0.4937894542599756,0.8947273051570844
4038_Ga2K2,0.085636318940012,1.6564292422560634
2574_Cr6Ta2,0.052600936998294,6.1341847532476805
2495_Au2In4,-0.1523262669381715,3.8207199698489567
3633_Ta4Sb8,0.2600121913022366,5.145562785940128
3160_Ca10Ge6,-0.5731595545363475,0.9081400551230612
4196_Ni2Sr2,0.1953395257108292,1.5210850370665694
86_Ni2Sb2,-0.0582208439969926,2.395490779236021
1637_MoNb,-0.1295801188152356,3.4656199128042537
3261_Al2In2,0.179782887200552,2.1570296368221027
227_Ir2Na4,0.2310379275124135,5.483672556923127
2361_K4Ge2,0.1993859881267337,1.375194685780927
545_Ba2Pd4,-0.4201277691933628,1.299597295680675
2631_MoSr3,0.8337843536027552,0.6087595773052026
3144_Ni2Rh4,0.5717800781255763,4.70554020224844
140_CrNb5,0.4547293105615727,5.415503243834383
4928_Ba2Mn2,0.8169081951931902,2.6310354794141277
1429_Ga3Br,-0.0668485881833467,5.568844774703755
1562_NiP,-0.2095465905788165,4.505173888739471
3594_Ni2V,-0.2072508566888669,9.165454914794717
2343_Ni2Sn4,0.2186553103016327,3.642938840849088
1354_V3Br,0.2459976949128535,5.663116049493057
3406_Fe2Sb4,0.1960877187219457,4.332662756109956
375_Cu4Sn5,0.2151247137357125,2.297866069123424
2899_AgAu2,-0.0022001097025595,2.50138642046224
3797_Au4Nb2,0.0185439151225352,2.8562826849136185
3885_BaGe8,0.0751645538209276,2.319043025169604
4934_Mn3Pb,0.454647138983935,9.064375322735698
3249_Ni2Rh4,0.0462443337260178,5.306083721208887
4958_Ba2Ge2,-0.1778758672158011,1.3373702598269843
4863_AlBa2,-0.0728546199252759,0.3420444420350547
168_Fe8Mo16,0.2217364434622553,5.361026745240885
2476_Fe4Mo8,0.7435948269752863,7.34318018133999
402_GaNa3,0.0194563733445729,1.398924658224984
3742_Al3K,0.1977556432354683,1.994044769207968
267_CrP7,0.6510238187764203,6.393009451743732
190_CrCu,0.99933812170078,3.2223264780025453
3361_Ca16W4,1.0830365109750342,0.7805870098289869
698_TaGe2,-0.1885119228950221,6.786590777752916
2789_PtBi,-0.1674619481740151,8.232959193788936
4531_InNi2,-0.0206246987735809,5.393794385514321
1841_Pd2Sn8,-0.2912838041090353,2.8204595784821422
2449_Ca4Mo2,0.4331016662409007,1.7547754766305446
3011_IrTa5,-0.2895005288566518,6.874393038408138
3999_GaAs3,0.3380044080014444,4.972635210475147
4150_Mo2Ni6,-0.1130121420144583,8.523740280998384
2886_CaNa3,0.064918145731448,0.8847135931868568
4326_VAs7,0.4766247840716735,8.507170684121089
506_MnRh,-0.1937437766726706,7.551038710673602
3102_CaBr,-1.2331421850996755,0.7493211564982951
4727_FeNa3,0.953419922791528,2.292164816802948
4213_CaSb,-0.8106477564381542,0.5894799371523793
4159_In4Mn2,0.3757935799507077,4.405629694745106
4747_BaW3,1.139329181823605,1.7344471661419831
275_V4W4,0.2378765211926374,4.333592409923805
1756_FePb3,0.9449279199060578,5.825302347364567
601_VGe3,0.1048692303345815,4.599325362492815
4608_Mn2Rh,0.0660991104519356,4.544867489901932
2992_Mn2W,0.2009777584899078,5.571066504534009
170_AlTa2,-0.109572504407905,3.928740122433741
2731_Ga2Ge2,0.1628796890350323,3.5614599575775983
1904_In4Mn4,0.2530961970805325,3.0523280162609163
4725_TaP5,0.3120509520027319,7.278753682516962
4955_Fe2Br2,0.554255786528496,8.759900645448848
660_Al3Ca,-0.0211971321280866,1.0875215127507007
3691_BaRh2,0.1387420418890942,2.6167139088612315
1141_AlPd2,-0.7903348888563736,1.47374439472051
4218_PbP3,0.5421844827604634,5.399783928036833
259_K2As2,-0.160004924188351,1.32205603647932
2928_CsCu,0.4399689430103484,0.5111352843729873
1608_Ag4Sn2,0.0827211942524138,2.179677483805838
256_CuIr,1.783717347151633,4.965460577720622
2649_Ba5Sn,-0.1835240422710799,0.6080726202138942
1886_CrSr2,0.5302048832881928,0.7022643719431403
4119_Al5K4,0.221806964842009,1.1525873997899434
4743_CaW2,0.6443813081220485,2.6907157279353657
2558_AlK5,0.188813268262128,0.9005222113533158
1621_FePb,0.8402487620204404,5.032836231170567
2742_CsIr,1.5664573299213995,3.2583276562590973
344_Nb3W,-0.0274865342817491,4.70127750079927
1517_Na4Pt4,0.2332110155064155,2.597258168339068
4042_V4W8,1.3927489663079091,4.987341734268564
2056_Pd4Rh5,0.0900570939895841,2.850759123223045
192_Ir3V,-0.0203825605630481,5.96027352974149
2419_Ag5Al3,-2.339860029082108,0.8444172959265954
2769_Ba2Br6,-1.669242551351272,2.567783491467584
3356_Pd4Ta2,-0.0058051799035148,3.5867183980936206
1709_Mn5W,0.0518166976176933,5.788144527231834
2594_Al2Rh2,-0.7783706628848774,3.506343639011064
1305_GaW2,0.1380785238708952,8.342085733857548
2734_Al6Sr2,-0.1886478219166454,0.8933325853224037
3212_In4Rh16,0.2404357359716975,6.030593467107935
4050_Au3Ni,0.0700246573522385,6.18836196068246
4349_Ir3Ta3,-0.4347810583230007,4.951847968170464
2604_PbAs3,0.2533125639682092,3.377015439569923
4120_Cu8Sb4,0.4144417011578489,3.515866271879433
3414_PbGe5,0.2853134562152644,4.180560441763872
4113_Cu2Mo2,0.2552253731582725,3.5267342458016286
3153_Au2Br,0.2733392144560372,8.768305338028728
3340_Ag4Pt8,0.0432711982259418,1.909356216679032
349_Ga2As2,0.2211742613306651,5.161026417557141
2954_Mo2P2,0.0616187149853217,6.143192266302104
702_Al2K2,0.2122518133412239,1.0810037250994586
1131_Cu8Ge,-0.0100629725513914,3.93741601509189
2554_InNa2,-0.0224446052402965,1.1983972205325666
2128_FePd,0.0611011855322729,3.086511763192044
4330_Mo2P,-0.2007091096885993,5.026480866946889
636_Pd3Sb,-0.3289871844330214,1.7285953261716358
214_PI,0.6761453129882056,4.889125699466076
368_CaW3,0.7743857544767856,1.7077252395528333
994_Ga3Pt5,-0.561520434446523,5.180759398454308
1415_Mo4Pb4,0.9888519019726364,6.532094850872443
2508_Fe2Pb2,0.6902663060867562,2.9099324051210766
2985_AgMo2,0.4600579596531962,3.313602391237729
1896_Cr5Nb,0.0783894885691474,4.277280566228251
1586_Cu6Pt5,-0.1172930858644618,0.9427437208358516
3207_Na2P2,-0.3693177276301007,1.2011308846611324
4744_AuW8,0.4000832382714839,7.209803912574325
4160_InRh,-0.4304722861100893,6.00232397150247
784_AuCr3,0.2856037948833716,7.900915826127305
2745_NbV5,0.0327356929548846,7.661378850085306
2891_InMo,1.1270553315005394,5.88759485313806
2022_Cr2As,1.20373859087688,6.437290948838445
3348_Au12Sb17,0.120151874278284,3.389751196895452
3599_CuFe2,0.1345766076162012,6.724273655389558
569_CuNi,0.0094961468601439,3.7750798432867514
793_PdRh2,0.8060997154070506,3.015199842834224
1312_PtSb3,0.0018055570048129,4.36654552885719
4031_Mn4P2,-0.0374880990532998,4.119196267529047
1459_CsW,-11.82074013651485,1.8360126649673312
4543_Mo2Nb2,-0.1206156262690427,3.088531563326341
1205_PAs3,0.6237256083686127,4.240085721429958
492_MoW3,-0.0002471644391786,3.328840784161756
4032_K3P,-0.030217587200664,0.7929762576258852
1050_Pd8Sb4,-0.4733627168891452,1.2112183482285128
4565_CuIn7,0.1100149162863828,2.386289058701963
2182_Ir3V,-0.3980924594769846,6.868839388486677
2799_AlIn5,0.2243869260860869,1.912893601502326
4417_Ca4Ge,-0.1180823670313536,0.5450962523068295
4643_PdV3,-0.1064366261083087,4.043557948714025
1164_Ba4Cu2,0.0391115110717175,0.3143145816837746
1991_AuP,0.216376917775559,4.091071335646437
4791_NaP3,0.076200731217769,1.9065506484100363
3258_Ta12As12,-0.2001446386269852,5.823346122410937
46_Cr3Sr,0.7330921242841102,1.4999771076664197
2538_Al18Rh6,-0.529446957011567,3.697067261432172
3133_Au4As2,0.1079734153082032,3.4554749497786803
595_Fe2Ga2,0.0474305641048955,6.854164291744683
3063_Mn4P2,-0.0298668646526903,4.12152765971299
3190_Sn2W2,0.4676484999730883,3.814669026717288
1673_AsBr2,0.1821197484917872,3.049138803795543
3501_P2Br6,0.644935418993847,4.66268097517164
2069_Pt2As2,-0.1098590302761417,6.289891328737208
2408_AuGa,-0.044513398423442,3.862413035174596
3230_Ba2Ca2,0.0406486469655449,0.2304601405595287
4333_MoSr3,0.9261985218621888,0.4875692344680077
1001_Ge2Br,-0.0034931880682318,7.783741032528309
738_BaV2,0.885057308656922,2.2100953251703834
312_Nb2W4,0.1948479195466153,3.057767242031402
4351_BaRh3,0.3275921122123266,3.174985640709184
49_Al3Sb5,0.2406565035847956,1.958774891490276
22_RhGe3,-0.0905160589754983,7.591071294636052
231_Ba3Ir,0.3315548688782104,1.6614485014928484
1734_AgGe3,0.2660237849399345,1.891906935273648
4144_AuSb3,0.7712758898898024,3.458231012175212
4465_Pd2P2,-0.0748898037399525,3.063587017588982
638_Ta2V2,0.3131622498215911,4.775125908084237
1266_Mn5Sb,0.3337874259315647,6.549370406385312
4499_Ta3Sb,-0.0251829081044103,10.72777607171638
4125_InRh4,1.09674590170157,5.363184089224935
621_V3Br,0.5547448324913553,5.374513806563565
4506_Ba3In,-0.211620368678886,0.3417241062199996
4285_In2Mn,0.2163870694935195,3.3721463165672247
2107_K6Ni4,1.1132662060029634,1.524263733549253
1308_Ba2Sn4,-0.5594160073734505,1.3886384968152137
2474_Sr4Br8,-2.1581744519040207,1.3295631241970196
4844_CuIn7,0.0132383724315321,2.399373200320914
1531_AuCu3,-0.0241945328699291,2.936551121501666
2972_Ag4Br2,-0.1915446980856871,4.865536588367102
1075_Sr2W2,1.388439071506709,1.770059092603928
1244_V10W6,0.2820367812171813,3.409723392713572
2913_Pb2P2,0.1636887776688462,5.901610961922143
1291_Al5Sb,0.1330706441740492,3.800357407805521
2657_Fe2W,0.8509494361151546,4.394237128814142
3807_Pd6Sr2,-0.375023231360875,1.437966737855725
242_Ag7Ta,0.3318113890532039,4.821373937353963
329_SnTa,1.464329287677855,4.983361406124191
381_Sb4Ge2,0.2403865894397162,2.6882313162739324
804_Au16Sr4,-0.4516277814634968,2.079778738576052
1223_Al2Cu,-0.1791318434967745,0.976316291753834
1574_Al4Sn2,0.3032474216993517,3.9953487386666295
2134_Mn3W,0.1922058763221663,4.944324892227958
2322_Ag2Na4,-0.0503517501025424,0.5739272656519641
2937_Fe3Na,1.1327794966990163,3.625553841845804
126_Ta4Ge2,0.5502794154585248,5.76378559376036
544_Mn4Sb5,0.6126234421869883,5.47310176097956
4899_InW3,0.4483106890783048,7.948496634377731
1949_AlNb5,0.0075439416549656,6.214379075112896
152_Ni2As6,0.2952248090641767,4.101023757070491
1361_Pt2Sb2,-0.5598253645688853,6.402949213466665
3116_Ba5Ca,0.0248819269326171,0.2752486861335302
328_Ba2In,-0.3119255525568878,0.3678684991787561
4429_NaSb3,-0.0525864033552427,2.466744039566493
2473_GaPt3,-0.4367495941875665,9.01938630157438
1434_Cr12P17,-0.0830506357085518,4.497786121108423
265_Pd16Ta14,-0.2155509804832832,2.9169767923933967
4095_Ir2Pb2,0.3368817978345504,10.059221752835713
1401_Ir2Na2,0.2327297864083446,3.339834924519372
4824_Al6Mn2,-0.1138396464069968,4.487110195689805
3984_Mo3Sn,0.2320871808682163,8.592116020345626
2919_Ag8Au4,-0.0441376497046051,2.594945070947627
4787_Cu2Ni2,0.0822911971003383,3.313253598377082
510_Ga2P,0.1252236395168893,2.614039525398271
1097_Pb2Sb2,0.0613678890081708,2.3506038759620624
3889_CuAs7,0.5110070369431146,6.221341791905278
4282_AlSn,0.0668889507328112,4.745873687257975
921_Cr4P8,0.1722750167158722,3.980850597171428
705_P16As8,0.2640915783909587,1.259138405877012
3163_Mn2W4,0.151803291726362,4.108612912089198
2380_K2Ni2,1.102450928894866,2.053624478858848
2896_Ni4Ta,0.8417830391894328,7.785743320068903
3550_Ta2Sb2,0.0257373142077632,5.587338512410306
2559_Ca2Ga2,-0.4668428153569959,0.5585865010576659
3398_Ag6Pt3,-0.0045986450110449,3.393280300362048
4267_Ba3Ge,-0.2287610492721032,0.5562078390148261
4295_AuAs5,0.4915406082243644,5.359272110742428
3018_Cu5Br3,0.2481934826088245,3.01313709290551
4868_AgSr3,0.0908131573419157,0.3944974966799524
2582_Ir6Ta18,-0.2054474219342973,3.920426091064294
3662_Sb2Ge2,0.2920265700266515,4.209031911834947
2168_Pb6As18,0.1753297828027603,2.5545855943733677
2455_Nb2P,-0.4151316804238606,5.331182007615118
3329_CuIn,0.53827912498393,2.8266791555916435
2883_Pd2W2,0.2024888479961362,3.2000533751828284
3022_Pb2P4,0.1152849570185339,4.889126321400353
2387_Ni2Sb,-0.0937071399500493,3.3806219368056025
1908_CuGe3,0.2343947773578127,1.85073861493431
2652_Fe4Pb,1.4306924841850814,5.684427948231886
4632_Al5K,0.1562076988746348,2.298498818711736
1960_AlRh2,-0.6427034311591117,4.401991442768205
4750_Al2Pd6,-0.3512329465345525,2.5537813760300443
724_Mo2W6,0.3719728802045488,3.246909426781214
1483_Fe2Pb4,0.655256511776629,3.632298099954352
175_Fe3As,0.0166827533278075,3.2500147887039743
542_Fe12Mo17,0.1109067026742717,6.281964525942459
3449_CuSb2,0.2026567853708698,4.118418337290031
289_P5As,0.7837244693717675,2.6728161339211907
4440_Fe3Pd,0.0872960532260496,3.1561727997886
568_AsBr4,0.0827368421497677,3.062924475498572
3180_AlBa2,0.0085581230857399,0.3272627015192709
758_Cu4Pt7,-0.1032958613637947,1.9346003458580128
3549_NbAs3,-0.0959467948461227,5.826251721471501
4354_Fe3Bi,0.3277642144979555,10.115201668737487
3981_CsBr,-1.9532013368567016,1.4186372853364848
4970_PdAs,-0.138616894546411,2.8813142446922884
2212_P2As2,0.5730281592022672,1.949846175936336
3_Mn4Sb2,0.4959808317815088,5.502372084456201
244_Ni4Rh2,0.1668692690605411,3.9492613828614673
984_IrV3,-0.3727588195176974,9.174823055868885
1557_CuGe3,0.2349109754561507,1.8513372758836044
3610_Ga2Rh2,-0.4851140473666762,4.658512477205408
3919_KPt5,0.1060495356641274,7.5051700546015585
1061_AgNa2,0.0057255469738176,0.7043285382730495
4141_Ga8Pb,0.0497634616121622,5.48131600338325
4617_PbGe2,0.3009133831301203,4.692279115456603
2150_MnW,0.9855550840613176,5.960834181279269
3357_Ir3Ta5,-0.3663745186503728,4.437044872428943
3845_P2Br4,-0.0074376607961076,3.0805101977501423
2431_Ag5Al5,-0.0203045089243822,1.1542368576365003
3297_Na2Pb2,-0.1047916292313502,3.582779146230794
4767_Sn4W8,0.5256381582876166,4.085281858978046
4004_Na12P4,-0.3687060882754256,0.7197517681359961
533_Ga12P17,0.0434574895154503,2.910549414829105
4701_Fe8Ta4,-0.0433940220525492,10.359983605547711
4311_NaTa,1.0824819908627168,4.312552777093728
2929_K2Sn2,-0.1301163509892293,1.7843298181273135
2413_Cu2Ge4,0.1874929360863107,1.6017744262324236
4433_BaIn3,-0.2974247195844026,0.8328168840261408
4987_In3W,0.8934791810267129,5.189720878520873
1687_CrTa2,-0.0129322637731329,4.767851084997901
225_AlPd2,-0.7917135539533374,1.4714205571179155
21_In2Sn4,0.0010884922752308,3.0963342208404643
1576_Ag2Sn,-0.0051447146254079,1.3709386179674887
2586_Al3Pt,-0.48119704804955,3.418757210199066
2596_FeV3,-0.1430951792579371,4.448655308153976
2359_Ba2V4,1.311242249239284,2.001563711612873
366_NiAs3,0.0077896201439395,4.371329071864524
2011_Ba8Bi6,-0.952543718522009,1.1394842623275778
2318_PbSb,-0.0293366822935872,4.884233104766542
4601_K3P,-0.0201667510898992,0.8228657202352011
1213_Al9Sr5,-0.2739927291874911,0.9084463056153872
1617_AlSr5,0.0473004984587275,0.467111498001415
1878_Ca2Rh,-0.2601120708243023,0.9870489903589942
1081_Fe3Na,0.7214530138825488,4.551026777186802
4001_KSr5,0.1226925396156953,0.7104320925744834
306_Na2Pt2,0.0534883309573936,1.112462114575762
3606_KNi,1.0052471914417698,3.010854920584236
4112_Pd2Rb,0.1444467522241363,1.3012955841935034
1710_MnV2,-0.22532081361564,6.633157671475156
4753_Cu4Ta4,0.3145868356134906,6.148441217764256
924_Fe16Na4,0.8854584092029818,4.16673204876835
3730_Al2Cu,-0.024514671381759,0.8731891287727596
4935_InPt,-0.3954266898175138,7.137281373634538
3831_Na4P2,-0.1461563225130477,0.8666526415287341
3820_Al3Fe,-0.1803985331203383,6.79035551330781
4273_AgSr3,-0.1419343204578349,0.2529610075673054
300_Ag2Ca4,-0.2481122537202737,0.3064782643518317
1276_Mn3W,0.0958503255778993,3.4859487669581823
2497_CuTa,0.2519668018756942,7.3639552623547235
4412_NbNi2,-0.2972245130050706,8.631134758980462
2741_Nb2Rh4,-0.1700100294107696,10.052287918978468
4399_NbNi2,-0.2620564037436684,8.58297212168418
4454_MoSr,1.4422288245039052,1.5117387291833482
4272_RbW,3.473318277164075,1.9463199932697397
3031_Ir2Ta,-0.4511854485078939,7.3698089594188785
2831_AuI,0.2614996616232603,9.992503731175573
4775_Mo4P8,0.1065608358772536,3.4565417170484936
1730_Cr4Sn8,-0.0265927506534436,4.553332679023722
2115_Pd8Sb4,-0.4630380882032696,1.213762799331094
4971_Ni2Sb4,-0.3743846982243711,3.496176363740023
1868_FeSr,1.0256503461245172,2.442735338032873
4090_Cu2Sb2,0.0947745338992556,3.700646552579974
1718_Ba2Sn2,-0.6119471538828103,0.7877826605363987
4043_AlBa5,-0.0042544079372278,0.4638787110908981
4022_KP,0.712586257773205,1.0869682954737172
3617_BaGe2,-0.2935484472204012,2.095186183303862
4980_Rh6P4,-0.4949304186620736,6.497368864292642
4606_MoNb5,-0.0388477886636107,4.214363827677316
3703_CuFe2,0.079502949474796,5.792759809491142
4563_AlP,-0.3691838408500709,3.34022257350012
930_Ba4Pd2,-0.3112198981691587,0.7062439887431456
245_AlRh2,-0.637019060757113,4.408512319950763
4633_Au5Sb,0.0592267831128546,3.5117647707042936
4780_Pb4P,0.4434886753329195,4.2919123199179205
134_Au4Sr16,-0.1130436182400256,0.6458821947949274
1818_Ba2Pd,-0.3628834847793444,0.6424832380467984
594_AlP2,0.0056815618477751,3.375020069909321
2522_Sb6Ge2,0.1649034019475364,2.9330722596939256
690_Ag6Al2,-0.0033059475086609,2.329016277707158
2787_CaCu,0.5358766060288009,0.488713219151612
1125_AlMo2,2.233849459482612,4.911469198074117
2833_Nb2As2,-0.2267729929139426,5.20923627050467
4359_MoPd,0.0242015109187416,4.11010859314108
787_Al3I,0.4000964545887084,4.880445031373188
189_CaW2,0.6406378987075527,2.680727410825574
444_Al2Pd,-0.5890005074909356,2.702845283992597
780_NiTa,0.0359782446442089,6.896747962589258
1249_AuNb3,-0.0157210614419369,2.29108905664074
1898_Cr8Sn,0.3679512322402697,7.228583796845163
393_Mn6W2,0.1746507393824732,3.830570460455859
4949_AgCu8,0.8151936839697029,3.300590286167916
3484_PdBr,-0.1070412786634809,9.749698760158951
552_Fe17Pb12,1.2324810144787373,3.5191216873719284
4642_AgSr,-0.1351962930203547,0.5523462479705993
2202_Cr3Sr,2.343766949356529,2.1500659572908765
1451_PbI2,-0.7771972389298755,10.31849906256962
1971_Ca5Cu3,-0.0565900669884098,0.5096860968640237
3248_In2Rh,-0.3115683777988701,4.24661771685099
3713_Al2Br2,0.0760864591054089,4.712982179294788
4176_Mo2W2,0.4080368590916485,3.532786961290501
92_InI,-0.3710410919205595,2.9184592731776693
2971_Ca5Sb4,-0.541558037310753,0.7627560335574517
561_Ag4Al3,-0.0150315622136787,3.268177530379661
632_Nb4I16,-0.5914529900423056,8.956515281276713
1751_Al2P2,0.1711348282914704,3.380869454226596
199_Al2V,3.021478292177701,8.438955767817138
1840_GaMo,-0.028439939265862,5.131032731213478
1899_Cr4Rh,0.6346711220946574,6.5444356088999225
1425_Mn6Sb2,0.1532675726229939,4.794921074036055
1838_SnP,-0.0947927665832342,3.374203041905589
2761_AuK3,-0.1330414285429428,1.3468820273765725
3747_Nb3V4,0.0366451192359237,3.3549012606398385
4792_Ni2Yb2,-0.24160819968451,6.635817958645528
1254_P8Br16,0.5215730473216924,3.71091012358968
4029_VW5,0.4316567842693999,8.072530883700574
526_GeP,0.3757062883912843,4.090029796719267
2176_Ag3Sn,0.0184298694863218,2.319330570213527
3601_Cu3Ge,0.0652571573942939,2.5410215530077567
1629_PtYb,-0.9133928122090472,6.418294627921402
1107_Pb3V,0.414796380719622,5.181640474831346
1161_AuMo,2.2015380882334377,4.985230570791186
1215_Ag3Mn,0.1560579519535476,2.1614862258353176
3888_FeP5,-0.1254662331799127,5.767100367466719
3802_NaBr5,-0.4678710658109493,3.872331446204429
215_AgAl2,0.1927638806395458,0.9417210239185032
564_Ba2As4,-0.7628909404239513,1.3842435947568283
62_FeIr2,0.0148692361136006,4.890329604749866
3878_Ag2Nb4,0.3485341284425303,2.340683141358953
1582_Ga2Pt2,-0.2834445013076179,5.732698050470458
1754_Au3Cr,0.0798392217555257,2.969236995842063
2087_IrNa3,0.4171477206495835,5.984205582771116
1829_FeNa3,1.3916807839633634,2.174739834547461
4456_Ga4Mn8,0.8996624400047596,4.101053695562377
951_Fe2Mo,0.8205961221980852,7.433032887838915
2850_Pd6Ge4,-0.3925074452225566,3.0088475601572826
248_Cu5Pt7,-0.1172246329049636,2.041397843072043
2203_Ba2Sn2,-0.7239831978783742,0.8515600754906141
3487_Cu4Mn,0.0374399811596923,2.5829065763225776
3084_AgFe2,0.2691876946108304,5.306593755666178
4830_Fe2As,0.0120831969950868,3.0338348872301912
2131_Cr3Nb,2.842053501474326,4.993876065953419
4116_BaIn,-0.3942991436374097,0.6587237363793053
1571_Ca2Rh4,-0.1264421561850426,2.5515090969697427
2793_Mo2Rh6,-0.1970149649820438,4.935550383728684
4280_Al10Ta20,-0.0910167770230183,4.384331916764506
1067_CuGe,0.1859997211468114,2.3122673098737123
1478_Ta2Ge6,0.1118716085629225,4.393966290511133
2853_PtSb,-0.092727887933095,10.174880293469425
308_Na4Pb,-0.0642697687374035,1.493627686188396
1472_SnW4,0.8177328976757025,6.349638286849467
1068_Ca3Ni,0.2013279866958397,1.2109973146258284
1513_CrP3,0.4691332273700528,4.26928770075032
2124_Fe6Ir2,0.0352644097519831,6.908077269574069
3734_GaPt2,-0.4629662175507303,5.200721573897156
3717_Fe18Pb6,0.7481306957990626,4.574590630427615
2000_AlTa8,-0.0389980449255236,7.9759579105882
764_Al2K2,0.2428604531726903,1.0545138321527858
527_Ca3Pb,-0.2743955233667527,0.7413982100004769
4645_Na2P2,-0.0555534054562691,1.5145858033921695
1942_Pd4Ta26,0.0798275323361679,5.40247345833861
4932_Al4Bi2,0.889244536310505,6.406587570038854
147_Cu2Ni26,0.2677396298890073,4.186090085387463
651_Mo4P8,0.2062202022958482,4.084613726358629
2905_AuCu,-0.0042660205172095,2.369938441534166
2023_Mn4Mo5,0.160447881363546,5.828438118596305
3910_Nb2V4,0.6313650377418986,2.4960074263314165
3868_Au16Yb20,-0.9813941101488048,3.701880830219219
2209_Ag2Mn2,0.2805958573946263,2.2660564537533814
1473_VBr2,-0.4152301239996578,3.8124384187963383
2366_Cu7Pt5,-0.1224453568417445,0.8538864636802541
791_K2As,-0.1842960229864036,1.2555300719151918
1931_Cr2Nb2,0.1344305427950498,4.102289764443631
1391_PdTa2,-0.0609986808037371,3.666870324929308
635_CrNb,0.0400403641248559,3.206384029904336
1174_PbV4,1.736418693171305,7.16100585385941
4067_PdBi,-0.3015815765160319,5.634715338465952
2007_W2Sb2,0.9266181348642304,3.876490056249716
1432_Pb2Ta2,0.3806331488239092,9.285271440660608
85_Ni2Sb,0.1209554596631837,2.7120135789002875
125_Nb4I16,-0.5983008791202679,8.960677841389872
2183_Na6Pb2,-0.1099520900951809,2.0264341935207746
3846_CsP,0.6036632273622891,1.4541611142384832
1182_Nb2Pb4,0.5336396650961781,7.972550139174165
4866_Pt2V2,-0.4276564521482502,5.201596887977537
2471_Au2Nb2,-0.0631656503998696,2.872154897241969
4262_Ba2P,-0.7444133013472781,0.4740361420666989
4965_Fe4Pd2,0.8623138115758214,3.055695480879262
1261_FePb3,0.8225211552662088,4.988959365560649
89_Ba2Ge2,-0.1168555505437622,0.884327124348245
1641_Pb2As2,0.0840475302337555,3.190203375497881
3562_Fe3Ir,-0.0256111017813136,5.943135626963124
1681_Cr3Nb,0.0781401406249067,4.66863993497456
3894_CaI3,-0.787452079627013,3.915196623233423
114_CrNb3,0.0723080494381864,3.114129186450142
3509_Fe4Na2,0.9275578196026,5.071639867526021
2767_AuBr3,-0.0229078991777886,9.50477794283194
3134_Pb2P,0.128832278331845,3.854440454317901
3811_Ag2Sn2,0.0142127378141592,1.832877017736928
262_BaBr3,-1.4692358460725734,1.7210206024134709
2651_Ag3V,0.339459105536597,4.150160617173869
1156_Fe44Mo2,0.2030259481731812,5.81813714539644
3231_Fe2As,0.0126401657999911,3.0868672008856053
2939_CuW7,0.3854280871898492,6.009153688189079
4524_Au3Br,0.2829069902830432,9.698237393918712
4278_CuTa3,0.1501830417095071,6.680635059872772
182_Cu6Ni2,0.1032142976761845,3.4295676734482967
4064_In5Mo,0.2891137401028671,5.404577516480495
1494_Fe7Pb,0.3180355931039793,9.01579987246932
52_Ca4Ta2,0.53492339105963,1.4800995101136387
3194_SbGe2,0.290026473554884,2.732239440552262
4823_CuSb3,0.3994996801531401,5.271216686655533
768_Mo8Nb16,0.217704353426722,3.472639527058868
9_Mn8Sb,0.1088367267697947,5.9473919277014815
4625_Ba4P,-0.3524857490659137,0.5518762377163291
309_Fe16Pd8,0.2678129794078536,2.788100084376631
1085_Fe4As6,0.0774651105346301,3.8767405702296656
2187_Fe26Pd2,0.3374554965266674,4.250960389581267
3814_W2Sb6,0.6963800044215294,2.990369190865436
4139_Ag4Ba8,-0.1623410645895558,0.3195347315223823
1937_Fe8Pb4,1.127174672553231,4.182766643234752
4416_AlMo,0.076944126559888,8.208787066852363
645_CaBr3,-1.3581370482902582,1.928294011616265
614_Ge18P6,0.3569418465741094,2.9182386770402493
167_Al3P,0.1003177873692511,4.575768984168333
277_Ba2Cu2,-0.0169725723717149,0.6835402499210531
7_Sr6Br4,-1.1913767863029878,0.6705496020819205
155_NiAs3,0.142732757003877,3.848286884942108
3486_Pb4Sb2,0.0692095082417735,3.154407299559202
1522_Cu6Ni2,0.1060776691267886,3.42963223566162
2054_Pt2As,-0.0340950131970624,6.505464254862129
3159_K4Sn,-0.046379581696436,1.1845659719672954
4245_Cu2Mn,0.4952616009620237,1.8051865991118523
2587_Ir2V2,-0.4387310756536209,9.616701445402708
1222_K5Ge,0.115353885773028,1.5200026181057429
3189_PtV,0.777142941326102,6.998620340712326
2881_AuCs,-0.2979903415698688,1.8764399467320416
298_PtV3,-0.2900346358635062,4.599377143563015
3815_FeMo3,0.2095670596886858,5.209188084732641
2627_Ni10Ge6,-0.4625513556699081,3.0824092611329545
1508_Na2Pd2,-0.0727240279877157,1.1212523838780628
3187_Al3Br,0.1113996489438839,5.463720814418646
3663_Ba4Sr8,0.0083402217814067,0.2197829303367819
2448_Au8In,-0.056373013667435,5.722307308222309
3673_Na2Pt,0.0048590077104702,1.8698831978550448
3909_Ba2Ge,-0.2536671172700515,0.7879721972752405
4553_InMo2,0.1640907388659277,3.732458792777205
2072_Ga2Br2,-0.5777253611313591,2.841818165703389
282_V2W,0.1508598416056431,3.1172433901623977
4937_Fe2As,0.2919286981624853,3.1795551572599656
3580_In4Pb2,0.0253351892478015,5.505836135730324
1739_Ba12Ir17,0.7052706845245339,2.7376147546961085
1882_AlNb2,-0.1454841621484703,6.763655820309984
1452_In3Br3,-0.617555666652034,2.814797243266681
4188_Mn4Sb8,0.3833065550035227,3.437650139969533
4206_PbSb3,0.2203488826656587,4.296636447950376
4180_Rh2Sb2,-0.180140237805733,5.9386699017519256
4556_Au8Cu16,0.1460925404133319,3.222618864264401
4803_Mo5W,0.0032439918025867,4.5049007659627005
1591_Ag2Sn2,0.0140750344839628,1.8331247811744245
2104_As16Br4,0.33519920200048,3.683277651199991
1999_Sb3Ge5,0.279852167525032,2.953420377146307
1854_Ag5Al4,-0.0289825661094569,1.0536569260751991
4434_BaW5,0.8998810528593069,2.6031790141866
797_Al2K4,0.155120108336991,1.0589428757725174
1874_Au4Sr2,-0.7626116234560195,2.742386906963128
2615_AuNb,1.177855591877857,4.330068900364599
176_In3K,-0.0780771556712189,1.984703337602852
608_Au2P,0.3116512668179887,4.527309727051053
1384_VBr3,0.6187073980676105,4.3001804048513
2830_Cu5W,0.3803622766868185,4.346611553345584
4073_Cu24In5,0.0511636891329517,1.9072464302464016
4626_AgAu3,-0.0264467700055792,3.218481967594152
3540_AgIr,0.7201161562403575,6.843572605099226
4984_Na4Pd,-0.0258741763051297,0.3959470149096112
3640_Fe3P,-0.1983662193815236,5.536125262137878
628_FeIr2,0.019241553324246,4.867919698066473
2901_AlMn5,0.0325080423492979,5.1962293361616485
610_CuNi4,0.8709995730334945,3.958123755600057
1819_Sn6W10,0.5835910355843623,3.919842759348808
1712_P12Br17,0.305400172102448,2.472391265212763
2370_Pd2W,-0.0741564389783917,4.27112595025816
3425_In4Nb2,0.1166725944878296,6.228737730803057
3801_Na4P2,-0.2358167291925571,0.9974394236756418
4367_PbGe,0.229419473115144,5.813715491750881
4905_Cu4K16,0.388446705850454,0.6537565341329972
3459_Fe2Mo,3.2870273239455563,9.88871709668376
3483_MnGe3,0.2612476874954641,6.66892526177953
63_Cr2Sr2,0.7446481806535772,2.361826091914571
654_Al2In4,0.1587686536238752,1.6514521692728217
2502_NbV2,0.0419119029857265,1.9511851070222028
3307_AlCs,0.8024916049669821,1.5304187953656256
4502_Au3Sb,0.4217477824387243,4.310835745418293
4232_Fe2Bi6,0.3530065572768315,8.972254626838524
1583_Ag3Br,0.1583920348366088,3.1667554980662262
2135_Sn2W2,0.7018631931675055,4.505967452040841
99_Al2Pd2,-0.7471028637113477,1.1700511300881118
581_BaPd3,-0.1696675891449359,1.3117772896245383
4509_AuGa,-0.0783288279649321,5.972854237906104
836_MnW5,0.637096752327229,6.006028023443686
2987_CuW3,0.2052802225342738,4.09568882817937
3494_KTa2,0.8032727114000338,4.624197254614876
4008_V8As4,0.1239380017364091,5.04664849380857
2503_Sn4W2,0.7151859784880076,3.506204217336266
3369_In2Pt,-0.4998269741034047,3.985085071472043
1515_Fe16Na4,0.8900192099042854,4.166937377808239
686_Cu4Ge2,0.1101341585813073,1.6720594080726776
2155_AgGe2,0.2269485192188695,2.425558078781568
1088_NaPt4,0.9276235444384432,2.9247028609210544
3251_Ni2Sr4,0.208795066472381,1.2753810420582783
1885_Sb2Ge2,0.2790129490215403,3.004667593050527
110_Cr4Rh,0.6478040969868033,6.542447662378251
4197_Rh2As6,0.2374773535485985,6.459489563574361
4248_Pt2V,-0.5499976049611442,9.13168323992599
4718_AgIn3,0.0519812957642829,1.9138558763902247
1720_FeIr3,0.5584776160701406,6.191550383898841
53_NiRh,0.0437963995323711,3.663407994140834
79_Ag2Al6,0.0341048023002974,1.7542189725343378
1390_Ga2Pt4,-0.3798569394426714,5.05078497935826
3593_K2Sb2,-0.3844806039214687,1.436256237541881
4153_Mo2Rh2,-0.0742199523069722,7.359629478593715
2326_Cr3W,0.0566739523358883,4.082645004401485
4411_Rh2W2,-0.1634060966863391,10.622678293842249
212_Fe2Ga4,-0.1746195386096053,2.9284150748687807
1135_BaIr2,2.783862077291165,4.0169409301437575
750_Cr2As4,0.1067575780174448,3.85902450703084
1547_GaAs2,0.1910730051542918,2.954689375939334
2405_Cu8Sn,0.0168007235782425,3.2902854438765408
1532_Nb10P6,-0.8333341822598399,4.371711036223097
4952_Pd2W,0.0837341889231855,4.298205667677574
2357_K6Ge18,0.0690931290886987,1.5472310085924363
2384_Cr12Ta4,0.2733236884432699,5.341358234574779
820_AgSn2,0.1028906522218721,2.040734330702524
3389_AuBr,0.0429653741732587,11.076737159220164
1703_Ba5Ir24,0.5284555203006704,3.794504597715118
2219_KP3,0.5613300460352102,0.7360423256540262
2295_Ag2Al4,0.2396434909959482,1.5244180465590254
320_AuGa3,-0.044392137011382,5.105713078439694
2567_BaFe4,0.6684947662822196,4.592370334491219
3579_Au21Ga6,-0.1366279752500119,4.693727755542559
3568_Ag4Pt8,0.0023235877472878,2.4903349684035936
1153_AuCu3,-0.0003989963805692,2.6988099623189608
4849_Sn4Br4,-0.3749848258403285,8.231967585313688
622_Fe2Pb2,1.216375423914755,3.137760582146053
619_Pd2Rh2,0.0335179686465618,2.25092682069933
1646_AuP,0.1982375973905634,5.41715433722958
4564_CaCr,1.112240896363634,1.0795227533216862
1516_Ge2P4,0.2592394888634833,2.931437898210912
120_Cu8Fe16,0.325100666679899,4.682448461428938
389_Cr2As4,0.0834798005825246,3.8967660157786894
3528_Nb2As2,-0.5484444669754387,4.698938888615817
1257_Ba6Ir2,0.3878091569580264,1.426974138977538
1700_Fe2V2,-0.078264600413517,7.411408622866122
3914_SbGe,-0.0133631114332759,4.130383710116835
4430_MoYb,0.5927353378973717,5.178190447599959
1004_Ag2Al,-0.0620548805392004,0.993234970675236
4741_Ni2Ge4,-0.1418782318798713,4.947894669954598
4746_Au2Ni2,0.2424296367895184,4.549284559759973
3225_Mo2W,-0.0036623847086711,3.1869722482345586
3130_CuPb3,0.2602826834094367,6.477059913746781
3790_MnPd3,-0.1677646712931579,3.506831291584052
4131_W3Sb,0.5330850639774898,4.347495453667904
509_Pt3As,-0.0044009473790387,7.331548368614348
3556_SrAs,-0.8153866816487305,0.6873043166871863
2057_BaFe3,0.8829292337864798,3.9630031818217546
228_Ge3P,0.4028421099060848,3.269305586800287
1436_AlFe,-0.2410192208620589,4.924733446856483
2205_GaMn5,-0.0046963599806891,5.536721375157979
4241_Au8Rh4,0.1711982711978444,8.407526480146297
1632_InBr3,-0.5535261041398845,3.4910696762825184
2192_Ga3Na,-0.0249882809222263,3.2061288154912093
2422_Cr2Ta4,0.5251773362111992,4.044715626225099
4224_FeMo2,0.1637340308112816,5.433985022067298
3170_Pd5Rb,0.153967332672618,1.28233366583379
2932_Pt8Sr16,-0.5432285759187595,1.9526903466995265
4317_Ag4Nb2,0.2673313436111317,2.7758446045411715
1403_Ba3Br,-0.6963803494486649,0.7636127447233838
2543_Ba3Ta,0.8543729953738324,1.0607558197198368
1169_Cu6Pt5,-0.133328817054783,1.1059341693812292
3645_Al4K5,0.2492645665704687,1.0230938205676112
960_In2Br4,-0.4657886603656829,3.748483614457366
2535_CuNi,1.2802434695571363,2.715110384279859
2638_InBr3,-0.5575545409714322,3.4896473819291174
521_CuGe,0.1750219402579942,2.2999439323745534
284_Cu6Pt6,-0.0941277396963631,1.9363272625660823
2818_SbP3,0.2787830215630311,1.2671793025582334
3920_Ag3Mo,0.3129424275328398,2.709761096151364
4296_Ba5Rh,0.0985829817622795,0.8713521812194387
3382_Pd5Rb4,0.2655793852662308,1.161668352881652
2353_Cr2Sn2,0.937295597133363,6.453864508486298
4383_V18W6,0.1444451908513369,2.984342961143887
3817_Na2Rh4,0.2454819018463692,4.18561737859409
4438_AlFe3,-0.1897415479368378,5.733745362547275
4534_K5Sr24,0.1030625836751013,0.7047349116146793
4894_AgSr,-0.0336765836214314,0.5384829267449123
1753_Ir2Pb,0.5983672141707702,10.82326262976869
825_IrV5,-0.2488146422955945,8.61962118980976
3541_Ca2Ga,-0.1370402405445349,0.5396513414887455
2827_PtAs3,0.1837744748839611,4.954925111593363
809_PbAs3,0.3753619279989451,3.8495194813342666
1958_Ba2Fe2,1.432824894896533,1.1991319469423811
3879_Cu2Ge2,0.1737348240279024,1.6194538091050734
2002_Sr2W2,1.3964235494759736,1.7703941344843095
4962_Ge2P4,0.0137601105489194,2.3764136495264685
2391_Pb2V4,0.4200073863920721,7.268674627977904
4759_Au4Ni8,0.1137680593830878,5.379582335449156
4749_K6Rh2,0.6040952700919129,2.133115552578464
2210_Na3Sn,-0.1740065553992373,1.782301340681221
2308_K2P2,0.247621916405853,1.4043449187875232
502_In5Sn,-0.006264214339336,4.463748326676943
3996_Mo12W4,0.2400632513012386,4.774331133197271
401_AlGa3,0.0361313760628045,2.605571018979437
2634_CuK4,0.2296230775695573,0.5312819557429299
3059_Ba4P2,-0.7354421307758674,0.4780501007062342
4528_In16Sn4,0.0889102016768188,4.753826126724765
3234_AlP,-0.3675687588258789,3.340218946731086
3165_Na2Rh4,0.4923615386228531,3.710953756725698
641_Al6Rh6,-0.7913171802790396,3.5253706548534334
3575_K2Pt4,0.8712168740128341,2.009374422524478
2276_Ag4Al6,0.2770130587326555,1.7111577100870623
4009_Ag2Ba2,-0.2761736007103255,0.5769223050489497
146_RbRh,1.0519039009339617,3.3891052439191656
313_AgSn,0.0409468929222187,1.6560834702929117
4398_KGe3,0.2251137099133981,1.6270193306424587
1036_Au16Sr4,-0.4394674910717768,2.0801837445093674
1275_Ca2W2,0.4891521987122589,2.0248334134496293
2907_Au5Sb,0.0529373901265829,3.518480534749172
4156_Fe2Ga2,-0.0016789232952305,3.082427726310382
4991_Cu2W,0.4542508312631017,4.214889886695275
3413_Al2Sb2,0.0747185115180317,1.7572661799903984
3535_Ir4Ta12,-0.1931485683947595,4.521878137282796
395_Ir2Pb2,0.3738050343011903,9.888863248561004
1627_Al3Sb,0.1942464372407792,2.2824502765218067
2378_As8Br4,0.4426724631388452,3.046713700890792
3810_AgMo3,0.4025494275119783,3.9015399633368615
2527_BaTa3,1.2182724806159069,3.776951894612165
3755_PbGe,0.1222864572366444,4.799833587972506
1365_FePb3,0.9185793676251812,4.742615885927746
4768_Pb6P2,0.2162553450890172,4.121373308992676
4913_Na3Rh,0.3103064652176819,2.411378785678592
2981_BaCu,0.0764343314651374,0.49126759161347
1590_PtYb,-0.9045942152103312,6.435412667965123
369_Ba3Sn,-0.3223431693894989,0.5501643317659557
537_Fe2Ga2,0.124064853796499,4.439216487465541
1846_VW2,0.8396076707660759,5.030019837249541
2483_Fe18As6,-0.0030855285063147,3.888070382184197
3335_FeMo3,0.1101955142401873,5.497982390352798
3065_Mo2V2,-0.0680563425467291,8.046640871371135
2024_K2Sn4,-0.1484137375559336,1.532833585476569
3650_Au2Ta,0.3603856372156286,6.67270000083961
4880_AlBa3,0.0921476397973015,0.4240745232283889
4374_Fe3W,0.042603553216491,5.54602556719833
1014_CrRh2,0.4701862462303445,5.416318804433493
507_Ba2Pd4,-0.2163654657637609,1.2805483393153627
3578_Ba4In2,-0.239736009939115,0.586208785370396
964_KMn,1.154798689515636,2.3615446061027767
1662_TaGe5,0.202469743993633,5.967199184819366
2551_Ba2Fe2,1.4615896422081454,1.1871922776696249
3682_Al4Pt8,-0.8627738744258586,4.204118724165243
156_Cr10Nb6,0.3962055410731953,4.425096514930476
3825_Ag2Nb4,0.2471166870868621,2.383892283315666
1826_FeGa2,-0.041209392734169,3.745173266659096
3586_FeGa,-0.0760232916373659,3.019174709552312
1918_Ba3Cu,0.0394702967897684,0.2569240479318979
929_GeP3,0.3912980832327397,3.173200944893144
700_BaV2,0.8428249004638602,2.2050711471517515
4594_Ag4Ir2,0.8181056146560977,7.864699280355085
4777_Al4Ba,-0.2379211242006079,0.890971963370701
928_CaMo3,0.7670388591526027,3.017140591547286
3288_Au12Pb4,-0.0183364790162765,6.074890768276667
1409_Cu5Br,0.2437103675173967,5.23255845672633
4963_Cu8In,0.0245764029035318,2.4262851139493007
1660_V6W2,0.1271767347920729,2.9804798246286253
931_Pt2As,-0.0404441525489787,6.483878563646568
1024_Fe4Ga2,0.0881069186662758,5.042604609875614
1163_Mo3W,-0.0041970000888422,2.9875882667912306
392_FePd3,-0.0230776675298578,1.9852157064794005
2195_Ga8Pt16,-0.3537022999127923,3.959438403636779
4396_Au2Fe4,0.4657313841943183,7.799147223286563
572_Ni2Sn2,-0.0386517674134507,4.247359388970459
4395_In3Mn,0.2284877334658102,3.739418327180527
4138_Na4P2,-0.2091135756894007,0.7904507041949682
3657_In2Ta2,0.5123786104406642,4.618568451694447
4451_Ca5Ge,0.2746564330536423,0.8519250505556532
4979_RhSb,-0.1756178771276877,9.93986081012014
3103_Al2Sn4,0.0887452480367532,2.9988990813866896
1237_CaNi5,-0.1309344261631579,3.5549731778924163
2457_GaPb,0.1009691235960348,6.416526626647164
472_Ca4P2,-0.8954120405437109,0.556983119321192
2999_Ta2Sb2,0.3728647878519764,9.18399459383821
2884_W2P,0.0145169775755711,5.397160781167818
164_Mo3P,0.0756003152457989,5.73526724740079
2809_NiSb,-0.1463381743154652,2.9029771193265383
3791_Fe3Na,0.7118915968889912,5.187649107953396
1268_Ca3W,0.735085956096504,1.6187402768615449
3019_Ir3Ta3,-0.4363903598925691,4.952830796984001
2363_CuI,0.2521662775642088,2.486554226227335
953_Al2In6,0.1239297719224783,1.6781780199065857
1500_Ag2Al4,0.0457588772121333,1.358609208342303
4755_AuAs3,0.3577655840683733,3.937780678616771
463_Ni3Sb,0.0449342540232127,3.176219194388185
945_RbRh,1.0520374114343962,3.3891114311825348
1534_Cu8Sn,0.0012890280471198,3.288031934286174
2418_FePb,1.177480002338207,4.414172505760937
3229_Al2Ni4,-0.4528155467130901,4.493135993545158
2148_Sn2W2,0.7094631933980757,4.45474859121411
4508_Al16Mn4,0.301063565326821,4.95882561151402
4735_V26W2,0.413087493103449,6.580172948193353
3224_TaSb8,0.3092628586948807,7.004785228527569
2490_Ag6P2,0.2600994596241142,3.4589787629306663
1852_MnW,0.147210544305592,6.328031738673864
187_Ta2Ge2,0.1017352688524066,7.979537359542917
2859_Ga2In2,0.0462965949196285,3.3210341436240034
4082_Mo3W,0.4366388836053136,4.440310056233118
4104_CaW3,1.1974411247556669,2.9015464303334872
1467_GaPt4,0.129965552129088,6.402424573623011
88_Ag2Al2,-0.0094356971058457,1.557119034080658
1900_CuK,0.5618755958170236,0.7744290135164135
1397_Cr20W10,0.1884869986014261,4.033627772200856
1605_Ge8P4,0.2090046404551131,2.514341590391264
2163_NbV2,0.0208508165574651,2.038712771329666
1159_SnW3,0.5108634037715429,4.455224966409302
3837_In2W4,1.250886245647976,8.610143846697957
3840_Al2In,0.1387528894089046,1.294908631376222
4513_In2Mo2,0.4014679899582596,4.575375997935507
4431_Au2V2,0.0249428442236858,5.958407279624593
1456_Ir4Na2,0.7132981850153968,4.540806444227696
2375_Ga13Mn13,5.485676899432976,3.191737744373872
1948_Mo3Nb,0.412866896468083,6.280482614635926
2991_Al4Pd4,-0.7855255843605562,1.2220270117108782
3583_AlK4,0.4481500084409727,0.9158524633651176
934_Nb2Pb4,0.527916409969278,6.452465175477597
37_AlMn,-0.1653908717519483,4.525772274255752
2436_WP,-0.1643606055072712,7.133934864952815
4370_Rh3Sb,-0.2063562446620768,4.567230926284704
2351_Ni4Sb3,-0.0920022587204028,2.367902298211816
1596_Ag4Ge6,1.1126645576840708,2.247979152773058
4329_Na5Pb,-0.0854004033022069,1.5888704369029318
1204_PdW2,0.0761774245930648,3.833948088533357
1482_Cr8P4,0.095169955832033,5.126802215074966
3457_AlSb,-0.1687718686976369,2.276464362128691
3641_MnPd3,-0.1628683062001306,3.500844460070073
2810_NaPd4,-0.0089418085954619,1.2808492965436329
3250_InV,0.3685158133105357,7.96914342908191
4857_Ag2P2,0.215945692610235,3.2479881600459644
3226_MoRh,-0.1753282368478412,5.589004861359107
3534_Mn2Ge6,0.4868770529645303,6.065987669689359
3247_GaPb8,0.0253117476819279,8.813517352774419
1048_Cu7Pt5,-0.1273997840012809,0.8553971842716267
3453_Nb3Bi,0.2577617338898896,8.594593719844676
205_Ir3Mn4,0.0216022662820246,9.009090033220224
4591_Mo2Sn,0.1088356497885385,6.718444897551126
2940_AsBr5,0.0282342964256434,3.378950669853221
1860_Nb2W4,0.1061049533559928,3.0504503579721893
3129_Sn5W,0.3710214703773496,5.587315588867339
3394_Cu4Fe6,0.6946488182658911,4.167627578611565
3113_Ag4W,1.0330159394192733,3.877707038853674
676_AgTa3,3.185028116001336,4.844890287936754
4486_Al4Ge8,0.2644100296867571,3.4133534515349107
503_Sn2W,0.537531149489921,3.452171815937297
822_Ca5Sn7,-0.3709440976254115,1.0308544278598863
129_InPt,-0.2747187912913738,5.17662268307403
2897_AlRh3,-0.4401970084474111,4.81424303810739
1923_InV,0.8176152594236008,6.440719106572884
2004_AsBr3,0.5071995218617864,3.631091969147768
4855_K3P4,-0.139473519418894,1.172926942444842
4081_BaIn,-0.3934987706890727,0.6610255991499797
4765_Mo3W,0.4530177667841109,3.211785885668192
3688_Pd4Pt4,-0.032065831937813,7.789523316845719
2377_Cu2Ge2,0.1932333650639117,1.4132608897281336
3530_P3Br,1.926129210792646,3.1614620443175303
4255_Au2Mn,-0.0971041462008267,2.8998248379911997
2726_PtRb3,0.0920366423174874,1.7211601843584152
4813_Ca3Nb,0.6282818560868297,1.4336433727475155
1597_MoSn,0.1935548928516741,4.741842639470958
3502_Ca4Mn4,0.6361592220111758,1.918201953599913
975_GaW4,0.957071096951836,8.473600070350196
783_Fe2Ir2,0.0966810213421247,7.406573328602623
2990_MoSn4,0.1971744835279807,5.624465748299789
2637_Ga4Na2,0.1822552724839135,2.0632013346804543
304_AlCu5,-0.1362652104227132,2.49628180131524
1545_Ca4In,-0.0793600515693867,0.5380095254445628
2071_Ga12Pt12,-0.4726474852203968,4.972915139794013
2926_Ga4In4,0.0605925755307299,2.4329153818436167
2429_Ir12As17,0.1461502202227663,8.771608046476786
360_Au3Cr,0.0727205118778444,2.9761356677303565
2122_CaGa4,-0.4087614125768802,0.893225675274971
3351_Ga4Mn2,0.6176953518909775,5.572839703566899
3649_Cu2Ge4,0.2520284133880294,1.7675795315330631
3570_GaNb5,-0.0994785567814749,8.601628324063608
3622_Al6Pt4,-0.7048057370949273,4.238099030409336
198_K8P4,-0.0861383471739086,0.779085979347655
1196_Ba4Sb2,-0.7672871561808551,0.5243527637681911
4773_NaPt,-0.1967208568508054,2.827995873371113
2096_CrNb3,1.7503015790430183,4.5942456850484685
4024_AuRh2,0.1829427448860971,10.904040109402464
1919_NiSb3,0.438097995862682,4.957213134043043
3313_Sn2W,0.5202709353288716,3.7841940032348247
3824_MoSr2,0.954402009198068,0.6404997547983915
4194_PbTa3,0.3900547148183602,9.583769333952995
1105_Al4In2,0.1216467440318395,1.2226420927973645
4448_Al2Nb6,-0.0688869841256529,7.457008720447236
2379_Sn2W4,0.8977808676823535,4.76166271252395
3631_Pb3As,0.1116338261116278,3.6276287340182254
4475_AlNi3,-0.4056051678421566,5.335498757924123
4796_Ni3P,-0.174271319347592,3.326277474437819
2647_KP3,0.0464841365445432,0.941026094557347
3373_MoTa3,-0.1069536017678007,5.064647168550691
3242_K2Nb6,1.0406142192645351,3.2804485153395
3393_Ag2Cu,0.0761581397430024,3.3005094762126577
4896_Al5As24,0.2029142958536346,2.760594130862112
2619_Ag2Mn4,0.8210633157813625,3.2051365668381586
2396_Ca5P3,-0.9491693569273068,0.4890920580205097
806_Al2Cu2,-0.1881961713948934,2.397989443027197
3176_Sn4Br8,-0.8643235854753722,8.28387747176514
4026_BaIn5,-0.1550668724833904,1.2891791565426307
3380_Pd6I4,-0.004287555210886,7.677718708357252
1316_TaGe3,0.2141826952026813,4.328759177266519
4881_Pd8V4,-0.2238081572333025,3.196995676421223
2435_RbTa,3.1517506112669618,4.918053311516126
4253_Au2Ge4,0.152505619377352,5.133674043819202
65_Al4P2,0.0048209866646065,2.548349296913252
1645_Ag3In,0.0056007404912765,2.008850990459245
4097_Mn3Sb,0.2143725397026807,4.146692303631884
810_Cu3K,0.7647491590705378,2.295149420009704
1666_Ba2Fe,0.8109463065854191,1.1070894178201818
3264_Sn2Br4,0.2584199160717686,10.868243820387908
609_GaP2,0.4456024952488941,3.062612349779994
3255_MoRh,-0.178031266937797,5.6602472816726594
4527_AuNi,0.1788439408535893,4.93339678322573
1407_BaAs,-0.8248225062646046,0.5524854946043105
1722_Al18In6,0.1601819126916096,1.4908122911452648
4130_Au3Na,-0.1153779668336403,3.421043972951368
4466_Ag5Pt6,0.0378372249416071,1.7720317941501946
3287_Cr9Ga12,-0.0512915740185254,4.918330596240096
776_As17Br12,0.0012304841898449,2.8975839408780617
1006_Cu2Ge,0.0694776776662996,2.5315653290165514
757_W5P,0.7596371541010379,5.097526349834584
1566_NbP2,-0.6500207683252507,4.418413616393965
3049_Ca2Sb,-0.608186648123708,0.6277792184767153
1136_Mo4Pb8,0.7113737394934839,6.264315903162522
2013_MoV4,0.5719330538235908,6.661327600637273
3664_FeSr3,0.6208096359060029,0.8621873043583108
732_AgSn2,-0.0005459262697555,1.3294512956140117
2027_Mn2Mo4,0.148827009312118,5.271300096559997
2016_Ba2Ge2,-0.242087032344104,0.8370352047351277
1045_VGe3,0.1847011190133702,4.458789452304623
1242_CrAs3,0.6062406563238731,5.281833674052296
2732_Ba2Cu6,-0.0339271808305898,0.7782861379862206
3736_Rh3Sb,-0.0768941101261564,4.50237381998605
4629_Pd3V,-0.2222188597370307,3.653751424635032
1869_AlIn3,0.1166018305890035,1.734047246042629
95_Cr2W2,0.0864102135558599,4.697709086651808
3471_Al2Sb,0.3893018647743063,1.7342351456758558
4036_Na6Pd2,-0.0136777169854349,0.5212020209847598
66_CsSb,-0.1281485487240288,1.841837956990304
2324_IrTa2,-0.3511913424291061,4.621386817894876
3564_Ga32Rh6,-0.3121174702825569,6.564572558790897
111_AgAl3,-0.0152064934718052,2.2449354885207238
4363_Al4Sr2,0.2809149352770609,1.1021098037526509
4740_Mn2Na4,0.5916767438931417,1.817689681030921
1134_Fe2Pb6,0.7930030037002895,4.090645612595237
58_Na2Pt4,-0.0507407090270112,4.576553347504292
1041_Fe5Ir4,0.021654189741767,6.605520426685295
4555_Fe2V6,0.123355382997504,5.200631999046978
3377_V16P8,-0.5723199034988357,5.581004002086958
4757_InBr,-0.7175140965916014,2.8652446960137032
1190_Pd2Sb4,-0.2272682943687858,2.706373538168182
4722_Ba2Pb,-0.4676688865764706,0.9502451082894836
845_Ni3Sb,-0.2230025413726162,3.0604584116205875
3558_Pt3As,-0.0049831231664407,8.009048407121725
2402_Mn2Sb4,0.2167492963155422,2.782465660124738
1853_VSb,-0.0537609682333108,5.6964257748379525
767_Al18Pt6,-0.5079458393087251,3.6116265903868823
2050_Mo2Nb6,0.0541671401782277,3.5396175110744466
226_Al4Pb2,0.4596315211143362,4.928458410745462
3748_Au4Nb2,-0.0768398583593246,2.761800657809418
241_CrTa,2.5070367353222007,5.020179962535031
3880_V2Ge2,-0.2034460607797328,5.898399278258969
4394_In5Sb,0.0245841235107479,5.260827797432342
747_Mo3Ta,-0.1285233832042944,6.427114642006534
253_Cu3Ge4,0.2297082476966535,1.979221556015305
3749_MnNb,0.6193162444871074,6.5246908702261806
293_Mo4Pb2,0.5902547794711998,7.366526061491754
2978_Mo2P4,-0.3509871447025444,4.1126627479681614
4415_Fe3Br,0.8483269798622297,10.91124711297675
558_K2Sn,-0.0292190013714626,1.2489483355093127
1178_P12As17,0.3348875683184654,1.1616590415576642
1623_Cr8Pb4,0.6935188602294282,7.7949383429997665
637_KAs2,-0.2475392953244745,2.103696215779723
2040_FePb,0.8426981996656657,5.038999584204033
1217_Pt4Sr2,-0.413395828067897,5.11527930541269
2389_CuMo,1.9978086601672205,3.000873914577637
2093_CuPb,0.6068640491029402,3.963414928562486
2783_Pd2Rb2,0.1182580533488639,1.1875339860335452
4797_Pt3V,-0.4451178454651243,9.397893064005371
801_Ag2Sn,-0.0049404452265407,1.371749068703858
307_NbW3,0.4627843224115704,4.521673600368723
3199_NbBr3,-0.5853608179005412,10.06013979602977
3600_Ag4Sn2,0.1840775408030524,2.649147785852497
4623_AgGa5,0.0301596591030233,2.141756392519233
3140_CsAs,0.3334515155471136,1.4510100408848383
3202_AlAs,-0.1258805203464161,3.3758316833780557
3320_Mo12Ta4,0.1747143460660947,6.530369932153202
2584_PdRh4,0.0594367766285841,6.104961918410197
548_CuIr,1.7455088971045418,4.966343727797267
579_K4As2,-0.1232630861551378,1.146879710087466
4463_Mo6W2,0.4508075929566892,3.122689864120849
346_Ni4Rh8,0.0535778871675454,4.557919495035767
3560_PdPt3,0.0656485356757095,5.582733379283447
4061_Mn5V,0.1339017868412367,8.266807747547634
56_CsMn,-5.420664132459949,2.137807060608892
770_Cr4Sr5,0.8423494786280783,1.6050431629583168
1028_FeP,-0.2909302413017611,6.92933864036237
2879_Ca6Nb2,0.6537715933229715,1.1595937936902474
1176_Mo2W2,-0.0002653883724654,3.6077014055196144
263_Fe2Pb2,1.224709304364091,3.142995110615055
4826_Au2V2,0.027181270273112,5.966123006554465
1111_Ag7Al5,-0.0374998018127884,1.0407905151748873
3805_FeSn,0.2022509167831438,7.629893901130555
1055_SrW3,1.6994325432565986,2.635086290341035
3119_Al2Ba4,-0.0110277973225484,0.3435459369382486
557_V2Br,0.4419066354074476,4.841854441552821
3561_Ag3Mn,0.2350035309251792,1.8964160447026763
4315_Mo3V,0.3792234579534757,8.60661660935046
137_Au3P,0.2305156716459713,3.316170911396816
213_Mn2Sn2,0.1906174282030415,4.82529068326025
3849_SnSb,-0.06644948616947,2.456228923897948
653_NaP,0.1240933747896404,1.3272038204546708
2032_SrAs2,0.9507100421627857,1.899389456995734
1465_BaAs,-0.8242589244395955,0.566425060245704
4101_NiGe2,0.0045054710163607,3.1360712618334774
2417_Pb2Sr4,0.2314095017362637,1.8336820052300151
200_CsW,2.392753487086816,3.4334883757513297
3531_Ga3Sr,-0.1438987980865582,0.9478223597952514
593_Ba2Br4,-2.1866423000315485,1.2340443983601876
1363_BaFe2,0.6576172441119587,3.2218082153777736
3003_Na2P2,-0.3394175410175988,1.4862341556596952
3123_Au3K,-0.0583983529578526,2.2663052155457954
1154_BaIr3,0.8991729438340785,3.974548855665179
3181_Mn3Rh,0.0538139994731174,5.026079236664836
157_Ag3Al4,0.003962790239954,1.325933132534559
4923_Rh6W4,-0.0562816004779008,6.893113660731011
3628_CuPb5,0.1710939179905928,6.292851938108671
1943_Al4Ga8,0.0662554584094277,1.6651610716421017
1511_V2W,0.1508598416056431,3.1172433901623977
1915_K2Sn4,-0.1488476600167298,1.502707731425459
4978_Sn3Br,-0.1491318265327392,8.565850784637478
1851_GaNa2,0.0255243116220409,1.3524977080675926
4234_CaW3,0.877911644159294,1.842151210817229
4265_Ba2Ni6,0.6240558499667035,2.991112558661309
1195_Ag5Al3,-0.0629852474614018,0.8447019780789404
4586_Ni3P,-0.1897412135355365,3.324780040600513
1644_FeV3,-0.1424462107173667,4.447407584569884
341_PtV3,-0.2432882618193055,4.642539538119327
3152_Ca8In4,-0.4191793154319872,0.4203658567287858
3343_Ag6Pt6,0.0297693496556714,0.9551299802002544
1974_BaAs,-0.8242741931404591,0.5516321332740148
3876_Fe10Pb6,0.8850088092175019,4.273131591257571
4208_Sb8P4,0.2323574671258956,1.1500402830925605
1362_CuPb,0.3462815846160936,4.435769038583657
3895_Ni2Sn2,-0.1151318649780357,2.8415273486510566
1110_Ag6V10,0.5632138098158901,6.011115107983683
4012_Na2Pd4,-0.009570242687688,1.024324860340848
4380_Pt2As4,-0.4910888935308979,4.994013729726527
123_WP,0.5181687470777128,6.32459721960872
4151_AuSb3,0.22864339001835,3.337310184534226
3804_InNb2,0.0286794322683559,5.345160147293976
2843_In2P2,0.0519244250414705,3.9116952854657385
260_CuNi,1.2524800810011456,2.72208967655877
1575_AuP3,0.0329340208447916,3.5129798293491548
3326_W4P3,-0.2027034634468054,4.927274305229044
3660_Cu5P4,0.1356729049497344,3.4618559505984914
131_NiSn,-0.1266843635676862,2.799439090413926
4519_Ir2Sb2,0.1139587402132296,10.432323091343765
786_Al8Ta4,-0.2256334324555962,6.640451246594756
1615_CuP3,0.1581477937523514,2.928384131005673
3267_AlMn,-0.0462419779947644,6.695064885033797
473_Ba4Br,-0.1948690422078861,1.0781114402943888
2936_BaGe,-0.1820046348794206,0.801571941964254
3312_CrMo,1.0318884017398364,4.561366187921141
1954_AgP3,0.6993426805573235,5.476127275990343
1364_Ca2In2,-0.1173949604676822,0.7250636448472215
1726_AuGa3,-0.0481767646676423,5.196438818334676
1864_Fe5W,0.1370840131538635,10.503639540503825
2074_Ca2In2,-0.458801559172195,0.8325924580715661
3197_Cu4W8,1.2660410542214962,4.381742513295542
4025_Fe3W,0.0411978976634284,5.857489487460973
520_V2Br2,0.6952620889988701,6.631911348589041
3871_Pb2V4,0.4576023331878953,6.941385049450126
1147_K2P2,-0.4137983534760199,1.091242978456603
2454_V3Ge,-0.2244572057801619,6.822746075428768
1158_NaPd2,-0.0431735977720085,1.4416558457856108
1612_SnW3,0.5070538116518577,5.864172734506129
499_Cu2Ga4,0.0312333231286986,2.7581270842021115
94_Al2Pd2,-0.7411901811862194,1.175552445426289
3874_Sn3As,-0.1805342987981388,3.195376806967331
4588_Ag3Ni,0.1637136908782399,3.864284927252938
4846_Al3Mn,-0.1379675077832951,5.350466797597254
4605_Cu6Ir2,0.1147352875377123,8.432839966650068
1543_Cu5Pb4,0.2302710594214126,4.085964074011828
2342_Cu4Ge2,0.2769073934222099,2.230320800813915
4352_Mn2Rh4,0.0299697213341948,5.658963233280277
1258_AgBr3,0.0322776735988974,6.044918542516802
1145_Ba2Ir4,-0.006348404294106,4.642898816304659
1298_Al12K12,0.3068203356212556,0.9764179469902088
2062_WP3,0.3904898621671568,5.889712413405374
4724_Cu3W,0.1954342356596488,4.109550391565973
4859_Mo3Rh,0.1017876729739253,8.696731648689418
4581_Ca3Nb,0.6314967539345484,1.440185904672307
1573_Al2Nb2,-0.2448142268345599,6.567565054918075
1066_Ag2Na4,-0.0624964469345152,0.5718743162022598
279_Ba2Cu4,0.1679982061833745,0.8015075066168345
1578_Fe12W12,0.1609000908420957,4.740032545185129
3652_V2Ge,-0.3074182880661394,6.470261553435293
4239_Sr3Ta,0.8742473959707291,1.3211071223116158
2935_Fe6Pd4,0.0475907069499314,2.5419845909349186
4614_Al2K4,0.4108101513743062,0.8961009430823438
1128_Ni5Sb4,-0.0100013788182309,2.1916102959212003
3741_GaTa2,-0.1216311086354669,6.3676300445650655
2641_Nb2V2,0.0611039957532941,4.871634011455398
1007_CrRh4,0.4467363132556045,7.021336824862717
3592_In2W,0.7245268331346111,6.672313475012745
4852_GaMn2,0.8850172981825631,3.2848318228825817
3838_CrI2,-0.4092368593035083,10.25344427413746
3867_AuTa3,0.0237207956110818,9.923645223345032
524_In2Sn4,-0.0003308860237745,3.0973165068530712
4166_Pb2Ta4,0.7310696243836764,7.2266196366729885
27_Cr4Sr5,0.8411270269282158,1.677382060493607
701_Fe2W4,0.1736369429963483,6.320590907092255
376_Mo3Sr,0.7041883060347418,3.1347522747710124
974_AgMn8,0.3058372083905188,3.950496869890942
2285_Pb4I8,-0.670563589825953,10.286793559877434
3882_KPd3,0.2268438239013788,1.0363787685025945
4557_SnBr3,-0.2861192229211466,10.353570823821146
2030_Cr8Rh4,0.0901796025136161,6.875344717175389
693_Mo7P,0.2919101955614458,9.997817462347696
3683_Pd18As6,-0.2913676761221317,1.2236807853072753
3745_Ca2Cu2,-0.1472054650268024,0.53405237526433
3384_Pd2As4,-0.1253413229392096,2.746959065462214
4914_Fe2As,0.011960028974741,3.0705898363500133
3293_Na4Pd2,0.0142338250281968,0.8294338574325362
4806_Rh2As,-0.4713601768918624,6.915831617222966
3496_V3P,-0.4864401960416202,7.898144330336142
1676_Sb4Br12,-0.6157437162277182,3.107455137901103
2196_Ca4Cr2,0.5590748155391374,0.8462909896075763
2086_GaRb,0.3709528424798503,1.6195320211046202
372_Ag4Al8,-0.0227212694995966,1.1897605987944215
2602_Ba4Ta2,1.243786268910301,1.170920347416968
109_V2Br2,-0.1510803872846198,4.627901774065048
4078_Cu16In4,0.1568465307846374,2.1981186121210774
692_Fe2Mo,0.8089052993960735,7.438351748697521
2153_Cr4Nb4,0.3954713383290649,3.193835980852588
4261_Mo4W16,0.9989554266022864,4.978206838239258
1692_As3Br,0.4963062451191149,4.448102929133606
4915_Cu2Rh6,0.06766825202389,7.439089059246855
834_Ag5Sn3,0.0055465449788667,1.455502824165754
4536_Ba4In5,-0.2514774306094741,0.7925310340175542
471_Mo3W3,-0.0025435217114875,3.65309791904547
823_Nb2V,0.0508710542785048,5.972754537451857
4062_Cu4In16,0.1786766166937521,2.823333781440552
2775_Au5Sb,0.1474496383974006,3.370527403178889
3412_Sn12Sb17,0.089294179427916,2.1200719973466717
927_Pb2Sb2,0.0600887634065325,2.371007646749413
2460_Ni5Rh,0.0230299346090584,5.698287332843675
4207_K4Pd2,0.0843341938906068,0.672355433080071
4827_Mo2Pd,1.0351696748078811,3.662300417990798
4870_AlV,0.4851956900377718,7.121846993009487
625_AsBr3,0.1837854807495578,3.0972122451781403
3198_Ga3Rh,-0.2169885340034145,6.469837632105772
363_Nb8P,-0.147451398258034,7.769500745900936
1568_Cs16Bi16,-4.954624198783083,3.088745945489724
367_Al3Rh,-0.5352493491958317,4.060746449796373
4550_NiTa4,0.7637822265224969,8.413258961299935
4836_NiSr,0.1471746751052132,1.6300400481293598
986_PAs,0.5533038979136409,1.9481666375584288
3091_Mo4W4,0.380614293590968,3.91900808229691
2887_Rh4Ge2,-0.2105813852974674,10.04770468313006
1996_AgIn2,0.0771648789217872,2.120050211284534
2865_Pt2V4,-0.3704538090648259,4.956550501045285
3359_Ga2Ta,0.0503635093607286,6.285408045376547
4814_Pd4V4,-0.0948595768377771,3.8651021601620696
4083_Fe6Ta10,-0.0784120095070566,9.328759865967132
1080_AsBr2,0.1644874317319959,3.0374632439270166
1238_Cr2Ta2,0.0607414872424509,5.115205846233226
4595_MnW3,0.3836572048518096,4.810103802242078
3757_Cr2Bi2,0.7851509186435619,7.578913510614304
1721_Al10Au20,-0.3473274178695784,5.471923183349042
362_Au6Ga10,-0.0879386703295863,4.157064884937426
939_In2Sn2,0.0072557806581281,2.9620114465318306
4413_MoW3,0.4838752111837507,3.781701171702633
2904_GaP,-0.0656846835186915,2.922917481949388
2840_Al6Ca4,-0.188409806197005,1.1232299455659391
2855_PdP2,0.1484307155578997,4.07887918098775
627_AuIr,1.8220014981525097,5.304151454501769
555_In2Sn4,0.0015668598982495,2.9046759752583027
3795_Ca3Ga,-0.0297621651322841,0.3287617759629005
3118_Mo4Ge8,-0.387930767527448,5.062595392490012
4798_SnBr4,-0.2659943161222486,9.855486805807924
2533_Ga2P4,0.3961177066651302,4.568127955513763
8_Ge4P12,0.2086850365686645,2.214450650908875
377_Au3Nb,-0.0381561659350113,2.982090648263924
2181_Pb3As,0.0508391896890603,3.5483910866182304
3318_AgRb,0.0768720358900465,0.5131973088404738
723_Mo2Sr4,0.7615178657666704,1.4074862187496169
1747_Fe3Pb,0.3962023583228786,4.486397551186679
2838_Nb4Sn8,-0.3024282431053073,8.13590219341226
694_AsBr3,0.507192221287605,3.6344808438971135
3435_NbBr3,-0.3850672075571144,11.102645295056522
4335_Fe3K,1.8156021498517223,3.356004568814382
3196_FePd,1.0223786888127373,3.2146036975130508
4996_Al2In2,0.1980946123949709,1.9917602589130752
1537_BaV2,0.8221410070346913,2.202540897414783
3716_RbI,-1.6018918268005236,1.4023731994708972
4132_AuV5,0.1040210577935312,6.600996015810248
4600_Sr8Br16,-2.052905570554053,1.1211616918486071
4634_Cu16Ir8,0.4219933363345654,6.217446495037255
740_Ag5Al7,-0.0106816300969262,1.0567662418512846
1907_VBr2,-0.410063217628896,3.803211885354136
4490_KTa2,1.054611953918965,4.415167932324416
2438_Ag3Al5,-0.00615388024503,0.9871753163478448
2463_AuV,0.6925813456617407,6.292360572035593
1514_Ga16Pt8,-0.3962004231706816,4.265721715296992
2097_Nb2Pb,0.2498373527304996,8.824554197299541
618_TaGe4,0.177546213788969,4.312557326300062
835_Ag3Br,0.1339256805882671,2.842841281160886
3898_Ag5Pt7,0.0384508224427128,2.013741555431893
2461_RhSr,0.8294736320698664,1.261787151667382
4575_Cu8P4,0.0429996810381183,3.628089022751968
4621_NaP3,0.1460175172211837,0.7418689786383302
4779_MoW,0.4723990886009801,4.412205594299524
1965_CuFe,1.458478172494921,4.735207360550238
1046_Mo2W,-0.0029383677656393,3.183033100375136
4912_NaBr3,-0.6094928308533563,4.038237708971395
4993_Ag4Al2,-0.0484234267756432,1.6194074390668292
1224_Na3Pt,-0.0569240620067024,1.7932630599746662
2610_Mn2V,-0.0787711534141972,4.959047952412481
1876_Ca6Cr2,0.8731378962099527,0.8914447266706574
4990_Au2Nb4,0.0519236670651916,2.0180531273938533
4152_MoP5,0.2074013164390062,4.83723206346272
4263_Ag2Sr,-0.1945276093546164,0.9645720524502066
3720_Ni3P,-0.1701341414636958,3.2233528655900576
1995_CuSn,0.3544542623870392,2.7464107974750416
3039_Mo6W18,0.3806163891724476,3.3417094679075143
1219_Pd2Ta2,-0.2982261976196536,3.4291144264756914
741_Cr6Ge2,-0.2224477129566402,7.865031413538707
1466_Fe6Na2,1.2328789781487774,4.173377434908475
2967_V2W2,0.5402600457808884,4.031546415688455
4498_Mo6V2,-0.0999753629379949,6.356075853771328
3378_Fe3Br,0.5931622489733952,10.30090291012796
3310_KAs,-0.1738326167191761,2.5298506617339465
3387_MoNb2,0.4546345631098004,3.3313032875957505
1044_Fe2Mo4,0.7116753557152222,8.50297268778683
1872_Cr2As2,0.0077630930576173,3.923503310797611
2142_K8P4,-0.0844143124140514,0.784632946109367
2305_PdW,0.2407341384406809,3.905436791258257
4452_K2Pd4,0.958128436165806,1.147663771075787
2645_KP3,0.0362569796913732,1.0295115821868168
11_Mo3W3,-0.0006663757429568,3.437827149874507
2160_SbGe3,0.3209652310163591,3.066431152682106
1408_Au4As2,0.3492469345038422,3.531659766047033
3095_PtSr,-0.6136797126464031,2.482754453167144
3292_Ni2Ta,-0.3550029438734891,7.394017800692498
4754_Au2Ba6,-0.2617753895589199,0.7150799404745347
1927_Cu6Pt6,-0.119603433327993,1.508258241210759
2751_Ga2P2,-0.0559402271293123,2.811593398399229
2303_Fe5Ga4,-0.0626809731139369,2.8888350111303223
2401_Mo4P,0.7103721713880631,5.739153425238588
666_Ag3Ta,0.4492187079928644,4.015213925215206
4876_GeAs,-0.0428850132941525,3.7709103003967472
100_Ge3Br,0.1809122110204661,8.853284851001295
1380_Fe4Pb8,1.0701517736064603,3.6488005802195618
2475_Al2P4,-0.0696435490452103,3.2525903936627136
1286_Ta2V4,0.0447167169141889,4.113981174754866
4511_Nb8Ni,-0.0214686129241575,8.767637102670248
2348_Nb24As8,-0.5454044203795565,6.143337119589691
4290_Mo2W2,-0.0119251779004159,3.560660999549588
119_IrP,-0.126183099143863,10.728845266812185
1089_MoP,-0.4032645725072434,7.672511974521494
3075_Mo4V8,-0.0006408570692784,7.192246419995979
3927_CuIr3,0.2111150939396555,10.773000631255266
1301_Al2Sb4,0.0344713044585702,2.4675469302905
4225_CsMn,1.377763715437709,2.5565906660026108
4636_Ag6Pt6,0.0261640127670741,1.2308802760842772
2542_Ir2Ta,-0.4492346500800235,7.350895542826497
4580_Au10Ni6,0.1828234982158285,4.530864231507769
151_Ir2Mo4,0.2558778878110732,11.029623973987578
2031_CuYb,-0.0475451543672771,3.2623147040313265
4424_Ni3P,-0.3095052203257662,4.1635257439564
3101_Al3Ba,-0.0367778075288356,0.9388823215146972
1678_RhYb,-0.3348424399415872,5.072703926652155
1862_GaMn2,0.0749574779848624,3.314292511434574
1150_GaPt3,-0.4503010499927162,8.958270192789525
2220_NaPb,-0.1356066752964104,3.859731193958101
3533_Pd2Br,2.000228915517294,8.16531339311673
3651_AlGe3,0.249991609029232,4.617407219498569
2806_K5P4,0.2907193213798378,1.320989196441621
997_Ga3W,0.2291023504900202,5.394727542762807
2294_Ba4Cu2,0.0304039929029062,0.4137499022291944
2966_Au2Na4,0.0511408221620793,2.655199512838489
613_IrAs,0.2667370160346731,10.678732493981384
353_Fe8Pd4,0.8325658894387308,3.5508938095566167
1714_Ba3Ga,-0.0058325030941168,0.3178296167759136
3085_Au2Nb4,0.0528566404423867,1.9210851714876716
4023_Pb2P2,0.3564752675865845,3.903259015279572
1509_Fe4Na8,1.6118337303855472,2.081807618626478
2599_FeIr2,0.6576265748458093,6.685936473310896
2860_V3Br,0.280716863032258,9.762369316236532
4393_V6W18,0.4443461860250674,5.7827428299392425
1094_NaPt,0.1854154476944316,3.241682730099292
71_Au6Mn2,0.0028625383247353,2.811550935080104
1445_CsI,-1.619871335866558,1.6242021736226924
1283_CaNi5,-0.1108199941880911,3.579204339796496
1267_Al2Rh2,-0.8673376400270163,3.7647335538493714
4316_Cu3Ta,0.2003392939363832,3.957114952357236
1713_Ba6Ga2,-0.0995503976400025,0.6582700236386231
3590_Ag4Fe,0.253723311022955,5.311513959449647
339_Na2Pt,0.0049673128952048,2.1143796195526887
4558_TaSb4,1.331670094197225,6.965319251049706
992_K3Na,0.0077935929563961,0.1084827671180882
2888_AgFe2,0.355599325778184,5.215608965646188
1234_SbGe3,0.3208394111207813,3.023526428859696
2281_Pd2W2,-0.0015386510129893,3.761377855425647
2922_AuNi5,0.1243812841000172,5.826040831081396
3368_Pt2Sb2,-0.3461532795250575,5.579442722167208
4902_AgGa5,0.0345835753718712,1.91499847765522
4386_Cu4K8,0.3554414266929508,0.3730088531068593
3732_AuSb2,0.1671950463491859,3.5531229327444493
1212_Ir4Ta2,-0.1304702171536978,7.216220637328945
2870_Al2Mo6,0.0022474617600725,4.287282651250706
4817_AgNb3,0.2869369947378839,2.820313417952188
4969_PtP3,0.399243288113225,7.158839797643213
1157_Cr4Nb2,-0.047242148869607,6.302714917242694
4339_AlCu2,-0.20682742671996,1.2174498101480995
2531_RbSn,0.0399304454798907,1.804359059655748
1210_In2Ge2,0.1434853874473254,3.167788916143863
2323_Fe5Sb,0.1871788563843329,5.632714800217992
4864_K2Mo,4.81669369363701,3.087589229826213
4444_Al4Ba3,0.0292033668084903,1.057331899172823
2404_Cu2Ga4,0.0213130779137458,1.9546957482982208
251_Ba2Ni2,0.597629677831121,1.410103764041713
4214_Nb2W,-0.0367783325701296,4.880220654101708
2420_As4Br12,-0.7598932921626429,3.168238063750968
652_AlP4,0.0369338508014443,4.010214956464119
2005_Fe26Mo2,0.4051483533428351,8.16182090324131
1752_Nb2V2,0.0562843441936919,4.839325897173356
121_Fe12W12,0.1591388106529313,4.737534536989268
370_WAs2,0.570508179759018,2.89019078859717
1935_Na7Pt,0.0551020299561471,1.762777148029615
3523_AlRh4,0.1490114095620938,5.816238882542855
4204_Ag5Pt5,0.037224391652122,0.9618336895887128
221_Mo7Nb,0.4178278478907451,7.328932849248294
4578_AlFe2,-0.1343440926625234,6.519066057142834
1867_Cr6Sr2,1.4466103641065455,1.9281408717362356
1070_Ni5Ta,-0.2416319823883223,8.509323129845857
4070_Mn2Sb2,0.2133661323603402,2.72964946189147
1683_WSb3,0.990997905753166,3.977400992351225
12_InSn5,0.0003555562973946,5.315309159939845
2876_K4P16,0.0828526557583636,1.1011823644256566
3438_Al2Pt2,-0.8734821357839673,4.475859887714233
3062_CaW3,0.9853804914505152,1.830813380714262
4710_Mn2V2,-0.1878639363857122,5.77539661759502
3367_Al6Cu18,-0.2013947623643298,1.4767963295691695
3677_AgP7,0.7571528019389939,5.4545389225267344
794_Sb5Ge,0.1763970050717992,3.1602401716644297
2410_AgTa,2.1461061385795173,5.13003866812045
4525_FePd3,-0.0949810401407154,2.438623410008838
1042_Fe4Pb,0.5180408792710665,6.075626744756336
2297_FePb3,0.5456989985477598,4.469071051902878
2368_Ga5Br3,-0.2414670257688573,2.623911908401017
3241_InGe3,0.2659420410108755,5.334608753863772
3684_Al2Cu2,-0.0710479778351218,1.6265320973863855
2753_IrTa3,-0.314894706077121,4.259769023400354
808_In5Ta3,0.274984929722831,5.35708958619275
1053_Cr2Ta6,0.0611923339509843,4.021247925906923
4983_Ba4Ca2,0.1024221370404016,0.3928052269800605
1715_Cr3Ta,0.1301554515644412,7.589740075570488
4209_PdGe2,-0.0960783464424916,4.298850684133362
4510_Ca7Ge,-0.0143469796221094,0.937179910942208
4254_CaBi,-0.6500097699602416,2.056474817424176
2616_Cr2As2,0.1704696047224638,4.371640033196234
4018_Na3Pd,-0.0141660341409721,0.365900199016554
596_Cr6Ta18,0.2734942512328213,4.121710911565648
3432_Ba4Br8,-2.3961927963342133,1.1583725165159
718_AgGe5,0.2757923473918933,3.3104058548017363
3136_Ca2Cu6,0.1121861645523587,0.8035705528712679
1847_Mn16W4,0.4679057054088744,5.604638440974437
4485_Na3Rh,0.3291477045577302,2.0783981924738284
128_As4Br2,0.1886815862388336,3.483240277339184
254_NbP2,-0.6493615298102936,4.434298659530574
2515_Ni2As2,-0.1077266675684649,2.3125129343150066
983_Ag2Sn,-0.0088186502425434,1.3709652080590748
4017_Cu8In,0.0159428749984079,2.457430918884257
2179_Mn2V,-0.0706521015275285,4.957146118103987
4427_Pd6P2,-0.0517859647767435,2.7411728906831514
2874_AuNi,0.4615220181329094,5.538998650638733
1271_GaMn3,0.0619946859989424,4.03659325477597
1282_Ga8Pt16,-0.3592429540116804,3.9598045944524025
1497_W5Sb24,0.4023882197469812,4.450076852142401
1563_Ag2Na4,0.0735529798504162,0.4924433514420768
3992_CaTa,2.085022014389096,1.5661923695646207
4074_K2Mo2,1.1300388461502564,2.6473928597994485
107_Cr2Sn2,0.2026693071890291,6.342800832055511
523_In2Sn,0.0836835249385252,3.0128102248503787
1933_Ni2Rh2,0.2229648259063426,4.409901086919494
3097_Ag4Ba6,-0.0507589651294985,0.3872534569699965
1708_K2As2,-0.1594136726871555,1.3301934077504898
3184_Sb2P,0.3290368608400082,1.6739580891291002
4357_Au2Fe2,0.2273726575768231,9.09733793740816
1252_Cr16Nb4,0.5503360172435151,4.235647072345757
3419_PdAs3,0.0839645199551011,2.885612614977395
3906_Al2Fe,-0.36144122023592,5.916229082359116
598_K2Ge2,-0.1488017230705125,1.547517122880092
4832_Pt2Sb2,-0.0642017293861929,6.157554853083864
3418_Fe2As2,-0.0034891794196232,4.009506218968765
105_Cr3W,0.0703150051877337,3.656777899438808
2923_Ga3Pb,0.0530431986566251,6.310622992099348
2949_Al4Cu8,-0.1947568048805603,1.4891394061247525
2920_Fe2Mo6,0.279591567029124,5.391896603771174
4003_Na4P20,-0.278409981598901,0.9987743182856066
2601_AlSr3,0.0081842561815732,0.392165780769705
4028_Au5Ni,0.0825313759901096,6.512748587747535
316_MnW,1.98968045727348,6.539798168876541
4140_In6Rh2,-0.0876610181800892,5.368930533211709
689_In3Sr,-0.3304793817924882,1.2529727502736867
136_Cu6Pt4,-0.1196874372681321,1.0626088286782276
2321_Ba16Ir4,0.2013603867440632,1.092680510276371
3417_Ba5Fe,0.4972811038738764,0.990133644598256
1922_Fe2Ir,0.0990216812654504,5.077188503152607
3219_KNa3,0.0155194455850997,0.0823027760791265
4807_GaIn,0.0465300307790692,2.545069711477949
4571_Fe4Pb4,0.756893538735766,4.136659943834857
2519_Cu7Pt5,-0.1150761839321248,0.9510928354167378
4098_Ca4W4,1.7124751815438843,1.3040161212146395
682_Fe2Ga2,-0.0545204992194774,2.547006490858532
4816_Ba2Sb2,-0.8338671201122385,0.9057552826590148
1311_FeW,0.1734095909487258,8.265637846063218
42_Au2P,0.3033008734032615,3.477796858087236
2750_SnGe4,0.6338323741281734,4.046078693096208
1285_Ga4As2,0.1240833690026974,3.82105466194054
4343_AlK4,0.4386963169198887,0.8553525526861516
1981_As3Br,0.2125740824372881,3.0060528343121184
4385_Al3Cs,0.8151148327681543,2.69205946110914
4622_Na3Pd,-0.0037423943346612,0.3701462318401053
4977_Fe2Ir2,0.0103466912544032,7.606361032946912
1705_CaMn2,6.453217612714281,4.282297863269262
539_FePt3,0.1689510602908326,10.391527450999074
3695_Cu2K2,0.4746093749372502,0.6044828513652761
4056_Ni6As4,-0.1381767844322986,2.318197525251521
1106_SnW,1.9705389854412072,5.3877608395131045
762_Na2Pt4,0.3152627011305847,2.579014023368966
1891_Au5Mn,-0.0340198901622936,4.041001686807553
4407_Al17As12,0.0187716242959471,1.5488986180996906
3833_Ir3Na,0.3140965208008399,6.986405633250205
4931_Pb4As3,0.1430533531112188,2.734667382629148
3548_In2Mn2,0.2256218912605403,3.121107676290052
2170_Al3Ta,-0.1025082671477601,7.538180000144796
1228_Mn2V2,0.0580102388124679,7.510599323931966
3630_Cu5V,0.1966226874632391,4.3713440188444
1588_Ag2Al3,-0.0310931534378596,1.58538788490318
4908_Mo2Ta2,0.3511306459887429,5.398856449498112
69_FeP,-0.053819012798443,6.452498629777892
591_AlPd,-0.769562325120063,1.3544634577294543
592_InSb,-0.1304174171677101,2.9435678001749577
1441_BaCu3,0.4070886445157522,0.7957348181059029
2147_WAs3,0.23299682616069,3.550320874451581
4455_NiGe5,0.1534593577210206,8.898781106974685
1723_Ag4Sn,-0.0197127183807911,2.1334436840200843
2126_Na2Pt2,0.0149535110750544,2.508057264357578
3081_GeAs3,0.4621237117053614,4.431160596782441
3410_SrAs4,-0.3109020440592161,1.54574851064387
4345_MoP3,0.3445089633266329,4.218832309704732
4488_Al2V6,-0.0845296956554664,8.489480784326059
4168_Fe3Mo4,0.2261068901686473,6.0250047377028775
149_PdRh2,0.0679740127382568,3.931546384084231
1559_Cu6Pt5,-0.1148469734807642,0.921929583865578
1074_NiSn2,-0.0607263927219516,2.7079486566420696
1990_CrYb,1.563562392238151,5.829998451767774
2354_FeMo,0.7999669414053301,9.240547584575
1038_Ag6Al4,-0.0511797502237229,0.851853141317347
1638_CrGa,0.5566800946973203,6.600242234827863
4365_Ba2W2,1.030850390101512,1.5557698792345518
4628_Pt16Rb8,0.3706217301882806,2.9653181428430115
4637_Na4P,0.2007152095016753,1.4067687984142132
2956_Cu3Mo,0.22920652430816,3.113420434940461
4071_Fe4As,0.4298662774482622,4.593194587948423
3721_BaPb3,-0.1589663600065693,3.262032991885832
153_Al3V,-0.2967745434488575,6.957404627353244
4377_MnPd3,-0.1615328336668762,3.2702081272495653
1479_Fe6Sb2,0.2828788980736254,3.1108285630025336
1934_BaV5,0.4324695998630012,4.511058342861139
1262_Cr6Ta18,0.2735172897114353,4.098220169931654
1642_AgI,-0.3753316093644216,3.975653056364814
4895_AgSr,-0.2790911051684235,0.5023456294328478
3505_Cu3Br,0.4183911709454029,4.170801921574684
944_Sb5Ge,0.3160109171990714,3.690042447138053
1533_Ga5P24,0.25576877184418,4.376365176283646
4142_Au3As,0.1491817017053591,3.0106007926225926
4256_PtV,0.4367724316087003,7.24527167153269
3517_Al2Pt4,-0.6582483570815411,4.65068086679262
2633_Cu4K2,0.3710968213036061,1.351733146709161
3598_Pb3V,0.4395690890623331,3.810838642596112
642_As4Br16,-0.046800421294947,3.495310561472896
3201_Al2Sb,0.1876107753542217,2.380812062819744
2198_CrNa3,0.5423186726893348,2.1867966038881663
2304_In2Br2,-0.8192525431939348,1.8154103746093635
549_FeNa,1.1342721190919105,6.568911416883857
629_AlP,0.0679904561148392,4.691119553960972
2493_In5Br,-0.128083791964323,6.224246373643213
1985_In4Br2,-0.3372741578598444,3.317147660289617
2785_In10Mn6,0.2701433455977424,3.6727679255541714
538_As3Br,0.0974852308422016,3.289558684580002
2094_Al3Sn,0.1655793976137554,2.9247472611797543
2523_K3As,-0.4298841623548879,1.144908944173911
255_Mo2Pb2,0.5946080176813062,6.76805014933098
3785_Sb2Br,0.0393010609795823,3.834719438562993
2249_InYb,-0.5505183825863234,7.264484773118651
4406_Al3Ca,-0.1485498107579226,1.885520941795345
179_Al2Rh,-0.6991817297737448,2.862588425644533
3608_AlK3,0.3006512908502217,1.0607446635833646
3648_PdAs3,-0.0502398700533159,2.635510767360148
4869_AuSn7,0.0055408770330904,4.384592162370088
4947_Pd2W4,0.4230582713403805,3.276307269340921
980_CrTa,0.1363227916180687,3.603807336254799
276_K5Ge,0.1171544290501849,1.5176726921183408
3381_Mo4Ta2,1.4117438118955663,6.574332273206416
4554_NaSr,0.024068302942102,0.6431185470792071
230_Cu7Pt5,-0.1185395596556523,0.983906848496383
470_P24As5,0.2436816057725621,1.5842371142996778
2120_Mo2Sr2,0.5498863203754158,1.7072663498733696
3064_Al4Br2,-0.1377962558375311,5.956732805943174
3294_Al4Mo2,0.0716738620601376,5.201462559869363
2758_Al2Mn,0.2460087241998335,3.831272127904029
4123_Au2Pb4,0.2124181947602489,5.499539673225121
1230_Mo5W,0.4296285247493069,6.036249789159577
1272_Ba6Ga2,-0.07673025911448,0.353352529680057
2012_Au8In,-0.0480099525897463,5.728370983719772
2260_FeTa,0.1801425579882121,9.01527531795822
3998_AgSr2,-0.1903265589472257,0.228609054715059
839_Pb4As4,0.0962067827938515,4.398301609708793
1417_Mn2Sb,0.1825550662347351,3.977518100437641
4435_Na2Pd6,-0.0039800834452812,1.4069665642176603
1928_K2Na2,0.0232163659383157,0.3075759069405512
2469_AlCs3,0.3680687156468609,0.9878717680081094
3092_Al4Sn2,0.1378266215590902,3.2634444593469167
3572_In2Pb2,-0.0006363025444038,6.876408121974135
3780_AgBa,-0.2376321169705488,0.4513052446907096
2046_Ba2Pd4,-0.351981708479304,1.3118369590033487
3132_Ca3Ga,-0.0609181530119942,0.377353404634436
1901_Ir2Na,0.2358284209454311,5.641510601083603
2771_Ga2Ni,-0.199229187461223,6.614855016889169
325_Fe5Ir,0.1523481086559973,10.105789162373124
4442_Mn2Ta4,-0.0182772382291886,6.179928289453475
484_Mn3Sn,0.2206086726667848,3.47790533234605
674_Fe2Ir,0.0969417910180017,5.076813422523352
1400_VBr2,-0.4096795574544997,3.802449410022656
1745_Fe2Pd2,0.0600193354461096,2.2614183430738266
3061_Rh5W3,-0.1732244838902854,8.380226984683496
4631_V2Ge2,-0.1990215627984675,5.900605700860487
4882_Cu4Ge4,0.1401491838090569,1.659715256978901
933_BiP,0.2191229412468898,7.668276581937813
1701_Na5Pt,0.1710178720096715,1.7867979023227825
4884_PdV3,0.0416317142825679,3.953683903802303
778_NaPb,-0.1123338049140905,3.293825615160304
4211_AgSr3,-0.1333091971026072,0.26063522267139
1529_AgCa2,-0.2246726768933656,0.3068044719799004
4627_Cu2Mn2,0.3182716405481285,1.9653416719888048
3989_K3V,0.8662796318159853,2.828740786558085
932_BaBr2,-2.124731627500796,1.9114480932941889
269_SnP3,0.5314056150159168,4.298493242641554
3060_Mo3V,-0.1013005671636602,6.44337757104356
1936_WP3,0.3893691915278054,5.888361604114521
3270_K2Sr2,0.1337180092551744,0.4283182521009627
2095_GeP5,0.2502946082764126,3.4429101234798822
1109_As3Br,0.4961707944660891,4.454151563009527
965_Cr3Sr,0.7469061432395261,1.4990635987116874
323_TaYb,3.229303225683664,4.967152351682242
2067_VBr3,-0.2722658008667262,3.859963251947027
4611_Sn3V,0.3710273258378747,4.377986509823872
3283_Al6Ge2,0.1712366775517884,3.3907915573927854
3330_KNb,1.2295651287686429,4.054849256501905
3499_Fe3As,0.0172060819869557,3.508549201694344
2394_Ag4Al8,-0.0173691943988778,1.174947540281164
4403_Ba4Rh2,-0.0327557695338812,1.0478219667855082
1256_Ag2Ge2,0.1947644454814843,2.7363381382403955
4542_KGe3,0.3174478618796499,4.680395409007658
726_Ca2Pb6,0.109675289575164,3.9068483155202394
2727_V3Sb,-0.0929562358923776,4.632103846432086
210_Al18Pb6,0.208434471028663,4.912983936515436
3983_AuCu,-0.0659880698796522,2.240189532431484
1883_Cu4Ge2,0.1403253897507686,1.7617914690460512
1655_WAs2,0.2057724770828173,2.7808820217860597
1439_PbTa3,0.2290332506804056,7.884895362303524
2113_PAs4,0.4778014059865242,2.0804722990547706
4065_Mo4Rh2,0.7288084832143985,7.296670373938575
1079_AuGa,0.0772690096115358,3.8088143089864177
1884_Al12K12,0.3064031157240965,0.9797017671207712
3106_AuCu3,1.1107217943881529,2.4784978340530777
1077_AgTa7,0.265534970245266,7.903825717539311
1890_CrNa3,0.8515193684396225,2.230714653851757
2123_V4W2,0.5373678233111873,3.7946118284452472
1003_InSb,0.0411974551286244,4.3667736300519575
2080_SnP,-0.0944015208122417,3.3473165271887533
2911_VBr5,-0.2841827606207943,8.633441473817102
4447_V12W4,0.1295615667311391,4.070645002841458
821_Ag12Br4,0.0515699371614406,3.140846084786848
4458_Fe3Nb,-0.0722045087948419,11.10022770976181
1691_AuNb3,0.1032244784768927,2.5656737888350443
1987_Ag3K,0.2102714975918522,1.7195303658312011
1961_AuSr,-0.7420538966163632,1.8379870312042816
2854_AuK,-0.2806845504909177,1.8645449035989003
2443_Ag2In2,0.0208346111162605,3.536330027425734
1035_K2Sn,-0.0105444293062548,1.2042270552622143
3139_Al2Ni,-0.4006925273024191,5.270886523915001
2885_Ag4Ba2,-0.1205356433118159,0.7172096344741766
2426_Sn2W2,0.3048238265149621,4.3730095677787375
3834_Ni5P,-0.0728238679233352,6.487561702020097
2344_InGe,0.0678839385461884,3.004875294668897
4342_InSn,-0.0829382529904796,4.908488159675614
4075_GaPb3,0.0396178590203546,6.509819366752957
2042_K5As,-0.0434061296714644,1.9141304964822776
4492_Ge4P2,0.2094131892536352,2.514250255132449
615_Au12Sr17,-0.3497568575971653,1.4976485791557974
1108_WSb4,0.6132872102765802,4.175021110246205
1421_In2Ta,0.3123895790519941,6.480108714188458
3029_CuRb3,0.3439376052650318,0.8602819928212485
4867_Fe2Ir,-0.0278560975141021,5.026655956006482
1416_Cu2Ge6,0.2952457794634711,2.0554917807030955
2737_Al6Rb2,0.1995774915215715,1.8193684360043068
922_Ag4Al4,-0.0125733738802225,1.1557580724851495
1672_Al2P4,-0.069489045227011,3.261001778707956
703_Pb5As,0.0742787194289308,3.972634899288862
4298_MoW5,0.4405019749326466,6.050602232931577
4425_Au2Sb2,0.2069522440366871,3.884848641336956
2786_AlPd,-0.8944008535151085,2.609473101640905
4888_Pt4Rb16,0.1918663905530667,1.426193153313966
546_As4Br,0.0467358917197771,3.3499721552580484
87_AuMn3,0.2960059875718608,5.717605926191069
4613_In3Mo5,0.3843984287084891,3.5531791017318097
235_PAs3,0.5081874789383827,2.653344406993829
1411_Mo2W4,0.6719375937229822,3.267487069697192
1423_SnW3,0.5193271044310759,4.458219919515309
3309_Fe4Pb6,1.1952070005445747,2.733627988807169
1527_Ba2Br2,-1.6453708263697826,1.2793450307248269
1892_Cu2Ge2,0.1863597944661306,1.4247143613449755
567_K3Na,0.0088293019136178,0.0861949659539361
490_Cu5Ge,0.0655166744716565,3.4903671557767426
161_Ni2Ta4,0.6395073564584782,8.797591064308769
2440_Cu2Ge6,0.3005277198815186,2.0794308869972147
3524_AgAu5,-0.0147197676914275,4.101120033248039
1572_Ba2Ta2,0.9726660089722784,2.867810916636001
4005_Mn2Sb2,0.1044043826542004,2.686267109961072
4200_Sr3Br,-0.6682952205881987,0.8883984538728921
3794_Ag2Sn,0.032167906632529,2.1712964993195474
2337_AuSr,-0.3245322540582869,1.0261733366090393
1033_Ir2Mn2,-0.0092013547958025,9.75350560528788
4257_Fe2Sb2,0.4179474835499421,3.357326540914167
104_KSn2,-0.1852067996178531,1.6299540463738529
1165_Nb10Ge6,-0.6144382601361036,8.328775416649822
2547_K8Sn4,-0.112285884478541,1.1833400957307083
2868_InBr3,-0.2723892605766789,5.996716270363156
3182_SnW3,0.3813266833695365,4.453347753774313
4181_Au6Sb2,0.1268491665292348,3.716740480812856
3274_Al4In,0.1408628166853951,1.6231897657485088
4945_Al3Br,0.273000563654906,6.014209372605176
4504_CaV,1.073180324298205,2.5763360338628107
1614_NaNi,0.4633427963348522,3.085274750992869
1895_Ag2Al4,0.0460584207708614,1.3580542386320686
2339_Mn5Sb4,0.1789847373485137,2.8579587394208468
3035_Pd2Rb2,0.8660587344426816,0.951121510803015
4842_CaCu,0.4393169567324375,0.6427578230801728
3597_Au26Ta2,0.4344388837923522,5.691395924840778
4381_MoPd4,0.6319045285055118,2.852922929432626
43_Ir2Ta4,-0.0336096433566623,3.530294658787441
4985_Cu5Mn,0.1331142964003463,2.507804946124246
1446_GaNb,-0.1390046700444722,5.213132117066057
2973_Pt6V2,-0.2525866931293699,9.41374775941938
1005_Cu2Ge2,0.1451743152793989,2.1535891159762337
3282_Ca4W2,1.7641017660772362,1.628004871798394
4494_CuGa4,0.039402732975958,2.042200207876421
814_Ag8Mn,0.1166144529993648,2.673408808724946
1902_Ni2Sb2,-0.0576973778270293,2.402394095613917
165_Ni2Sn,-0.1054898433116857,4.106330600407496
311_Fe3Pd,0.0705064552450434,3.272774912479335
1661_Na2Pt2,0.0208329909888398,2.465715108974188
3636_Fe2Br4,-0.1272779419185526,8.786406509475558
540_V2Br,0.4320593342627887,4.831969107916497
38_SbP,-0.0401790750342963,1.1049771869076104
1189_CuBr3,-0.1813563709530927,4.533257119171358
696_Ag3Ge,0.087668262499847,1.767549766296518
2221_Na3Pb,0.1518851080749097,1.5197286728783317
4478_K3Ta,1.1691466944339015,2.9505720061499146
2762_Nb3Pb,0.1764308310655042,10.902139363299288
2393_Pd16Ta14,-0.1683704491264867,2.889653556106232
4060_VAs5,0.1273263648936259,6.922042087106936
1281_Mn8W16,0.2511346581815014,3.889270097464361
3142_In3Sn,0.005615596659696,3.77107076957461
586_AuSr,-0.7391766903276662,1.8625027392150204
2161_RbV,1.6020981680290052,3.425365761725109
688_AuV,0.5982158839355014,6.238667046213816
48_Pb4As2,0.0885945378502513,3.1763358823119363
2646_Al2Cu,-0.0699907180162859,1.601395288172026
2432_Mo26Nb2,0.5742458390784151,5.820823784450542
2900_Mn4Ta3,0.0413758628793833,6.3338209713644265
3405_CaTa,1.3058777306599012,3.046896658750017
1062_MoP,-0.0433567812069348,5.376491016390355
4080_MoSn2,0.0805992023603892,5.811718020206377
563_CsNi,1.1901183413278558,1.6309958272780878
2974_Pt4V2,-0.3127411383683641,10.272560377801195
3191_Au24Br5,0.1994016806252971,10.80378167157296
4274_Fe8W4,1.27481575434075,7.6275179963789315
1926_BaAs4,-0.2218057127435329,1.4454231250284988
3489_Pb2Sr,-0.0975137793375046,4.431689781394342
3644_Fe3P,-0.1958156787846761,5.536342254634816
272_NbPb3,0.5071251497625129,9.748125240907964
2039_IrP2,-0.3584518601264636,10.447765252046503
1824_Cu3Ga,-0.0800573082827607,2.841054049762424
4762_Fe3Sb,0.4414744564171062,3.7321240086032663
3070_Au3Mn,-0.0381126143200756,3.092574497187664
2836_CaW4,2.8311244584186808,1.573035724876127
40_Al2Rh,-0.7879958682286438,3.0361074483185693
2400_CrW3,0.0477118599784649,3.213200879328168
708_Fe4Pd8,0.8340075111538189,2.5022235563085315
1382_In2Mn4,1.087186877735301,4.209202144872643
833_Sb3Ge,0.2674849223565756,3.207408456490002
830_Mn4W16,0.9114480338063672,4.82144207115423
941_FeIn,0.331680491258254,2.205160879592964
1633_Ba5Sn3,-0.4833400665952947,0.6572638963979294
1675_AgBr2,-0.1491938272423508,5.611571720506202
296_Ag2Ge2,0.173659045568022,1.5086848230941
4973_Pb4V4,0.4396753374186346,4.983347765812665
3602_Al2Cu2,-0.1291277482368524,1.826810513331768
2064_Cr3Br2,0.6807631171727635,10.81625082682326
4439_Mn12Sb12,0.1541555942751363,2.422521923552214
4121_NaP3,0.3117392660306839,1.1770582801893892
719_BaV3,0.6593841522437529,3.7737239295076193
3037_BaTh,1.2727127622763716,9.76371933556172
4505_CuIr4,0.5356091929971001,7.757772673743091
1507_Ge2As4,0.1162548416320869,2.2270090127215947
390_Pb6As2,0.28922667106808,3.091589074026454
1096_Ga2W6,0.2772853612739112,8.604691475547934
350_FeAs3,0.2431374712098151,3.3569099104516567
798_Ba2Sn4,-0.4831717141879193,1.836251267920504
81_Mo2As,0.430459223416058,8.201890310970427
1168_Pb5Sr24,0.0469595991761585,0.7814685966809618
25_Fe4Na8,1.6371448910768656,2.0226076903137704
50_Ir16Pd8,0.7219119116409539,5.575559794317553
2617_BaIr,0.4526756073737017,3.1265815485225383
3515_MnSb2,0.1487860227552436,2.5709298449080933
2045_Ba8Cu4,0.0588067267426094,0.3219074806606683
378_CaW3,0.7728979899659549,1.70705709905744
3161_KRh,0.7868528599991338,3.3780112896673278
790_Ba5V,0.5349305232872368,0.814767651832551
1310_Ag4Mn2,0.5553655597303203,2.677441608537976
2570_Ba2Cu,0.026935741795936,0.2235911390886529
342_Ag3Ge,0.0800694173601241,1.661598377483709
3141_Cu2K4,0.7106508718075055,0.7249351481253431
2180_Mn2V6,0.0301983632533797,7.187128213151115
3157_Rh6W4,-0.0594009968145442,6.891258778762274
1477_CuFe,1.5323561329046536,4.64113858340883
3171_Sn6W2,0.4786639913277879,2.709665795451404
1930_W5P,0.760492533042194,5.095959065482489
3584_Cu4V,0.0402390247492668,4.917168155602981
2173_Au3P,0.2584710753037122,2.903295778757758
4602_Mo8W,0.4258541140077057,6.795557883076914
2188_Al4Ta5,-0.1559804665586502,3.4755415155002014
31_CsNi,1.2079635948348568,1.631015496577906
532_AlPd,-0.2299419746504174,1.9297106974075195
565_BaBr2,-2.1246359399750907,1.768862741206282
1171_Mo2P6,0.0578274049284992,4.280898341408912
3574_P3Br,1.0780590886319557,5.825366556022505
386_Na2Pt2,-0.0678347584527458,1.022480043028679
4592_In3Mn,0.2204623372783771,3.9755899680731375
281_YbBi,-0.1419430461440991,5.431062512513082
1253_AgBr3,0.0367241133058517,6.02082131928249
2020_AlPd2,-0.0943717988913158,1.956720746883411
2903_AlMn3,0.0044625280412473,4.9213178039546985
2452_Ca3Mo,0.8021335068030071,0.7287139381676064
4186_Pd3Rb,0.2028508952207026,1.036501863588764
1027_CaFe,0.6670044540710167,2.8424290622647908
607_NaI,-1.3156962778764316,2.34268764011719
4260_MoW,-0.0115632644363721,6.27313833770349
779_As4Br2,0.4452598407995474,3.3883605002755224
1235_FePb,0.8299400887561053,5.023873340653493
1192_Ge8I32,-0.4877157299122451,6.708713194909764
1611_Na4Pt2,0.2613324801413122,2.7246645754826853
616_Mo2Nb2,-0.0860738262660874,3.3165653081300506
2964_GaPd,-0.6028874388474872,3.228520873847189
4954_Ni2V4,-0.0308948681763017,10.449114223953927
2111_Ag2P,0.1479457399151679,3.1142268470299603
4998_Al16Ge8,0.200161422863711,2.7733118354305906
643_Al4Pb8,0.190216711141165,4.930928556527085
1422_Ba2Br,-0.9571124790398188,0.9342890059970907
2630_CsBr,-1.8905071260349693,3.361709793647216
3239_Pb3V,0.3814954916460991,3.7008580594256535
160_Ba2Pt2,-0.4579160620289459,1.8765618154066448
3740_Ir2Pb,0.5982526184912954,10.823239679662237
3911_Fe4Ir,0.0552875162944161,6.571699101994796
4293_KP2,1.0624264301844708,1.527262851340928
2065_KNa2,0.0095998483494705,0.0804401481292829
979_AuNb3,0.040060795731776,2.1542340670118363
1419_Fe2Pb4,0.4720998800685994,3.789060947137117
3680_Pd4W2,0.3204977384153148,4.214527006073264
4445_Ca4Nb,0.7438121018970222,0.9019053411223732
735_CrSr3,0.4019539081751229,0.7154350072901171
4163_AlBa3,-0.0290267904209771,0.3170958209882452
2287_KNa2,0.0184620086806955,0.0812217310671614
2204_Al2Cu6,-0.2033060160153859,1.7732656451371969
3629_Na2Sn2,-0.2116591017251918,2.197267504011468
2451_Fe2V,-0.0807875605078566,7.519118477343684
1142_InTa3,0.0484760350798882,5.225813888092321
3058_Ca2K6,0.1668564868052322,0.6753261023592072
3026_Al4Mo12,0.092877692840064,3.895754368893182
4640_Fe4As2,0.288011546750063,5.494736279502479
3566_Cu6Rh2,0.0420879414142643,5.230720501446087
4770_Cu8Ta4,1.1517740039267264,4.924741442413294
1518_Mo2Pb4,0.5624454406346094,5.329857617663874
4570_Ba2Ge6,-0.0218457243890619,2.528097317860703
4847_Nb10Ni6,-0.0928714235969963,8.196171213087213
1871_FeSb,0.1270127343936424,4.190565444364746
1893_KPt,0.1618379733553894,1.1747088830451862
2298_KNa3,0.0147303260218272,0.1675730782009035
3114_Ag2Ge2,0.1973839765043421,2.7355113253678742
2434_PtAs3,0.2011017476524212,5.0759717459586025
2898_Ga2Mn4,0.2055565894426033,4.5857232737417135
2060_BaFe2,0.8755973013057728,3.204221554587975
2190_Al2Cu4,-0.0342056402310759,0.967994596219345
3450_KW5,1.1809571108084664,4.495861408382016
755_RhV,0.682774889396148,11.003889194462364
2411_Mn4Sn2,0.0705537836800094,3.5123254943275826
4283_Cu2Mn2,0.2471525421194602,2.1416076973332143
1115_Ba4Ni6,0.4894772677785376,1.7744056898747735
15_CuNb,0.2119333832970964,4.645903104238906
3005_MnSb,0.1459415094975815,3.634034353846879
1979_Fe2Pb2,0.5712586162799171,4.071210763151142
3354_Pb4As16,0.3364037777388639,2.748888315161452
4853_Au3V,0.0919731410731934,6.753556169195332
365_In2Na2,-0.095822273802697,1.6872236078965963
4276_V8As16,0.0624888650882127,6.589634743868297
773_InTa3,0.2223334662506904,4.891436989122942
2807_Al2Na,0.0959789052882354,2.010740075830978
1018_AlPd3,-0.5908285954344459,2.3820978702241384
4959_GaNa3,0.0112123224602209,1.029692277722147
2585_Ag4Br2,0.0107206331644696,3.4390619185457303
4088_Fe7Ge,0.1567704748029283,9.460789779307836
1379_Cu18As6,-0.0680231611870526,3.191132792752569
2944_AlGa,0.0691252028612607,1.911364331869076
4202_V2Br2,0.2049389206913092,5.235378044229615
4941_YbGe,-0.8290159565154296,6.950878475715514
2579_VW2,0.4517394004088544,6.026359560426738
3733_Ag5Pt7,-0.0030204133850902,2.159779265777233
154_Pd2Ta2,-0.3618708831950421,2.788700163695764
1656_Au3P,0.2589385795723418,2.904164721961201
1470_Ir2Na2,0.4811204745271373,4.011901425716926
4155_CaK,0.4978925186275535,0.787600818419318
4369_Rh4Ge2,-0.2143445395982084,10.046755849113897
2334_InTa3,0.1709225003421419,6.15502576619496
4115_Al2In,0.2284985677949282,1.4256645228737346
4106_Rh3As,-0.0143576654625379,4.723377724752291
952_Pb2As4,0.1364370872739471,3.696394535611125
4860_KMo3,0.8846373431271548,3.25532813316439
1690_Nb3P,-0.13740513486802,6.505630305065989
3399_Al2Br2,-0.3345127740137723,4.418856313147764
3014_Ni2Ge2,-0.0762614153655016,3.079962984982016
4246_AuW4,0.4205974914697705,6.760605138938968
4089_Al3Mo,-0.1944689772432752,5.358182509537079
132_Au2In4,-0.1418995868927499,3.7748480843434864
1304_SrAs3,-0.6826751140489415,2.667813344795652
1665_Ba3Ta,0.904670441205412,1.052981606809941
203_NaPb3,-0.0546219459481367,5.295007353946813
343_TaGe3,0.210347076036002,5.080765907244415
3477_AlYb3,-0.1302088707657951,7.008724705958997
669_Cr8Nb,0.2756917005872579,3.898506961709611
2548_K4As5,-0.1427758941465594,1.4955714619000826
3607_Fe3As,1.3052704991518975,5.561860707474947
4390_Ni12Sr4,0.0600111016735347,2.978871749566553
4308_Al2Mn4,0.3858038264970271,4.730438531044042
1821_MnRh,-0.1924736817812853,7.55102462684887
774_W5Sb,0.6439930759214031,5.711170868175787
326_Ba16Ir8,0.0796746013083324,1.3677640284780446
173_Ba2V,0.6621519240922341,0.6335313460620668
116_Ba2Ge2,-0.5915835598114554,0.8306356586997637
2600_Ag4Al,-0.0423248287951611,1.2121158627709938
4596_KGe,0.7538320179509621,1.927493052390778
3507_Pb6As2,0.1701053573248594,3.794581347315289
3352_Ba2Sb,-0.1312124896991768,1.3688041097256425
1938_Al3Cr,-0.1119193373167286,6.250236196016554
1921_CsYb,0.6736704833459317,1.21951392457405
982_Cr2Na2,0.6053910532536468,2.390400889644897
2010_Cr4Rh8,-0.0874482718645239,4.7229670149648655
1925_Cu44Ni2,0.1180290791446753,3.451968695143411
145_Cu4Fe8,0.9290346282517644,4.412615637782646
4713_Al2Ba4,-0.01645350904803,0.3458133103097086
3746_CuIr2,0.258956206583683,8.238344532479077
239_Pb2Sb6,0.156305874512693,2.842837729882255
3647_In4Pt,-0.109899875488567,5.142385761376893
1454_Al2Sn6,0.1020939395614122,2.888111816805329
2044_Pd2Ta2,-0.2980566242829212,3.403203261184108
1214_GaW3,0.2057357064825211,8.163604756860057
2358_As5Br4,0.0661734483483273,2.8300930448001598
2877_W5Sb,0.3221849244437298,4.766110112487857
3077_Au3Mn,-0.0557070756025801,3.241961009836185
4726_AlK,0.5512967988077919,2.409582679036727
4936_Pb3As,0.158233633628551,3.1218987075403084
2136_Cu3Sn,0.0639751215637698,1.6273389778365028
4471_Cu2Pt6,-0.1142671369682535,6.099333551245924
1288_FeIr3,0.5584664826945129,6.189500506841969
1836_Mo2W2,0.4529627299555354,6.478419792972538
2382_VBr3,0.1166554523062841,4.127029313589857
585_AuNi,0.9641375582202292,6.3005117927158825
2629_Mn3Ni,0.0623150700545078,6.4267408821874525
3543_Al4Pt2,-0.6948453370551823,4.042437885641731
2003_Ba2V2,0.7014600764628796,1.9649159954951303
3870_FeGe,-0.1988810521886597,7.6855224204868975
3055_AlPb3,0.2026536934610288,5.528132877227774
530_AuNb,1.243237284066657,4.341924595713377
1540_Ag3P,0.1704723993172554,3.495647733070945
3702_Ni2P2,-0.2510017772277049,4.254402952187128
1450_Pb4V,0.3160382440149568,3.985646813370399
2336_KNa3,0.0129009296420767,0.1433272016678812
1093_BaTa3,0.5966542786171853,3.791679142643993
1418_Ag4Al2,0.0167224435327266,1.0995618737686663
827_Nb3V,0.3420509693834646,10.174490419759929
981_AlMo3,-0.0073852883437464,3.4810111669417574
937_V4Br2,0.602972819729254,6.280746741585861
3322_Al6Ge2,0.0256641957364984,4.155727718787304
3858_PI3,0.8190091040477483,3.9731570453173246
2759_P2As6,0.278215754448178,1.2789330258588978
1058_V4W2,0.6447502404714527,3.8174345812194943
3355_NaBr,-1.51503601569897,1.7495534536502368
3440_Ba2Ir2,-0.0424457808078875,2.555518714945661
1881_IrPd7,0.0597201569160912,5.395672256868463
336_KP3,0.0163658427781863,0.7468929267275095
3253_Sr4V2,0.7019037388563749,0.6288305338917756
1618_AlTa2,-0.1258737631483046,3.878465223637261
1858_AlTa4,-0.0452718545750741,5.503026064638869
2763_Pd2V2,-0.0781333125878909,3.693996433329913
2970_Mo2W4,0.7285978333137137,3.885975452201804
3383_InMn2,0.2647872636948243,4.015437055251891
4462_Al3Pb,0.2750512699404068,7.757683043635619
583_InBr5,-0.2712177359377226,5.930695045772975
118_CrTa,2.66607583354954,4.965616990216942
3714_Fe2Sr6,0.8647008501467695,0.8787776348432137
1287_Nb3Sn,-0.1626790395041961,11.046456202086258
1986_SrI,-1.1425274083601475,0.9876204818752904
2051_GaP7,0.6729407778305001,6.616760475644147
2444_AuAs4,0.3674009336266358,4.166528926833591
2365_PdW3,0.0769891150981809,4.341455635357989
2815_Na5Pd,-0.0216217788593574,0.4802205222253213
3183_Al4Sr2,0.2872414261810381,1.105560488179386
3547_Rh4Sr2,0.1572920891605817,3.5348131534718634
4072_KPd5,0.2378287882718357,1.1751110793112
397_AuNb3,0.0958726177621862,2.21523100854067
679_GaMn2,-0.0545106711907668,2.8790440644525157
1069_As2Br,0.0304122552193941,3.263446249662592
1626_Ir6Na2,0.4922952696608815,7.44672922040966
4950_CuMn2,0.291305059286478,2.865071033482237
2566_MnV,0.0886847109767376,5.278902663517996
4170_Ni2Ta6,-0.0830495279921201,7.339276338130699
2622_Cr2As2,0.007682049183618,3.934217694104028
2655_Ag4Al4,-0.0168922985582784,0.9548102926741177
2073_BaBr2,-2.124535582082067,1.7795659767916796
1440_KI,-1.585149885067622,1.4153930759770776
2748_Pb7I14,-0.6754812229012036,10.298477252806167
2998_Ta3Sb5,0.3737763057917291,5.677573539213769
4943_InK,0.0734591574714023,1.754500176092374
2975_NbNi,-0.040611249024244,10.978337965972552
4437_Ga8Pt16,-0.5462447081338079,4.751187698711618
1579_Nb4V8,0.1587140476625173,2.7473859685994224
547_AgAl3,0.032289277011491,1.8196551369637324
3816_Mo2Na,0.7765980918076991,3.634242971380787
4953_SnSb,0.0903802482941573,3.589630446814213
2480_NbP2,-0.6505311117964622,4.433559007798017
290_W24P5,0.4316480836713108,5.2239368491404665
1227_Mn2W6,0.1105672566669202,4.808822128320311
4011_SrBr,-1.3925750242942536,1.085311440580036
639_Ni2P2,-0.165174269500933,3.9160199217517135
2598_Mo2Nb2,-0.0888018466548317,3.316718545994354
1054_Sr16W4,1.1537662752830578,0.7729661806631212
2109_BaCu5,0.2499063164877467,0.9967163180860328
4391_Ga13Nb5,-0.3496700897289181,4.930622558822672
3915_Cu8Ir16,0.4563536858166645,6.715804350378373
2757_Mn12Rh4,0.058969951857362,4.796020069405833
3036_Al4Mo4,-0.1782901372976288,5.2831444433741765
2037_Al4Pd2,-0.2908299967509844,2.462933751392536
1724_Al2Cu,-0.0700894357803155,1.607889949709969
1587_Nb4W4,0.3120608256959514,4.487503694588261
2447_Al3Cs,0.6241376151474332,2.0722452965794944
3237_Cu2Fe,0.1032353326638938,4.8779316741320455
4007_Ni4Ge2,-0.1756610055196823,4.187926571529815
4607_In4Mo,0.3040013113251668,5.2490013658422985
5000_Ga5Sr,-0.1824981728377247,1.6545953404384146
3808_In3W,0.5152056352826531,5.232278544702132
4059_Pb2P6,0.0608281721851131,3.831731738033164
769_P16Br4,0.5858727126604272,3.6223965147615913
3304_Sn2P4,0.4229429072671393,4.897430274280014
4419_Ag4Sr2,-0.2252556994140283,0.9433571660502214
4589_AuPb3,0.0619014909753019,7.485538357228909
713_Ir18Ta6,-0.5508677004764083,8.086996602839124
1983_Pb4V4,0.5410168853053765,5.27751857740083
1510_CrNb4,0.0650732219279987,3.303157842874396
1664_NaNi,0.4828097023828093,3.097436592204344
2386_K6P2,-0.1084430645371972,0.6801315203226751
4811_CuIn3,0.2076251569604519,1.9154973953441043
1200_K4Ni2,0.6744503580154383,1.5186553533850664
1610_Cu2Ga2,0.0515306965752166,2.2820939076598004
3067_K4Ta2,1.1322507917836984,2.7678046828518195
2340_Ir4Ta4,-0.5676369964440191,5.459690886687644
1551_Cr16Nb4,0.5528695390018527,4.231026484221287
3107_GaIn,0.0934294956136678,1.8856196861676016
3311_K4Mo2,0.930444831662508,2.096466789993153
1236_Ag2Ge4,0.2981145380044309,1.8707936601542243
1260_KP3,0.5600689693530976,0.7361264385894476
162_FeAs3,0.0881821666677709,3.0596687199109853
295_Fe2Pb,1.38281204978178,4.571788601599559
171_Cu5Pt5,-0.1138101380258533,1.169084468562969
2079_Fe2Ga4,-0.0040748238131603,3.073804281348191
2788_Rh6Sb2,-0.1057183546171485,4.621810165596988
3203_InSb2,0.172704249641176,3.445340920282926
3300_Pd16Sb4,-0.0221158833867306,2.489174762131859
4162_TaSb3,0.1410275166388412,5.899930483689571
1859_Ag2Mn,0.2280746253719249,1.4768006626448833
1594_SbI,0.1741662779612185,5.020052939356509
602_W2As2,0.3709171496726551,4.609052880262263
3872_P3Br,0.8758684315881653,5.675030999684152
4319_Pd8Sn16,-0.5596961660742501,2.571528200842814
2061_AsBr3,0.5177541344689449,6.177259870320986
1444_Au5Nb3,0.0112431867626598,2.8772410842483405
209_CuI,0.163268240844149,2.156237479861044
2464_Ir3V,-0.0227992056291768,5.96027352974149
2513_Ca2Rh4,0.1469112543875018,2.395533177044349
4358_Cu4Ir,0.4572899932894181,8.246824160331638
319_GaNa3,0.0242168552505561,0.9159888028948724
2516_AgSn2,-0.0020241158608621,1.315413471962504
1609_CuRh,1.38952287924684,3.6585729505438263
4480_Al3Ge,0.0707607175218676,2.628067906188146
2312_In6Mn18,0.3345304795585899,2.955978568467485
4237_Mo3P,0.0348839204519695,5.675614732019444
1112_Cr3Ta,0.054785266293079,5.822868331760447
2938_KP,0.7114022996563714,1.087874719379634
4609_Ni2P2,-0.2444295353290506,3.927290297501167
789_AuP3,0.4511237559475161,3.9114569883246233
1711_Fe3Pb,3.1602556276759275,4.874542608521518
2739_As4Br2,-0.1734847560270319,2.7480554807302284
4149_Ba4Ni2,0.1227738676787139,1.1648005199301432
3712_Na5Pt,-0.0253459167581734,1.5540738868681747
4299_Ga2Ge6,0.2415807844033328,4.324115629840673
4975_AlRb,0.6302057448982932,1.0980052509580005
3536_Fe3Yb,0.3191566587744008,8.783176311669385
1138_Au2Mn6,0.3285969933139405,5.581421425203482
2941_Au3As,0.1334911726647583,3.157317029363788
2875_FeV5,-0.0874449707715629,8.500196630487107
1152_K2P2,-0.4163686881296446,1.093199814232071
201_CrPd,0.7786205625391744,3.9533134437729354
2986_Al2Ba,0.0014112876626869,0.8436715783702773
4752_CaAs3,-0.3502374894930931,1.5484448208591204
3452_Ag2Au2,0.0062231319415904,2.54220244625161
2780_Nb6Rh2,-0.0742120441850051,10.52256614560254
4758_Mo4Nb12,0.1846768396038225,3.1745056086540804
34_Nb4W8,0.1253886633291424,3.0592433800677994
1619_Fe3V,-0.1830790839423262,7.452373437659027
1580_Ag2Br2,-0.4266515631149774,1.8827328078921208
2146_Fe3Pd,0.0574203385382343,3.318076266787608
2492_Cu4Pt7,-0.1140930060003416,2.402202059649883
4734_Fe4Pd6,-0.0234736291717496,2.3762356929487867
1959_Pb5Sb3,0.0442930198409401,2.9051689718025018
3527_AgBa,-0.0329036478309925,0.4579960166130059
947_Au12Nb12,0.0246907527303363,3.0124070736523825
2743_Al5Sb,0.1278443781347231,3.703156995309977
2993_Ba8Cu4,0.0528366697050458,0.3609632895415469
1126_Mn4Sn,0.2246010467999781,5.911833858998954
4930_Cu4Yb2,-0.293062360656964,3.1766359511090974
115_CrRh2,-0.0464562337250219,4.653679547140805
2595_As2Br6,0.3903767788982994,3.7814700212386088
224_K2As6,0.0183152754736446,2.2798499737512663
1978_InNb,0.6373364957229786,6.083926640052596
1490_PbSb3,0.1251027141729275,3.0395484837699898
218_Ag5Al2,-0.0047721081775178,2.292858498939661
731_Cr6Pb18,0.8597710145046591,6.096187645369136
807_Mo2Ta,-0.1665484888315755,6.660585693439421
3694_P2Br2,0.1930605002183072,3.211889836063886
4226_Au2V6,-0.0374003777432081,5.869801178474759
3519_Ga2Ni6,-0.310124810305747,6.604512607620768
4961_IrNa3,0.3740963947163251,5.417426784431264
2805_Pb8As4,0.0584784500907259,3.095048999861332
351_Cr3Rh,0.1470079694940231,8.321780540653007
1148_As4Br,0.0474093206841274,3.349723996760266
2466_Pb24V5,0.4395277279645058,5.564673940131901
1688_VW2,-0.0940328855695398,4.281669992159712
2819_Sn2Ta,0.0501756129162392,5.487968556876577
236_VW2,0.4517394004088544,6.026359560426738
4533_Al2Fe2,-0.1659621127138217,4.758331589524901
2518_P3Br,1.917565214745004,3.152353019556686
1670_InBr3,-0.5579910152995953,3.482589545750458
150_YbP,-0.8482652900103984,6.431406306146359
1173_GaP4,0.6351338889906983,4.231698925991199
2625_FeW2,0.2024333277962119,6.106599852616813
3007_Ca2Cu4,0.1830056481666944,0.902923609148104
4244_AgIr3,3.4604658513367634,5.29700454575696
314_Mo3Ta,-0.1259140954870599,6.429930693493054
82_Al2Sn6,0.0934787482373256,2.9903205964325337
1143_Au2As2,0.2329993076058523,4.488862029284947
765_K2As2,-0.1608951117004919,1.3372770866507946
4172_Al5Mn24,-0.1477738051154592,4.8886848884911815
2890_Ag6Pt5,0.0185353932401794,1.477076842358444
4279_Fe4W2,-0.0117364097206985,7.414898235086623
1458_CsYb,0.7037468588154681,1.2608053897534055
1289_Bi16I4,-0.1405454727266878,8.641337788129647
4967_PtYb,-0.881391785368073,6.702527560568531
2076_K5P3,0.0229123948438667,1.0379438156516587
3841_InTa4,1.5870665708125742,4.850039283513989
3861_FeRb,1.4476931142635006,3.1703016039424714
4865_Ag2Ga,-0.0137227884469162,2.529484053547756
4986_Pb2Sr2,-0.6056881541202612,2.280417059106397
2048_Ca4P2,-0.8955902962299666,0.5601098341716216
3674_Cu4V2,0.1310439131075043,4.363780719150453
2206_Mn2V,-0.0755313052708371,4.975910682974314
2955_Ni3Sr,0.5203327610247177,2.937196037871054
4793_AlTa,0.4693485286782328,7.445798201704832
531_Pb3Ta,0.7059161694290506,6.374928118418038
4294_Cr2As4,-0.4620956065782605,3.948462137167532
3386_Ag5P,0.3444536904378221,4.180018967140248
3299_KNb3,1.1284974674227355,3.329107150874068
4584_Ag4Pt7,0.0326727396703538,1.6559126898015066
1992_CaGe3,-0.2835520166753325,1.9427881919415664
2240_Fe4Pb8,0.8179783771490255,3.350729942952825
2871_Fe6Ga2,-0.1224709915662174,4.674970808742335
2849_Pd4As2,-0.294235139561233,1.092905351667305
4222_Ag4Na2,0.0165116819565905,1.28600867418804
712_PtSb3,0.0037757119550514,4.359640122585368
4269_AuNi2,0.1135973976274199,4.777025698096331
2863_Au3As,0.1371121399493331,3.270063213642881
3071_Mo2Rh2,-0.0447398362324946,4.980846591930501
684_AgAs,0.0355941644367785,3.813181209171871
1427_Ni3Sb,-0.1358773065812233,3.457028370329229
2055_Fe2As4,-0.2726784974914693,3.3071587613792475
3893_NaPt3,-0.0319060318697372,5.786458249310113
4371_Pb6Sb18,0.1200002632881756,2.780051219529528
4552_Sn2Ta6,-0.112248719472225,6.402719484589281
4143_Cu8In16,0.0794970944309702,1.840007841347561
2397_Ba5V,0.532105161076012,0.8139925850077354
2151_Ba3Ta,0.8496433783953377,1.0182486970558338
2654_Cu3Na,0.197974552952445,2.0542686795820564
1309_Al2Cu,-0.1656155871266828,0.970120998098164
1100_WSb,0.6333799695471152,4.227686945777677
333_K2P2,-0.4201608338771931,1.116218073903234
3809_Ni2Sr2,0.4626434563326298,2.09264777408863
2965_Ni2P4,-0.0100394529238236,3.959458564160729
714_Fe2Pd26,0.4845342715894613,2.909789381975971
4382_Ba3Ga5,-0.1704261584929725,0.9612603816553664
3175_Fe2Ir,0.9098474483705892,5.7903644787469055
1489_Ge2P2,0.1221786004450189,3.114698115202491
4872_K6Ge18,0.0672474289266761,1.5331318471010635
1694_Ba4P8,-0.6301452926437984,1.6071420728646566
2509_AuIr3,0.3788525787842882,8.91217319540203
4134_Sb4Ge2,0.2734004992760119,2.437457242797234
211_WSb,0.5521977096633099,3.734784234678794
2437_Na2Pt2,-0.0138098961311601,1.6539561324398715
1823_Mo2W4,0.6720921408779242,3.2573516542096783
1988_PbGe3,0.1050826939614646,3.95210702169715
1820_In2Br4,-0.649103872879229,4.060390702593401
1206_K2Ge6,0.180561388428706,2.156871280596376
1564_Fe4W2,0.2982040333764632,9.907070386574109
4086_Sn8W4,0.4984100343295215,2.903845232849033
940_BiGe,0.3197912132401441,6.639696971484997
3052_Ag2Ir4,0.5584920547057214,8.32853574729249
47_Na2Pt2,-0.0622927350794983,1.464465106223282
3082_BaU,1.6859382982010027,10.952510358470889
6_Sn17P12,0.2150613449970501,3.4147056511853635
763_PbAs3,0.2528127421578459,3.447923338537623
1315_P7As,0.7665221907047712,3.642979487988432
1398_Ga2Nb6,-0.1994136748875981,6.419802234522948
3089_Sn2W2,0.6135059614810894,4.3749714462046825
4551_NbPd3,-0.4390642868602672,4.770863958826347
3596_Na2P,-0.1856062485340137,1.5532877771262794
3544_Ba2Sb,-8.07092158461461,1.4012277467374568
599_Ag2Na,-0.0121683720273303,1.1931188031306672
678_Na4Pt8,-0.0907200855774921,2.6850236293731093
500_CuGe2,0.1805051598397303,1.5869586900360415
2372_Cr3W,0.0722511074597704,3.664434172432412
4482_Ba2In4,-0.4352745821380361,1.2533960374435966
4171_CaNb3,0.649534012542512,2.9230034869657957
127_Ge4As2,0.2688744583085179,2.564965619096492
588_Ag4Al4,-0.0205140921578426,1.06783839319592
2910_PtV3,-0.305222935404382,4.741524690748251
3700_MoNb2,-0.0994430610731148,4.031483603988411
4487_Au6K2,-0.1902402434086161,2.443498742741294
4922_NbAs3,0.1966417168765444,5.947247058557672
3054_SrSb,-0.3381110220115038,0.8457250319170584
2250_SnP4,0.9161730438708098,2.8067569644294514
1140_CrRh8,0.4461490079536613,7.779234322489425
1830_SnP3,0.113431214348977,2.3377302202110304
1635_Mn3V,-0.0531336093233463,5.894576315687813
1889_Ca3As,-0.4199362387130616,0.6623603795270621
2977_Al2Ba,0.0014818998829161,0.8432031129996915
4084_Ta2Sb4,0.0578058763603053,5.583014610629916
1706_CsIr,1.5583195048915797,3.248475035056684
578_Cu5Ge4,0.1404388175606143,1.8484182028318557
3979_Ni3V,-0.2523763540864658,9.429016545797014
819_Au3Nb,-0.0370355227978214,3.1375084701387523
1536_Ta5V,0.0288458920268771,6.563951126639166
2177_Ag12Br12,-0.342706718874014,2.885388718170756
1019_Cr5Rh4,0.0433450957045522,5.593248018756613
3620_Ga3K,-0.0110621706509679,1.995722165397399
2561_Ag2Mn2,0.2864868382129435,2.257064025409865
3422_BaCa3,0.0343718308017577,0.3146809189817156
1831_Fe2Ga2,-0.0316817679816612,3.559464137347823
3821_InK2,0.1273937393592102,1.1141024990296209
3280_Cu2Mn,0.152270836831537,2.0636570832495784
4453_Au3Sn,-0.0548105807840317,5.509712011584773
197_Mn10Sn6,0.2141267769039148,3.614618494025939
2640_Fe2W4,0.0600058327174698,6.363354169409496
4284_MoW5,0.0012216927512819,4.961431243798456
1491_AsBr5,0.239346255118716,3.5710353304129434
3427_Mo3Nb13,-0.0397245486613631,4.054672842655789
2740_InNi,0.1547548812790036,5.690438249681536
2882_Mo2Pd26,0.4924532836956327,2.3631418869029157
3529_Ba3W,1.0842347237129757,1.0845983264918508
1728_Fe3Ir,-0.0421983063443285,5.147117067056923
3565_CuK7,0.2138562995320674,0.77961307440778
3456_Au8Na4,0.3405145718810456,2.3539128716666093
2597_Al2K2,0.2086908182733893,1.0529681520912173
699_NbW3,-0.0676890586603047,4.0504772221256085
3451_MoSr,1.4736654169528158,1.5117387690239683
4006_Ga3As,0.0935757977451485,4.847688900474736
1002_RhV,0.6960338821994467,11.001443531038682
1653_AlNb,-0.1917684673515287,5.791995889230575
2906_BaW3,1.471400623829652,1.5219676341079211
1092_AsBr,0.2720832940127895,4.1879554660481375
4567_Na2Rh4,0.2568463173101829,4.618290459145731
3204_Al2Cu,-0.2369830017517777,2.2786074626942683
1226_Ag4Al,-0.0484028888270259,1.2092371860294358
1277_PtSb3,0.2069259494686512,4.669955063782314
1426_In4Sn2,0.003060684052329,3.791904226880769
3032_Ag2Nb4,0.2099083340294889,2.81628980241324
1628_Nb2W2,0.333740593282716,4.419184235879913
1084_Fe3Pb,0.4081851932579479,4.506864580313359
831_Ag4Ge12,0.2482454616969152,2.3976262596497264
2952_AuP3,0.4551556780531776,3.9183383977930246
4579_Pd2V2,-0.1715385737955514,3.788748122395016
3421_Al4I2,0.7168983581645406,4.8103712349736
631_SrW,1.9972426006473425,1.4315313094509807
2421_Ag4Al2,0.1584953971325919,1.9220719882922777
3360_AgRb,0.0660429941993814,0.512705842356528
777_Al2Cu6,-0.1611115337218152,1.1499242088240191
4520_V8W4,0.0528966610899613,4.0032366494634175
3613_Au4V2,0.0171157944692872,5.901225294043574
543_Sr4Br8,-2.1555202848237465,1.3562990764295713
2792_AlNi5,-0.2226364434127994,8.814422388179306
3462_Mo2W,-0.0056973814252998,3.1981720149577675
4069_Ba5P,0.3985963186882178,0.7027397334651068
1651_GaMn2,1.015550691138292,2.939048492700759
1939_CaCr3,1.0513220301705486,1.6162668035433885
4890_Ga4Nb6,-0.1469157667423914,5.181512223179635
775_MoI,1.3140727451876053,10.397187919461189
4324_CaNb3,0.7504422563504267,3.7555138142498654
4820_V2W,0.870102745832483,3.873658570972369
3832_CuPb3,0.1775907872946192,5.288745657607036
4441_Rh5As,0.4701166732585164,7.104726983650599
2118_Ge5P3,0.4001806940265355,3.690745683723378
4911_NiPd3,0.0067054398745094,5.252758887394753
4173_PdP8,0.4356433094713152,2.1923652512940315
1139_AuIn8,-0.0204696799148749,4.016356877977493
3030_PdP3,0.298335614350143,4.882050373308995
3266_GaMn,0.6603565188484879,4.23408196245156
2590_NaPb4,0.224980428430975,4.611070372746482
2571_Ba3V,0.5185583514696126,0.6267336185158068
1501_Au2Nb2,-0.0823842144160345,2.582646647529348
683_Cr3Na,0.5610182583884997,3.5220985106017246
2110_RhYb,-0.4724318611785012,6.146348756430579
2215_Fe4Pb8,0.6140265799270838,3.689505843973537
1471_CuGe,0.1994466412303577,2.175674937554164
2335_Ag5Al,-0.0271560507896306,1.9287168576537528
3252_Mn3Nb,0.0587387417979776,5.977992702453007
3866_FeAs,0.1233376778550159,7.444690232309095
746_GaAs2,0.1942717367305538,2.986833862343596
2507_AuP2,-0.067117053672824,3.107101289510553
2081_Nb2Pb4,0.5324324151474708,7.936490000246138
4020_Pt2V4,-0.1754896770449102,6.959781368429087
220_Cr8Rh,0.215390972454407,5.747245059222605
3232_Al5Pt,-0.2573612978127588,5.704657185494178
4778_MnRh5,-0.0331173025082295,6.988333053987899
832_Ni6P2,-0.3125298444586937,3.627810127608157
138_Ge2As4,0.1196947121736281,2.2271710177163024
4858_TaW3,0.275062910855949,6.800467989489026
3072_CaSb3,-0.2721827868377766,1.566137546773407
1951_Ag4Na2,0.0165116819565905,1.28600867418804
3687_Al2Pt,-0.6005503292033859,4.451564283632665
3591_NaBr5,-0.4681310095885373,3.8720642701575088
2033_Au2As,0.1483135096731356,3.991688706035305
3902_Ga4P3,0.0203795103231487,2.7236301042509985
1855_Ag2Ge4,0.297839306357804,1.8750256801137175
4154_Cu2Ni2,0.0196414447752104,3.6090932852540143
571_Ba2V,0.6647424311657275,0.6542456382392616
3891_KP2,-0.2278657130216874,1.1898201045459469
3993_Ag4Nb2,0.5543828981923381,3.685103240155319
345_Cu6Pt4,-0.1122154596063794,1.1183081139190238
64_Ag3Al5,-0.0039340081548497,0.985628546127494
4476_Ga3K,0.3125029998473985,2.165637293367605
675_AlRh3,-0.4132671229453981,5.600262884365852
3315_K4Sr8,0.0951012154256858,0.630055425342812
3822_Mn6Ta10,0.0135820767479337,6.456152689440356
4322_K2Sn6,0.0649611003597767,2.057621385686023
3265_CuMn,0.3284417554150183,1.8709679074042995
4761_Fe4Ga4,0.0308050240268382,3.5234147968211147
4158_Sn4W2,0.4186146885247837,2.741405542838472
1240_VW3,-0.0782328929197611,4.665857438727779
1577_Cr4Sn8,-0.0258652017659611,4.553339273469152
3402_TaP,-0.5758566204072242,11.013315121796696
2108_Ga5Pt24,-0.067521268653485,8.528744159649358
4927_Ag3Pb,0.0971226535759504,3.45656798548744
2132_P5As,0.7834809435520972,2.6655282652183683
185_AgSn,0.0542811791472521,1.7395055535020252
3671_GaMo2,0.9061655129576126,3.76867716317248
2403_Mo4W2,-0.0009316232710124,3.31963265094272
3772_Mo10Ge6,-0.1450532842163383,6.209084571751903
3587_AuSb3,0.2293286939166487,3.2024163276886304
3328_Ag2Ga4,0.0340333516807961,2.1478914818674943
3623_Ga2P,0.1671434064544392,3.434316971839624
4145_Nb2As2,-0.4643435125399362,5.067437742296201
4539_Fe2Na6,0.6521293141597573,3.123409768242684
4873_Ba4V2,0.6654282184353768,0.6283686342438192
2167_Al2P,0.0140671388629805,3.6295295733413178
3500_RhSr2,-0.1422194087130049,0.9449365417054264
554_K8As,-0.0518674954251389,1.932022005784136
3728_NiRh,0.0425965851684635,3.7404790316247953
720_GaPt4,0.1320540703884518,6.402624785096895
818_Ga3W,0.2579364782583191,5.191622299484736
1292_CrNb2,0.6005480090209071,4.299088624938078
4443_Nb4V,0.8560605500979136,9.458004223392496
4479_AlMn4,1.008851761143592,4.599527004719703
1186_Ag6Al2,-0.0471502445581117,1.3909307768549837
4887_CsCu,0.4629642665639557,0.3975949139480058
781_Ir2V,-0.1910433153192225,6.593640985422516
3076_Cu2Ta4,0.1639079811589283,5.649719928017246
2866_Mn4Ta2,-0.023585609806472,7.443481129333138
2350_Ga16P8,0.1995491072058464,2.6374327634106685
3024_Mo2Rh2,-0.0590279724766471,5.630946101562158
169_Cu3Ta,0.0786238311665679,4.695697026814672
3374_Rh5W3,-0.1680544947770705,8.048742366386842
4467_Ba4Fe2,0.9680279891977884,1.0085731340431665
3693_NiSb,-0.1496660710504063,2.919361406246966
1179_As4Br2,0.4407940179014631,3.3859753025178656
1702_NaPt2,0.3272971048436961,2.5991815809392764
3783_GaSb3,0.1770898010176713,3.367865861689458
3290_Cu4Ga5,0.0654526913839102,2.824160694647822
1133_Mn2Sn4,-0.0217938214707539,6.0631869938865846
2902_Cu5Mn,0.19009826311848,2.5046255029115527
1025_KPb2,-0.1224223883686364,4.598504267113266
2589_GeAs2,0.3266597880528567,2.8687242868917826
3699_Ag10Fe6,0.5069376206385812,3.969890019421616
2539_Nb2V,0.0510641711335715,5.933256043364613
4320_TaSb3,0.4794987944840185,6.205480469497641
1448_PtV3,-0.2197814555382198,9.03976673796214
4450_Al3Sb,0.170681241367423,3.554945413524817
2143_VW2,-0.0950786444838437,4.278157603971106
3812_AgSn,0.0299293164035243,1.5973330618390948
2446_AuCr2,0.427669765695344,6.882480660056092
3218_Sn3W,0.2896653718213491,2.669167201278126
4901_Rh2Sb4,0.8924790440338496,7.257672062875555
3342_KP3,0.015246017205297,0.7432823202580653
648_CrTa,2.4750764616864167,5.037147029861629
3735_Cs2Fe2,1.6374434228893548,2.144994076794595
837_Mn2W2,0.151687813937281,4.932245048472486
1231_AgMn4,0.4837143497390969,2.723180234924589
4772_Ba4Ta2,0.900999325810084,1.5432570142586584
3667_Cu2Ga2,-0.0149761966092438,3.5441887808306065
957_BaBr3,-1.4934390696260131,4.057594265930435
1430_BaCu,0.1183265687375136,0.5093412641424226
3886_Pb6V2,0.613132292092458,3.959647833566789
4760_Mn4Ta5,0.1391875726000301,5.911957751714757
2296_AgAl2,0.0073829939966311,1.343244504643901
4615_Nb2As2,-0.1086178026551314,7.557581038383541
2164_MoSr3,0.8728761706255601,0.6777870669891021
1558_AuPb,-0.0561221939407761,5.673731486485012
234_Ag5In,0.0038147416913586,1.9810647502722207
3334_Al3Br,0.3122945690795773,5.433459784255541
3569_Mn2Ta4,0.5994460916093445,6.544479427866546
2185_Pb3Sb,0.0527710928808438,3.4603875253527385
4334_CuSb3,0.2871325776202331,4.595776123481423
4353_Ba7P,0.046327332024564,0.6932278611646765
2621_Ag2Sn4,0.0132880567558094,1.882246416557681
1569_Pd20Ta10,-0.3203614440292625,3.2514610152116914
3589_AlSb,0.2165434108700332,3.229071111174639
112_VBr3,-0.2619159193614142,3.583055643261402
3479_Fe8As4,0.3710105528520332,4.295087014876105
396_Au2Nb2,-0.1082128533063704,2.904820726594368
1300_Al4P2,0.0048209866646065,2.548349296913252
1914_Ba3Cu,0.0483975189046881,0.2573268588031828
1239_Ba2Sn2,-0.6111419105514235,0.7879413499542951
280_K3P,0.1089889412197191,0.8967581399139449
1552_Pd4Sn4,-0.3934178880777548,2.770221618539199
1104_PdRh4,0.401449417497561,3.340945363448834
2453_Ca2Rh,-0.3258940811642953,1.0810648189588885
2847_Ba2W2,1.0372039623020664,1.552945755505568
2826_BaW3,1.4553623349381706,2.052605098368561
4217_Mo3Nb,-0.0921436769856338,4.06904201929343
4055_Al16As8,0.1657365845596465,1.8280442282495384
3012_Sr3Sb,-0.5052053612735352,0.5148981055302544
958_Al3In,0.1618625852910868,1.8445468396949447
2844_Mn3Sb,0.4534544957012665,5.037667006131129
938_Ca4In,-0.0816027239527812,0.5405158929199132
562_Mo2W4,-0.0005864744588208,3.4210390353148044
1269_PdSn3,-0.2541301370193132,3.470818998751144
1307_Fe26Pd2,0.3245601126779028,4.244275319329272
766_Au3Ga,-0.0407151590716394,4.732583188501943
1485_BaCu5,0.2562033384073583,1.1262664269050373
361_AlTa2,0.6240335894659429,3.6923041998487935
989_Cr5Sr4,0.8622231105534092,2.558720662419412
4604_Ba2As4,-0.6748860622830364,1.322542186722495
403_Ag3Mn,0.2277962190790639,1.8950025483731068
3773_Ge2P2,0.4919381840765435,3.971745965899652
3692_Al2Ta2,0.0484771651687685,4.74319484955762
3892_BaIn3,-0.1502425738916377,0.9442624535599158
1243_Ag2Ge6,0.2741174677480242,2.2184918576064794
3559_Mo2Pb4,0.4545479546314854,6.030771722098942
4310_Ca2Mo2,0.4960835738562963,1.606395503628736
3337_K2Nb2,1.3984264495015708,3.504169333379968
122_Na2Pt,-0.1094687629154324,2.113019413473207
318_Sb3Ge,0.2645231169142601,2.1937640496474806
3375_Ga2Sr6,0.09042512494865,0.379432413080923
4337_Al12As17,0.0631815920846978,2.020260052096749
1865_Al2K2,0.2493481884250021,1.210016940641245
3800_Pt3Bi,-0.0288814877431011,9.66265919096307
1875_Al2Sb4,0.0339020113510422,2.478070324107583
4845_VP4,0.1480949914869519,7.42070995199271
4103_AgMo,0.9627148163233477,3.739306718439169
355_Cr3Sr,0.6730755965588244,1.7810398408564931
2606_BaSn5,-0.2591177009516817,1.8059716788315876
4247_MnRh3,0.0642769134889844,5.396392624119241
480_Ag6Al6,-0.0217492147153629,1.2833794628049486
2070_In5Sn,-0.0015679249820171,4.469394478137822
2546_Pd6Rh10,0.3249551991973955,3.5143258383160414
1013_Ge2Br2,-0.3539225105654191,6.746040421509074
117_Mn2Sn,0.2038638021403187,3.244151150065428
2441_AgNa4,0.0076326242964114,1.0479790753059937
2458_CuGe2,0.1861280920763596,1.5766891052379737
4612_IrK,2.116775691776342,7.910653248097287
4635_Fe6Ta4,-0.0447040189155075,9.170762423826574
68_FePb3,0.7885119954880766,4.074404379548569
249_Ni8Ta16,-0.0807124775193379,7.022335684816174
663_Ni2Sn,-0.1294440506136401,4.122733546390736
3353_Rb2Sb4,-0.4917014117046919,1.3970246648827884
4624_Sn4W2,0.1627192610009006,2.987616705753585
1437_GaP,0.3845919851814665,2.717391448024597
691_AgNi2,0.2273391932782319,3.745999646313744
2053_Pd2Rh2,0.0410224113616495,2.2571151315210622
2976_K16Sn8,-0.1665311182987367,1.3693761162974645
3722_K2Pt,0.0839811861269848,1.756180247176173
2043_BaIr2,1.7508225033464004,4.501547392624805
2541_RbV,1.6020458339129915,3.425364882089739
824_Nb2W,0.4045436001845151,5.086605955720929
2390_VBr3,0.285611698004943,4.013741071316777
1561_CrMn,0.2397128541524225,7.863916497244039
2856_Au2W4,0.6953492150178905,5.344715462239099
3016_NaBr,-1.7192765439625828,2.7878743430566546
166_K4Sn2,0.0339120821430973,1.194532091316133
3718_Na2Pt2,0.0585098008897602,1.028856627292687
4523_Ga10V12,-0.2051192851040197,6.482618920649749
4933_FeNb,0.3216590180818492,11.066515194460758
404_Au3P,0.2363162278525057,3.1291793494117592
662_AgAl2,0.0076579922915721,1.1990618228855825
788_CrTa3,0.0310400462610473,3.7276465219256414
2017_Mn6Sn2,0.2060444772109209,3.4333015240894347
2488_AgMn3,0.3029489061237731,2.599503757688172
2988_Sr6Br18,-1.5763172728936563,1.4929590484760156
4356_Fe5Sb3,0.3266920626745477,2.991996889002589
4841_Mo2Sr2,0.6658938067199829,1.5530736610069855
2277_Ir2Ta6,-0.1797791506566746,4.072667105503935
967_Ga2K,0.003014998792573,1.9793662310805893
3073_Mn4Rh2,0.0161174144536886,5.1215641313263465
1056_NiSn,-0.1179296850231041,2.7633797288143995
3782_Ga6Sb2,0.2322455614496541,3.7449494942659447
4891_Nb4Sr2,0.664300873104402,3.468704823865049
670_Nb2P4,-0.6739997459086903,6.46348502784244
3336_Al8Mn16,0.1273715740383494,4.1092241383981465
3850_AgW,1.187984958539951,4.599353833233085
959_GaAs2,0.1932450326482199,2.951944422478651
2172_V3W,-0.0355875914198176,3.680217544700213
286_Ca3P5,-0.4401060503561709,2.2094245764577387
3994_BaNi3,0.3882233707854299,2.937399474337542
1535_Ba2Pd,-0.3625728003444,0.6440907150734568
4457_Ca3V,0.6160135411991172,0.7664536043621183
4027_Na2Sr2,0.1054436255100468,0.4484290046451325
2201_TaV2,0.0641019182028337,3.997978705459828
1101_MoI,1.310114103845386,10.397177853916912
2521_Ta4V12,0.1864758023400057,3.802037716176487
3245_Ba4W4,1.0878871809741997,1.6395942867256763
3344_AgGa3,0.0312642882724012,2.003930261419302
2813_InRh3,-0.0658287898524747,6.147750813258584
3364_FeBr3,-0.13506335506495,11.03279252081298
4044_Sr8Bi12,-0.7505659320773692,3.3566304563677782
1622_Fe44Mo2,0.2251934174866468,5.784150477967428
4229_MoP3,-0.0003381909733004,4.1535715362096886
332_FePd2,0.637573661042404,2.2598733420042314
4187_Na4Pb2,-0.1531713600703626,2.3095348018589403
570_Cr2Ta2,0.0133151772221342,5.203805701078384
2918_V4P4,-0.7870895311130237,7.0652958011104445
2798_Pd5Sr,-0.3878520724166066,1.5810253750772922
3325_Na3Rh,0.3123486508330413,2.042701987034911
3588_FeSb,0.1735590152007571,3.630560506413077
4573_Mn6Pd2,0.1800065618612514,3.5230973740503466
2557_RbSr,0.1202435620066513,0.4663858870130344
3899_Cu4Pd8,-0.0814270191338154,3.920483844919145
4461_Mo8Ni4,0.7993973341064257,7.073358871943332
3138_AlNa3,0.1518605936468804,1.6215689546162824
17_Fe6Sb18,0.1547501784091292,3.475699129470416
1193_Ag7Al3,-0.0400596366406151,1.4672346011111366
2165_AlSb,0.2495095536161731,1.9457585339073404
3046_Al2Fe2,-0.1400259878698495,4.768511247002806
2820_Cu7In,0.0432744772338304,3.295687343926365
1280_Fe17Pd12,0.6157757955179565,2.450385645778216
1541_Pd8Ta22,-0.1923537903864579,3.396105411130571
3668_Ga8Nb4,-0.3191380989813623,4.381757718439645
4289_K32Ge32,-0.2314262604501489,1.3582640996678017
990_Ga16Pt4,-0.0780871849600103,5.357733475572982
3638_Cu2Fe2,0.2020980547607358,4.549328076894279
1461_Pd2Ge4,0.1011663982781095,2.5916275610981576
576_CrNa,0.9901028503581726,2.486248198452784
400_Ga3Na,-0.0132315287682867,3.969130031916934
1389_Cu2Ga4,0.0349927688044265,1.9719305078720375
2766_K2Pd,0.129418521939176,0.4622087814864893
4603_Cu2In6,0.2063896272875793,2.390706120284997
2803_Al4Cr2,0.4176790432707804,5.2594971482702295
3420_Ca3Mn,0.3640246657770225,1.1655406838304838
3146_Ba2W2,0.8228393727936236,1.983082180189828
4307_Au3Nb,-0.0066006916361915,2.946446678049925
1030_CrNb2,0.1022690800026554,3.43239906451153
3470_Ba3Pt,-0.0461319682219438,2.272637572916215
3823_Ga2Pd2,-0.5766066931495129,2.152384591315926
1833_Ga5Br,-0.0006488106114813,6.402294585593464
946_Al10Ga6,0.095685762753773,1.34960583824049
3511_Fe2Sr6,0.5452398911895373,0.9061698738219088
3013_Mo8V16,0.2939021979591227,6.938421264105125
4091_Ca2Pd,-0.4987472775199446,0.7682305445525528
4402_BaP3,1.7239127617203445,1.4080946738342193
1381_Mo4Pb4,0.986165049405022,6.533889900360646
4275_Ta2P4,-0.5957414793266563,7.302333601929488
4903_Mn3Sr,0.8495298385172907,4.221731952730592
3376_PbAs3,0.3915886817129497,4.019309230368728
382_AuNb2,0.0519616767212696,2.2377327699361897
1967_Ag2In4,-0.0368942050166865,2.3122245345662136
4756_K2Sn2,-0.0014499690382616,1.601333900037791
97_Ag3Al,-0.0385368658765874,1.2832581692039668
4815_Nb4Ni2,-0.1679453503596638,8.396299983043889
2514_FePb4,1.191631646347414,6.222256648389084
584_Ba3Fe,0.912948127235126,0.94246070538274
3799_Ga2Ta6,-0.0167889698066012,4.957508800982324
3480_Ba4Sr16,0.1938910097868522,0.5567265197210579
364_Ca2Sn,-0.4536710840000347,0.9495097391826988
1353_Ni2Sb4,0.0233909646702888,3.1320508170140484
2162_CrSr2,0.5298477852028718,0.7013734568578507
2800_AlNi3,-0.4061829382830826,5.3445822122183895
2880_SnTa3,0.0049675381907032,6.423462886268288
83_IrMn2,-0.0004295886141948,9.534179511138117
1976_Ag2Na4,0.1008943952187406,0.3799698690853615
2075_Ir2Mn2,-0.0091856610615099,9.752892247381768
2280_Mn2Sn,0.1991238126793746,3.2529295926403607
4782_Sr4Br,-0.2378610234737603,1.0682326362533947
4252_AlCu3,-0.1649203732823112,1.148635241948108
2486_Nb6Pt2,0.6611398953307628,7.661904169441189
2895_Al4Pd6,-0.7730897825502033,1.2029207572104852
3158_K3P,-0.0328119937475128,0.7947981194103246
3424_W2Sb6,0.694428265919723,2.992384510927231
1279_MnW3,0.4059069997705169,6.061593967186796
3465_Pb3Sr,-0.372066137539123,3.6220690196868746
1544_Mn2Sb2,0.2537435629950586,4.1953750565151084
511_AgP,0.4563419294753772,5.409921265591215
4951_Pd3Rb,0.2062061691088219,1.0332911059333845
1188_Ca6P2,-0.6035213080755142,0.5620355910658986
2861_Nb5W4,-0.0496318712627438,4.738566729179102
2383_KSn,-0.0660172371736229,1.4174863556784925
2467_Cu6Pt5,-0.1107428779714823,0.9228401497781276
3526_FeGe,0.0018767926074065,9.894438622840475
1906_InV,0.3485211857579378,6.097344936413182
3853_Sn2P4,-0.056001519449877,2.6616747057598733
1090_Al3K,0.3997707114694173,2.2386596550173
1250_Ag2Mn,0.2204605998716194,1.4768006626448833
2_Ni4Ta6,0.1017402497441466,7.17882998965231
2822_AuCu3,1.091933621721732,2.48245067373846
4344_FeNb,0.3091984780758707,11.066495732179728
77_Au4Mn,-0.0475317577619271,3.24356914061542
4421_Ir2Mn44,0.1065903814918346,6.916332243768824
2174_Au3Cr,0.0820446152069775,3.635868970308708
3149_CsSr,0.1896024769990805,0.445141445114854
4839_Fe2Sb6,0.1168711655218608,3.050622096927024
3472_Cu2Fe,0.1231665368949919,5.478529393817071
2989_AlAs,-0.2077627777841586,3.306933327820255
1151_NbBi3,0.471062909762173,11.06755502314214
1071_AsBr2,0.0753329165068876,3.2450652870424177
995_Cu2Ge4,0.1934571634987148,1.6365553679424327
710_K2Ge2,-0.1416724648632179,1.344495163045592
2144_Al6Cu2,-0.0017060816812031,1.7274514011580766
3476_Sb2P,0.3290076952128349,1.6817810380225382
1888_AuGa4,0.091451306531556,4.516469373737825
3642_Ca2Nb2,0.3719830160017174,3.923305172236504
4258_Al5Ni,-0.1007123025640458,7.259901081587503
1553_AlTa2,-0.1247615256722092,3.887344954450844
4944_PBr3,0.6417892177990348,3.6333096665221887
283_Fe3Pb,0.3868168751662972,4.483609783334929
2430_Ir17As12,0.3755484315896343,9.914560792586553
1631_Mn16W8,0.4934416629123663,3.669637973732228
3110_Ba4Cu,0.1763109246350126,0.4894140550841106
2917_Au16Sn4,0.0582444988574188,5.251886788030715
2578_Mo2Ta,-0.1710372885367566,6.656947919477216
1984_CuNi5,0.1978016568543837,4.545629944347222
1749_Au2Ga4,-0.0790314973956759,4.11085086487922
2218_Ag2Ge2,0.1888974565500993,1.6357157724699642
3222_Ca17Nb12,0.52174118601973,2.769942017008053
1051_W4Sb16,0.8629071845772032,4.664073084057948
3546_GaRh3,-0.2569407674469,6.034014541491063
805_Ca2Cu2,0.0082695203874965,1.021811458505291
1274_Al5Sr,0.0170560447700485,1.4885024048896518
985_BaIr3,1.048165124383834,3.659145058724224
841_Pb2As6,0.0647045201800651,2.6489800607235705
1584_SnW2,0.4333257138619674,3.942668672571044
2332_Ir5Na,0.3068927250645951,9.398202708312832
2931_AlMn,0.4252473515547947,4.574238743174496
2639_GaNa2,0.0128615123752906,1.300994120595418
1248_Pd2Sn2,-0.4222715211301207,3.3774128499147613
3504_Al4Pt6,-0.8428913653579073,4.471051970225863
4994_Ba2Ir2,0.5409645036856263,1.9356509861132476
380_MoTa2,-0.1507586219781795,4.66430193162259
2553_NbV2,0.0426626753663737,1.9760756093388805
1263_Ni2P4,0.0238628367824442,4.465964499564102
4167_Mn3Ta,0.0919242943004228,7.673104237578923
2199_Al2Ta4,0.5322056089761146,4.5567495053749685
303_Sb3Ge,0.2660213422478197,2.052990268410676
3614_Pb2V2,0.2658984600832914,5.739293800114026
4235_Ag3Na5,-0.0012180582987706,0.6106602467050347
194_Al12Pb12,0.2570537015373606,5.004200564931006
2299_AgTa7,0.2645234306889392,7.901023342256042
3020_Au4Ni3,0.0763955927040973,4.868054822488292
4921_NaP,-0.0973361816196645,1.3253877440529984
4481_Ba4Ir12,0.1362202141754807,4.524683230111591
3851_P12Br12,0.0127132869675463,2.5937310211785665
3259_Ga2Rh,-0.4789372728210382,4.888708270581769
664_Al3Pd,-0.4002240771260617,3.336199729229469
3403_BaCa5,0.0209200169999936,0.2307250972245997
4742_Ge5As,0.328977437833131,4.977406775476085
1065_Cr3Rh,0.0961999135035913,6.190850041112912
1270_Cu2Sn2,0.0571521049419954,1.9895991416624088
1203_BaCu5,0.1611099610981305,1.4562033537696952
2735_Rh3P,-0.1920001455727336,6.9259959656552486
1994_Ga2As,0.1121954406985832,4.180758516758949
3188_AuSb3,0.227695155440879,3.202163265971661
180_Pd2Rh2,0.0643234389585014,2.409279930169538
3775_Cu2I2,-0.2441904427747188,3.695391473644245
4530_RhSb,-0.137426643434642,5.696566941344945
1216_Pb16Sr4,-0.0826897159433492,3.1597471846372
191_Mo4Nb,1.5855713652165122,4.645286887389438
398_Nb2V4,0.4809952880147084,3.815107146866248
1463_Cr2Na,1.0064532429628876,2.474330294502985
604_Cu4Ni2,0.2141543813091626,3.9204541872612895
3737_CaP5,0.1311372483648725,2.125637616737172
4228_Mo3Nb,-0.0910283442660997,4.069837889790974
4477_Na2Pd,-0.059035687527869,0.5386007267232455
78_Ni4Sb2,0.1770521249294952,3.4728880790701284
4323_Au4Na2,-0.3609220344025997,3.4018164085487825
2632_P3Br,0.5398507092120761,3.3001113295482347
2845_Sr2W,-8.575093680456437,1.9523922435023533
3135_Nb3W,-0.0205970724341408,4.919584382947731
2278_Ag5In,0.0114862417119632,1.9478451481081416
2015_AlPd,-0.7587414640727959,1.413197935446822
2465_Au10Ga6,-0.0787485331617241,4.5874153167131695
3117_Ba4Ir12,0.140989215501504,4.4868268031030745
551_Ca12P12,-0.942817899372234,0.8356365773773536
3295_RhSr2,-0.1502170610517511,0.9457105506427717
315_CrNa,0.9867061782141312,2.453381774003308
4834_In3V,0.2276268100656002,6.993286626022579
829_Fe3Pb,0.8221365150147326,4.614648319033409
452_AgAl2,0.0093127224340404,1.3420645937547726
