file_name,formula,space_group,value_per_atom,composition,crystal_system
2_Ni4Ta6,Ni4Ta6,R-3c,0.1017402497441466,Ta3Ni2,trigonal
4_Ir2Na2,Ir2Na2,Imma,0.4721300324400452,NaIr,orthorhombic
5_MoSm,MoSm,R-3m,0.5114126186332761,SmMo,trigonal
6_Sn17P12,Sn17P12,I-43m,0.2150613449970501,Sn17P12,cubic
7_Sr6Br4,Sr6Br4,R-3c,-1.1913767863029878,Sr3Br2,trigonal
8_Ge4P12,Ge4P12,Pnma,0.2086850365686645,GeP3,orthorhombic
10_Ba2Bi3,Ba2Bi3,Immm,-0.8094130623309983,Ba2Bi3,orthorhombic
11_Mo3W3,Mo3W3,C2/m,-0.0006663757429568,MoW,monoclinic
12_InSn5,InSn5,Cm,0.0003555562973946,InSn5,monoclinic
13_Ga2Sr,Ga2Sr,P6/mmm,-0.533854310311091,SrGa2,hexagonal
16_Ac4I6,Ac4I6,R-3c,-1.145669893512698,Ac2I3,trigonal
17_Fe6Sb18,Fe6Sb18,Pmmn,0.1547501784091292,FeSb3,orthorhombic
18_InSn5,InSn5,Cm,-0.0004405329807042,InSn5,monoclinic
19_In4Sn2,In4Sn2,C2/m,0.0058372774279457,In2Sn,monoclinic
20_Sr6Br4,Sr6Br4,R-3c,-1.1928946056775946,Sr3Br2,trigonal
21_In2Sn4,In2Sn4,C2/m,0.0010884922752308,InSn2,monoclinic
22_RhGe3,RhGe3,Imm2,-0.0905160589754983,Ge3Rh,orthorhombic
23_CuEu,CuEu,Pm-3m,-0.1598074136543927,EuCu,cubic
24_Cu2Ga2,Cu2Ga2,Pmma,-0.0461503759196872,GaCu,orthorhombic
25_Fe4Na8,Fe4Na8,Pa-3,1.6371448910768656,Na2Fe,cubic
26_PtSm,PtSm,Pm-3m,-1.2893512592068015,SmPt,cubic
28_CeSb,CeSb,P-6m2,-1.0332635248915611,CeSb,hexagonal
29_Nb2W6,Nb2W6,Pmmn,0.3700803438589179,NbW3,orthorhombic
30_In5Br,In5Br,Amm2,-0.1449179659511769,In5Br,orthorhombic
31_CsNi,CsNi,Amm2,1.2079635948348568,CsNi,hexagonal
32_In4Br12,In4Br12,Pnma,-0.8565492677849518,InBr3,orthorhombic
34_Nb4W8,Nb4W8,Pnma,0.1253886633291424,NbW2,orthorhombic
36_Nb6Pt2,Nb6Pt2,Pm-3n,-0.4193485824946332,Nb3Pt,cubic
37_AlMn,AlMn,P-6m2,-0.1653908717519483,MnAl,hexagonal
38_SbP,SbP,Fm-3m,-0.0401790750342963,SbP,cubic
39_CrTa3,CrTa3,Immm,0.0265847358564226,Ta3Cr,orthorhombic
41_TaV5,TaV5,Cmmm,0.0285429832034746,TaV5,orthorhombic
43_Ir2Ta4,Ir2Ta4,Pnnm,-0.0336096433566623,Ta2Ir,orthorhombic
44_NiPt,NiPt,P-6m2,-0.0435195877614695,NiPt,hexagonal
47_Na2Pt2,Na2Pt2,Pmmn,-0.0622927350794983,NaPt,orthorhombic
48_Pb4As2,Pb4As2,Pnnm,0.0885945378502513,AsPb2,orthorhombic
49_Al3Sb5,Al3Sb5,Cmmm,0.2406565035847956,Al3Sb5,orthorhombic
50_Ir16Pd8,Ir16Pd8,Fd-3m,0.7219119116409539,Ir2Pd,cubic
51_Ag2Br2,Ag2Br2,P2_1/m,-0.4385558393715043,AgBr,monoclinic
53_NiRh,NiRh,P-6m2,0.0437963995323711,NiRh,hexagonal
54_Ba2Sn6,Ba2Sn6,Cmcm,-0.2436607623660132,BaSn3,orthorhombic
56_CsMn,CsMn,P-6m2,-5.420664132459949,CsMn,hexagonal
57_Ga2Np,Ga2Np,P6/mmm,-0.2534501835418178,NpGa2,hexagonal
58_Na2Pt4,Na2Pt4,Cmcm,-0.0507407090270112,NaPt2,orthorhombic
59_GaNp,GaNp,P-6m2,-0.1856436631432938,NpGa,hexagonal
61_NpPd,NpPd,P-6m2,0.0645258048743269,NpPd,hexagonal
64_Ag3Al5,Ag3Al5,P1,-0.0039340081548497,Al5Ag3,triclinic
66_CsSb,CsSb,P-6m2,-0.1281485487240288,CsSb,hexagonal
67_Ac3Yb,Ac3Yb,Fm-3m,0.0483534304371855,Ac3Yb,cubic
68_FePb3,FePb3,Fm-3m,0.7885119954880766,FePb3,cubic
69_FeP,FeP,R-3m,-0.053819012798443,FeP,trigonal
71_Au6Mn2,Au6Mn2,Cmcm,0.0028625383247353,MnAu3,orthorhombic
72_Ni4Ge4,Ni4Ge4,Pnma,-0.3244859129136115,NiGe,orthorhombic
74_SmSb,SmSb,P-6m2,-1.3450050363071764,SmSb,hexagonal
76_RhV,RhV,P-6m2,-0.2399275600042898,VRh,hexagonal
77_Au4Mn,Au4Mn,Immm,-0.0475317577619271,MnAu4,orthorhombic
81_Mo2As,Mo2As,Fmmm,0.430459223416058,Mo2As,orthorhombic
82_Al2Sn6,Al2Sn6,Cmcm,0.0934787482373256,AlSn3,orthorhombic
87_AuMn3,AuMn3,Pmmm,0.2960059875718608,Mn3Au,orthorhombic
89_Ba2Ge2,Ba2Ge2,Pmmn,-0.1168555505437622,BaGe,orthorhombic
92_InI,InI,R-3m,-0.3710410919205595,InI,trigonal
93_GaGe,GaGe,R-3m,-0.0146410194391521,GaGe,trigonal
108_Fe2Pb2,Fe2Pb2,Cmcm,0.4067883133950829,FePb,orthorhombic
113_CsV,CsV,P-6m2,-0.1117365929441112,CsV,hexagonal
114_CrNb3,CrNb3,Immm,0.0723080494381864,Nb3Cr,orthorhombic
116_Ba2Ge2,Ba2Ge2,Cmcm,-0.5915835598114554,BaGe,orthorhombic
118_CrTa,CrTa,F-43m,2.66607583354954,TaCr,cubic
119_IrP,IrP,R-3m,-0.126183099143863,PIr,trigonal
120_Cu8Fe16,Cu8Fe16,Fd-3m,0.325100666679899,Fe2Cu,cubic
121_Fe12W12,Fe12W12,Pbcm,0.1591388106529313,FeW,orthorhombic
123_WP,WP,F-43m,0.5181687470777128,PW,cubic
124_PbV3,PbV3,Fm-3m,0.3868962014052073,V3Pb,cubic
125_Nb4I16,Nb4I16,Cmc2_1,-0.5983008791202679,NbI4,orthorhombic
127_Ge4As2,Ge4As2,Pnnm,0.2688744583085179,Ge2As,orthorhombic
129_InPt,InPt,Fm-3m,-0.2747187912913738,InPt,cubic
130_GaP,GaP,Pm-3m,0.2827077846157659,GaP,cubic
131_NiSn,NiSn,P-6m2,-0.1266843635676862,NiSn,hexagonal
132_Au2In4,Au2In4,Pnnm,-0.1418995868927499,In2Au,orthorhombic
134_Au4Sr16,Au4Sr16,I-43m,-0.1130436182400256,Sr4Au,cubic
136_Cu6Pt4,Cu6Pt4,P1,-0.1196874372681321,Cu3Pt2,triclinic
137_Au3P,Au3P,Immm,0.2305156716459713,PAu3,orthorhombic
138_Ge2As4,Ge2As4,Pnnm,0.1196947121736281,GeAs2,orthorhombic
139_NpSb,NpSb,Fm-3m,-0.4497482521408535,NpSb,cubic
140_CrNb5,CrNb5,F-43m,0.4547293105615727,Nb5Cr,cubic
141_CeBr,CeBr,F-43m,-0.8023102457033016,CeBr,cubic
143_Ba2Pt2,Ba2Pt2,P6_3/mmc,-0.4142137698980046,BaPt,hexagonal
145_Cu4Fe8,Cu4Fe8,Pa-3,0.9290346282517644,Fe2Cu,cubic
146_RbRh,RbRh,P-6m2,1.0519039009339617,RbRh,hexagonal
147_Cu2Ni26,Cu2Ni26,Fm-3c,0.2677396298890073,CuNi13,cubic
148_CrTh,CrTh,F-43m,1.709790452893314,ThCr,cubic
150_YbP,YbP,R-3m,-0.8482652900103984,YbP,trigonal
151_Ir2Mo4,Ir2Mo4,Pnnm,0.2558778878110732,Mo2Ir,orthorhombic
157_Ag3Al4,Ag3Al4,P-1,0.003962790239954,Al4Ag3,triclinic
158_Cu2Ge4,Cu2Ge4,Pnnm,0.1885786881460269,CuGe2,orthorhombic
159_CrMn,CrMn,P-6m2,0.2433130873062836,MnCr,hexagonal
160_Ba2Pt2,Ba2Pt2,P6_3/mmc,-0.4579160620289459,BaPt,hexagonal
161_Ni2Ta4,Ni2Ta4,Fd-3m,0.6395073564584782,Ta2Ni,cubic
162_FeAs3,FeAs3,Imm2,0.0881821666677709,FeAs3,orthorhombic
164_Mo3P,Mo3P,Fm-3m,0.0756003152457989,Mo3P,cubic
166_K4Sn2,K4Sn2,Pnnm,0.0339120821430973,K2Sn,orthorhombic
167_Al3P,Al3P,Pm-3m,0.1003177873692511,Al3P,cubic
168_Fe8Mo16,Fe8Mo16,Fd-3m,0.2217364434622553,FeMo2,cubic
171_Cu5Pt5,Cu5Pt5,P1,-0.1138101380258533,CuPt,triclinic
172_CuTh,CuTh,F-43m,0.7968494262166388,ThCu,cubic
174_PbSr7,PbSr7,Fm-3m,-0.030999434316967,Sr7Pb,cubic
177_Au3Sr,Au3Sr,Pm-3m,0.7382655086643606,SrAu3,cubic
178_SrW2,SrW2,Fm-3m,3.2276063672278554,SrW2,cubic
181_WSb,WSb,F-43m,1.5974823249986905,SbW,cubic
182_Cu6Ni2,Cu6Ni2,Pm-3n,0.1032142976761845,Cu3Ni,cubic
183_AgP3,AgP3,Fm-3m,0.6377887469169732,AgP3,cubic
184_W3Sb,W3Sb,Fm-3m,0.6142879079802093,SbW3,cubic
186_Ir2Mo6,Ir2Mo6,Cmcm,0.0459888007119957,Mo3Ir,orthorhombic
188_BiBr,BiBr,P-6m2,-0.3222004881677978,BiBr,hexagonal
190_CrCu,CrCu,Fm-3m,0.99933812170078,CrCu,cubic
191_Mo4Nb,Mo4Nb,Im-3m,1.5855713652165122,NbMo4,cubic
193_Eu8Ge4,Eu8Ge4,Pnma,-0.8865988076880225,Eu2Ge,orthorhombic
194_Al12Pb12,Al12Pb12,Pbcm,0.2570537015373606,AlPb,orthorhombic
195_Ni6Ge18,Ni6Ge18,Pmmn,0.2198266953462753,NiGe3,orthorhombic
196_Au8Mn4,Au8Mn4,Pnma,-0.0326742680376834,MnAu2,orthorhombic
198_K8P4,K8P4,Pnma,-0.0861383471739086,K2P,orthorhombic
199_Al2V,Al2V,Fmmm,3.021478292177701,Al2V,orthorhombic
200_CsW,CsW,P-6m2,2.392753487086816,CsW,hexagonal
201_CrPd,CrPd,Fm-3m,0.7786205625391744,CrPd,cubic
203_NaPb3,NaPb3,Fm-3m,-0.0546219459481367,NaPb3,cubic
208_PI,PI,R-3m,0.6765507848780659,PI,cubic
209_CuI,CuI,P-6m2,0.163268240844149,CuI,hexagonal
210_Al18Pb6,Al18Pb6,Pmmn,0.208434471028663,Al3Pb,orthorhombic
211_WSb,WSb,P-6m2,0.5521977096633099,SbW,hexagonal
214_PI,PI,R-3m,0.6761453129882056,PI,cubic
221_Mo7Nb,Mo7Nb,Fm-3m,0.4178278478907451,NbMo7,cubic
222_BaIr2,BaIr2,Fm-3m,1.7617864823163814,BaIr2,cubic
226_Al4Pb2,Al4Pb2,Pnnm,0.4596315211143362,Al2Pb,orthorhombic
227_Ir2Na4,Ir2Na4,Cmcm,0.2310379275124135,Na2Ir,orthorhombic
228_Ge3P,Ge3P,Pmmm,0.4028421099060848,Ge3P,orthorhombic
230_Cu7Pt5,Cu7Pt5,P1,-0.1185395596556523,Cu7Pt5,triclinic
231_Ba3Ir,Ba3Ir,Pm-3m,0.3315548688782104,Ba3Ir,cubic
233_Ag6Al6,Ag6Al6,Cmm2,-0.0259394001015677,AlAg,orthorhombic
235_PAs3,PAs3,Fm-3m,0.5081874789383827,As3P,cubic
236_VW2,VW2,Immm,0.4517394004088544,VW2,orthorhombic
238_In4Pb16,In4Pb16,I-43m,0.2226825117026813,InPb4,cubic
239_Pb2Sb6,Pb2Sb6,Cmcm,0.156305874512693,Sb3Pb,orthorhombic
240_PaBi,PaBi,F-43m,0.5006361656619811,PaBi,cubic
241_CrTa,CrTa,F-43m,2.5070367353222007,TaCr,cubic
242_Ag7Ta,Ag7Ta,Fm-3m,0.3318113890532039,TaAg7,cubic
243_FePb3,FePb3,Pm-3m,0.4786018239383995,FePb3,cubic
244_Ni4Rh2,Ni4Rh2,Cmmm,0.1668692690605411,Ni2Rh,orthorhombic
246_WSb,WSb,Pm-3m,0.6402363637939983,SbW,cubic
247_Ba4Ir2,Ba4Ir2,Fd-3m,1.2154619112347849,Ba2Ir,cubic
248_Cu5Pt7,Cu5Pt7,P1,-0.1172246329049636,Cu5Pt7,triclinic
249_Ni8Ta16,Ni8Ta16,Fd-3m,-0.0807124775193379,Ta2Ni,cubic
251_Ba2Ni2,Ba2Ni2,P6_3mc,0.597629677831121,BaNi,hexagonal
252_AuPt,AuPt,F-43m,1.1568970335132995,PtAu,cubic
255_Mo2Pb2,Mo2Pb2,Cmcm,0.5946080176813062,MoPb,orthorhombic
256_CuIr,CuIr,F-43m,1.783717347151633,CuIr,cubic
258_Cr5Nb,Cr5Nb,F-43m,0.1469112927238486,NbCr5,cubic
260_CuNi,CuNi,F-43m,1.2524800810011456,CuNi,cubic
261_Fe3Na,Fe3Na,Fm-3m,1.127116443806946,NaFe3,cubic
263_Fe2Pb2,Fe2Pb2,Fd-3m,1.224709304364091,FePb,cubic
264_Cr4P,Cr4P,Im-3m,0.722891464014863,Cr4P,cubic
266_Ag4Al4,Ag4Al4,Cccm,-0.0171242730527843,AlAg,orthorhombic
267_CrP7,CrP7,Fm-3m,0.6510238187764203,CrP7,cubic
269_SnP3,SnP3,Fm-3m,0.5314056150159168,SnP3,cubic
270_FeNa,FeNa,Fm-3m,2.2341407373912583,NaFe,cubic
272_NbPb3,NbPb3,Cmmm,0.5071251497625129,NbPb3,orthorhombic
274_CsBr,CsBr,F-43m,-1.85028031224608,CsBr,cubic
275_V4W4,V4W4,Pnma,0.2378765211926374,VW,orthorhombic
276_K5Ge,K5Ge,Amm2,0.1171544290501849,K5Ge,orthorhombic
277_Ba2Cu2,Ba2Cu2,Cmcm,-0.0169725723717149,BaCu,orthorhombic
278_Al12Sn4,Al12Sn4,Pnma,0.1373679800708411,Al3Sn,orthorhombic
279_Ba2Cu4,Ba2Cu4,Cmcm,0.1679982061833745,BaCu2,orthorhombic
280_K3P,K3P,Imm2,0.1089889412197191,K3P,orthorhombic
281_YbBi,YbBi,F-43m,-0.1419430461440991,YbBi,cubic
282_V2W,V2W,Immm,0.1508598416056431,V2W,orthorhombic
283_Fe3Pb,Fe3Pb,Pm-3m,0.3868168751662972,Fe3Pb,cubic
284_Cu6Pt6,Cu6Pt6,P1,-0.0941277396963631,CuPt,triclinic
285_MoPb3,MoPb3,Immm,0.5025277881857404,MoPb3,orthorhombic
286_Ca3P5,Ca3P5,Cmmm,-0.4401060503561709,Ca3P5,orthorhombic
287_Ca12Mo4,Ca12Mo4,Pnma,0.6399058390486374,Ca3Mo,orthorhombic
289_P5As,P5As,F-43m,0.7837244693717675,AsP5,cubic
290_W24P5,W24P5,I-43m,0.4316480836713108,P5W24,cubic
291_Fe24Pb5,Fe24Pb5,I-43m,0.554399661464772,Fe24Pb5,cubic
292_Ga14Pt6,Ga14Pt6,Im-3m,-0.5450134948837502,Ga7Pt3,cubic
293_Mo4Pb2,Mo4Pb2,Cmcm,0.5902547794711998,Mo2Pb,orthorhombic
295_Fe2Pb,Fe2Pb,Fm-3m,1.38281204978178,Fe2Pb,cubic
296_Ag2Ge2,Ag2Ge2,Pmmn,0.173659045568022,AgGe,orthorhombic
297_FePd3,FePd3,Pm-3m,-0.1061349423812592,FePd3,cubic
299_NbW3,NbW3,Cmmm,0.4719516784127222,NbW3,orthorhombic
302_CuK,CuK,Pm-3m,0.4781945344055849,KCu,cubic
303_Sb3Ge,Sb3Ge,Immm,0.2660213422478197,GeSb3,orthorhombic
304_AlCu5,AlCu5,Cmmm,-0.1362652104227132,AlCu5,orthorhombic
307_NbW3,NbW3,Pmm2,0.4627843224115704,NbW3,orthorhombic
308_Na4Pb,Na4Pb,Im-3m,-0.0642697687374035,Na4Pb,cubic
309_Fe16Pd8,Fe16Pd8,Fd-3m,0.2678129794078536,Fe2Pd,cubic
310_Ba6Sn2,Ba6Sn2,Cmcm,-0.1445053251641583,Ba3Sn,orthorhombic
311_Fe3Pd,Fe3Pd,Fm-3m,0.0705064552450434,Fe3Pd,cubic
312_Nb2W4,Nb2W4,Pnnm,0.1948479195466153,NbW2,orthorhombic
315_CrNa,CrNa,Cmmm,0.9867061782141312,NaCr,orthorhombic
316_MnW,MnW,F-43m,1.98968045727348,MnW,cubic
318_Sb3Ge,Sb3Ge,Pmmm,0.2645231169142601,GeSb3,orthorhombic
321_PAs,PAs,Pm-3m,0.552972441845033,AsP,cubic
323_TaYb,TaYb,F-43m,3.229303225683664,YbTa,cubic
326_Ba16Ir8,Ba16Ir8,Fd-3m,0.0796746013083324,Ba2Ir,cubic
329_SnTa,SnTa,F-43m,1.464329287677855,TaSn,cubic
330_FePd3,FePd3,Pm-3m,1.3101389883025163,FePd3,cubic
332_FePd2,FePd2,Fm-3m,0.637573661042404,FePd2,cubic
333_K2P2,K2P2,Cmcm,-0.4201608338771931,KP,orthorhombic
335_Cu3Sb,Cu3Sb,Fm-3m,0.1292163677066637,Cu3Sb,cubic
336_KP3,KP3,Pmmm,0.0163658427781863,KP3,orthorhombic
337_SmYb3,SmYb3,Pm-3m,-0.1239708918231743,Yb3Sm,cubic
340_Ag2Ge2,Ag2Ge2,Pmmn,0.1739586116285205,AgGe,orthorhombic
342_Ag3Ge,Ag3Ge,Pmmm,0.0800694173601241,Ag3Ge,orthorhombic
343_TaGe3,TaGe3,Cmmm,0.210347076036002,TaGe3,orthorhombic
344_Nb3W,Nb3W,Immm,-0.0274865342817491,Nb3W,orthorhombic
345_Cu6Pt4,Cu6Pt4,P-1,-0.1122154596063794,Cu3Pt2,triclinic
346_Ni4Rh8,Ni4Rh8,Pnma,0.0535778871675454,NiRh2,orthorhombic
347_SmTa,SmTa,P-6m2,0.266372281515423,SmTa,hexagonal
348_MnNb,MnNb,F-43m,1.8045609325081904,MnNb,cubic
350_FeAs3,FeAs3,Pmm2,0.2431374712098151,FeAs3,orthorhombic
351_Cr3Rh,Cr3Rh,Pm-3m,0.1470079694940231,Cr3Rh,cubic
352_AuP3,AuP3,Cmmm,0.5236402867825065,P3Au,orthorhombic
353_Fe8Pd4,Fe8Pd4,Pa-3,0.8325658894387308,Fe2Pd,cubic
354_CaCr3,CaCr3,Cmmm,0.7352797838408138,CaCr3,orthorhombic
357_CeGa3,CeGa3,Fm-3m,-0.2983194587045221,CeGa3,cubic
358_SbGe,SbGe,Cmmm,0.3136889612467888,GeSb,orthorhombic
359_As6Br2,As6Br2,Pm-3n,0.7613573160563023,As3Br,cubic
366_NiAs3,NiAs3,Fm-3m,0.0077896201439395,NiAs3,cubic
367_Al3Rh,Al3Rh,Pmmm,-0.5352493491958317,Al3Rh,orthorhombic
369_Ba3Sn,Ba3Sn,Immm,-0.3223431693894989,Ba3Sn,orthorhombic
371_Ag14Ca4,Ag14Ca4,Cmcm,-0.2682671116525693,Ca2Ag7,orthorhombic
372_Ag4Al8,Ag4Al8,P-1,-0.0227212694995966,Al2Ag,triclinic
373_Mn8W16,Mn8W16,Fd-3m,0.2505562964440694,MnW2,cubic
374_Al6Rh6,Al6Rh6,Pmmm,-0.7530327867590891,AlRh,orthorhombic
376_Mo3Sr,Mo3Sr,Cmmm,0.7041883060347418,SrMo3,orthorhombic
377_Au3Nb,Au3Nb,Pmmm,-0.0381561659350113,NbAu3,orthorhombic
379_P3As,P3As,Fm-3m,0.6037013122326167,AsP3,cubic
381_Sb4Ge2,Sb4Ge2,Cmcm,0.2403865894397162,GeSb2,orthorhombic
382_AuNb2,AuNb2,Immm,0.0519616767212696,Nb2Au,orthorhombic
383_Ni3Sm,Ni3Sm,Pm-3m,-0.3299709059681639,SmNi3,cubic
386_Na2Pt2,Na2Pt2,Cmcm,-0.0678347584527458,NaPt,orthorhombic
387_FePd,FePd,Fm-3m,0.4812580703488791,FePd,cubic
390_Pb6As2,Pb6As2,Pmmn,0.28922667106808,AsPb3,orthorhombic
392_FePd3,FePd3,Fm-3m,-0.0230776675298578,FePd3,cubic
393_Mn6W2,Mn6W2,Pm-3n,0.1746507393824732,Mn3W,cubic
396_Au2Nb2,Au2Nb2,Cmme,-0.1082128533063704,NbAu,orthorhombic
397_AuNb3,AuNb3,Pmm2,0.0958726177621862,Nb3Au,orthorhombic
399_Au2Nb2,Au2Nb2,Pmma,-0.0960918000005977,NbAu,orthorhombic
401_AlGa3,AlGa3,Cmmm,0.0361313760628045,AlGa3,orthorhombic
406_As4Br,As4Br,Im-3m,0.8804043387066216,As4Br,cubic
425_CsYb,CsYb,P-6m2,0.2133070813367397,CsYb,hexagonal
443_Cr3Nb,Cr3Nb,Immm,0.0969227978575446,NbCr3,orthorhombic
461_Nb2Pt2,Nb2Pt2,Pmma,-0.6457401466596764,NbPt,orthorhombic
462_Fe2Pb4,Fe2Pb4,Pnnm,0.4720998800685994,FePb2,orthorhombic
470_P24As5,P24As5,I-43m,0.2436816057725621,As5P24,cubic
471_Mo3W3,Mo3W3,Cm,-0.0025435217114875,MoW,monoclinic
472_Ca4P2,Ca4P2,Pnnm,-0.8954120405437109,Ca2P,orthorhombic
479_Ca18Mo6,Ca18Mo6,Pmmn,0.6779185862039393,Ca3Mo,orthorhombic
485_PI,PI,R-3m,0.6799114991940689,PI,cubic
488_Ga2Sr,Ga2Sr,P6/mmm,-0.531548045592905,SrGa2,hexagonal
489_In2Br2,In2Br2,Cmcm,-0.8172334018909813,InBr,orthorhombic
493_Fe3Na,Fe3Na,Fm-3m,1.1195761482720776,NaFe3,cubic
499_Cu2Ga4,Cu2Ga4,Pnnm,0.0312333231286986,Ga2Cu,orthorhombic
501_FeSb3,FeSb3,Immm,0.3358709608334767,FeSb3,orthorhombic
506_MnRh,MnRh,Pm-3m,-0.1937437766726706,MnRh,cubic
507_Ba2Pd4,Ba2Pd4,Cmcm,-0.2163654657637609,BaPd2,orthorhombic
510_Ga2P,Ga2P,Fm-3m,0.1252236395168893,Ga2P,cubic
511_AgP,AgP,Pm-3m,0.4563419294753772,AgP,cubic
515_Ni4U6,Ni4U6,R-3c,0.0729580915631913,U3Ni2,trigonal
517_AlNi,AlNi,P-6m2,-0.4930291561301398,AlNi,hexagonal
518_CaPb5,CaPb5,Amm2,-0.1095779331682044,CaPb5,orthorhombic
522_FeTh,FeTh,Fm-3m,0.1634547455125092,ThFe,cubic
524_In2Sn4,In2Sn4,C2/m,-0.0003308860237745,InSn2,monoclinic
526_GeP,GeP,P-6m2,0.3757062883912843,GeP,hexagonal
527_Ca3Pb,Ca3Pb,Immm,-0.2743955233667527,Ca3Pb,orthorhombic
528_IrTa3,IrTa3,Immm,-0.316739098636301,Ta3Ir,orthorhombic
530_AuNb,AuNb,F-43m,1.243237284066657,NbAu,cubic
533_Ga12P17,Ga12P17,I-43m,0.0434574895154503,Ga12P17,cubic
542_Fe12Mo17,Fe12Mo17,I-43m,0.1109067026742717,Fe12Mo17,cubic
543_Sr4Br8,Sr4Br8,Pnma,-2.1555202848237465,SrBr2,orthorhombic
545_Ba2Pd4,Ba2Pd4,Cmcm,-0.4201277691933628,BaPd2,orthorhombic
548_CuIr,CuIr,F-43m,1.7455088971045418,CuIr,cubic
549_FeNa,FeNa,Pm-3m,1.1342721190919105,NaFe,cubic
551_Ca12P12,Ca12P12,Pbcm,-0.942817899372234,CaP,orthorhombic
552_Fe17Pb12,Fe17Pb12,I-43m,1.2324810144787373,Fe17Pb12,cubic
553_Al8Sn4,Al8Sn4,Pnma,0.1639814527707136,Al2Sn,orthorhombic
555_In2Sn4,In2Sn4,C2/m,0.0015668598982495,InSn2,monoclinic
556_Ir4Ta2,Ir4Ta2,Pnnm,-0.1360535071058433,TaIr2,orthorhombic
560_Ir4As12,Ir4As12,Im-3,-0.42536219858306,As3Ir,cubic
562_Mo2W4,Mo2W4,C2/m,-0.0005864744588208,MoW2,monoclinic
563_CsNi,CsNi,Amm2,1.1901183413278558,CsNi,hexagonal
566_NaPd3,NaPd3,Cmmm,0.0354355352941269,NaPd3,orthorhombic
568_AsBr4,AsBr4,Im-3m,0.0827368421497677,AsBr4,cubic
569_CuNi,CuNi,P-6m2,0.0094961468601439,CuNi,hexagonal
570_Cr2Ta2,Cr2Ta2,Imma,0.0133151772221342,TaCr,orthorhombic
575_AcRb,AcRb,Fm-3m,0.98654844080828,RbAc,cubic
576_CrNa,CrNa,Cmmm,0.9901028503581726,NaCr,orthorhombic
577_Ba3Ir,Ba3Ir,Fm-3m,0.338428116950626,Ba3Ir,cubic
580_SmBi,SmBi,P-6m2,-1.0609019344514443,SmBi,hexagonal
581_BaPd3,BaPd3,Immm,-0.1696675891449359,BaPd3,orthorhombic
582_InBr3,InBr3,Immm,-0.5541793780190627,InBr3,orthorhombic
583_InBr5,InBr5,Amm2,-0.2712177359377226,InBr5,orthorhombic
585_AuNi,AuNi,F-43m,0.9641375582202292,NiAu,cubic
586_AuSr,AuSr,Pm-3m,-0.7391766903276662,SrAu,cubic
587_Ac4Br6,Ac4Br6,R-3c,-1.476718120044118,Ac2Br3,trigonal
588_Ag4Al4,Ag4Al4,P1,-0.0205140921578426,AlAg,triclinic
590_Sb4Ge2,Sb4Ge2,Cmcm,0.2864570294892138,GeSb2,orthorhombic
591_AlPd,AlPd,P-6m2,-0.769562325120063,AlPd,hexagonal
592_InSb,InSb,Fm-3m,-0.1304174171677101,InSb,cubic
596_Cr6Ta18,Cr6Ta18,Pmmn,0.2734942512328213,Ta3Cr,orthorhombic
597_Cu6Pt5,Cu6Pt5,P-1,-0.1221253059125608,Cu6Pt5,triclinic
598_K2Ge2,K2Ge2,Imma,-0.1488017230705125,KGe,orthorhombic
599_Ag2Na,Ag2Na,Immm,-0.0121683720273303,NaAg2,orthorhombic
600_Ni4Ta4,Ni4Ta4,P2_13,0.0027783047602145,TaNi,cubic
603_CrP7,CrP7,Fm-3m,0.6510238187764203,CrP7,cubic
604_Cu4Ni2,Cu4Ni2,Fd-3m,0.2141543813091626,Cu2Ni,cubic
605_Fe4Mo16,Fe4Mo16,I-43m,0.753637950687812,FeMo4,cubic
606_Ni3Np,Ni3Np,Pm-3m,0.1401342863873935,NpNi3,cubic
607_NaI,NaI,F-43m,-1.3156962778764316,NaI,cubic
609_GaP2,GaP2,Fm-3m,0.4456024952488941,GaP2,cubic
610_CuNi4,CuNi4,Im-3m,0.8709995730334945,CuNi4,cubic
612_NiTa2,NiTa2,Fm-3m,0.3244954078270427,Ta2Ni,cubic
613_IrAs,IrAs,Fm-3m,0.2667370160346731,AsIr,cubic
614_Ge18P6,Ge18P6,Pmmn,0.3569418465741094,Ge3P,orthorhombic
615_Au12Sr17,Au12Sr17,I-43m,-0.3497568575971653,Sr17Au12,cubic
616_Mo2Nb2,Mo2Nb2,Fd-3m,-0.0860738262660874,NbMo,cubic
617_PaGe3,PaGe3,Fm-3m,-0.3479441991654255,PaGe3,cubic
622_Fe2Pb2,Fe2Pb2,Fd-3m,1.216375423914755,FePb,cubic
623_K2As2,K2As2,Imma,-0.3857350325807225,KAs,orthorhombic
624_Fe5As3,Fe5As3,Cmmm,0.0406293060694071,Fe5As3,orthorhombic
627_AuIr,AuIr,F-43m,1.8220014981525097,IrAu,cubic
630_P4As,P4As,Im-3m,0.812091334973811,AsP4,cubic
631_SrW,SrW,Pm-3m,1.9972426006473425,SrW,cubic
632_Nb4I16,Nb4I16,Cmc2_1,-0.5914529900423056,NbI4,orthorhombic
633_Fe4V12,Fe4V12,Pnma,0.0347610532886228,V3Fe,orthorhombic
635_CrNb,CrNb,Pm-3m,0.0400403641248559,NbCr,cubic
636_Pd3Sb,Pd3Sb,Pmm2,-0.3289871844330214,SbPd3,orthorhombic
638_Ta2V2,Ta2V2,Cmcm,0.3131622498215911,TaV,orthorhombic
640_SrW,SrW,Pm-3m,1.9908134049990984,SrW,cubic
642_As4Br16,As4Br16,I-43m,-0.046800421294947,AsBr4,cubic
643_Al4Pb8,Al4Pb8,Pnma,0.190216711141165,AlPb2,orthorhombic
644_Al2Pt2,Al2Pt2,Imma,-0.9206056344885516,AlPt,orthorhombic
645_CaBr3,CaBr3,Immm,-1.3581370482902582,CaBr3,orthorhombic
647_PtTh,PtTh,R-3m,-0.9985407139856556,ThPt,trigonal
648_CrTa,CrTa,F-43m,2.4750764616864167,TaCr,cubic
649_AuPa,AuPa,Fm-3m,-0.285637361273328,PaAu,cubic
650_Mo5P24,Mo5P24,I-43m,0.4231915241768708,Mo5P24,cubic
651_Mo4P8,Mo4P8,Pa-3,0.2062202022958482,MoP2,cubic
653_NaP,NaP,P-6m2,0.1240933747896404,NaP,hexagonal
654_Al2In4,Al2In4,Cmcm,0.1587686536238752,AlIn2,orthorhombic
656_CrSb,CrSb,F-43m,0.450704512349529,CrSb,cubic
657_CsI,CsI,P-6m2,-1.618852980774196,CsI,hexagonal
659_Ce4Fe34,Ce4Fe34,P6_3/mmc,0.018078707394174,Ce2Fe17,hexagonal
660_Al3Ca,Al3Ca,Fm-3m,-0.0211971321280866,CaAl3,cubic
661_CrTh,CrTh,P-6m2,0.7174677879494853,ThCr,hexagonal
662_AgAl2,AgAl2,Immm,0.0076579922915721,Al2Ag,orthorhombic
665_AsBr4,AsBr4,Im-3m,0.0831803890341781,AsBr4,cubic
666_Ag3Ta,Ag3Ta,Fm-3m,0.4492187079928644,TaAg3,cubic
668_MoSn,MoSn,P-6m2,0.2023255626539493,SnMo,hexagonal
671_NpPd,NpPd,R-3m,0.0703951164883882,NpPd,trigonal
672_Ba2Ta4,Ba2Ta4,Cmcm,0.787986574164344,BaTa2,orthorhombic
675_AlRh3,AlRh3,Pmmm,-0.4132671229453981,AlRh3,orthorhombic
676_AgTa3,AgTa3,Pm-3m,3.185028116001336,Ta3Ag,cubic
678_Na4Pt8,Na4Pt8,Pnma,-0.0907200855774921,NaPt2,orthorhombic
680_EuGa3,EuGa3,Fm-3m,-0.4397634530988226,EuGa3,cubic
683_Cr3Na,Cr3Na,Cmmm,0.5610182583884997,NaCr3,orthorhombic
684_AgAs,AgAs,Fm-3m,0.0355941644367785,AgAs,cubic
686_Cu4Ge2,Cu4Ge2,Pnnm,0.1101341585813073,Cu2Ge,orthorhombic
687_In3Ni,In3Ni,Fm-3m,0.2402447399500977,In3Ni,cubic
688_AuV,AuV,Fm-3m,0.5982158839355014,VAu,cubic
689_In3Sr,In3Sr,Pm-3m,-0.3304793817924882,SrIn3,cubic
691_AgNi2,AgNi2,Immm,0.2273391932782319,Ni2Ag,orthorhombic
692_Fe2Mo,Fe2Mo,Fm-3m,0.8089052993960735,Fe2Mo,cubic
693_Mo7P,Mo7P,Fm-3m,0.2919101955614458,Mo7P,cubic
695_In4Br2,In4Br2,C2/m,-0.3554943725237409,In2Br,monoclinic
696_Ag3Ge,Ag3Ge,Imm2,0.087668262499847,Ag3Ge,orthorhombic
697_Ge2P6,Ge2P6,Cmcm,0.3548940576013857,GeP3,orthorhombic
699_NbW3,NbW3,Immm,-0.0676890586603047,NbW3,orthorhombic
701_Fe2W4,Fe2W4,Cmcm,0.1736369429963483,FeW2,orthorhombic
702_Al2K2,Al2K2,Cmcm,0.2122518133412239,KAl,orthorhombic
703_Pb5As,Pb5As,Cmmm,0.0742787194289308,AsPb5,orthorhombic
704_Cu7Pt5,Cu7Pt5,P1,-0.1193349788810517,Cu7Pt5,triclinic
705_P16As8,P16As8,Fd-3m,0.2640915783909587,AsP2,cubic
706_Ta4V6,Ta4V6,Fdd2,0.1993984094369878,Ta2V3,orthorhombic
707_Pd3Sb,Pd3Sb,Immm,-0.3760822909045904,SbPd3,orthorhombic
708_Fe4Pd8,Fe4Pd8,Pa-3,0.8340075111538189,FePd2,cubic
709_CeTa,CeTa,P-6m2,0.7696654382297821,CeTa,hexagonal
710_K2Ge2,K2Ge2,Cmcm,-0.1416724648632179,KGe,monoclinic
711_CrNb,CrNb,Pm-3m,0.0374160302242572,NbCr,cubic
713_Ir18Ta6,Ir18Ta6,Pmmn,-0.5508677004764083,TaIr3,orthorhombic
714_Fe2Pd26,Fe2Pd26,Fm-3c,0.4845342715894613,FePd13,cubic
717_TaBi,TaBi,F-43m,1.5440836077559703,TaBi,cubic
718_AgGe5,AgGe5,Cmmm,0.2757923473918933,AgGe5,orthorhombic
720_GaPt4,GaPt4,Im-3m,0.1320540703884518,GaPt4,cubic
722_Al14Th4,Al14Th4,Pbam,-0.3544823034813247,Th2Al7,orthorhombic
725_SrV,SrV,P-6m2,1.1938333385077635,SrV,hexagonal
726_Ca2Pb6,Ca2Pb6,Cmcm,0.109675289575164,CaPb3,orthorhombic
728_FeBr3,3-Feb,Fm-3m,0.3130408727754359,FeBr3,cubic
729_CrNb,CrNb,Pm-3m,0.0704811032511401,NbCr,cubic
730_Ni3Ta,Ni3Ta,Fm-3m,-0.1871286724374261,TaNi3,cubic
731_Cr6Pb18,Cr6Pb18,Pmmn,0.8597710145046591,CrPb3,orthorhombic
736_Cr2Nb4,Cr2Nb4,Fd-3m,0.7428867004486825,Nb2Cr,cubic
737_NiBi3,NiBi3,Fm-3m,0.3715862485464503,NiBi3,cubic
739_Ag2Ta4,Ag2Ta4,Fd-3m,0.5628349412683527,Ta2Ag,cubic
740_Ag5Al7,Ag5Al7,P-1,-0.0106816300969262,Al7Ag5,triclinic
741_Cr6Ge2,Cr6Ge2,Pm-3n,-0.2224477129566402,Cr3Ge,cubic
745_CaCr3,CaCr3,Pmm2,0.7852050754029234,CaCr3,orthorhombic
748_Mo2P,Mo2P,Fm-3m,0.0111428188688501,Mo2P,cubic
751_Ca3Ir,Ca3Ir,Fm-3m,-0.046826592853308,Ca3Ir,cubic
752_Ba2Ga2,Ba2Ga2,Pmma,-0.1956373653855494,BaGa,orthorhombic
754_Ba3Sn,Ba3Sn,Immm,-0.322119701814052,Ba3Sn,orthorhombic
755_RhV,RhV,F-43m,0.682774889396148,VRh,cubic
757_W5P,W5P,F-43m,0.7596371541010379,PW5,cubic
758_Cu4Pt7,Cu4Pt7,P1,-0.1032958613637947,Cu4Pt7,triclinic
759_P4Br16,P4Br16,I-43m,0.0475859620767529,PBr4,cubic
760_Cr26Nb2,Cr26Nb2,Fm-3c,0.3761024021291713,NbCr13,cubic
761_CuMo,CuMo,P-6m2,0.34300430186188,CuMo,hexagonal
763_PbAs3,PbAs3,Immm,0.2528127421578459,As3Pb,orthorhombic
767_Al18Pt6,Al18Pt6,Pmmn,-0.5079458393087251,Al3Pt,orthorhombic
768_Mo8Nb16,Mo8Nb16,Fd-3m,0.217704353426722,Nb2Mo,cubic
769_P16Br4,P16Br4,I23,0.5858727126604272,P4Br,cubic
771_Al2Pt4,Al2Pt4,Pnnm,-0.6594769920454873,AlPt2,orthorhombic
772_PbGe3,PbGe3,Fm-3m,0.1001123730519051,Ge3Pb,cubic
773_InTa3,InTa3,Pmm2,0.2223334662506904,Ta3In,orthorhombic
774_W5Sb,W5Sb,F-43m,0.6439930759214031,SbW5,cubic
775_MoI,MoI,F-43m,1.3140727451876053,MoI,cubic
776_As17Br12,As17Br12,I-43m,0.0012304841898449,As17Br12,cubic
777_Al2Cu6,Al2Cu6,Cmcm,-0.1611115337218152,AlCu3,orthorhombic
778_NaPb,NaPb,P-6m2,-0.1123338049140905,NaPb,hexagonal
780_NiTa,NiTa,P-6m2,0.0359782446442089,TaNi,hexagonal
785_Mn4W16,Mn4W16,I-43m,0.9153041860879512,MnW4,cubic
788_CrTa3,CrTa3,Immm,0.0310400462610473,Ta3Cr,orthorhombic
789_AuP3,AuP3,Imm2,0.4511237559475161,P3Au,orthorhombic
792_AuNp,AuNp,F-43m,1.4256368145629512,NpAu,cubic
794_Sb5Ge,Sb5Ge,Amm2,0.1763970050717992,GeSb5,orthorhombic
796_RhBi,RhBi,P-6m2,0.0684266591716671,BiRh,hexagonal
797_Al2K4,Al2K4,Cmcm,0.155120108336991,K2Al,orthorhombic
798_Ba2Sn4,Ba2Sn4,Cmcm,-0.4831717141879193,BaSn2,orthorhombic
800_Fe3Pd,Fe3Pd,Pm-3m,0.0678074179691172,Fe3Pd,cubic
802_FePd,FePd,Pm-3m,0.0486880392537516,FePd,cubic
803_Au5Sr24,Au5Sr24,I-43m,0.0134686051511183,Sr24Au5,cubic
804_Au16Sr4,Au16Sr4,I-43m,-0.4516277814634968,SrAu4,cubic
806_Al2Cu2,Al2Cu2,Pmma,-0.1881961713948934,AlCu,orthorhombic
808_In5Ta3,In5Ta3,Cmmm,0.274984929722831,Ta3In5,orthorhombic
810_Cu3K,Cu3K,Pm-3m,0.7647491590705378,KCu3,cubic
817_SmI3,SmI3,Pm-3m,-0.8819491333694671,SmI3,cubic
819_Au3Nb,Au3Nb,Pmmm,-0.0370355227978214,NbAu3,orthorhombic
821_Ag12Br4,Ag12Br4,Pnma,0.0515699371614406,Ag3Br,orthorhombic
824_Nb2W,Nb2W,Immm,0.4045436001845151,Nb2W,orthorhombic
826_BaSn5,BaSn5,Cmmm,-0.2592371020090927,BaSn5,orthorhombic
829_Fe3Pb,Fe3Pb,Fm-3m,0.8221365150147326,Fe3Pb,cubic
830_Mn4W16,Mn4W16,I-43m,0.9114480338063672,MnW4,cubic
831_Ag4Ge12,Ag4Ge12,Pnma,0.2482454616969152,AgGe3,orthorhombic
833_Sb3Ge,Sb3Ge,Cmmm,0.2674849223565756,GeSb3,orthorhombic
834_Ag5Sn3,Ag5Sn3,Cmmm,0.0055465449788667,Ag5Sn3,orthorhombic
835_Ag3Br,Ag3Br,Immm,0.1339256805882671,Ag3Br,orthorhombic
836_MnW5,MnW5,F-43m,0.637096752327229,MnW5,cubic
837_Mn2W2,Mn2W2,Fd-3m,0.151687813937281,MnW,cubic
839_Pb4As4,Pb4As4,Pnma,0.0962067827938515,AsPb,orthorhombic
841_Pb2As6,Pb2As6,Pmmn,0.0647045201800651,As3Pb,orthorhombic
843_SbGe3,SbGe3,Cmmm,0.3111828316428111,Ge3Sb,orthorhombic
844_Au2Nb4,Au2Nb4,Cmcm,0.066589382172116,Nb2Au,orthorhombic
845_Ni3Sb,Ni3Sb,Fm-3m,-0.2230025413726162,Ni3Sb,cubic
846_In2Ta2,In2Ta2,Pmma,0.2468565124577857,TaIn,orthorhombic
847_Fe3Pb,Fe3Pb,Pm-3m,0.8418246784643095,Fe3Pb,cubic
920_Cr24P5,Cr24P5,I-43m,0.1464752893235274,Cr24P5,cubic
921_Cr4P8,Cr4P8,Pa-3,0.1722750167158722,CrP2,cubic
922_Ag4Al4,Ag4Al4,Pmm2,-0.0125733738802225,AlAg,orthorhombic
923_Ca4P6,Ca4P6,Fdd2,-0.7364136415173135,Ca2P3,orthorhombic
924_Fe16Na4,Fe16Na4,I-43m,0.8854584092029818,NaFe4,cubic
925_In5Sn,In5Sn,Cm,0.0071618832732151,In5Sn,monoclinic
926_Nb4Pb4,Nb4Pb4,Pnma,0.5735621749519426,NbPb,orthorhombic
927_Pb2Sb2,Pb2Sb2,Imma,0.0600887634065325,SbPb,orthorhombic
928_CaMo3,CaMo3,Pmmm,0.7670388591526027,CaMo3,orthorhombic
929_GeP3,GeP3,Immm,0.3912980832327397,GeP3,orthorhombic
930_Ba4Pd2,Ba4Pd2,Cmcm,-0.3112198981691587,Ba2Pd,orthorhombic
933_BiP,BiP,P-6m2,0.2191229412468898,BiP,hexagonal
934_Nb2Pb4,Nb2Pb4,Pnnm,0.527916409969278,NbPb2,orthorhombic
935_BaPd5,BaPd5,Amm2,-0.0742184407992028,BaPd5,orthorhombic
936_FeAs3,FeAs3,Imm2,0.0897481398296129,FeAs3,orthorhombic
939_In2Sn2,In2Sn2,C2/m,0.0072557806581281,InSn,monoclinic
941_FeIn,FeIn,P-6m2,0.331680491258254,InFe,hexagonal
942_Cu2Ga2,Cu2Ga2,Cmcm,-0.0384632138339466,GaCu,orthorhombic
943_USb,USb,P-6m2,-0.2871926910980855,USb,hexagonal
944_Sb5Ge,Sb5Ge,Cmmm,0.3160109171990714,GeSb5,orthorhombic
945_RbRh,RbRh,P-6m2,1.0520374114343962,RbRh,hexagonal
946_Al10Ga6,Al10Ga6,Cmcm,0.095685762753773,Al5Ga3,orthorhombic
947_Au12Nb12,Au12Nb12,Pbcm,0.0246907527303363,NbAu,orthorhombic
949_Cr12Ta12,Cr12Ta12,Pbcm,0.2317028235556613,TaCr,orthorhombic
950_Sb3Ge,Sb3Ge,Immm,0.2281014348942531,GeSb3,orthorhombic
951_Fe2Mo,Fe2Mo,Fm-3m,0.8205961221980852,Fe2Mo,cubic
952_Pb2As4,Pb2As4,Pnnm,0.1364370872739471,As2Pb,orthorhombic
953_Al2In6,Al2In6,Cmcm,0.1239297719224783,AlIn3,orthorhombic
954_Ga24Pt5,Ga24Pt5,I-43m,-0.0221923533320317,Ga24Pt5,cubic
956_GaU,GaU,R-3m,-0.2505695382326465,UGa,trigonal
958_Al3In,Al3In,Cmmm,0.1618625852910868,Al3In,orthorhombic
960_In2Br4,In2Br4,Cmcm,-0.4657886603656829,InBr2,orthorhombic
961_PaSr,PaSr,R-3m,0.428211552056168,SrPa,trigonal
963_Pb5As,Pb5As,Cmmm,0.0730055359613004,AsPb5,orthorhombic
964_KMn,KMn,P-6m2,1.154798689515636,KMn,hexagonal
967_Ga2K,Ga2K,Immm,0.003014998792573,KGa2,orthorhombic
969_CsW,CsW,P-6m2,2.3783873322065965,CsW,hexagonal
970_Nb4W8,Nb4W8,Pnma,0.124329705043389,NbW2,orthorhombic
971_Cr6Ta2,Cr6Ta2,Pmmn,0.3273652456195499,TaCr3,orthorhombic
973_MnW,MnW,Pm-3m,0.1476485737560633,MnW,cubic
977_SmW,SmW,F-43m,2.654567875129585,SmW,cubic
978_AlIn3,AlIn3,Pmm2,0.1314761879387154,AlIn3,orthorhombic
979_AuNb3,AuNb3,Imm2,0.040060795731776,Nb3Au,orthorhombic
980_CrTa,CrTa,Cmmm,0.1363227916180687,TaCr,orthorhombic
981_AlMo3,AlMo3,Fm-3m,-0.0073852883437464,AlMo3,cubic
982_Cr2Na2,Cr2Na2,Cmme,0.6053910532536468,NaCr,orthorhombic
985_BaIr3,BaIr3,Fm-3m,1.048165124383834,BaIr3,cubic
986_PAs,PAs,Pm-3m,0.5533038979136409,AsP,cubic
987_Cr2Na2,Cr2Na2,Pmmn,0.9853560370272048,NaCr,orthorhombic
990_Ga16Pt4,Ga16Pt4,I-43m,-0.0780871849600103,Ga4Pt,cubic
991_Ni4Rh2,Ni4Rh2,Pmmm,0.0388150810912032,Ni2Rh,orthorhombic
993_Ba4Ni6,Ba4Ni6,R-3c,0.4805433521371796,Ba2Ni3,trigonal
994_Ga3Pt5,Ga3Pt5,Cmmm,-0.561520434446523,Ga3Pt5,orthorhombic
998_KI,KI,R-3m,-1.585206424514379,KI,trigonal
1002_RhV,RhV,F-43m,0.6960338821994467,VRh,cubic
1009_RhU,RhU,P-6m2,-0.1940488904539723,URh,hexagonal
1017_CuGa,CuGa,P-6m2,-0.0550340558600681,GaCu,hexagonal
1022_SmGe5,SmGe5,Immm,-0.6336399568411982,SmGe5,orthorhombic
1023_Ac4I6,Ac4I6,R-3c,-1.1254737931145116,Ac2I3,trigonal
1026_Ge2P4,Ge2P4,Cmcm,0.2497538444960133,GeP2,orthorhombic
1028_FeP,FeP,R-3m,-0.2909302413017611,FeP,trigonal
1030_CrNb2,CrNb2,Fmmm,0.1022690800026554,Nb2Cr,orthorhombic
1036_Au16Sr4,Au16Sr4,I-43m,-0.4394674910717768,SrAu4,cubic
1037_AlCa3,AlCa3,Immm,-0.0462830051008067,Ca3Al,orthorhombic
1038_Ag6Al4,Ag6Al4,P-1,-0.0511797502237229,Al2Ag3,triclinic
1040_Cu8Pt4,Cu8Pt4,P-1,-0.1016922929724071,Cu2Pt,triclinic
1044_Fe2Mo4,Fe2Mo4,Fd-3m,0.7116753557152222,FeMo2,cubic
1047_K2Na4,K2Na4,Pnnm,0.0428438262803355,KNa2,orthorhombic
1048_Cu7Pt5,Cu7Pt5,P1,-0.1273997840012809,Cu7Pt5,triclinic
1049_Fe4V2,Fe4V2,Cmcm,0.1077950162773397,VFe2,orthorhombic
1050_Pd8Sb4,Pd8Sb4,Cmc2_1,-0.4733627168891452,SbPd2,orthorhombic
1051_W4Sb16,W4Sb16,I-43m,0.8629071845772032,Sb4W,cubic
1052_CuIr,CuIr,F-43m,2.1677452154660086,CuIr,cubic
1053_Cr2Ta6,Cr2Ta6,Cmcm,0.0611923339509843,Ta3Cr,orthorhombic
1054_Sr16W4,Sr16W4,I-43m,1.1537662752830578,Sr4W,cubic
1055_SrW3,SrW3,Pm-3m,1.6994325432565986,SrW3,cubic
1056_NiSn,NiSn,P-6m2,-0.1179296850231041,NiSn,hexagonal
1057_Fe4V12,Fe4V12,Pnma,0.0315684178168123,V3Fe,orthorhombic
1058_V4W2,V4W2,Pnnm,0.6447502404714527,V2W,orthorhombic
1059_Ir18Mo6,Ir18Mo6,Pmmn,-0.2434333486468745,MoIr3,orthorhombic
1060_CuTh,CuTh,F-43m,0.8185751649189763,ThCu,cubic
1062_MoP,MoP,Fm-3m,-0.0433567812069348,MoP,cubic
1063_Pb8Sb4,Pb8Sb4,Pnma,0.0237348567169709,SbPb2,orthorhombic
1064_EuU,EuU,Fm-3m,1.3282505515044436,EuU,cubic
1068_Ca3Ni,Ca3Ni,Fm-3m,0.2013279866958397,Ca3Ni,cubic
1070_Ni5Ta,Ni5Ta,F-43m,-0.2416319823883223,TaNi5,cubic
1075_Sr2W2,Sr2W2,Fd-3m,1.388439071506709,SrW,cubic
1077_AgTa7,AgTa7,Fm-3m,0.265534970245266,Ta7Ag,cubic
1078_Pt24Ge16,Pt24Ge16,Pnma,-0.5805424910480653,Ge2Pt3,orthorhombic
1079_AuGa,AuGa,F-43m,0.0772690096115358,GaAu,cubic
1081_Fe3Na,Fe3Na,Pm-3m,0.7214530138825488,NaFe3,cubic
1082_Pb4V,Pb4V,Im-3m,0.3152668653469838,VPb4,cubic
1085_Fe4As6,Fe4As6,Fdd2,0.0774651105346301,Fe2As3,orthorhombic
1088_NaPt4,NaPt4,Im-3m,0.9276235444384432,NaPt4,cubic
1089_MoP,MoP,Pm-3m,-0.4032645725072434,MoP,cubic
1090_Al3K,Al3K,Fm-3m,0.3997707114694173,KAl3,cubic
1091_W2Sb6,W2Sb6,Pm-3n,0.7422411538439109,Sb3W,cubic
1094_NaPt,NaPt,Pm-3m,0.1854154476944316,NaPt,cubic
1095_Cr4Ta6,Cr4Ta6,Fddd,0.2239742892993831,Ta3Cr2,orthorhombic
1097_Pb2Sb2,Pb2Sb2,Imma,0.0613678890081708,SbPb,orthorhombic
1099_AuU,AuU,Fm-3m,0.1006976759970168,UAu,cubic
1100_WSb,WSb,Pm-3m,0.6333799695471152,SbW,cubic
1101_MoI,MoI,F-43m,1.310114103845386,MoI,cubic
1105_Al4In2,Al4In2,Cmcm,0.1216467440318395,Al2In,orthorhombic
1106_SnW,SnW,F-43m,1.9705389854412072,SnW,cubic
1107_Pb3V,Pb3V,Pm-3m,0.414796380719622,VPb3,cubic
1108_WSb4,WSb4,Im-3m,0.6132872102765802,Sb4W,cubic
1109_As3Br,As3Br,Fm-3m,0.4961707944660891,As3Br,cubic
1111_Ag7Al5,Ag7Al5,P1,-0.0374998018127884,Al5Ag7,triclinic
1112_Cr3Ta,Cr3Ta,Immm,0.054785266293079,TaCr3,orthorhombic
1113_IrAs5,IrAs5,F-43m,0.915548865946659,As5Ir,cubic
1114_Pb2V,Pb2V,Fm-3m,0.7233741524777114,VPb2,cubic
1115_Ba4Ni6,Ba4Ni6,R-3c,0.4894772677785376,Ba2Ni3,trigonal
1116_Ir2Ta4,Ir2Ta4,Imma,0.1685092472094496,Ta2Ir,orthorhombic
1117_Al8Pb4,Al8Pb4,Pnma,0.2485274522084513,Al2Pb,orthorhombic
1120_Al6Pb18,Al6Pb18,Pmmn,0.1724440600109176,AlPb3,orthorhombic
1122_Au4Mn6,Au4Mn6,Fdd2,0.1804851735896761,Mn3Au2,orthorhombic
1123_Au8Mn4,Au8Mn4,Pnma,-0.03722282827629,MnAu2,orthorhombic
1125_AlMo2,AlMo2,Fmmm,2.233849459482612,AlMo2,orthorhombic
1129_Al2Pb4,Al2Pb4,Pnnm,0.2678257974993154,AlPb2,orthorhombic
1134_Fe2Pb6,Fe2Pb6,Cmcm,0.7930030037002895,FePb3,orthorhombic
1135_BaIr2,BaIr2,Fmmm,2.783862077291165,BaIr2,orthorhombic
1136_Mo4Pb8,Mo4Pb8,Pnma,0.7113737394934839,MoPb2,orthorhombic
1137_Al4Pb8,Al4Pb8,Pnma,0.1908878355909351,AlPb2,orthorhombic
1138_Au2Mn6,Au2Mn6,Cmcm,0.3285969933139405,Mn3Au,orthorhombic
1144_Ce3Sn,Ce3Sn,Pm-3m,-0.5155391190107332,Ce3Sn,cubic
1145_Ba2Ir4,Ba2Ir4,Fd-3m,-0.006348404294106,BaIr2,cubic
1146_Fe8Pb4,Fe8Pb4,Pa-3,1.0841797110529658,Fe2Pb,cubic
1147_K2P2,K2P2,Cmcm,-0.4137983534760199,KP,orthorhombic
1149_NbI,NbI,F-43m,1.049989155341601,NbI,cubic
1150_GaPt3,GaPt3,Pm-3m,-0.4503010499927162,GaPt3,cubic
1151_NbBi3,NbBi3,Pm-3m,0.471062909762173,NbBi3,cubic
1152_K2P2,K2P2,Cmcm,-0.4163686881296446,KP,orthorhombic
1154_BaIr3,BaIr3,Pm-3m,0.8991729438340785,BaIr3,cubic
1155_Ca3Pb,Ca3Pb,Pmm2,-0.3742175042414386,Ca3Pb,orthorhombic
1156_Fe44Mo2,Fe44Mo2,Fd-3m,0.2030259481731812,Fe22Mo,cubic
1157_Cr4Nb2,Cr4Nb2,Fd-3m,-0.047242148869607,NbCr2,cubic
1158_NaPd2,NaPd2,Immm,-0.0431735977720085,NaPd2,orthorhombic
1160_Fe3As,Fe3As,Cmmm,0.1806419260128855,Fe3As,orthorhombic
1161_AuMo,AuMo,F-43m,2.2015380882334377,MoAu,cubic
1162_Fe6V4,Fe6V4,Fdd2,-0.0192158893058021,V2Fe3,orthorhombic
1164_Ba4Cu2,Ba4Cu2,Cmc2_1,0.0391115110717175,Ba2Cu,orthorhombic
1167_AgTa3,AgTa3,Pm-3m,3.130992588674295,Ta3Ag,cubic
1168_Pb5Sr24,Pb5Sr24,I-43m,0.0469595991761585,Sr24Pb5,cubic
1169_Cu6Pt5,Cu6Pt5,P1,-0.133328817054783,Cu6Pt5,triclinic
1171_Mo2P6,Mo2P6,Pm-3n,0.0578274049284992,MoP3,cubic
1172_CuNi,CuNi,F-43m,1.7193662460175383,CuNi,cubic
1173_GaP4,GaP4,Im-3m,0.6351338889906983,GaP4,cubic
1174_PbV4,PbV4,Im-3m,1.736418693171305,V4Pb,cubic
1175_Ba5Pd,Ba5Pd,Amm2,-0.0416080374204114,Ba5Pd,orthorhombic
1177_PAs5,PAs5,F-43m,0.7699399335684985,As5P,cubic
1178_P12As17,P12As17,I-43m,0.3348875683184654,As17P12,cubic
1180_Mo3W,Mo3W,P2/m,-0.0004325140166905,Mo3W,monoclinic
1181_MoPb5,MoPb5,Amm2,0.463974806041629,MoPb5,orthorhombic
1182_Nb2Pb4,Nb2Pb4,Cmcm,0.5336396650961781,NbPb2,orthorhombic
1183_K3Sn,K3Sn,Immm,-0.0495743689624823,K3Sn,orthorhombic
1184_Ca3Pb,Ca3Pb,Pmm2,-0.1979178734946765,Ca3Pb,orthorhombic
1185_AsBr,AsBr,Pm-3m,0.606413846195041,AsBr,cubic
1186_Ag6Al2,Ag6Al2,Cmmm,-0.0471502445581117,AlAg3,orthorhombic
1188_Ca6P2,Ca6P2,Pmmn,-0.6035213080755142,Ca3P,orthorhombic
1189_CuBr3,CuBr3,Imm2,-0.1813563709530927,CuBr3,orthorhombic
1190_Pd2Sb4,Pd2Sb4,Cmcm,-0.2272682943687858,Sb2Pd,orthorhombic
1191_CrNb,CrNb,Fm-3m,0.9536186859240008,NbCr,cubic
1192_Ge8I32,Ge8I32,Pa-3,-0.4877157299122451,GeI4,cubic
1193_Ag7Al3,Ag7Al3,Amm2,-0.0400596366406151,Al3Ag7,orthorhombic
1195_Ag5Al3,Ag5Al3,Amm2,-0.0629852474614018,Al3Ag5,orthorhombic
1197_KGe3,KGe3,Imm2,0.2462290881116402,KGe3,orthorhombic
1198_Ag5Al3,Ag5Al3,Amm2,-0.0362252790731596,Al3Ag5,orthorhombic
1200_K4Ni2,K4Ni2,Cmcm,0.6744503580154383,K2Ni,orthorhombic
1201_Cu6Pt4,Cu6Pt4,P-1,-0.1170175652860208,Cu3Pt2,triclinic
1203_BaCu5,BaCu5,Amm2,0.1611099610981305,BaCu5,orthorhombic
1204_PdW2,PdW2,Fmmm,0.0761774245930648,PdW2,orthorhombic
1205_PAs3,PAs3,Pm-3m,0.6237256083686127,As3P,cubic
1206_K2Ge6,K2Ge6,Cmcm,0.180561388428706,KGe3,orthorhombic
1207_Ce4Ge4,Ce4Ge4,Pnma,-0.9901764428373054,CeGe,orthorhombic
1208_W16Sb4,W16Sb4,I23,1.0332184323450888,SbW4,cubic
1209_Ag4Al,Ag4Al,Immm,-0.0270003615448651,AlAg4,orthorhombic
1210_In2Ge2,In2Ge2,Imma,0.1434853874473254,InGe,orthorhombic
1212_Ir4Ta2,Ir4Ta2,Imma,-0.1304702171536978,TaIr2,orthorhombic
1213_Al9Sr5,Al9Sr5,R-3m,-0.2739927291874911,Sr5Al9,trigonal
1216_Pb16Sr4,Pb16Sr4,I-43m,-0.0826897159433492,SrPb4,cubic
1217_Pt4Sr2,Pt4Sr2,Cmcm,-0.413395828067897,SrPt2,orthorhombic
1218_Ba4Cu8,Ba4Cu8,Pnma,0.2957104055890719,BaCu2,orthorhombic
1221_Mo3Pb,Mo3Pb,Immm,0.507330070879302,Mo3Pb,orthorhombic
1222_K5Ge,K5Ge,Amm2,0.115353885773028,K5Ge,orthorhombic
1223_Al2Cu,Al2Cu,Fm-3m,-0.1791318434967745,Al2Cu,cubic
1225_FePd3,FePd3,Fm-3m,-0.0160473646052743,FePd3,cubic
1227_Mn2W6,Mn2W6,Pm-3n,0.1105672566669202,MnW3,cubic
1232_Pt7Sb,Pt7Sb,Fm-3m,-0.1560119826484634,SbPt7,cubic
1233_Ba2Ga2,Ba2Ga2,Pmmn,-0.0618128052502804,BaGa,orthorhombic
1234_SbGe3,SbGe3,Imm2,0.3208394111207813,Ge3Sb,orthorhombic
1235_FePb,FePb,Pm-3m,0.8299400887561053,FePb,cubic
1236_Ag2Ge4,Ag2Ge4,Pnnm,0.2981145380044309,AgGe2,orthorhombic
1237_CaNi5,CaNi5,P6/mmm,-0.1309344261631579,CaNi5,hexagonal
1239_Ba2Sn2,Ba2Sn2,Pmma,-0.6111419105514235,BaSn,orthorhombic
1243_Ag2Ge6,Ag2Ge6,Cmcm,0.2741174677480242,AgGe3,orthorhombic
1245_P17Br12,P17Br12,I-43m,0.0963308127641721,P17Br12,cubic
1246_Al3Cu5,Al3Cu5,Cmmm,-0.2072909856782967,Al3Cu5,orthorhombic
1247_Ba2Ga2,Ba2Ga2,Cmcm,-0.3509398047293142,BaGa,orthorhombic
1248_Pd2Sn2,Pd2Sn2,Pmma,-0.4222715211301207,SnPd,orthorhombic
1249_AuNb3,AuNb3,Immm,-0.0157210614419369,Nb3Au,orthorhombic
1252_Cr16Nb4,Cr16Nb4,I23,0.5503360172435151,NbCr4,cubic
1254_P8Br16,P8Br16,Fd-3m,0.5215730473216924,PBr2,cubic
1256_Ag2Ge2,Ag2Ge2,Cmme,0.1947644454814843,AgGe,orthorhombic
1257_Ba6Ir2,Ba6Ir2,Pm-3n,0.3878091569580264,Ba3Ir,cubic
1260_KP3,KP3,Cmmm,0.5600689693530976,KP3,orthorhombic
1261_FePb3,FePb3,Pm-3m,0.8225211552662088,FePb3,cubic
1262_Cr6Ta18,Cr6Ta18,Pmmn,0.2735172897114353,Ta3Cr,orthorhombic
1264_Sb4Ge2,Sb4Ge2,Cmcm,0.1172749535292852,GeSb2,orthorhombic
1265_CsNi,CsNi,Amm2,1.2031352450911528,CsNi,hexagonal
1267_Al2Rh2,Al2Rh2,Cmcm,-0.8673376400270163,AlRh,orthorhombic
1272_Ba6Ga2,Ba6Ga2,Cmcm,-0.07673025911448,Ba3Ga,orthorhombic
1274_Al5Sr,Al5Sr,Cmmm,0.0170560447700485,SrAl5,orthorhombic
1276_Mn3W,Mn3W,Fm-3m,0.0958503255778993,Mn3W,cubic
1279_MnW3,MnW3,Pm-3m,0.4059069997705169,MnW3,cubic
1280_Fe17Pd12,Fe17Pd12,I-43m,0.6157757955179565,Fe17Pd12,cubic
1281_Mn8W16,Mn8W16,Fd-3m,0.2511346581815014,MnW2,cubic
1282_Ga8Pt16,Ga8Pt16,Fd-3m,-0.3592429540116804,GaPt2,cubic
1283_CaNi5,CaNi5,P6/mmm,-0.1108199941880911,CaNi5,hexagonal
1284_Cr4Nb4,Cr4Nb4,P2_13,0.3977030851031742,NbCr,cubic
1286_Ta2V4,Ta2V4,Cmcm,0.0447167169141889,TaV2,orthorhombic
1287_Nb3Sn,Nb3Sn,Pm-3m,-0.1626790395041961,Nb3Sn,cubic
1289_Bi16I4,Bi16I4,C2/m,-0.1405454727266878,Bi4I,monoclinic
1290_Ag2Br2,Ag2Br2,P2_1/m,-0.4427062432956123,AgBr,monoclinic
1291_Al5Sb,Al5Sb,Cmmm,0.1330706441740492,Al5Sb,orthorhombic
1292_CrNb2,CrNb2,Fm-3m,0.6005480090209071,Nb2Cr,cubic
1293_Au3Ir,Au3Ir,Immm,0.3039893633854751,IrAu3,orthorhombic
1297_RhU,RhU,F-43m,0.4548304180968863,URh,cubic
1298_Al12K12,Al12K12,Pbcm,0.3068203356212556,KAl,orthorhombic
1299_Cr2Na6,Cr2Na6,Cmcm,0.6015848251485396,Na3Cr,orthorhombic
1301_Al2Sb4,Al2Sb4,Pnnm,0.0344713044585702,AlSb2,orthorhombic
1304_SrAs3,SrAs3,Pm-3m,-0.6826751140489415,SrAs3,cubic
1306_Na6Pb2,Na6Pb2,Pm-3n,-0.1263341472736097,Na3Pb,cubic
1307_Fe26Pd2,Fe26Pd2,Fm-3c,0.3245601126779028,Fe13Pd,cubic
1308_Ba2Sn4,Ba2Sn4,Imma,-0.5594160073734505,BaSn2,orthorhombic
1309_Al2Cu,Al2Cu,Immm,-0.1656155871266828,Al2Cu,orthorhombic
1314_Ta3V,Ta3V,Cmmm,0.2921233851410409,Ta3V,orthorhombic
1315_P7As,P7As,Fm-3m,0.7665221907047712,AsP7,cubic
1316_TaGe3,TaGe3,Pmm2,0.2141826952026813,TaGe3,orthorhombic
1361_Pt2Sb2,Pt2Sb2,P6_3/mmc,-0.5598253645688853,SbPt,hexagonal
1362_CuPb,CuPb,P-6m2,0.3462815846160936,CuPb,hexagonal
1365_FePb3,FePb3,Cmmm,0.9185793676251812,FePb3,orthorhombic
1370_Cr5Nb24,Cr5Nb24,I-43m,0.4282415165249063,Nb24Cr5,cubic
1379_Cu18As6,Cu18As6,P-3c1,-0.0680231611870526,Cu3As,trigonal
1380_Fe4Pb8,Fe4Pb8,Pnma,1.0701517736064603,FePb2,orthorhombic
1381_Mo4Pb4,Mo4Pb4,Pnma,0.986165049405022,MoPb,orthorhombic
1382_In2Mn4,In2Mn4,Pnnm,1.087186877735301,Mn2In,orthorhombic
1388_Fe8Na16,Fe8Na16,Fd-3m,0.7667905908766114,Na2Fe,cubic
1389_Cu2Ga4,Cu2Ga4,Cmcm,0.0349927688044265,Ga2Cu,orthorhombic
1390_Ga2Pt4,Ga2Pt4,Cmcm,-0.3798569394426714,GaPt2,orthorhombic
1392_GaNb,GaNb,R-3m,-0.1452180837217334,NbGa,trigonal
1398_Ga2Nb6,Ga2Nb6,Pm-3n,-0.1994136748875981,Nb3Ga,cubic
1401_Ir2Na2,Ir2Na2,Pmmn,0.2327297864083446,NaIr,orthorhombic
1406_Cu2Br2,Cu2Br2,Imma,0.0045894584552015,CuBr,orthorhombic
1409_Cu5Br,Cu5Br,Cmmm,0.2437103675173967,Cu5Br,orthorhombic
1412_FeK,FeK,R-3m,1.3241645138926663,KFe,trigonal
1413_Nb2Pb2,Nb2Pb2,Cmcm,0.4433461486233714,NbPb,orthorhombic
1415_Mo4Pb4,Mo4Pb4,Pnma,0.9888519019726364,MoPb,orthorhombic
1419_Fe2Pb4,Fe2Pb4,Pnnm,0.4720998800685994,FePb2,orthorhombic
1420_CaCs,CaCs,R-3m,0.2514498412173807,CsCa,trigonal
1424_Pd12Sb4,Pd12Sb4,Pnma,-0.3704102548060044,SbPd3,orthorhombic
1426_In4Sn2,In4Sn2,Cm,0.003060684052329,In2Sn,monoclinic
1428_InV,InV,R-3m,0.4022346652563175,VIn,trigonal
1429_Ga3Br,Ga3Br,Immm,-0.0668485881833467,Ga3Br,orthorhombic
1430_BaCu,BaCu,Immm,0.1183265687375136,BaCu,orthorhombic
1434_Cr12P17,Cr12P17,I-43m,-0.0830506357085518,Cr12P17,cubic
1436_AlFe,AlFe,P-6m2,-0.2410192208620589,AlFe,hexagonal
1437_GaP,GaP,R-3m,0.3845919851814665,GaP,trigonal
1440_KI,KI,R-3m,-1.585149885067622,KI,trigonal
1441_BaCu3,BaCu3,I4/mmm,0.4070886445157522,BaCu3,cubic
1442_Ag8P16,Ag8P16,Fd-3m,0.5154180949090043,AgP2,cubic
1443_Pd4Ge2,Pd4Ge2,Imma,-0.003291648050693,GePd2,orthorhombic
1444_Au5Nb3,Au5Nb3,Cmmm,0.0112431867626598,Nb3Au5,orthorhombic
1445_CsI,CsI,P-6m2,-1.619871335866558,CsI,hexagonal
1446_GaNb,GaNb,R-3m,-0.1390046700444722,NbGa,trigonal
1448_PtV3,PtV3,Cmmm,-0.2197814555382198,V3Pt,orthorhombic
1450_Pb4V,Pb4V,Im-3m,0.3160382440149568,VPb4,cubic
1451_PbI2,PbI2,P-3m1,-0.7771972389298755,PbI2,trigonal
1452_In3Br3,In3Br3,Cm,-0.617555666652034,InBr,monoclinic
1453_Na3Pd,Na3Pd,Imm2,-0.0211022296641258,Na3Pd,orthorhombic
1454_Al2Sn6,Al2Sn6,Pmmn,0.1020939395614122,AlSn3,orthorhombic
1455_SrBi,SrBi,P-6m2,-0.630477073737969,SrBi,hexagonal
1456_Ir4Na2,Ir4Na2,Pnnm,0.7132981850153968,NaIr2,orthorhombic
1457_Au2Nb4,Au2Nb4,Cmcm,0.045874804663016,Nb2Au,orthorhombic
1458_CsYb,CsYb,F-43m,0.7037468588154681,CsYb,cubic
1459_CsW,CsW,F-43m,-11.82074013651485,CsW,cubic
1460_Ge8I32,Ge8I32,Pa-3,-0.4836880931436205,GeI4,cubic
1461_Pd2Ge4,Pd2Ge4,Imma,0.1011663982781095,Ge2Pd,orthorhombic
1462_P4Br8,P4Br8,Pa-3,0.1761227743372254,PBr2,cubic
1463_Cr2Na,Cr2Na,Immm,1.0064532429628876,NaCr2,orthorhombic
1464_Ir2Mo,Ir2Mo,Immm,0.0889698773702368,MoIr2,orthorhombic
1466_Fe6Na2,Fe6Na2,Pm-3n,1.2328789781487774,NaFe3,cubic
1467_GaPt4,GaPt4,Im-3m,0.129965552129088,GaPt4,cubic
1468_Cr3P,Cr3P,Fm-3m,-0.1446743340815022,Cr3P,cubic
1470_Ir2Na2,Ir2Na2,Imma,0.4811204745271373,NaIr,orthorhombic
1475_Ca2P2,Ca2P2,Cmcm,-0.816929871768715,CaP,orthorhombic
1476_Ni3Ta,Ni3Ta,Fm-3m,-0.1899694483609204,TaNi3,cubic
1477_CuFe,CuFe,F-43m,1.5323561329046536,FeCu,cubic
1479_Fe6Sb2,Fe6Sb2,Pmmn,0.2828788980736254,Fe3Sb,orthorhombic
1480_Fe2Pb2,Fe2Pb2,Imma,0.7151422050452814,FePb,orthorhombic
1481_Fe3V,Fe3V,Imm2,0.0116175512059566,VFe3,orthorhombic
1482_Cr8P4,Cr8P4,Pa-3,0.095169955832033,Cr2P,cubic
1485_BaCu5,BaCu5,Cmmm,0.2562033384073583,BaCu5,orthorhombic
1486_InIr,InIr,Fm-3m,0.4610586516897141,InIr,cubic
1487_Fe8W4,Fe8W4,Pnma,0.106739363251543,Fe2W,orthorhombic
1488_IrTa,IrTa,R-3m,-0.2715116790559833,TaIr,trigonal
1489_Ge2P2,Ge2P2,Cmcm,0.1221786004450189,GeP,orthorhombic
1490_PbSb3,PbSb3,Immm,0.1251027141729275,Sb3Pb,orthorhombic
1492_K6Sn2,K6Sn2,Cmcm,-0.0242253265418126,K3Sn,orthorhombic
1493_InK2,InK2,Immm,0.0403808359025378,K2In,orthorhombic
1494_Fe7Pb,Fe7Pb,Fm-3m,0.3180355931039793,Fe7Pb,cubic
1495_UI,UI,Fm-3m,0.0046038683385214,UI,cubic
1496_Cu12Ni17,Cu12Ni17,I-43m,0.1192806312733478,Cu12Ni17,cubic
1497_W5Sb24,W5Sb24,I-43m,0.4023882197469812,Sb24W5,cubic
1498_CuTh,CuTh,P-6m2,0.2132029681483676,ThCu,hexagonal
1499_Fe6Sb2,Fe6Sb2,Cmcm,0.3131206590505275,Fe3Sb,orthorhombic
1501_Au2Nb2,Au2Nb2,Pmmn,-0.0823842144160345,NbAu,orthorhombic
1502_Fe5Mo,Fe5Mo,F-43m,0.1221333189670185,Fe5Mo,cubic
1503_FeMo5,FeMo5,F-43m,0.5453663357175754,FeMo5,cubic
1504_FeNa3,FeNa3,Pm-3m,1.3762284436560104,Na3Fe,cubic
1505_Ce4Cu4,Ce4Cu4,Pnma,-0.1497641612650788,CeCu,orthorhombic
1506_Ba2Pd2,Ba2Pd2,Cmcm,-0.5512698825241915,BaPd,orthorhombic
1507_Ge2As4,Ge2As4,Pnnm,0.1162548416320869,GeAs2,orthorhombic
1508_Na2Pd2,Na2Pd2,Imma,-0.0727240279877157,NaPd,orthorhombic
1509_Fe4Na8,Fe4Na8,Pa-3,1.6118337303855472,Na2Fe,cubic
1511_V2W,V2W,Immm,0.1508598416056431,V2W,orthorhombic
1512_CuNi,CuNi,Fm-3m,0.6666003672900942,CuNi,cubic
1513_CrP3,CrP3,Pm-3m,0.4691332273700528,CrP3,cubic
1514_Ga16Pt8,Ga16Pt8,Fd-3m,-0.3962004231706816,Ga2Pt,cubic
1515_Fe16Na4,Fe16Na4,I-43m,0.8900192099042854,NaFe4,cubic
1516_Ge2P4,Ge2P4,Imma,0.2592394888634833,GeP2,orthorhombic
1517_Na4Pt4,Na4Pt4,P2_13,0.2332110155064155,NaPt,cubic
1518_Mo2Pb4,Mo2Pb4,Cmcm,0.5624454406346094,MoPb2,orthorhombic
1519_Cr2Ta4,Cr2Ta4,Pnnm,0.758102563824084,Ta2Cr,orthorhombic
1520_NpYb,NpYb,R-3m,0.5036990253020832,YbNp,trigonal
1521_InBr5,InBr5,Amm2,-0.2827377903090093,InBr5,orthorhombic
1522_Cu6Ni2,Cu6Ni2,Pm-3n,0.1060776691267886,Cu3Ni,cubic
1523_Ga2Br6,Ga2Br6,Cmcm,-0.4421051503954034,GaBr3,orthorhombic
1525_CsYb,CsYb,F-43m,0.6718211478979981,CsYb,cubic
1526_CrTh,CrTh,F-43m,1.69171923161423,ThCr,cubic
1530_NiTa5,NiTa5,F-43m,0.4665004146776101,Ta5Ni,cubic
1533_Ga5P24,Ga5P24,I-43m,0.25576877184418,Ga5P24,cubic
1536_Ta5V,Ta5V,Cmmm,0.0288458920268771,Ta5V,orthorhombic
1538_MoNb,MoNb,Pm-3m,-0.1333689993059774,NbMo,cubic
1539_Ir3As,Ir3As,Pm-3m,0.1955133881348913,AsIr3,cubic
1540_Ag3P,Ag3P,Pm-3m,0.1704723993172554,Ag3P,cubic
1546_Mo2Pb4,Mo2Pb4,Cmcm,0.5704802408949945,MoPb2,orthorhombic
1548_Ni2Br6,Ni2Br6,Pm-3n,0.5173969276250716,NiBr3,cubic
1549_Ga3P,Ga3P,Pm-3m,0.1349100492576389,Ga3P,cubic
1550_Ag4Al6,Ag4Al6,P1,-0.0121998775051977,Al3Ag2,triclinic
1551_Cr16Nb4,Cr16Nb4,I23,0.5528695390018527,NbCr4,cubic
1552_Pd4Sn4,Pd4Sn4,Pnma,-0.3934178880777548,SnPd,orthorhombic
1555_FeW,FeW,P-6m2,0.3016816518868364,FeW,hexagonal
1556_Fe6Mo2,Fe6Mo2,Pm-3n,0.0530397565109037,Fe3Mo,cubic
1558_AuPb,AuPb,Fm-3m,-0.0561221939407761,PbAu,cubic
1559_Cu6Pt5,Cu6Pt5,P1,-0.1148469734807642,Cu6Pt5,triclinic
1560_SmSr,SmSr,P-6m2,-0.1430822315729507,SrSm,hexagonal
1561_CrMn,CrMn,P-6m2,0.2397128541524225,MnCr,hexagonal
1562_NiP,NiP,P-6m2,-0.2095465905788165,NiP,hexagonal
1563_Ag2Na4,Ag2Na4,Pnnm,0.0735529798504162,Na2Ag,orthorhombic
1564_Fe4W2,Fe4W2,Cmcm,0.2982040333764632,Fe2W,orthorhombic
1565_In2Br2,In2Br2,Cmcm,-0.7314480474795149,InBr,orthorhombic
1568_Cs16Bi16,Cs16Bi16,P2_1/c,-4.954624198783083,CsBi,monoclinic
1570_Ge4As2,Ge4As2,Pnnm,0.2483039054601121,Ge2As,orthorhombic
1572_Ba2Ta2,Ba2Ta2,Imma,0.9726660089722784,BaTa,orthorhombic
1574_Al4Sn2,Al4Sn2,Pnnm,0.3032474216993517,Al2Sn,orthorhombic
1575_AuP3,AuP3,Pmm2,0.0329340208447916,P3Au,orthorhombic
1577_Cr4Sn8,Cr4Sn8,Fddd,-0.0258652017659611,CrSn2,orthorhombic
1578_Fe12W12,Fe12W12,Pbcm,0.1609000908420957,FeW,orthorhombic
1580_Ag2Br2,Ag2Br2,P2_1/m,-0.4266515631149774,AgBr,monoclinic
1581_FeV3,FeV3,Immm,-0.1426573123202441,V3Fe,orthorhombic
1583_Ag3Br,Ag3Br,Imm2,0.1583920348366088,Ag3Br,orthorhombic
1585_CuFe,CuFe,Fm-3m,0.793062598387337,FeCu,cubic
1586_Cu6Pt5,Cu6Pt5,P1,-0.1172930858644618,Cu6Pt5,triclinic
1587_Nb4W4,Nb4W4,Pnma,0.3120608256959514,NbW,orthorhombic
1588_Ag2Al3,Ag2Al3,Immm,-0.0310931534378596,Al3Ag2,orthorhombic
1589_CeBi,CeBi,P-6m2,-0.5555537611125843,CeBi,hexagonal
1590_PtYb,PtYb,Fm-3m,-0.9045942152103312,YbPt,cubic
1592_BaIr5,BaIr5,F-43m,0.6484048012314467,BaIr5,cubic
1594_SbI,SbI,Fm-3m,0.1741662779612185,SbI,cubic
1595_Ag7Al5,Ag7Al5,P1,-0.033099776589608,Al5Ag7,triclinic
1596_Ag4Ge6,Ag4Ge6,Fdd2,1.1126645576840708,Ag2Ge3,orthorhombic
1597_MoSn,MoSn,P-6m2,0.1935548928516741,SnMo,hexagonal
1598_IrTh,IrTh,P-6m2,-0.6023029753801623,ThIr,hexagonal
1599_Eu3Sm,Eu3Sm,Pm-3m,-0.1120561147407701,SmEu3,cubic
1600_PtRh,PtRh,R-3m,0.011440339768499,PtRh,trigonal
1603_Au3Sr,Au3Sr,Fm-3m,-0.4641703289192604,SrAu3,cubic
1604_Cu16Ni4,Cu16Ni4,I-43m,0.3643143718723906,Cu4Ni,cubic
1605_Ge8P4,Ge8P4,Pnma,0.2090046404551131,Ge2P,orthorhombic
1606_Ba2In4,Ba2In4,Imma,-0.4937894542599756,BaIn2,orthorhombic
1607_K2Na4,K2Na4,Pnnm,0.0638998573109968,KNa2,orthorhombic
1609_CuRh,CuRh,F-43m,1.38952287924684,CuRh,cubic
1610_Cu2Ga2,Cu2Ga2,Cmcm,0.0515306965752166,GaCu,orthorhombic
1611_Na4Pt2,Na4Pt2,Fd-3m,0.2613324801413122,Na2Pt,cubic
1613_P12As17,P12As17,I-43m,0.3327069785419281,As17P12,cubic
1614_NaNi,NaNi,P-6m2,0.4633427963348522,NaNi,hexagonal
1615_CuP3,CuP3,Imm2,0.1581477937523514,CuP3,orthorhombic
1616_Al2K2,Al2K2,Pmmn,0.2424803932814523,KAl,orthorhombic
1617_AlSr5,AlSr5,Cmmm,0.0473004984587275,Sr5Al,orthorhombic
1619_Fe3V,Fe3V,Fm-3m,-0.1830790839423262,VFe3,cubic
1621_FePb,FePb,Pm-3m,0.8402487620204404,FePb,cubic
1622_Fe44Mo2,Fe44Mo2,Fd-3m,0.2251934174866468,Fe22Mo,cubic
1623_Cr8Pb4,Cr8Pb4,Pnma,0.6935188602294282,Cr2Pb,orthorhombic
1624_Al3Cu9,Al3Cu9,Pmmm,-0.0331233459433093,AlCu3,orthorhombic
1625_In3Sm,In3Sm,Pm-3m,-0.6863031035524711,SmIn3,cubic
1626_Ir6Na2,Ir6Na2,Pmmn,0.4922952696608815,NaIr3,orthorhombic
1627_Al3Sb,Al3Sb,Immm,0.1942464372407792,Al3Sb,orthorhombic
1628_Nb2W2,Nb2W2,Cmcm,0.333740593282716,NbW,orthorhombic
1629_PtYb,PtYb,Fm-3m,-0.9133928122090472,YbPt,cubic
1630_BaIr,BaIr,F-43m,1.1244898747305545,BaIr,cubic
1631_Mn16W8,Mn16W8,Fd-3m,0.4934416629123663,Mn2W,cubic
1632_InBr3,InBr3,Immm,-0.5535261041398845,InBr3,orthorhombic
1633_Ba5Sn3,Ba5Sn3,Cmmm,-0.4833400665952947,Ba5Sn3,orthorhombic
1634_Cu2Na,Cu2Na,Immm,0.1896229369415631,NaCu2,orthorhombic
1637_MoNb,MoNb,Pm-3m,-0.1295801188152356,NbMo,cubic
1638_CrGa,CrGa,Fm-3m,0.5566800946973203,CrGa,cubic
1641_Pb2As2,Pb2As2,Imma,0.0840475302337555,AsPb,orthorhombic
1642_AgI,AgI,F-43m,-0.3753316093644216,AgI,cubic
1643_Ca3Ni,Ca3Ni,Fm-3m,0.2530239250171147,Ca3Ni,cubic
1644_FeV3,FeV3,Immm,-0.1424462107173667,V3Fe,orthorhombic
1646_AuP,AuP,Immm,0.1982375973905634,PAu,orthorhombic
1647_PbSb,PbSb,Cmmm,0.1028825215824067,SbPb,orthorhombic
1649_Ag14Yb4,Ag14Yb4,Cmcm,-0.3354358099427333,Yb2Ag7,orthorhombic
1653_AlNb,AlNb,P-6m2,-0.1917684673515287,NbAl,hexagonal
1654_RbTh,RbTh,P-6m2,0.7255856214069927,RbTh,hexagonal
1656_Au3P,Au3P,Pmm2,0.2589385795723418,PAu3,orthorhombic
1658_Ni17Br12,Ni17Br12,I-43m,0.3165058734830896,Ni17Br12,cubic
1659_Cu2Fe2,Cu2Fe2,Fd-3m,0.1809816039781348,FeCu,cubic
1662_TaGe5,TaGe5,Cmmm,0.202469743993633,TaGe5,orthorhombic
1663_TaGe3,TaGe3,Immm,0.1374193903641964,TaGe3,orthorhombic
1664_NaNi,NaNi,P-6m2,0.4828097023828093,NaNi,hexagonal
1665_Ba3Ta,Ba3Ta,Immm,0.904670441205412,Ba3Ta,orthorhombic
1667_Cs4I12,Cs4I12,Pnma,-0.9683357396519788,CsI3,orthorhombic
1669_NiPa,NiPa,P-6m2,-0.2848301627881691,PaNi,hexagonal
1670_InBr3,InBr3,Immm,-0.5579910152995953,InBr3,orthorhombic
1671_Al2In4,Al2In4,Cmcm,0.1496605006122985,AlIn2,orthorhombic
1674_Pb2As4,Pb2As4,Cmcm,0.0357977154458121,As2Pb,orthorhombic
1675_AgBr2,AgBr2,Immm,-0.1491938272423508,AgBr2,orthorhombic
1676_Sb4Br12,Sb4Br12,Pnma,-0.6157437162277182,SbBr3,orthorhombic
1678_RhYb,RhYb,P-6m2,-0.3348424399415872,YbRh,hexagonal
1680_Na4Pt2,Na4Pt2,Cmcm,-0.127379207660755,Na2Pt,orthorhombic
1681_Cr3Nb,Cr3Nb,Fm-3m,0.0781401406249067,NbCr3,cubic
1682_AcNb,AcNb,Fm-3m,1.5026302900040678,AcNb,cubic
1683_WSb3,WSb3,Pm-3m,0.990997905753166,Sb3W,cubic
1684_FePb2,FePb2,Fm-3m,0.5941554962577266,FePb2,cubic
1685_Al5Rh7,Al5Rh7,Fmmm,-0.6383318023359396,Al5Rh7,orthorhombic
1686_Ca3Ga8,Ca3Ga8,Immm,-0.4391065488204818,Ca3Ga8,orthorhombic
1689_InRh,InRh,Fm-3m,-0.0625134166024929,InRh,cubic
1691_AuNb3,AuNb3,Pmm2,0.1032244784768927,Nb3Au,orthorhombic
1692_As3Br,As3Br,Fm-3m,0.4963062451191149,As3Br,cubic
1693_AuU,AuU,Fm-3m,0.1076096596159361,UAu,cubic
1696_Cr3Na,Cr3Na,Immm,0.9098419704397562,NaCr3,orthorhombic
1697_Ca5Ga3,Ca5Ga3,Cmmm,-0.1228295982076836,Ca5Ga3,orthorhombic
1698_Al3Sm,Al3Sm,Pm-3m,-0.5776724548870158,SmAl3,cubic
1699_Ag2Ge2,Ag2Ge2,Pmmn,0.1769106188002136,AgGe,orthorhombic
1700_Fe2V2,Fe2V2,Imma,-0.078264600413517,VFe,orthorhombic
1701_Na5Pt,Na5Pt,F-43m,0.1710178720096715,Na5Pt,cubic
1703_Ba5Ir24,Ba5Ir24,I-43m,0.5284555203006704,Ba5Ir24,cubic
1704_P16Br4,P16Br4,I23,0.2682701181112456,P4Br,cubic
1705_CaMn2,CaMn2,Fmmm,6.453217612714281,CaMn2,orthorhombic
1706_CsIr,CsIr,P-6m2,1.5583195048915797,CsIr,hexagonal
1707_Pd2Sn,Pd2Sn,Immm,-0.4766293163031274,SnPd2,orthorhombic
1709_Mn5W,Mn5W,F-43m,0.0518166976176933,Mn5W,cubic
1711_Fe3Pb,Fe3Pb,Pm-3m,3.1602556276759275,Fe3Pb,cubic
1712_P12Br17,P12Br17,I-43m,0.305400172102448,P12Br17,cubic
1713_Ba6Ga2,Ba6Ga2,Pmmn,-0.0995503976400025,Ba3Ga,orthorhombic
1714_Ba3Ga,Ba3Ga,Pmm2,-0.0058325030941168,Ba3Ga,orthorhombic
1715_Cr3Ta,Cr3Ta,Cmmm,0.1301554515644412,TaCr3,orthorhombic
1716_Mn6W2,Mn6W2,Pm-3n,0.1763066696193256,Mn3W,cubic
1718_Ba2Sn2,Ba2Sn2,Pmma,-0.6119471538828103,BaSn,orthorhombic
1719_Al3Ga,Al3Ga,Cmmm,0.0275824749523612,Al3Ga,orthorhombic
1721_Al10Au20,Al10Au20,Pnnm,-0.3473274178695784,AlAu2,orthorhombic
1722_Al18In6,Al18In6,Pmmn,0.1601819126916096,Al3In,orthorhombic
1724_Al2Cu,Al2Cu,Immm,-0.0700894357803155,Al2Cu,orthorhombic
1725_CrNb,CrNb,Pm-3m,0.0447298304455507,NbCr,cubic
1727_MoNb3,MoNb3,Pm-3m,0.3686160886970704,Nb3Mo,cubic
1729_AgGe,AgGe,Cmmm,0.2156207633049502,AgGe,orthorhombic
1730_Cr4Sn8,Cr4Sn8,Fddd,-0.0265927506534436,CrSn2,orthorhombic
1731_CrTa,CrTa,P-6m2,0.530166486935034,TaCr,hexagonal
1732_PaSr,PaSr,R-3m,0.4385685916244535,SrPa,trigonal
1733_FeV,FeV,P-6m2,0.1213318125962068,VFe,hexagonal
1734_AgGe3,AgGe3,Immm,0.2660237849399345,AgGe3,orthorhombic
1735_Ba6Sn2,Ba6Sn2,Cmcm,-0.1304743003915054,Ba3Sn,orthorhombic
1737_Na4Pb2,Na4Pb2,Fd-3m,-0.0059604221131216,Na2Pb,cubic
1739_Ba12Ir17,Ba12Ir17,I-43m,0.7052706845245339,Ba12Ir17,cubic
1740_Al2Sr6,Al2Sr6,Cmcm,0.0682416433704053,Sr3Al,orthorhombic
1745_Fe2Pd2,Fe2Pd2,Fd-3m,0.0600193354461096,FePd,cubic
1747_Fe3Pb,Fe3Pb,Pm-3m,0.3962023583228786,Fe3Pb,cubic
1756_FePb3,FePb3,Pm-3m,0.9449279199060578,FePb3,cubic
1818_Ba2Pd,Ba2Pd,Fmmm,-0.3628834847793444,Ba2Pd,orthorhombic
1820_In2Br4,In2Br4,C2/m,-0.649103872879229,InBr2,monoclinic
1821_MnRh,MnRh,Pm-3m,-0.1924736817812853,MnRh,cubic
1822_Ca3Mo,Ca3Mo,Imm2,0.7116405846471903,Ca3Mo,orthorhombic
1824_Cu3Ga,Cu3Ga,Imm2,-0.0800573082827607,GaCu3,orthorhombic
1825_Pb2Sb6,Pb2Sb6,Cmcm,0.173259380384851,Sb3Pb,orthorhombic
1829_FeNa3,FeNa3,Pm-3m,1.3916807839633634,Na3Fe,cubic
1830_SnP3,SnP3,Im-3m,0.113431214348977,SnP3,cubic
1832_Ni4U6,Ni4U6,R-3c,2.4319144975516,U3Ni2,trigonal
1833_Ga5Br,Ga5Br,Cmmm,-0.0006488106114813,Ga5Br,orthorhombic
1835_Ca3Pb,Ca3Pb,Immm,-0.2709615632900624,Ca3Pb,orthorhombic
1838_SnP,SnP,Fm-3m,-0.0947927665832342,SnP,cubic
1839_Al2Th2,Al2Th2,Cmcm,-0.3294962269685841,ThAl,orthorhombic
1840_GaMo,GaMo,P-6m2,-0.028439939265862,GaMo,hexagonal
1841_Pd2Sn8,Pd2Sn8,Ccce,-0.2912838041090353,Sn4Pd,orthorhombic
1844_Ni2Pb2,Ni2Pb2,P6_3/mmc,0.0508002978802686,NiPb,hexagonal
1845_SmBi,SmBi,P-6m2,-0.8891919496746308,SmBi,hexagonal
1846_VW2,VW2,Immm,0.8396076707660759,VW2,orthorhombic
1847_Mn16W4,Mn16W4,I-43m,0.4679057054088744,Mn4W,cubic
1848_MnNi,MnNi,P-6m2,0.0683401008984505,MnNi,hexagonal
1849_AlSb3,AlSb3,Immm,0.1501559370777596,AlSb3,orthorhombic
1850_Au5Nb,Au5Nb,Cmmm,0.048939849058281,NbAu5,orthorhombic
1852_MnW,MnW,Pm-3m,0.147210544305592,MnW,cubic
1853_VSb,VSb,P-6m2,-0.0537609682333108,VSb,hexagonal
1854_Ag5Al4,Ag5Al4,P-1,-0.0289825661094569,Al4Ag5,triclinic
1855_Ag2Ge4,Ag2Ge4,Pnnm,0.297839306357804,AgGe2,orthorhombic
1856_Cu4Pt4,Cu4Pt4,P-1,-0.1205808597847024,CuPt,triclinic
1857_CuMo,CuMo,P-6m2,0.3588543434479447,CuMo,hexagonal
1860_Nb2W4,Nb2W4,Pnnm,0.1061049533559928,NbW2,orthorhombic
1863_Fe4W2,Fe4W2,Cmcm,0.1247923180939961,Fe2W,orthorhombic
1864_Fe5W,Fe5W,Amm2,0.1370840131538635,Fe5W,orthorhombic
1865_Al2K2,Al2K2,Cmcm,0.2493481884250021,KAl,orthorhombic
1866_NiPa,NiPa,P-6m2,0.4430243120613264,PaNi,hexagonal
1868_FeSr,FeSr,P-6m2,1.0256503461245172,SrFe,hexagonal
1869_AlIn3,AlIn3,Imm2,0.1166018305890035,AlIn3,orthorhombic
1871_FeSb,FeSb,P-6m2,0.1270127343936424,FeSb,hexagonal
1873_Al2Sb2,Al2Sb2,Imma,0.181921935434036,AlSb,orthorhombic
1874_Au4Sr2,Au4Sr2,Imma,-0.7626116234560195,SrAu2,orthorhombic
1875_Al2Sb4,Al2Sb4,Pnnm,0.0339020113510422,AlSb2,orthorhombic
1877_CuTh,CuTh,P-6m2,0.1765057819602988,ThCu,hexagonal
1881_IrPd7,IrPd7,Fm-3m,0.0597201569160912,IrPd7,cubic
1883_Cu4Ge2,Cu4Ge2,Pnnm,0.1403253897507686,Cu2Ge,orthorhombic
1884_Al12K12,Al12K12,Pbcm,0.3064031157240965,KAl,orthorhombic
1885_Sb2Ge2,Sb2Ge2,Imma,0.2790129490215403,GeSb,orthorhombic
1887_Fe5Pd,Fe5Pd,F-43m,0.2336302647298455,Fe5Pd,cubic
1890_CrNa3,CrNa3,Cmmm,0.8515193684396225,Na3Cr,orthorhombic
1891_Au5Mn,Au5Mn,Cmmm,-0.0340198901622936,MnAu5,orthorhombic
1896_Cr5Nb,Cr5Nb,Cmmm,0.0783894885691474,NbCr5,orthorhombic
1897_Cr5Nb,Cr5Nb,Cmmm,0.0850460954363327,NbCr5,orthorhombic
1900_CuK,CuK,P-6m2,0.5618755958170236,KCu,hexagonal
1901_Ir2Na,Ir2Na,Immm,0.2358284209454311,NaIr2,orthorhombic
1903_CrNb3,CrNb3,Cmmm,0.0724017543079593,Nb3Cr,orthorhombic
1904_In4Mn4,In4Mn4,Pnma,0.2530961970805325,MnIn,orthorhombic
1905_GaNp,GaNp,R-3m,-0.1393437317112527,NpGa,trigonal
1912_AcV,AcV,Pm-3m,0.6825734085499287,AcV,cubic
1921_CsYb,CsYb,F-43m,0.6736704833459317,CsYb,cubic
1923_InV,InV,Fm-3m,0.8176152594236008,VIn,cubic
1924_AuNp,AuNp,F-43m,2.1495720761711983,NpAu,cubic
1925_Cu44Ni2,Cu44Ni2,Fd-3m,0.1180290791446753,Cu22Ni,cubic
1927_Cu6Pt6,Cu6Pt6,P-1,-0.119603433327993,CuPt,triclinic
1929_Pb2Sb2,Pb2Sb2,Imma,0.0611476891897284,SbPb,orthorhombic
1930_W5P,W5P,F-43m,0.760492533042194,PW5,cubic
1931_Cr2Nb2,Cr2Nb2,Fd-3m,0.1344305427950498,NbCr,cubic
1932_AgTa3,AgTa3,Fm-3m,0.3187596400493717,Ta3Ag,cubic
1933_Ni2Rh2,Ni2Rh2,Cmme,0.2229648259063426,NiRh,orthorhombic
1935_Na7Pt,Na7Pt,Fm-3m,0.0551020299561471,Na7Pt,cubic
1936_WP3,WP3,Fm-3m,0.3893691915278054,P3W,cubic
1937_Fe8Pb4,Fe8Pb4,Pa-3,1.127174672553231,Fe2Pb,cubic
1938_Al3Cr,Al3Cr,Pm-3m,-0.1119193373167286,Al3Cr,cubic
1939_CaCr3,CaCr3,Imm2,1.0513220301705486,CaCr3,orthorhombic
1943_Al4Ga8,Al4Ga8,Pnma,0.0662554584094277,AlGa2,orthorhombic
1945_RbU,RbU,P-6m2,1.1812050215563366,RbU,hexagonal
1946_CrP,CrP,Fm-3m,-0.2154551302781184,CrP,cubic
1947_MnNi,MnNi,F-43m,1.5847576502533247,MnNi,cubic
1948_Mo3Nb,Mo3Nb,Pm-3m,0.412866896468083,NbMo3,cubic
1951_Ag4Na2,Ag4Na2,Pnnm,0.0165116819565905,NaAg2,orthorhombic
1953_Mo16Nb8,Mo16Nb8,Fd-3m,0.3950892874479035,NbMo2,cubic
1954_AgP3,AgP3,Pm-3m,0.6993426805573235,AgP3,cubic
1955_RbU,RbU,P-6m2,1.1722792845582193,RbU,hexagonal
1956_Sr8W4,Sr8W4,Pa-3,1.5620329569499674,Sr2W,cubic
1958_Ba2Fe2,Ba2Fe2,P6_3mc,1.432824894896533,BaFe,hexagonal
1959_Pb5Sb3,Pb5Sb3,Cmmm,0.0442930198409401,Sb3Pb5,orthorhombic
1961_AuSr,AuSr,Pm-3m,-0.7420538966163632,SrAu,cubic
1963_Mo4P4,Mo4P4,P2_13,-0.5185167056942248,MoP,cubic
1964_SrW4,SrW4,Im-3m,3.29538982431248,SrW4,cubic
1965_CuFe,CuFe,F-43m,1.458478172494921,FeCu,cubic
1966_NaPt3,NaPt3,Fm-3m,0.1237963514291218,NaPt3,cubic
1968_GaSr,GaSr,P-6m2,-0.1161170499616095,SrGa,hexagonal
1973_Fe3V,Fe3V,Cmmm,-0.0559529631309843,VFe3,orthorhombic
1976_Ag2Na4,Ag2Na4,Pnnm,0.1008943952187406,Na2Ag,orthorhombic
1977_Fe4W2,Fe4W2,Cmcm,0.1000496737824505,Fe2W,orthorhombic
1978_InNb,InNb,Fm-3m,0.6373364957229786,NbIn,cubic
1980_Ir5As,Ir5As,F-43m,0.7876346656538438,AsIr5,cubic
1982_Fe2V4,Fe2V4,Cmcm,-0.1378910599604251,V2Fe,orthorhombic
1983_Pb4V4,Pb4V4,P2_13,0.5410168853053765,VPb,cubic
1984_CuNi5,CuNi5,F-43m,0.1978016568543837,CuNi5,cubic
1985_In4Br2,In4Br2,Cmcm,-0.3372741578598444,In2Br,orthorhombic
1986_SrI,SrI,Fm-3m,-1.1425274083601475,SrI,cubic
1988_PbGe3,PbGe3,Fm-3m,0.1050826939614646,Ge3Pb,cubic
1990_CrYb,CrYb,F-43m,1.563562392238151,YbCr,cubic
1991_AuP,AuP,F-43m,0.216376917775559,PAu,cubic
1992_CaGe3,CaGe3,Fm-3m,-0.2835520166753325,CaGe3,cubic
1993_K4Sn2,K4Sn2,Pnnm,0.0381415247835024,K2Sn,orthorhombic
1995_CuSn,CuSn,F-43m,0.3544542623870392,CuSn,cubic
1998_Cu5Pt5,Cu5Pt5,P-1,-0.1249004932685046,CuPt,triclinic
1999_Sb3Ge5,Sb3Ge5,Cmmm,0.279852167525032,Ge5Sb3,orthorhombic
2001_FeMo5,FeMo5,F-43m,0.546571882198973,FeMo5,cubic
2002_Sr2W2,Sr2W2,Fd-3m,1.3964235494759736,SrW,cubic
2005_Fe26Mo2,Fe26Mo2,Fm-3c,0.4051483533428351,Fe13Mo,cubic
2006_CrEu,CrEu,Fm-3m,0.9504176641676194,EuCr,cubic
2007_W2Sb2,W2Sb2,Fd-3m,0.9266181348642304,SbW,cubic
2009_MoNb,MoNb,Pm-3m,-0.1312283059431038,NbMo,cubic
2011_Ba8Bi6,Ba8Bi6,I-43d,-0.952543718522009,Ba4Bi3,cubic
2015_AlPd,AlPd,P-6m2,-0.7587414640727959,AlPd,hexagonal
2016_Ba2Ge2,Ba2Ge2,Cmcm,-0.242087032344104,BaGe,orthorhombic
2018_Au2Mn2,Au2Mn2,Pmma,0.0127753186422383,MnAu,orthorhombic
2021_CuI,CuI,P-6m2,0.1611175716966943,CuI,hexagonal
2022_Cr2As,Cr2As,Fmmm,1.20373859087688,Cr2As,orthorhombic
2025_Al2Pb4,Al2Pb4,Pnnm,0.2598910134384138,AlPb2,orthorhombic
2026_Sr8Bi6,Sr8Bi6,I-43d,-0.9292699023510173,Sr4Bi3,cubic
2029_GaPt5,GaPt5,Cmmm,-0.2771613896486968,GaPt5,orthorhombic
2031_CuYb,CuYb,P-6m2,-0.0475451543672771,YbCu,hexagonal
2032_SrAs2,SrAs2,Fmmm,0.9507100421627857,SrAs2,orthorhombic
2033_Au2As,Au2As,Fmmm,0.1483135096731356,AsAu2,orthorhombic
2038_Nb10Ge6,Nb10Ge6,P6_3/mcm,-0.5620901117693196,Nb5Ge3,hexagonal
2039_IrP2,IrP2,Fm-3m,-0.3584518601264636,P2Ir,cubic
2040_FePb,FePb,Pm-3m,0.8426981996656657,FePb,cubic
2043_BaIr2,BaIr2,Fm-3m,1.7508225033464004,BaIr2,cubic
2045_Ba8Cu4,Ba8Cu4,Pnma,0.0588067267426094,Ba2Cu,orthorhombic
2046_Ba2Pd4,Ba2Pd4,Immm,-0.351981708479304,BaPd2,orthorhombic
2047_Mo2Pb4,Mo2Pb4,Cmcm,0.836551452064942,MoPb2,orthorhombic
2048_Ca4P2,Ca4P2,Pnnm,-0.8955902962299666,Ca2P,orthorhombic
2049_Ba4Ir2,Ba4Ir2,Fd-3m,1.2092215221026048,Ba2Ir,cubic
2050_Mo2Nb6,Mo2Nb6,Pm-3n,0.0541671401782277,Nb3Mo,cubic
2051_GaP7,GaP7,Fm-3m,0.6729407778305001,GaP7,cubic
2052_InNp,InNp,Fm-3m,0.8057627772406146,NpIn,cubic
2055_Fe2As4,Fe2As4,Pnnm,-0.2726784974914693,FeAs2,orthorhombic
2058_AcSm,AcSm,Fm-3m,0.3655227245744945,AcSm,cubic
2059_KNi3,KNi3,Immm,0.7556957670325106,KNi3,orthorhombic
2061_AsBr3,AsBr3,Pm-3m,0.5177541344689449,AsBr3,cubic
2062_WP3,WP3,Fm-3m,0.3904898621671568,P3W,cubic
2064_Cr3Br2,Cr3Br2,R-3m,0.6807631171727635,Cr3Br2,trigonal
2066_Fe2Ga2,Fe2Ga2,P4/nmm,-0.0240492364425461,GaFe,orthorhombic
2068_Ba2Ir,Ba2Ir,Fm-3m,-0.0891605456993988,Ba2Ir,cubic
2071_Ga12Pt12,Ga12Pt12,Pbcm,-0.4726474852203968,GaPt,orthorhombic
2072_Ga2Br2,Ga2Br2,Pmmn,-0.5777253611313591,GaBr,orthorhombic
2076_K5P3,K5P3,Cmmm,0.0229123948438667,K5P3,orthorhombic
2077_Sn4P,Sn4P,Im-3m,0.1624301464290653,Sn4P,cubic
2080_SnP,SnP,Fm-3m,-0.0944015208122417,SnP,cubic
2081_Nb2Pb4,Nb2Pb4,Cmcm,0.5324324151474708,NbPb2,orthorhombic
2082_BaPd,BaPd,Cmmm,-0.4783613083554825,BaPd,cubic
2083_PbSb,PbSb,Cmmm,0.1049325678159949,SbPb,orthorhombic
2084_Ce4Sb8,Ce4Sb8,Cmce,-1.0093768112312318,CeSb2,orthorhombic
2085_Cr5P24,Cr5P24,I-43m,0.4558804071858427,Cr5P24,cubic
2086_GaRb,GaRb,R-3m,0.3709528424798503,RbGa,trigonal
2087_IrNa3,IrNa3,Immm,0.4171477206495835,Na3Ir,orthorhombic
2088_Nb4Pb2,Nb4Pb2,Cmcm,0.2068769972852896,Nb2Pb,orthorhombic
2090_Cu5Pt7,Cu5Pt7,P1,-0.0938955697698211,Cu5Pt7,triclinic
2091_Pb16V8,Pb16V8,Fd-3m,0.3154810401082291,VPb2,cubic
2092_K2Ge4,K2Ge4,Pnnm,0.2058314233855368,KGe2,orthorhombic
2093_CuPb,CuPb,F-43m,0.6068640491029402,CuPb,cubic
2094_Al3Sn,Al3Sn,Imm2,0.1655793976137554,Al3Sn,orthorhombic
2095_GeP5,GeP5,Amm2,0.2502946082764126,GeP5,orthorhombic
2096_CrNb3,CrNb3,Pm-3m,1.7503015790430183,Nb3Cr,cubic
2097_Nb2Pb,Nb2Pb,Fmmm,0.2498373527304996,Nb2Pb,orthorhombic
2098_Ce20Ir16,Ce20Ir16,Pnma,-0.539478361802414,Ce5Ir4,orthorhombic
2099_Ba16Ir4,Ba16Ir4,I-43m,0.2012769031781847,Ba4Ir,cubic
2100_Pd3Sb,Pd3Sb,Immm,-0.3754922119956188,SbPd3,orthorhombic
2101_Mo4Nb4,Mo4Nb4,P2_13,0.2752814592945132,NbMo,cubic
2102_BaCu3,BaCu3,Pmmm,0.2453032477954502,BaCu3,orthorhombic
2104_As16Br4,As16Br4,I23,0.33519920200048,As4Br,cubic
2105_Ag8Ta4,Ag8Ta4,Pa-3,1.3870426358454473,TaAg2,cubic
2106_RbBi,RbBi,F-43m,0.6406652800277259,RbBi,cubic
2107_K6Ni4,K6Ni4,Fdd2,1.1132662060029634,K3Ni2,orthorhombic
2108_Ga5Pt24,Ga5Pt24,I-43m,-0.067521268653485,Ga5Pt24,cubic
2109_BaCu5,BaCu5,Cmmm,0.2499063164877467,BaCu5,orthorhombic
2110_RhYb,RhYb,Pm-3m,-0.4724318611785012,YbRh,cubic
2111_Ag2P,Ag2P,Fm-3m,0.1479457399151679,Ag2P,cubic
2112_Ag6Al2,Ag6Al2,Pmmn,-0.0362782632402982,AlAg3,orthorhombic
2113_PAs4,PAs4,Im-3m,0.4778014059865242,As4P,cubic
2114_Ag8P16,Ag8P16,Fd-3m,0.5141729398957775,AgP2,cubic
2115_Pd8Sb4,Pd8Sb4,Cmc2_1,-0.4630380882032696,SbPd2,orthorhombic
2116_Na2Pd,Na2Pd,Fmmm,-0.0417511614547165,Na2Pd,orthorhombic
2117_Au6Nb2,Au6Nb2,Pmmn,-0.0529283902520871,NbAu3,orthorhombic
2118_Ge5P3,Ge5P3,Cmmm,0.4001806940265355,Ge5P3,orthorhombic
2119_WSb,WSb,Pm-3m,0.635789304038278,SbW,cubic
2122_CaGa4,CaGa4,C2/m,-0.4087614125768802,CaGa4,monoclinic
2128_FePd,FePd,Pm-3m,0.0611011855322729,FePd,cubic
2129_P3As,P3As,Pm-3m,0.7466427268971589,AsP3,cubic
2130_Cr2Nb6,Cr2Nb6,Pm-3n,0.1085546089350248,Nb3Cr,cubic
2131_Cr3Nb,Cr3Nb,Pm-3m,2.842053501474326,NbCr3,cubic
2132_P5As,P5As,F-43m,0.7834809435520972,AsP5,cubic
2133_FeMn,FeMn,Pm-3m,0.1235497884165575,MnFe,cubic
2134_Mn3W,Mn3W,Pm-3m,0.1922058763221663,Mn3W,cubic
2138_Mo3Sr,Mo3Sr,Cmmm,0.7152137656734343,SrMo3,orthorhombic
2140_FePd3,FePd3,Pm-3m,-0.1114107298153808,FePd3,cubic
2141_P8Br16,P8Br16,Fd-3m,0.5198137568723528,PBr2,cubic
2142_K8P4,K8P4,Pnma,-0.0844143124140514,K2P,orthorhombic
2144_Al6Cu2,Al6Cu2,Cmcm,-0.0017060816812031,Al3Cu,orthorhombic
2145_Ag2Ge2,Ag2Ge2,Cmcm,0.1908003162076452,AgGe,orthorhombic
2146_Fe3Pd,Fe3Pd,Pm-3m,0.0574203385382343,Fe3Pd,cubic
2150_MnW,MnW,Fm-3m,0.9855550840613176,MnW,cubic
2153_Cr4Nb4,Cr4Nb4,P2_13,0.3954713383290649,NbCr,cubic
2155_AgGe2,AgGe2,Immm,0.2269485192188695,AgGe2,orthorhombic
2159_Al4Rh2,Al4Rh2,Imma,-0.3845005338222644,Al2Rh,orthorhombic
2160_SbGe3,SbGe3,Imm2,0.3209652310163591,Ge3Sb,orthorhombic
2161_RbV,RbV,P-6m2,1.6020981680290052,RbV,hexagonal
2165_AlSb,AlSb,Cmmm,0.2495095536161731,AlSb,orthorhombic
2166_As2Br2,As2Br2,Fd-3m,0.4243112390513999,AsBr,cubic
2168_Pb6As18,Pb6As18,Pmmn,0.1753297828027603,As3Pb,orthorhombic
2173_Au3P,Au3P,Pmm2,0.2584710753037122,PAu3,orthorhombic
2175_AgBr,AgBr,Cmmm,-0.2694783941406529,AgBr,orthorhombic
2177_Ag12Br12,Ag12Br12,Pbcm,-0.342706718874014,AgBr,orthorhombic
2178_Ir4Ta8,Ir4Ta8,Pnma,-0.3445234546746931,Ta2Ir,orthorhombic
2181_Pb3As,Pb3As,Immm,0.0508391896890603,AsPb3,orthorhombic
2183_Na6Pb2,Na6Pb2,Pm-3n,-0.1099520900951809,Na3Pb,cubic
2184_SnV,SnV,F-43m,1.1915693404471313,VSn,cubic
2185_Pb3Sb,Pb3Sb,Pmmm,0.0527710928808438,SbPb3,orthorhombic
2186_Ir8Pd16,Ir8Pd16,Fd-3m,0.3399996705513632,IrPd2,cubic
2187_Fe26Pd2,Fe26Pd2,Fm-3c,0.3374554965266674,Fe13Pd,cubic
2189_Sb6Ge2,Sb6Ge2,Pmmn,0.1905762873380529,GeSb3,orthorhombic
2190_Al2Cu4,Al2Cu4,Pnnm,-0.0342056402310759,AlCu2,orthorhombic
2193_AcSb,AcSb,Fm-3m,-1.3729502658314,AcSb,cubic
2194_Ba2Sn4,Ba2Sn4,Cmcm,-0.4998577665251904,BaSn2,orthorhombic
2195_Ga8Pt16,Ga8Pt16,Fd-3m,-0.3537022999127923,GaPt2,cubic
2197_SbGe3,SbGe3,Immm,0.3134360038520034,Ge3Sb,orthorhombic
2198_CrNa3,CrNa3,Immm,0.5423186726893348,Na3Cr,orthorhombic
2199_Al2Ta4,Al2Ta4,Pnnm,0.5322056089761146,Ta2Al,orthorhombic
2200_Al3Sn,Al3Sn,Immm,0.1862588865298473,Al3Sn,orthorhombic
2201_TaV2,TaV2,Fmmm,0.0641019182028337,TaV2,orthorhombic
2203_Ba2Sn2,Ba2Sn2,Cmcm,-0.7239831978783742,BaSn,orthorhombic
2204_Al2Cu6,Al2Cu6,Pmmn,-0.2033060160153859,AlCu3,orthorhombic
2210_Na3Sn,Na3Sn,Pm-3m,-0.1740065553992373,Na3Sn,cubic
2211_CuK4,CuK4,Im-3m,0.2236390669345606,K4Cu,cubic
2212_P2As2,P2As2,Fd-3m,0.5730281592022672,AsP,cubic
2213_Ir16Pd8,Ir16Pd8,Fd-3m,0.7222316351201421,Ir2Pd,cubic
2214_Mn16W4,Mn16W4,I-43m,0.4719804598832496,Mn4W,cubic
2215_Fe4Pb8,Fe4Pb8,Pa-3,0.6140265799270838,FePb2,cubic
2218_Ag2Ge2,Ag2Ge2,Cmcm,0.1888974565500993,AgGe,orthorhombic
2219_KP3,KP3,Cmmm,0.5613300460352102,KP3,orthorhombic
2220_NaPb,NaPb,Pm-3m,-0.1356066752964104,NaPb,cubic
2221_Na3Pb,Na3Pb,Pm-3m,0.1518851080749097,Na3Pb,cubic
2240_Fe4Pb8,Fe4Pb8,Pnma,0.8179783771490255,FePb2,orthorhombic
2250_SnP4,SnP4,Im-3m,0.9161730438708098,SnP4,cubic
2258_Cr2Nb4,Cr2Nb4,Pnnm,0.691069255071028,Nb2Cr,orthorhombic
2259_Cr4Nb2,Cr4Nb2,Pnnm,0.2767052758592463,NbCr2,orthorhombic
2260_FeTa,FeTa,R-3m,0.1801425579882121,TaFe,trigonal
2276_Ag4Al6,Ag4Al6,R-3c,0.2770130587326555,Al3Ag2,trigonal
2277_Ir2Ta6,Ir2Ta6,Pmmn,-0.1797791506566746,Ta3Ir,orthorhombic
2279_IrNa3,IrNa3,Cmmm,0.3875730521386757,Na3Ir,orthorhombic
2281_Pd2W2,Pd2W2,Cmme,-0.0015386510129893,PdW,orthorhombic
2285_Pb4I8,Pb4I8,R-3m,-0.670563589825953,PbI2,trigonal
2286_Fe8Sb4,Fe8Sb4,Pnma,0.3155557497340489,Fe2Sb,orthorhombic
2294_Ba4Cu2,Ba4Cu2,Pnnm,0.0304039929029062,Ba2Cu,orthorhombic
2297_FePb3,FePb3,Pmm2,0.5456989985477598,FePb3,orthorhombic
2299_AgTa7,AgTa7,Fm-3m,0.2645234306889392,Ta7Ag,cubic
2304_In2Br2,In2Br2,Cmcm,-0.8192525431939348,InBr,orthorhombic
2312_In6Mn18,In6Mn18,Pmmn,0.3345304795585899,Mn3In,orthorhombic
2313_Ac4Bi6,Ac4Bi6,R-3c,-0.3278292763649915,Ac2Bi3,trigonal
2317_KGe2,KGe2,Immm,0.0251469977801098,KGe2,orthorhombic
2320_Ir2As4,Ir2As4,Fd-3m,1.0017580786940574,As2Ir,cubic
2321_Ba16Ir4,Ba16Ir4,I-43m,0.2013603867440632,Ba4Ir,cubic
2323_Fe5Sb,Fe5Sb,Cmmm,0.1871788563843329,Fe5Sb,orthorhombic
2324_IrTa2,IrTa2,Immm,-0.3511913424291061,Ta2Ir,orthorhombic
2325_SnP,SnP,Fm-3m,-0.094533133663428,SnP,cubic
2327_Cu6Fe2,Cu6Fe2,Pm-3n,0.2644123682040105,FeCu3,cubic
2332_Ir5Na,Ir5Na,Amm2,0.3068927250645951,NaIr5,orthorhombic
2333_NpRh,NpRh,R-3m,-0.0152426988193106,NpRh,trigonal
2337_AuSr,AuSr,F-43m,-0.3245322540582869,SrAu,cubic
2340_Ir4Ta4,Ir4Ta4,Pnma,-0.5676369964440191,TaIr,orthorhombic
2341_Ga4Pt4,Ga4Pt4,P2_13,-0.6357998298661194,GaPt,cubic
2344_InGe,InGe,P-6m2,0.0678839385461884,InGe,hexagonal
2345_KP5,KP5,Cmmm,0.0256133907113328,KP5,orthorhombic
2347_Na2Pt2,Na2Pt2,Fd-3m,-0.0139597554174071,NaPt,cubic
2349_Fe4Mo16,Fe4Mo16,I-43m,0.7562870920394872,FeMo4,cubic
2350_Ga16P8,Ga16P8,Fd-3m,0.1995491072058464,Ga2P,cubic
2352_Au2Mn2,Au2Mn2,Cmcm,0.1242328596392612,MnAu,orthorhombic
2354_FeMo,FeMo,Fm-3m,0.7999669414053301,FeMo,cubic
2357_K6Ge18,K6Ge18,Pmmn,0.0690931290886987,KGe3,orthorhombic
2360_Ir4Na2,Ir4Na2,Pnnm,0.7113253348531856,NaIr2,orthorhombic
2361_K4Ge2,K4Ge2,Cmcm,0.1993859881267337,K2Ge,orthorhombic
2362_AcPa,AcPa,Fm-3m,1.07463545249223,AcPa,cubic
2363_CuI,CuI,P-6m2,0.2521662775642088,CuI,hexagonal
2365_PdW3,PdW3,Cmmm,0.0769891150981809,PdW3,orthorhombic
2366_Cu7Pt5,Cu7Pt5,P1,-0.1224453568417445,Cu7Pt5,triclinic
2367_Fe4Na4,Fe4Na4,P2_13,1.7236679830938106,NaFe,cubic
2368_Ga5Br3,Ga5Br3,Cmmm,-0.2414670257688573,Ga5Br3,orthorhombic
2370_Pd2W,Pd2W,Immm,-0.0741564389783917,Pd2W,orthorhombic
2373_PbV,PbV,F-43m,1.603517914690315,VPb,cubic
2375_Ga13Mn13,Ga13Mn13,R-3m,5.485676899432976,MnGa,trigonal
2378_As8Br4,As8Br4,Pa-3,0.4426724631388452,As2Br,cubic
2380_K2Ni2,K2Ni2,Imma,1.102450928894866,KNi,orthorhombic
2382_VBr3,VBr3,I4/mmm,0.1166554523062841,VBr3,cubic
2384_Cr12Ta4,Cr12Ta4,Pnma,0.2733236884432699,TaCr3,orthorhombic
2388_CaP,CaP,Immm,-0.8147897059473337,CaP,orthorhombic
2389_CuMo,CuMo,F-43m,1.9978086601672205,CuMo,cubic
2391_Pb2V4,Pb2V4,Fd-3m,0.4200073863920721,V2Pb,cubic
2392_AgP,AgP,F-43m,0.5370522972454537,AgP,cubic
2394_Ag4Al8,Ag4Al8,P-1,-0.0173691943988778,Al2Ag,triclinic
2395_Nb2Pt2,Nb2Pt2,Pmma,-0.6457328310843167,NbPt,orthorhombic
2396_Ca5P3,Ca5P3,Cmmm,-0.9491693569273068,Ca5P3,orthorhombic
2398_AgAl2,AgAl2,Immm,0.0748750121599464,Al2Ag,orthorhombic
2401_Mo4P,Mo4P,Im-3m,0.7103721713880631,Mo4P,cubic
2403_Mo4W2,Mo4W2,C2/m,-0.0009316232710124,Mo2W,monoclinic
2404_Cu2Ga4,Cu2Ga4,Cmcm,0.0213130779137458,Ga2Cu,orthorhombic
2406_Pb4V4,Pb4V4,P2_13,0.5249129675022628,VPb,cubic
2407_Na4Pt2,Na4Pt2,Fd-3m,0.243680765189211,Na2Pt,cubic
2408_AuGa,AuGa,F-43m,-0.044513398423442,GaAu,cubic
2410_AgTa,AgTa,F-43m,2.1461061385795173,TaAg,cubic
2411_Mn4Sn2,Mn4Sn2,P6_3/mmc,0.0705537836800094,Mn2Sn,hexagonal
2413_Cu2Ge4,Cu2Ge4,Pnnm,0.1874929360863107,CuGe2,orthorhombic
2414_Au4In2,Au4In2,Pnnm,0.0693486325170589,InAu2,orthorhombic
2415_Ir3Ta,Ir3Ta,Pmmm,-0.3949713315041503,TaIr3,orthorhombic
2416_Cs3Fe,Cs3Fe,Fm-3m,0.7934928922294131,Cs3Fe,cubic
2417_Pb2Sr4,Pb2Sr4,Fd-3m,0.2314095017362637,Sr2Pb,cubic
2418_FePb,FePb,F-43m,1.177480002338207,FePb,cubic
2419_Ag5Al3,Ag5Al3,Amm2,-2.339860029082108,Al3Ag5,orthorhombic
2420_As4Br12,As4Br12,P2_12_12_1,-0.7598932921626429,AsBr3,orthorhombic
2421_Ag4Al2,Ag4Al2,Pnnm,0.1584953971325919,AlAg2,orthorhombic
2422_Cr2Ta4,Cr2Ta4,Pnnm,0.5251773362111992,Ta2Cr,orthorhombic
2423_Al3Sn5,Al3Sn5,Cmmm,0.1306375382299589,Al3Sn5,orthorhombic
2427_AuYb,AuYb,Fm-3m,-0.8982156585447809,YbAu,cubic
2428_ThI,ThI,Fm-3m,-0.283583953525361,ThI,cubic
2429_Ir12As17,Ir12As17,I-43m,0.1461502202227663,As17Ir12,cubic
2430_Ir17As12,Ir17As12,I-43m,0.3755484315896343,As12Ir17,cubic
2431_Ag5Al5,Ag5Al5,P-1,-0.0203045089243822,AlAg,triclinic
2432_Mo26Nb2,Mo26Nb2,Fm-3c,0.5742458390784151,NbMo13,cubic
2433_Fe3As,Fe3As,Cmmm,0.1791333723670165,Fe3As,orthorhombic
2435_RbTa,RbTa,Fm-3m,3.1517506112669618,RbTa,cubic
2436_WP,WP,Pm-3m,-0.1643606055072712,PW,cubic
2437_Na2Pt2,Na2Pt2,Fd-3m,-0.0138098961311601,NaPt,cubic
2438_Ag3Al5,Ag3Al5,P1,-0.00615388024503,Al5Ag3,triclinic
2447_Al3Cs,Al3Cs,Fm-3m,0.6241376151474332,CsAl3,cubic
2449_Ca4Mo2,Ca4Mo2,Cmcm,0.4331016662409007,Ca2Mo,orthorhombic
2450_CePt,CePt,P-6m2,-0.656573058654736,CePt,hexagonal
2451_Fe2V,Fe2V,Fmmm,-0.0807875605078566,VFe2,orthorhombic
2452_Ca3Mo,Ca3Mo,Cmmm,0.8021335068030071,Ca3Mo,orthorhombic
2456_SrTh,SrTh,P-6m2,0.347384581365417,SrTh,hexagonal
2457_GaPb,GaPb,P-6m2,0.1009691235960348,GaPb,hexagonal
2459_PbSm,PbSm,R-3m,-0.6981796142919414,SmPb,trigonal
2460_Ni5Rh,Ni5Rh,Pmmm,0.0230299346090584,Ni5Rh,orthorhombic
2461_RhSr,RhSr,F-43m,0.8294736320698664,SrRh,cubic
2462_WSb,WSb,Pm-3m,0.6432706149340781,SbW,cubic
2463_AuV,AuV,Fm-3m,0.6925813456617407,VAu,cubic
2466_Pb24V5,Pb24V5,I-43m,0.4395277279645058,V5Pb24,cubic
2467_Cu6Pt5,Cu6Pt5,P1,-0.1107428779714823,Cu6Pt5,triclinic
2468_Fe6P3,Fe6P3,P-62m,-0.5281060693301955,Fe2P,hexagonal
2469_AlCs3,AlCs3,Fm-3m,0.3680687156468609,Cs3Al,cubic
2471_Au2Nb2,Au2Nb2,Cmcm,-0.0631656503998696,NbAu,orthorhombic
2473_GaPt3,GaPt3,Pm-3m,-0.4367495941875665,GaPt3,cubic
2474_Sr4Br8,Sr4Br8,Pnma,-2.1581744519040207,SrBr2,orthorhombic
2476_Fe4Mo8,Fe4Mo8,Pa-3,0.7435948269752863,FeMo2,cubic
2477_Fe3Pa,Fe3Pa,Fm-3m,-0.1268434717063442,PaFe3,cubic
2479_InTh,InTh,R-3m,-0.1344146265432577,ThIn,trigonal
2481_Ir5As,Ir5As,F-43m,0.7889308042601991,AsIr5,cubic
2483_Fe18As6,Fe18As6,Pmmn,-0.0030855285063147,Fe3As,orthorhombic
2484_Cr8Ta4,Cr8Ta4,Pnma,0.1552691808946953,TaCr2,orthorhombic
2485_W8Sb16,W8Sb16,Fd-3m,0.6432572109632039,Sb2W,cubic
2486_Nb6Pt2,Nb6Pt2,Cmcm,0.6611398953307628,Nb3Pt,orthorhombic
2489_RbU,RbU,Fm-3m,2.376284508072093,RbU,cubic
2490_Ag6P2,Ag6P2,Pm-3n,0.2600994596241142,Ag3P,cubic
2492_Cu4Pt7,Cu4Pt7,P-1,-0.1140930060003416,Cu4Pt7,triclinic
2493_In5Br,In5Br,Cm,-0.128083791964323,In5Br,monoclinic
2494_Sb6Ge2,Sb6Ge2,Cmcm,0.2654197661846105,GeSb3,orthorhombic
2495_Au2In4,Au2In4,Pnnm,-0.1523262669381715,In2Au,orthorhombic
2496_Al2Sn4,Al2Sn4,Pnnm,0.1387351463467692,AlSn2,orthorhombic
2498_Au4Nb2,Au4Nb2,Cmcm,-0.0576491557010866,NbAu2,orthorhombic
2500_Ni2Ta,Ni2Ta,Fm-3m,0.370421373180451,TaNi2,cubic
2501_Ta12V4,Ta12V4,Pnma,0.1817186300693229,Ta3V,orthorhombic
2506_SnTa,SnTa,F-43m,1.6490591314503904,TaSn,cubic
2508_Fe2Pb2,Fe2Pb2,Pmmn,0.6902663060867562,FePb,orthorhombic
2509_AuIr3,AuIr3,Immm,0.3788525787842882,Ir3Au,orthorhombic
2511_Al2V6,Al2V6,Pm-3n,-0.1365881299866016,AlV3,cubic
2518_P3Br,P3Br,Pm-3m,1.917565214745004,P3Br,cubic
2519_Cu7Pt5,Cu7Pt5,P1,-0.1150761839321248,Cu7Pt5,triclinic
2520_Pd4Sn12,Pd4Sn12,Cmce,-0.3445206529960103,Sn3Pd,orthorhombic
2521_Ta4V12,Ta4V12,Pnma,0.1864758023400057,TaV3,orthorhombic
2522_Sb6Ge2,Sb6Ge2,Cmcm,0.1649034019475364,GeSb3,orthorhombic
2523_K3As,K3As,Fm-3m,-0.4298841623548879,K3As,cubic
2524_K5Ni,K5Ni,Cmmm,0.4523238413744102,K5Ni,orthorhombic
2525_CrTa,CrTa,Cmmm,0.1368525732847381,TaCr,orthorhombic
2528_Ag6Al5,Ag6Al5,P-1,-0.0311545684498917,Al5Ag6,triclinic
2529_Al4Th2,Al4Th2,Fd-3m,-0.4217686015761224,ThAl2,cubic
2530_Ni4Rh2,Ni4Rh2,Cmcm,0.1190964767898267,Ni2Rh,orthorhombic
2531_RbSn,RbSn,P-6m2,0.0399304454798907,RbSn,hexagonal
2532_FeBi3,FeBi3,Fm-3m,0.514264870042636,FeBi3,cubic
2533_Ga2P4,Ga2P4,Fd-3m,0.3961177066651302,GaP2,cubic
2534_Ag3Ni,Ag3Ni,Pmm2,0.1945696901642204,NiAg3,orthorhombic
2535_CuNi,CuNi,F-43m,1.2802434695571363,CuNi,cubic
2538_Al18Rh6,Al18Rh6,Pmmn,-0.529446957011567,Al3Rh,orthorhombic
2540_Al2Sb6,Al2Sb6,Cmcm,0.0763948358588573,AlSb3,orthorhombic
2541_RbV,RbV,P-6m2,1.6020458339129915,RbV,hexagonal
2542_Ir2Ta,Ir2Ta,Immm,-0.4492346500800235,TaIr2,orthorhombic
2544_MnNi,MnNi,F-43m,1.427393408751383,MnNi,cubic
2545_Fe3Mo,Fe3Mo,Pm-3m,0.0828215338106606,Fe3Mo,cubic
2547_K8Sn4,K8Sn4,Pnma,-0.112285884478541,K2Sn,orthorhombic
2549_Ag4Ge4,Ag4Ge4,Pnma,0.2566176701607023,AgGe,orthorhombic
2551_Ba2Fe2,Ba2Fe2,P6_3mc,1.4615896422081454,BaFe,hexagonal
2552_InNp,InNp,R-3m,0.1183557985364016,NpIn,trigonal
2557_RbSr,RbSr,P-6m2,0.1202435620066513,RbSr,hexagonal
2559_Ca2Ga2,Ca2Ga2,Cmcm,-0.4668428153569959,CaGa,orthorhombic
2560_FeV,FeV,P-6m2,0.1287259691374238,VFe,hexagonal
2562_Nb3W,Nb3W,Pmm2,0.3688451667137702,Nb3W,orthorhombic
2564_In2I2,In2I2,Cmcm,-0.5589380872856298,InI,orthorhombic
2566_MnV,MnV,R-3m,0.0886847109767376,MnV,trigonal
2568_P4As8,P4As8,Pa-3,0.1960957518537416,As2P,cubic
2569_AuSb,AuSb,F-43m,-0.0210635766241136,SbAu,cubic
2572_Ba3Rh,Ba3Rh,Pm-3m,0.2455132468116114,Ba3Rh,cubic
2573_Cr4Nb16,Cr4Nb16,I-43m,0.7301185064127622,Nb4Cr,cubic
2574_Cr6Ta2,Cr6Ta2,Cmcm,0.052600936998294,TaCr3,orthorhombic
2575_AlCu2,AlCu2,Immm,-0.1952456041573492,AlCu2,orthorhombic
2576_Ni5U,Ni5U,F-43m,-0.3401739438410741,UNi5,cubic
2577_Cr5Na,Cr5Na,Amm2,0.694440626891898,NaCr5,orthorhombic
2579_VW2,VW2,Immm,0.4517394004088544,VW2,orthorhombic
2581_CuGa,CuGa,F-43m,0.4444796102687203,GaCu,cubic
2582_Ir6Ta18,Ir6Ta18,Pmmn,-0.2054474219342973,Ta3Ir,orthorhombic
2583_Pb24Sr5,Pb24Sr5,I-43m,-0.1749641724387654,Sr5Pb24,cubic
2585_Ag4Br2,Ag4Br2,Cmcm,0.0107206331644696,Ag2Br,orthorhombic
2586_Al3Pt,Al3Pt,Cmmm,-0.48119704804955,Al3Pt,orthorhombic
2588_RhU,RhU,F-43m,0.4477266393935224,URh,cubic
2590_NaPb4,NaPb4,Im-3m,0.224980428430975,NaPb4,cubic
2591_Al16Cu36,Al16Cu36,P-43m,-0.2174912665715523,Al4Cu9,cubic
2593_FeBi3,FeBi3,Fm-3m,0.5157329205029795,FeBi3,cubic
2594_Al2Rh2,Al2Rh2,Pmmn,-0.7783706628848774,AlRh,orthorhombic
2595_As2Br6,As2Br6,Pm-3n,0.3903767788982994,AsBr3,cubic
2596_FeV3,FeV3,Immm,-0.1430951792579371,V3Fe,orthorhombic
2597_Al2K2,Al2K2,Cmcm,0.2086908182733893,KAl,orthorhombic
2598_Mo2Nb2,Mo2Nb2,Fd-3m,-0.0888018466548317,NbMo,cubic
2601_AlSr3,AlSr3,Immm,0.0081842561815732,Sr3Al,orthorhombic
2602_Ba4Ta2,Ba4Ta2,Pnnm,1.243786268910301,Ba2Ta,orthorhombic
2603_Ir3Ni,Ir3Ni,Fm-3m,0.3806097119806306,NiIr3,cubic
2604_PbAs3,PbAs3,Immm,0.2533125639682092,As3Pb,orthorhombic
2606_BaSn5,BaSn5,Cmmm,-0.2591177009516817,BaSn5,orthorhombic
2609_Au12Nb12,Au12Nb12,Pbcm,0.0229785255657984,NbAu,orthorhombic
2612_Au2Nb4,Au2Nb4,Cmcm,0.0545237198894454,Nb2Au,orthorhombic
2613_Ta2Ge2,Ta2Ge2,Cmcm,-0.062803501917342,TaGe,orthorhombic
2615_AuNb,AuNb,F-43m,1.177855591877857,NbAu,cubic
2618_Al6In2,Al6In2,Pmmn,0.1591287652795423,Al3In,orthorhombic
2620_Ta2V2,Ta2V2,Imma,0.0268457363837892,TaV,orthorhombic
2623_K2P,K2P,Immm,-0.0898814432304263,K2P,orthorhombic
2627_Ni10Ge6,Ni10Ge6,C2,-0.4625513556699081,Ni5Ge3,monoclinic
2628_Cr18Ta6,Cr18Ta6,Pmmn,0.2978286892727837,TaCr3,orthorhombic
2629_Mn3Ni,Mn3Ni,Fm-3m,0.0623150700545078,Mn3Ni,cubic
2630_CsBr,CsBr,Pm-3m,-1.8905071260349693,CsBr,cubic
2631_MoSr3,MoSr3,I4/mmm,0.8337843536027552,Sr3Mo,cubic
2632_P3Br,P3Br,Im-3m,0.5398507092120761,P3Br,cubic
2633_Cu4K2,Cu4K2,Fd-3m,0.3710968213036061,KCu2,cubic
2634_CuK4,CuK4,Im-3m,0.2296230775695573,K4Cu,cubic
2635_P3Br,P3Br,Pm-3m,1.0989733360115088,P3Br,cubic
2636_Pt7Sb,Pt7Sb,Fm-3m,-0.1405445786563701,SbPt7,cubic
2638_InBr3,InBr3,Immm,-0.5575545409714322,InBr3,orthorhombic
2643_MnW3,MnW3,Pm-3m,2.350156780098427,MnW3,cubic
2644_FePb,FePb,Pm-3m,0.8418730722704222,FePb,cubic
2645_KP3,KP3,Imm2,0.0362569796913732,KP3,orthorhombic
2646_Al2Cu,Al2Cu,Immm,-0.0699907180162859,Al2Cu,orthorhombic
2647_KP3,KP3,Immm,0.0464841365445432,KP3,orthorhombic
2648_KP3,KP3,Cmmm,0.391278674206243,KP3,orthorhombic
2649_Ba5Sn,Ba5Sn,Cmmm,-0.1835240422710799,Ba5Sn,orthorhombic
2652_Fe4Pb,Fe4Pb,Im-3m,1.4306924841850814,Fe4Pb,cubic
2653_Cs3Sm,Cs3Sm,Pm-3m,-1.2968397139977947,Cs3Sm,cubic
2654_Cu3Na,Cu3Na,Pmmm,0.197974552952445,NaCu3,orthorhombic
2656_SnYb3,SnYb3,Pm-3m,-0.5960435130812347,Yb3Sn,cubic
2726_PtRb3,PtRb3,Pm-3m,0.0920366423174874,Rb3Pt,cubic
2727_V3Sb,V3Sb,Immm,-0.0929562358923776,V3Sb,orthorhombic
2728_Pd2V4,Pd2V4,Pnnm,0.4185596658639869,V2Pd,orthorhombic
2730_Ir2Nb2,Ir2Nb2,Cmme,-0.1578713088821608,NbIr,orthorhombic
2731_Ga2Ge2,Ga2Ge2,Pmmn,0.1628796890350323,GaGe,orthorhombic
2732_Ba2Cu6,Ba2Cu6,Pmmn,-0.0339271808305898,BaCu3,orthorhombic
2734_Al6Sr2,Al6Sr2,Pmmn,-0.1886478219166454,SrAl3,orthorhombic
2735_Rh3P,Rh3P,Pm-3m,-0.1920001455727336,PRh3,cubic
2736_PtGe3,PtGe3,Cmmm,0.1019580613747619,Ge3Pt,orthorhombic
2737_Al6Rb2,Al6Rb2,P6_3/mmc,0.1995774915215715,RbAl3,hexagonal
2739_As4Br2,As4Br2,Cmcm,-0.1734847560270319,As2Br,orthorhombic
2740_InNi,InNi,Fm-3m,0.1547548812790036,InNi,cubic
2742_CsIr,CsIr,R-3m,1.5664573299213995,CsIr,trigonal
2744_Al4Mn8,Al4Mn8,Pa-3,0.7432819175377622,Mn2Al,cubic
2746_RhBr,RhBr,R-3m,0.3512356642482972,RhBr,trigonal
2748_Pb7I14,Pb7I14,P3m1,-0.6754812229012036,PbI2,trigonal
2749_Al2Ca6,Al2Ca6,P6_3/mmc,-0.1204313542762798,Ca3Al,hexagonal
2750_SnGe4,SnGe4,Im-3m,0.6338323741281734,SnGe4,cubic
2751_Ga2P2,Ga2P2,Pmmn,-0.0559402271293123,GaP,orthorhombic
2753_IrTa3,IrTa3,Immm,-0.314894706077121,Ta3Ir,orthorhombic
2754_Ag7Pt5,Ag7Pt5,P1,0.0114995210897035,Ag7Pt5,triclinic
2756_Ni2Np2,Ni2Np2,Pmma,-0.1482799245317068,NpNi,orthorhombic
2757_Mn12Rh4,Mn12Rh4,Pnma,0.058969951857362,Mn3Rh,orthorhombic
2758_Al2Mn,Al2Mn,Fm-3m,0.2460087241998335,MnAl2,cubic
2759_P2As6,P2As6,Cmcm,0.278215754448178,As3P,orthorhombic
2760_Cu4Nb4,Cu4Nb4,P2_13,0.305104841116413,NbCu,cubic
2761_AuK3,AuK3,Imm2,-0.1330414285429428,K3Au,orthorhombic
2762_Nb3Pb,Nb3Pb,Pm-3m,0.1764308310655042,Nb3Pb,cubic
2763_Pd2V2,Pd2V2,Cmcm,-0.0781333125878909,VPd,orthorhombic
2764_IrNb,IrNb,Fm-3m,0.0903267090833637,NbIr,cubic
2765_In6Mn18,In6Mn18,Pmmn,0.3412085826997663,Mn3In,orthorhombic
2766_K2Pd,K2Pd,Immm,0.129418521939176,K2Pd,orthorhombic
2767_AuBr3,AuBr3,Pm-3m,-0.0229078991777886,AuBr3,cubic
2769_Ba2Br6,Ba2Br6,Pm-3n,-1.669242551351272,BaBr3,cubic
2770_AcBi3,AcBi3,Pm-3m,-0.604258182904803,AcBi3,cubic
2772_CaMn3,CaMn3,Fm-3m,0.6933934960880848,CaMn3,cubic
2773_AlSm,AlSm,R-3m,-0.4655390373998145,SmAl,trigonal
2774_Ca2Cu2,Ca2Cu2,Cmcm,-0.159069105587382,CaCu,orthorhombic
2775_Au5Sb,Au5Sb,F-43m,0.1474496383974006,SbAu5,cubic
2778_Sn6W4,Sn6W4,Fdd2,0.676190720559454,Sn3W2,orthorhombic
2779_Nb3Br,Nb3Br,Pmm2,0.4093369088389451,Nb3Br,orthorhombic
2781_Ac2Al6,Ac2Al6,P6_3/mmc,-0.3916821840667923,AcAl3,hexagonal
2786_AlPd,AlPd,Pm-3m,-0.8944008535151085,AlPd,cubic
2787_CaCu,CaCu,F-43m,0.5358766060288009,CaCu,cubic
2788_Rh6Sb2,Rh6Sb2,Cmcm,-0.1057183546171485,SbRh3,orthorhombic
2789_PtBi,PtBi,Fm-3m,-0.1674619481740151,BiPt,cubic
2791_EuI,EuI,Fm-3m,-1.3246680484950362,EuI,cubic
2792_AlNi5,AlNi5,Amm2,-0.2226364434127994,AlNi5,orthorhombic
2794_Ga5Pt,Ga5Pt,Amm2,-0.1300824104031785,Ga5Pt,orthorhombic
2796_Mo12Rh12,Mo12Rh12,Pbcm,-0.0396063645746629,MoRh,orthorhombic
2798_Pd5Sr,Pd5Sr,P6/mmm,-0.3878520724166066,SrPd5,hexagonal
2799_AlIn5,AlIn5,F-43m,0.2243869260860869,AlIn5,cubic
2802_AlGe,AlGe,Pm-3m,0.1840861531470681,AlGe,cubic
2805_Pb8As4,Pb8As4,Pa-3,0.0584784500907259,AsPb2,cubic
2808_SnW3,SnW3,Cmmm,0.4164088525385239,SnW3,orthorhombic
2809_NiSb,NiSb,R-3m,-0.1463381743154652,NiSb,trigonal
2811_K3W,K3W,Pm-3m,1.6473001131057847,K3W,cubic
2812_PaSb3,PaSb3,Pm-3m,-0.6304449468362288,PaSb3,cubic
2814_AlNp3,AlNp3,Fm-3m,0.1203439799043923,Np3Al,cubic
2816_Pt4As8,Pt4As8,Pa-3,-0.8481429737237084,As2Pt,cubic
2817_Ir2Ni6,Ir2Ni6,Pmmn,0.0250427970848559,Ni3Ir,orthorhombic
2818_SbP3,SbP3,Imm2,0.2787830215630311,SbP3,orthorhombic
2820_Cu7In,Cu7In,Fm-3m,0.0432744772338304,InCu7,cubic
2821_V12As4,V12As4,Pnma,-0.3130499928677199,V3As,orthorhombic
2822_AuCu3,AuCu3,Pm-3m,1.091933621721732,Cu3Au,cubic
2824_EuMn,EuMn,P-6m2,0.6334786883457086,EuMn,hexagonal
2826_BaW3,BaW3,Immm,1.4553623349381706,BaW3,orthorhombic
2827_PtAs3,PtAs3,Pmmm,0.1837744748839611,As3Pt,orthorhombic
2828_Ca5Ge24,Ca5Ge24,I-43m,-0.0419165539262305,Ca5Ge24,cubic
2829_Ca2Nb,Ca2Nb,Fm-3m,1.172952547926214,Ca2Nb,cubic
2830_Cu5W,Cu5W,F-43m,0.3803622766868185,Cu5W,cubic
2831_AuI,AuI,P-6m2,0.2614996616232603,AuI,hexagonal
2832_AlMo3,AlMo3,Immm,-0.0993333449440783,AlMo3,orthorhombic
2833_Nb2As2,Nb2As2,Imma,-0.2267729929139426,NbAs,orthorhombic
2836_CaW4,CaW4,Im-3m,2.8311244584186808,CaW4,cubic
2837_CsCu,CsCu,Fm-3m,0.4745825853302812,CsCu,cubic
2838_Nb4Sn8,Nb4Sn8,Fddd,-0.3024282431053073,NbSn2,orthorhombic
2839_AcPd,AcPd,P-6m2,-0.3199917869561934,AcPd,hexagonal
2840_Al6Ca4,Al6Ca4,Fdd2,-0.188409806197005,Ca2Al3,orthorhombic
2841_FePb,FePb,P-6m2,0.6389923159511817,FePb,hexagonal
2842_Pt2Rh,Pt2Rh,Fm-3m,0.4895938726160291,Pt2Rh,cubic
2843_In2P2,In2P2,Imma,0.0519244250414705,InP,orthorhombic
2845_Sr2W,Sr2W,Fmmm,-8.575093680456437,Sr2W,orthorhombic
2846_Mo2Sr2,Mo2Sr2,Imma,0.6730201296964244,SrMo,orthorhombic
2847_Ba2W2,Ba2W2,Imma,1.0372039623020664,BaW,orthorhombic
2848_Ca3W,Ca3W,Fm-3m,0.8837096676666336,Ca3W,cubic
2849_Pd4As2,Pd4As2,Pnnm,-0.294235139561233,AsPd2,orthorhombic
2850_Pd6Ge4,Pd6Ge4,Fdd2,-0.3925074452225566,Ge2Pd3,orthorhombic
2851_AcBi,AcBi,P-6m2,-0.4822941443348085,AcBi,hexagonal
2852_Al3Th,Al3Th,Fm-3m,-0.0522207345958483,ThAl3,cubic
2854_AuK,AuK,Fm-3m,-0.2806845504909177,KAu,cubic
2857_NiTa7,NiTa7,Fm-3m,0.2031672938550635,Ta7Ni,cubic
2858_FeIn,FeIn,P-6m2,0.3261709629407026,InFe,hexagonal
2859_Ga2In2,Ga2In2,Pmma,0.0462965949196285,InGa,orthorhombic
2860_V3Br,V3Br,Cmmm,0.280716863032258,V3Br,orthorhombic
2862_EuSb,EuSb,P-6m2,-0.933677982612478,EuSb,hexagonal
2863_Au3As,Au3As,Pmm2,0.1371121399493331,AsAu3,orthorhombic
2864_V4P,V4P,Im-3m,0.3322994564390953,V4P,cubic
2865_Pt2V4,Pt2V4,Cmcm,-0.3704538090648259,V2Pt,orthorhombic
2866_Mn4Ta2,Mn4Ta2,Cmcm,-0.023585609806472,TaMn2,orthorhombic
2869_AlAs,AlAs,Pm-3m,-0.1240213191225514,AlAs,cubic
2870_Al2Mo6,Al2Mo6,P6_3/mmc,0.0022474617600725,AlMo3,hexagonal
2871_Fe6Ga2,Fe6Ga2,Cmcm,-0.1224709915662174,GaFe3,orthorhombic
2872_IrMn3,IrMn3,Pm-3m,-0.0410910127053369,Mn3Ir,cubic
2873_FePd4,FePd4,Im-3m,0.4780438335531506,FePd4,cubic
2874_AuNi,AuNi,Fm-3m,0.4615220181329094,NiAu,cubic
2876_K4P16,K4P16,I-43m,0.0828526557583636,KP4,cubic
2877_W5Sb,W5Sb,Cmmm,0.3221849244437298,SbW5,orthorhombic
2878_Al2Ni4,Al2Ni4,Cmcm,-0.4666516932421451,AlNi2,orthorhombic
2879_Ca6Nb2,Ca6Nb2,Pm-3n,0.6537715933229715,Ca3Nb,cubic
2881_AuCs,AuCs,P-6m2,-0.2979903415698688,CsAu,hexagonal
2882_Mo2Pd26,Mo2Pd26,Fm-3c,0.4924532836956327,MoPd13,cubic
2883_Pd2W2,Pd2W2,Cmcm,0.2024888479961362,PdW,orthorhombic
2885_Ag4Ba2,Ag4Ba2,Cmcm,-0.1205356433118159,BaAg2,orthorhombic
2886_CaNa3,CaNa3,Imm2,0.064918145731448,Na3Ca,orthorhombic
2887_Rh4Ge2,Rh4Ge2,Cmcm,-0.2105813852974674,GeRh2,orthorhombic
2888_AgFe2,AgFe2,Immm,0.355599325778184,Fe2Ag,orthorhombic
2889_BaIn2,BaIn2,Fm-3m,0.0835970481372318,BaIn2,cubic
2890_Ag6Pt5,Ag6Pt5,P1,0.0185353932401794,Ag6Pt5,triclinic
2891_InMo,InMo,Fm-3m,1.1270553315005394,InMo,cubic
2893_VAs,VAs,F-43m,0.3203713993122346,VAs,cubic
2895_Al4Pd6,Al4Pd6,Fdd2,-0.7730897825502033,Al2Pd3,orthorhombic
2896_Ni4Ta,Ni4Ta,Im-3m,0.8417830391894328,TaNi4,cubic
2898_Ga2Mn4,Ga2Mn4,Fd-3m,0.2055565894426033,Mn2Ga,cubic
2901_AlMn5,AlMn5,F-43m,0.0325080423492979,Mn5Al,cubic
2902_Cu5Mn,Cu5Mn,Amm2,0.19009826311848,MnCu5,orthorhombic
2903_AlMn3,AlMn3,Pm-3m,0.0044625280412473,Mn3Al,cubic
2904_GaP,GaP,Fm-3m,-0.0656846835186915,GaP,cubic
2905_AuCu,AuCu,R-3m,-0.0042660205172095,CuAu,trigonal
2906_BaW3,BaW3,Imm2,1.471400623829652,BaW3,orthorhombic
2907_Au5Sb,Au5Sb,Amm2,0.0529373901265829,SbAu5,orthorhombic
2908_Pd2W2,Pd2W2,Cmcm,0.1123978174485955,PdW,orthorhombic
2909_SrI,SrI,Pm-3m,-1.0702574194153711,SrI,cubic
2910_PtV3,PtV3,Immm,-0.305222935404382,V3Pt,orthorhombic
2911_VBr5,VBr5,Cmmm,-0.2841827606207943,VBr5,orthorhombic
2912_K2Br4,K2Br4,Pnnm,-1.0890156947304026,KBr2,orthorhombic
2914_Ni4Ta8,Ni4Ta8,Pa-3,0.4475267590898551,Ta2Ni,cubic
2915_Ce2Br6,Ce2Br6,P6_3/m,-2.11548569156943,CeBr3,hexagonal
2917_Au16Sn4,Au16Sn4,I-43m,0.0582444988574188,SnAu4,cubic
2918_V4P4,V4P4,P2_13,-0.7870895311130237,VP,cubic
2921_Pb2V2,Pb2V2,Imma,0.4928501595522814,VPb,orthorhombic
2922_AuNi5,AuNi5,Amm2,0.1243812841000172,Ni5Au,orthorhombic
2924_Pt2V2,Pt2V2,Cmcm,-0.4276230445207822,VPt,orthorhombic
2925_Ag3Sr,Ag3Sr,Pm-3m,-0.0453551621271102,SrAg3,cubic
2926_Ga4In4,Ga4In4,P2_13,0.0605925755307299,InGa,cubic
2927_K2Sn2,K2Sn2,Cmcm,-0.2445203437210175,KSn,orthorhombic
2928_CsCu,CsCu,Pm-3m,0.4399689430103484,CsCu,cubic
2929_K2Sn2,K2Sn2,Pmmn,-0.1301163509892293,KSn,orthorhombic
2931_AlMn,AlMn,Fm-3m,0.4252473515547947,MnAl,cubic
2932_Pt8Sr16,Pt8Sr16,Fd-3m,-0.5432285759187595,Sr2Pt,cubic
2933_SbP,SbP,Pm-3m,0.3087547031735251,SbP,cubic
2934_AuU,AuU,Pm-3m,-0.0663266002546461,UAu,cubic
2935_Fe6Pd4,Fe6Pd4,Fdd2,0.0475907069499314,Fe3Pd2,orthorhombic
2936_BaGe,BaGe,Fm-3m,-0.1820046348794206,BaGe,cubic
2938_KP,KP,F-43m,0.7114022996563714,KP,cubic
2939_CuW7,CuW7,Fm-3m,0.3854280871898492,CuW7,cubic
2940_AsBr5,AsBr5,Cmmm,0.0282342964256434,AsBr5,orthorhombic
2941_Au3As,Au3As,Imm2,0.1334911726647583,AsAu3,orthorhombic
2943_Mo16V4,Mo16V4,I-43m,0.7960963314866717,VMo4,cubic
2944_AlGa,AlGa,Cmmm,0.0691252028612607,AlGa,orthorhombic
2945_Ir2Ni4,Ir2Ni4,Cmcm,0.0603663610725782,Ni2Ir,orthorhombic
2946_Ga3Th,Ga3Th,Pm-3m,-0.5055789219036146,ThGa3,cubic
2947_PtSm,PtSm,Pm-3m,-1.4318709282015725,SmPt,cubic
2948_Au6Ba2,Au6Ba2,Pmmn,-0.526886487717174,BaAu3,orthorhombic
2949_Al4Cu8,Al4Cu8,Pnma,-0.1947568048805603,AlCu2,orthorhombic
2952_AuP3,AuP3,Imm2,0.4551556780531776,P3Au,orthorhombic
2953_MoV,MoV,Pm-3m,-0.126784531445768,VMo,cubic
2955_Ni3Sr,Ni3Sr,Cmmm,0.5203327610247177,SrNi3,orthorhombic
2956_Cu3Mo,Cu3Mo,Pmmm,0.22920652430816,Cu3Mo,orthorhombic
2958_Na3Ge,Na3Ge,Pmmm,0.0413320232122367,Na3Ge,orthorhombic
2959_IrI,IrI,Fm-3m,0.8600843245627727,IrI,cubic
2960_Cu4Mn8,Cu4Mn8,Pnma,0.3612515646588257,Mn2Cu,orthorhombic
2961_Ac3I,Ac3I,Pm-3m,-0.2343629998585519,Ac3I,cubic
2963_AuSb,AuSb,Fm-3m,-0.0501351230650959,SbAu,cubic
2964_GaPd,GaPd,Pm-3m,-0.6028874388474872,GaPd,cubic
2965_Ni2P4,Ni2P4,Cmcm,-0.0100394529238236,NiP2,orthorhombic
2966_Au2Na4,Au2Na4,Fd-3m,0.0511408221620793,Na2Au,cubic
2967_V2W2,V2W2,Cmcm,0.5402600457808884,VW,orthorhombic
2968_Fe2Pt2,Fe2Pt2,Cmcm,-0.1192493888161649,FePt,orthorhombic
2969_Au3Nb3,Au3Nb3,Cm,-0.0151428426324133,NbAu,monoclinic
2972_Ag4Br2,Ag4Br2,Cmcm,-0.1915446980856871,Ag2Br,orthorhombic
2973_Pt6V2,Pt6V2,Pm-3n,-0.2525866931293699,VPt3,cubic
2974_Pt4V2,Pt4V2,Cmcm,-0.3127411383683641,VPt2,orthorhombic
2976_K16Sn8,K16Sn8,Fd-3m,-0.1665311182987367,K2Sn,cubic
2979_Ir3Pb,Ir3Pb,Immm,0.5577657850855182,Ir3Pb,orthorhombic
2980_Al6Cu18,Al6Cu18,Pmmn,-0.1877240450960808,AlCu3,orthorhombic
2981_BaCu,BaCu,Pm-3m,0.0764343314651374,BaCu,cubic
2982_VW7,VW7,Fm-3m,0.4516883622280989,VW7,cubic
2983_FePt3,FePt3,Cmmm,0.1121834255869433,FePt3,orthorhombic
2984_W2As4,W2As4,Cmcm,0.3283533195803396,As2W,orthorhombic
2985_AgMo2,AgMo2,Immm,0.4600579596531962,AgMo2,orthorhombic
2987_CuW3,CuW3,Cmmm,0.2052802225342738,CuW3,orthorhombic
2988_Sr6Br18,Sr6Br18,Pmmn,-1.5763172728936563,SrBr3,orthorhombic
2989_AlAs,AlAs,Fm-3m,-0.2077627777841586,AlAs,cubic
2990_MoSn4,MoSn4,Im-3m,0.1971744835279807,Sn4Mo,cubic
2991_Al4Pd4,Al4Pd4,Pnma,-0.7855255843605562,AlPd,orthorhombic
2992_Mn2W,Mn2W,Fmmm,0.2009777584899078,Mn2W,orthorhombic
2993_Ba8Cu4,Ba8Cu4,Pa-3,0.0528366697050458,Ba2Cu,cubic
2994_Ir5Mn,Ir5Mn,F-43m,0.755012571259782,MnIr5,cubic
2995_CaBr3,CaBr3,Pm-3m,-1.1215024322719191,CaBr3,cubic
2996_RbSm,RbSm,F-43m,1.5119832722711608,RbSm,cubic
2997_NaRh,NaRh,Pm-3m,0.7276111557127489,NaRh,cubic
2998_Ta3Sb5,Ta3Sb5,Cmmm,0.3737763057917291,Ta3Sb5,orthorhombic
3000_CrTh,CrTh,Fm-3m,0.8233719021763974,ThCr,cubic
3001_Cu8Ta4,Cu8Ta4,Pnma,0.1459014699692117,TaCu2,orthorhombic
3003_Na2P2,Na2P2,Imma,-0.3394175410175988,NaP,orthorhombic
3004_Sn3W,Sn3W,Pmmm,0.4237881929144711,Sn3W,orthorhombic
3005_MnSb,MnSb,Fm-3m,0.1459415094975815,MnSb,cubic
3006_FeTa3,FeTa3,Immm,-0.0214997259267128,Ta3Fe,orthorhombic
3007_Ca2Cu4,Ca2Cu4,Pnnm,0.1830056481666944,CaCu2,orthorhombic
3008_AgNb,AgNb,Fm-3m,1.2152851656673,NbAg,cubic
3009_AcTh,AcTh,P-6m2,0.151782232483872,AcTh,hexagonal
3010_IrNi2,IrNi2,Immm,0.1371037863756683,Ni2Ir,orthorhombic
3011_IrTa5,IrTa5,C2/m,-0.2895005288566518,Ta5Ir,monoclinic
3012_Sr3Sb,Sr3Sb,Immm,-0.5052053612735352,Sr3Sb,orthorhombic
3013_Mo8V16,Mo8V16,Fd-3m,0.2939021979591227,V2Mo,cubic
3014_Ni2Ge2,Ni2Ge2,Cmcm,-0.0762614153655016,NiGe,orthorhombic
3016_NaBr,NaBr,Fm-3m,-1.7192765439625828,NaBr,cubic
3017_K3P,K3P,Fm-3m,-0.1935027218734912,K3P,cubic
3018_Cu5Br3,Cu5Br3,Cmmm,0.2481934826088245,Cu5Br3,orthorhombic
3019_Ir3Ta3,Ir3Ta3,Cm,-0.4363903598925691,TaIr,monoclinic
3023_Ca4Sb2,Ca4Sb2,Imma,-0.5586557175776031,Ca2Sb,orthorhombic
3025_Ag2Nb4,Ag2Nb4,Pnnm,0.5705474645153797,Nb2Ag,orthorhombic
3026_Al4Mo12,Al4Mo12,Pnma,0.092877692840064,AlMo3,orthorhombic
3028_Cu5W,Cu5W,Cmmm,0.3101269911022661,Cu5W,orthorhombic
3029_CuRb3,CuRb3,Pm-3m,0.3439376052650318,Rb3Cu,cubic
3030_PdP3,PdP3,Cmmm,0.298335614350143,P3Pd,orthorhombic
3031_Ir2Ta,Ir2Ta,Immm,-0.4511854485078939,TaIr2,orthorhombic
3032_Ag2Nb4,Ag2Nb4,C2/m,0.2099083340294889,Nb2Ag,monoclinic
3036_Al4Mo4,Al4Mo4,Pnma,-0.1782901372976288,AlMo,orthorhombic
3037_BaTh,BaTh,Fm-3m,1.2727127622763716,BaTh,cubic
3038_NaBr,NaBr,Pm-3m,-1.574279165099012,NaBr,cubic
3039_Mo6W18,Mo6W18,Pmmn,0.3806163891724476,MoW3,orthorhombic
3040_AcK,AcK,P-6m2,0.2746965595428734,KAc,hexagonal
3041_Ag3Th,Ag3Th,Pm-3m,0.1393382812825816,ThAg3,cubic
3042_In2Sn2,In2Sn2,Cmcm,0.024598304626076,InSn,orthorhombic
3043_RhTa,RhTa,F-43m,0.6853395561039957,TaRh,cubic
3044_Mo2W2,Mo2W2,Cmcm,0.4147867774643377,MoW,orthorhombic
3045_AcEu,AcEu,P-6m2,-0.0349858715953028,AcEu,hexagonal
3046_Al2Fe2,Al2Fe2,Pmmn,-0.1400259878698495,AlFe,orthorhombic
3047_Sr2Br,Sr2Br,Fmmm,-0.9625135229918774,Sr2Br,orthorhombic
3048_WBr,WBr,Cmmm,1.3061581927178931,WBr,orthorhombic
3051_Al2Th,Al2Th,P6/mmm,-0.4624325030747513,ThAl2,hexagonal
3052_Ag2Ir4,Ag2Ir4,Fd-3m,0.5584920547057214,AgIr2,cubic
3053_W5As,W5As,Cmmm,0.2297891868005095,AsW5,orthorhombic
3054_SrSb,SrSb,F-43m,-0.3381110220115038,SrSb,cubic
3055_AlPb3,AlPb3,Fm-3m,0.2026536934610288,AlPb3,cubic
3057_AgNb3,AgNb3,Fm-3m,0.2892068832617926,Nb3Ag,cubic
3058_Ca2K6,Ca2K6,Pm-3n,0.1668564868052322,K3Ca,cubic
3060_Mo3V,Mo3V,Immm,-0.1013005671636602,VMo3,orthorhombic
3061_Rh5W3,Rh5W3,Cmmm,-0.1732244838902854,Rh5W3,orthorhombic
3063_Mn4P2,Mn4P2,Pnnm,-0.0298668646526903,Mn2P,orthorhombic
3064_Al4Br2,Al4Br2,Pnnm,-0.1377962558375311,Al2Br,orthorhombic
3065_Mo2V2,Mo2V2,Cmme,-0.0680563425467291,VMo,orthorhombic
3066_Nb8Br40,Nb8Br40,Pnma,-0.9904254432297014,NbBr5,orthorhombic
3068_Pt4Rh8,Pt4Rh8,Pa-3,0.7665586897212068,PtRh2,cubic
3071_Mo2Rh2,Mo2Rh2,Cmcm,-0.0447398362324946,MoRh,orthorhombic
3073_Mn4Rh2,Mn4Rh2,Cmcm,0.0161174144536886,Mn2Rh,orthorhombic
3074_Ag2Mn,Ag2Mn,Immm,0.2038998473890263,MnAg2,orthorhombic
3075_Mo4V8,Mo4V8,Pnma,-0.0006408570692784,V2Mo,orthorhombic
3076_Cu2Ta4,Cu2Ta4,Cmcm,0.1639079811589283,Ta2Cu,orthorhombic
3078_Al3Sn3,Al3Sn3,Cm,0.125480888915901,AlSn,monoclinic
3079_AlPt3,AlPt3,Cmmm,-0.5888720165519494,AlPt3,orthorhombic
3080_Ag3Al,Ag3Al,Pm-3m,-0.0439969828079953,AlAg3,cubic
3081_GeAs3,GeAs3,Pmmm,0.4621237117053614,GeAs3,orthorhombic
3082_BaU,BaU,Fm-3m,1.6859382982010027,BaU,cubic
3084_AgFe2,AgFe2,Fmmm,0.2691876946108304,Fe2Ag,orthorhombic
3085_Au2Nb4,Au2Nb4,C2/m,0.0528566404423867,Nb2Au,monoclinic
3086_K4Sn16,K4Sn16,I-43m,-0.0769619674630533,KSn4,cubic
3088_Rh4As12,Rh4As12,Im-3,-0.4381732386554331,As3Rh,cubic
3089_Sn2W2,Sn2W2,Imma,0.6135059614810894,SnW,orthorhombic
3091_Mo4W4,Mo4W4,Pnma,0.380614293590968,MoW,orthorhombic
3092_Al4Sn2,Al4Sn2,Cm,0.1378266215590902,Al2Sn,monoclinic
3095_PtSr,PtSr,Fm-3m,-0.6136797126464031,SrPt,cubic
3096_Rh3As,Rh3As,Cmmm,0.1899546984508608,AsRh3,orthorhombic
3097_Ag4Ba6,Ag4Ba6,Fdd2,-0.0507589651294985,Ba3Ag2,orthorhombic
3098_AlSn3,AlSn3,C2/m,0.1044766819611391,AlSn3,monoclinic
3099_Al3Ir,Al3Ir,Imm2,-0.4499672468645164,Al3Ir,orthorhombic
3102_CaBr,CaBr,F-43m,-1.2331421850996755,CaBr,cubic
3103_Al2Sn4,Al2Sn4,C2/m,0.0887452480367532,AlSn2,monoclinic
3105_Sb2As4,Sb2As4,Pnnm,0.1155331115355782,SbAs2,orthorhombic
3106_AuCu3,AuCu3,Pm-3m,1.1107217943881529,Cu3Au,cubic
3107_GaIn,GaIn,Fm-3m,0.0934294956136678,InGa,cubic
3108_In3Mo,In3Mo,Pmm2,0.3379385834494242,In3Mo,orthorhombic
3110_Ba4Cu,Ba4Cu,Im-3m,0.1763109246350126,Ba4Cu,cubic
3111_Al4Ir2,Al4Ir2,Cmcm,-0.45446727995319,Al2Ir,orthorhombic
3112_Na8Pd4,Na8Pd4,Pnma,-0.0135115662789999,Na2Pd,orthorhombic
3114_Ag2Ge2,Ag2Ge2,Cmme,0.1973839765043421,AgGe,orthorhombic
3115_RhW3,RhW3,Imm2,0.1259991021727291,RhW3,orthorhombic
3117_Ba4Ir12,Ba4Ir12,Pnma,0.140989215501504,BaIr3,orthorhombic
3118_Mo4Ge8,Mo4Ge8,Pnma,-0.387930767527448,Ge2Mo,orthorhombic
3120_Au3Pb,Au3Pb,Imm2,0.0421634035992708,PbAu3,orthorhombic
3121_YbBr,YbBr,Fm-3m,-1.4271186061040138,YbBr,cubic
3123_Au3K,Au3K,Pmm2,-0.0583983529578526,KAu3,orthorhombic
3126_InPd,InPd,Pm-3m,-0.5193825637928868,InPd,cubic
3127_PtW3,PtW3,Fm-3m,0.267051153241173,PtW3,cubic
3129_Sn5W,Sn5W,Amm2,0.3710214703773496,Sn5W,orthorhombic
3131_YbBr,YbBr,Fm-3m,-1.4106922041879266,YbBr,cubic
3133_Au4As2,Au4As2,Cmcm,0.1079734153082032,AsAu2,orthorhombic
3136_Ca2Cu6,Ca2Cu6,Pm-3n,0.1121861645523587,CaCu3,cubic
3140_CsAs,CsAs,Fm-3m,0.3334515155471136,CsAs,cubic
3141_Cu2K4,Cu2K4,Fd-3m,0.7106508718075055,K2Cu,cubic
3142_In3Sn,In3Sn,Fm-3m,0.005615596659696,In3Sn,cubic
3143_AuNa3,AuNa3,Pm-3m,-0.1684955919688151,Na3Au,cubic
3144_Ni2Rh4,Ni2Rh4,Fd-3m,0.5717800781255763,NiRh2,cubic
3145_In3Mn,In3Mn,Pmm2,0.2544290912213443,MnIn3,orthorhombic
3146_Ba2W2,Ba2W2,Cmcm,0.8228393727936236,BaW,orthorhombic
3147_Pt6As2,Pt6As2,Cmcm,-0.073531221889179,AsPt3,orthorhombic
3148_Al2Pt2,Al2Pt2,Pmma,-0.935620107858214,AlPt,orthorhombic
3151_Pt3V,Pt3V,Pmmm,-0.4207377805033276,VPt3,orthorhombic
3152_Ca8In4,Ca8In4,Pnma,-0.4191793154319872,Ca2In,orthorhombic
3156_Ba2Ir2,Ba2Ir2,Cmcm,0.5449168595334992,BaIr,orthorhombic
3157_Rh6W4,Rh6W4,Fdd2,-0.0594009968145442,Rh3W2,orthorhombic
3158_K3P,K3P,Pm-3m,-0.0328119937475128,K3P,cubic
3159_K4Sn,K4Sn,Im-3m,-0.046379581696436,K4Sn,cubic
3161_KRh,KRh,P-6m2,0.7868528599991338,KRh,hexagonal
3162_PBr,PBr,P-6m2,0.722297972837521,PBr,hexagonal
3163_Mn2W4,Mn2W4,Cmcm,0.151803291726362,MnW2,orthorhombic
3165_Na2Rh4,Na2Rh4,Pnnm,0.4923615386228531,NaRh2,orthorhombic
3166_Al2Mn,Al2Mn,Fm-3m,0.2455892362076242,MnAl2,cubic
3169_RbSm,RbSm,F-43m,1.509341299483286,RbSm,cubic
3171_Sn6W2,Sn6W2,Pmmn,0.4786639913277879,Sn3W,orthorhombic
3172_PtRb5,PtRb5,F-43m,0.4503096521275971,Rb5Pt,cubic
3173_Al4Cu2,Al4Cu2,Cmcm,-0.0344383852028453,Al2Cu,orthorhombic
3174_Ga3Pd,Ga3Pd,Imm2,-0.2564353314449885,Ga3Pd,orthorhombic
3176_Sn4Br8,Sn4Br8,Pa-3,-0.8643235854753722,SnBr2,cubic
3177_Pt2V2,Pt2V2,Cmcm,-0.4011110193829674,VPt,orthorhombic
3178_Pt2P2,Pt2P2,Imma,0.0154463285845389,PPt,orthorhombic
3179_Ge3As5,Ge3As5,Cmmm,0.3617212920548871,Ge3As5,orthorhombic
3181_Mn3Rh,Mn3Rh,Pmmm,0.0538139994731174,Mn3Rh,orthorhombic
3182_SnW3,SnW3,Immm,0.3813266833695365,SnW3,orthorhombic
3183_Al4Sr2,Al4Sr2,Pnnm,0.2872414261810381,SrAl2,orthorhombic
3185_CaSb,CaSb,P-6m2,-0.9295830155484096,CaSb,hexagonal
3186_UGe,UGe,R-3m,-0.3597175605300711,UGe,trigonal
3187_Al3Br,Al3Br,Imm2,0.1113996489438839,Al3Br,orthorhombic
3189_PtV,PtV,F-43m,0.777142941326102,VPt,cubic
3190_Sn2W2,Sn2W2,Cmcm,0.4676484999730883,SnW,orthorhombic
3191_Au24Br5,Au24Br5,I-43m,0.1994016806252971,Au24Br5,cubic
3192_InK,InK,Pm-3m,0.067864092426493,KIn,cubic
3195_CeV,CeV,Pm-3m,0.6211147799052004,CeV,cubic
3196_FePd,FePd,F-43m,1.0223786888127373,FePd,cubic
3197_Cu4W8,Cu4W8,Pa-3,1.2660410542214962,CuW2,cubic
3199_NbBr3,NbBr3,Immm,-0.5853608179005412,NbBr3,orthorhombic
3200_Nb6Br4,Nb6Br4,R-3c,0.4888282317326585,Nb3Br2,trigonal
3204_Al2Cu,Al2Cu,Fmmm,-0.2369830017517777,Al2Cu,orthorhombic
3206_InNb,InNb,Pm-3m,0.2792113996294327,NbIn,cubic
3207_Na2P2,Na2P2,Cmcm,-0.3693177276301007,NaP,orthorhombic
3208_CaW,CaW,Pm-3m,1.71443865346851,CaW,cubic
3210_Ba2W,Ba2W,Immm,1.3084603054428634,Ba2W,orthorhombic
3211_AuV3,AuV3,Fm-3m,0.1333038841847544,V3Au,cubic
3212_In4Rh16,In4Rh16,I-43m,0.2404357359716975,InRh4,cubic
3213_AgEu,AgEu,Pm-3m,-0.4924128376574583,EuAg,cubic
3215_K8W4,K8W4,Pa-3,2.0775030196961777,K2W,cubic
3217_AgTh,AgTh,Fm-3m,0.283415185251946,ThAg,cubic
3218_Sn3W,Sn3W,Imm2,0.2896653718213491,Sn3W,orthorhombic
3219_KNa3,KNa3,Immm,0.0155194455850997,KNa3,orthorhombic
3221_Al3Cu,Al3Cu,Immm,0.0063965280789801,Al3Cu,orthorhombic
3222_Ca17Nb12,Ca17Nb12,I-43m,0.52174118601973,Ca17Nb12,cubic
3223_ThGe,ThGe,R-3m,-0.7807689269465392,ThGe,trigonal
3227_CaP,CaP,Fm-3m,-0.744611542772053,CaP,cubic
3228_Al4In,Al4In,Im-3m,0.6381890727771047,Al4In,cubic
3229_Al2Ni4,Al2Ni4,Cmcm,-0.4528155467130901,AlNi2,orthorhombic
3230_Ba2Ca2,Ba2Ca2,Pmmn,0.0406486469655449,BaCa,orthorhombic
3232_Al5Pt,Al5Pt,Amm2,-0.2573612978127588,Al5Pt,orthorhombic
3233_WAs3,WAs3,Imm2,0.1306941151796659,As3W,orthorhombic
3234_AlP,AlP,Fm-3m,-0.3675687588258789,AlP,cubic
3235_BaGe,BaGe,Fm-3m,-0.1830738889749259,BaGe,cubic
3238_GaNi,GaNi,Fm-3m,-0.0512278565072206,GaNi,cubic
3239_Pb3V,Pb3V,Immm,0.3814954916460991,VPb3,orthorhombic
3240_CuW,CuW,Pm-3m,0.6085194492981056,CuW,cubic
3241_InGe3,InGe3,Cmmm,0.2659420410108755,InGe3,orthorhombic
3242_K2Nb6,K2Nb6,Cmcm,1.0406142192645351,KNb3,orthorhombic
3243_AuMn,AuMn,P-6m2,0.1939194425575365,MnAu,hexagonal
3245_Ba4W4,Ba4W4,Pnma,1.0878871809741997,BaW,orthorhombic
3248_In2Rh,In2Rh,Fm-3m,-0.3115683777988701,In2Rh,cubic
3249_Ni2Rh4,Ni2Rh4,Cmmm,0.0462443337260178,NiRh2,orthorhombic
3250_InV,InV,Pm-3m,0.3685158133105357,VIn,cubic
3253_Sr4V2,Sr4V2,Cmcm,0.7019037388563749,Sr2V,orthorhombic
3256_Ga2Ge2,Ga2Ge2,Cmcm,0.1807988408540439,GaGe,orthorhombic
3257_InP,InP,Pm-3m,0.3374919533225204,InP,cubic
3258_Ta12As12,Ta12As12,Pbcm,-0.2001446386269852,TaAs,orthorhombic
3260_P12Br17,P12Br17,I-43m,-0.1160226505544552,P12Br17,cubic
3263_Ir16Nb8,Ir16Nb8,Fd-3m,-0.0709668372868534,NbIr2,cubic
3264_Sn2Br4,Sn2Br4,Fd-3m,0.2584199160717686,SnBr2,cubic
3266_GaMn,GaMn,Fm-3m,0.6603565188484879,MnGa,cubic
3267_AlMn,AlMn,Pm-3m,-0.0462419779947644,MnAl,cubic
3268_Al5Mn,Al5Mn,F-43m,0.1800210855609935,MnAl5,cubic
3269_Ir2Pb2,Ir2Pb2,Imma,0.5037811192586714,IrPb,orthorhombic
3270_K2Sr2,K2Sr2,Pmma,0.1337180092551744,KSr,orthorhombic
3271_Pt2Sb2,Pt2Sb2,Pmmn,-0.3033767802065705,SbPt,orthorhombic
3272_Au7Sb,Au7Sb,Fm-3m,0.0363614110297692,SbAu7,cubic
3277_Mn2Sb2,Mn2Sb2,Cmcm,0.2208059199903882,MnSb,orthorhombic
3279_Au12Ni4,Au12Ni4,Pnma,0.1178616165446024,NiAu3,orthorhombic
3281_Sn18W6,Sn18W6,Pmmn,0.5323133311983336,Sn3W,orthorhombic
3282_Ca4W2,Ca4W2,Fd-3m,1.7641017660772362,Ca2W,cubic
3283_Al6Ge2,Al6Ge2,Pm-3n,0.1712366775517884,Al3Ge,cubic
3284_SrAs,SrAs,P-6m2,-0.9460797429955128,SrAs,hexagonal
3285_In24Pt5,In24Pt5,I-43m,0.0133550996723297,In24Pt5,cubic
3286_AuEu,AuEu,Fm-3m,-0.945224780753796,EuAu,cubic
3287_Cr9Ga12,Cr9Ga12,C2/m,-0.0512915740185254,Cr3Ga4,monoclinic
3288_Au12Pb4,Au12Pb4,Pnma,-0.0183364790162765,PbAu3,orthorhombic
3293_Na4Pd2,Na4Pd2,Cmcm,0.0142338250281968,Na2Pd,orthorhombic
3294_Al4Mo2,Al4Mo2,Imma,0.0716738620601376,Al2Mo,orthorhombic
3296_RhYb,RhYb,Pm-3m,-0.5889667665039164,YbRh,cubic
3297_Na2Pb2,Na2Pb2,Pmmn,-0.1047916292313502,NaPb,orthorhombic
3298_AlCe,AlCe,Pm-3m,-0.3025139623470183,CeAl,cubic
3299_KNb3,KNb3,Immm,1.1284974674227355,KNb3,orthorhombic
3300_Pd16Sb4,Pd16Sb4,I-43m,-0.0221158833867306,SbPd4,cubic
3301_Ni2Pt6,Ni2Pt6,P6_3/mmc,-0.015469801680668,NiPt3,hexagonal
3302_CeGa2,CeGa2,P6/mmm,-0.720202136335919,CeGa2,hexagonal
3304_Sn2P4,Sn2P4,Fd-3m,0.4229429072671393,SnP2,cubic
3306_Fe4Br12,Fe4Br12,Pnma,-0.2228960036185552,FeBr3,orthorhombic
3308_Fe3Br,Fe3Br,Cmmm,0.6181349230431623,Fe3Br,orthorhombic
3309_Fe4Pb6,Fe4Pb6,Fdd2,1.1952070005445747,Fe2Pb3,orthorhombic
3310_KAs,KAs,P-6m2,-0.1738326167191761,KAs,hexagonal
3311_K4Mo2,K4Mo2,Cmcm,0.930444831662508,K2Mo,orthorhombic
3312_CrMo,CrMo,Fm-3m,1.0318884017398364,CrMo,cubic
3314_PtBr5,PtBr5,Amm2,-0.0871835685459364,PtBr5,orthorhombic
3315_K4Sr8,K4Sr8,Pnma,0.0951012154256858,KSr2,orthorhombic
3317_Fe2Nb6,Fe2Nb6,Pm-3n,-0.0258574124033366,Nb3Fe,cubic
3318_AgRb,AgRb,Pm-3m,0.0768720358900465,RbAg,cubic
3319_Mo18Sr6,Mo18Sr6,Pmmn,0.7464550569288152,SrMo3,orthorhombic
3320_Mo12Ta4,Mo12Ta4,Pnma,0.1747143460660947,TaMo3,orthorhombic
3322_Al6Ge2,Al6Ge2,P6_3/mmc,0.0256641957364984,Al3Ge,hexagonal
3323_Sr4As2,Sr4As2,Pnnm,-0.8694510745793492,Sr2As,orthorhombic
3324_Cs2Ni6,Cs2Ni6,P6_3/mmc,0.6204138322765402,CsNi3,hexagonal
3325_Na3Rh,Na3Rh,Cmmm,0.3123486508330413,Na3Rh,orthorhombic
3327_Pt2W2,Pt2W2,Fd-3m,0.091684772560035,PtW,cubic
3328_Ag2Ga4,Ag2Ga4,Cmcm,0.0340333516807961,Ga2Ag,orthorhombic
3329_CuIn,CuIn,F-43m,0.53827912498393,InCu,cubic
3330_KNb,KNb,P-6m2,1.2295651287686429,KNb,hexagonal
3333_Al3Pt5,Al3Pt5,Cmmm,-0.915859397452909,Al3Pt5,orthorhombic
3334_Al3Br,Al3Br,Fm-3m,0.3122945690795773,Al3Br,cubic
3336_Al8Mn16,Al8Mn16,Fd-3m,0.1273715740383494,Mn2Al,cubic
3337_K2Nb2,K2Nb2,Cmcm,1.3984264495015708,KNb,orthorhombic
3338_Ba4In2,Ba4In2,C2/m,-0.2546404354869868,Ba2In,monoclinic
3339_Pd6V18,Pd6V18,Pmmn,0.0094176494364196,V3Pd,orthorhombic
3340_Ag4Pt8,Ag4Pt8,P-1,0.0432711982259418,AgPt2,triclinic
3341_EuNb,EuNb,R-3m,0.6481236091160358,EuNb,trigonal
3342_KP3,KP3,Pmmm,0.015246017205297,KP3,orthorhombic
3343_Ag6Pt6,Ag6Pt6,P-1,0.0297693496556714,AgPt,triclinic
3344_AgGa3,AgGa3,Pmmm,0.0312642882724012,Ga3Ag,orthorhombic
3345_MoNi3,MoNi3,Pm-3m,0.0846750970911083,Ni3Mo,cubic
3346_SnSb3,SnSb3,Fm-3m,0.1632144741154624,SnSb3,cubic
3347_CuIn5,CuIn5,F-43m,0.3415053973082337,In5Cu,cubic
3348_Au12Sb17,Au12Sb17,I-43m,0.120151874278284,Sb17Au12,cubic
3349_PtW,PtW,Pm-3m,0.3486225087268639,PtW,cubic
3350_Al3Pt,Al3Pt,Imm2,-0.4537269625614808,Al3Pt,orthorhombic
3351_Ga4Mn2,Ga4Mn2,Fd-3m,0.6176953518909775,MnGa2,cubic
3352_Ba2Sb,Ba2Sb,Fmmm,-0.1312124896991768,Ba2Sb,orthorhombic
3353_Rb2Sb4,Rb2Sb4,C2/m,-0.4917014117046919,RbSb2,monoclinic
3354_Pb4As16,Pb4As16,I23,0.3364037777388639,As4Pb,cubic
3355_NaBr,NaBr,Cmmm,-1.51503601569897,NaBr,orthorhombic
3357_Ir3Ta5,Ir3Ta5,Cmmm,-0.3663745186503728,Ta5Ir3,orthorhombic
3360_AgRb,AgRb,Pm-3m,0.0660429941993814,RbAg,cubic
3361_Ca16W4,Ca16W4,I-43m,1.0830365109750342,Ca4W,cubic
3362_Mn3Ge,Mn3Ge,Immm,0.0354328238165058,Mn3Ge,orthorhombic
3363_EuI,EuI,R-3m,-1.3430890122809351,EuI,trigonal
3364_FeBr3,3-Feb,Imm2,-0.13506335506495,FeBr3,orthorhombic
3365_Al2U2,Al2U2,P6_3/mmc,1.3398043001924131,UAl,hexagonal
3367_Al6Cu18,Al6Cu18,Pmmn,-0.2013947623643298,AlCu3,orthorhombic
3368_Pt2Sb2,Pt2Sb2,Cmcm,-0.3461532795250575,SbPt,orthorhombic
3369_In2Pt,In2Pt,Fm-3m,-0.4998269741034047,In2Pt,cubic
3370_Ag4Pt8,Ag4Pt8,P-1,0.0272420275515964,AgPt2,triclinic
3371_Fe2Br2,Fe2Br2,Pmmn,0.546021311397265,FeBr,orthorhombic
3372_Ni3Ta,Ni3Ta,Fm-3m,-0.2058836724948634,TaNi3,cubic
3373_MoTa3,MoTa3,Immm,-0.1069536017678007,Ta3Mo,orthorhombic
3374_Rh5W3,Rh5W3,Cmmm,-0.1680544947770705,Rh5W3,orthorhombic
3375_Ga2Sr6,Ga2Sr6,Cmcm,0.09042512494865,Sr3Ga,orthorhombic
3376_PbAs3,PbAs3,Fm-3m,0.3915886817129497,As3Pb,cubic
3377_V16P8,V16P8,Fd-3m,-0.5723199034988357,V2P,cubic
3379_K4Na8,K4Na8,P6_3/mmc,-0.0243008570655279,KNa2,hexagonal
3380_Pd6I4,Pd6I4,R-3c,-0.004287555210886,Pd3I2,trigonal
3381_Mo4Ta2,Mo4Ta2,Pnnm,1.4117438118955663,TaMo2,orthorhombic
3384_Pd2As4,Pd2As4,Cmcm,-0.1253413229392096,As2Pd,orthorhombic
3385_NiW,NiW,P-6m2,0.1530420215647172,NiW,hexagonal
3386_Ag5P,Ag5P,F-43m,0.3444536904378221,Ag5P,cubic
3387_MoNb2,MoNb2,Immm,0.4546345631098004,Nb2Mo,orthorhombic
3388_Pt2Br4,Pt2Br4,Cmcm,-0.1790273019413776,PtBr2,orthorhombic
3389_AuBr,AuBr,Fm-3m,0.0429653741732587,AuBr,cubic
3390_SmP,SmP,F-43m,-1.4191332313975558,SmP,cubic
3391_Ni2V2,Ni2V2,Pmma,-0.1546616339452162,VNi,orthorhombic
3392_Fe2Mn4,Fe2Mn4,Fd-3m,0.2141786033866128,Mn2Fe,cubic
3394_Cu4Fe6,Cu4Fe6,R-3c,0.6946488182658911,Fe3Cu2,trigonal
3398_Ag6Pt3,Ag6Pt3,P-1,-0.0045986450110449,Ag2Pt,triclinic
3400_BaRh3,BaRh3,Pmmm,0.2943309062598329,BaRh3,orthorhombic
3402_TaP,TaP,Pm-3m,-0.5758566204072242,TaP,cubic
3404_Fe3Mn,Fe3Mn,Pm-3m,0.066990186712136,MnFe3,cubic
3405_CaTa,CaTa,Pm-3m,1.3058777306599012,CaTa,cubic
3407_As4Br12,As4Br12,Pnma,-0.5247536637232186,AsBr3,orthorhombic
3408_Ac3Fe,Ac3Fe,Fm-3m,0.7177510127247606,Ac3Fe,cubic
3412_Sn12Sb17,Sn12Sb17,I-43m,0.089294179427916,Sn12Sb17,cubic
3415_Ag3K,Ag3K,Immm,0.1557467317868135,KAg3,orthorhombic
3416_CaU,CaU,Pm-3m,1.0188856753415712,CaU,cubic
3417_Ba5Fe,Ba5Fe,Cm,0.4972811038738764,Ba5Fe,monoclinic
3419_PdAs3,PdAs3,Imm2,0.0839645199551011,As3Pd,orthorhombic
3420_Ca3Mn,Ca3Mn,Fm-3m,0.3640246657770225,Ca3Mn,cubic
3423_SnP,SnP,F-43m,0.134815296805475,SnP,cubic
3424_W2Sb6,W2Sb6,Pmmn,0.694428265919723,Sb3W,orthorhombic
3426_NiPb3,NiPb3,Pm-3m,0.3375171003002992,NiPb3,cubic
3427_Mo3Nb13,Mo3Nb13,Amm2,-0.0397245486613631,Nb13Mo3,orthorhombic
3429_Al4Pd6,Al4Pd6,R-3c,-0.5849627395921765,Al2Pd3,trigonal
3431_RhBr,RhBr,P-6m2,0.4504867152200558,RhBr,hexagonal
3432_Ba4Br8,Ba4Br8,Pnma,-2.3961927963342133,BaBr2,orthorhombic
3436_In3Sr,In3Sr,Imm2,-0.2040066123664181,SrIn3,orthorhombic
3438_Al2Pt2,Al2Pt2,Pmmn,-0.8734821357839673,AlPt,orthorhombic
3439_Pb2Sr2,Pb2Sr2,Cmcm,-0.552749920594013,SrPb,orthorhombic
3440_Ba2Ir2,Ba2Ir2,Pmma,-0.0424457808078875,BaIr,orthorhombic
3442_Ir3P,Ir3P,Pm-3m,0.15142946223893,PIr3,cubic
3443_Ga6Sb2,Ga6Sb2,Pmmn,0.0666863054200095,Ga3Sb,orthorhombic
3445_Sr2As4,Sr2As4,Pnnm,-0.5606790033731818,SrAs2,orthorhombic
3446_Au3K,Au3K,Immm,-0.0419299927417968,KAu3,orthorhombic
3447_NbSb3,NbSb3,Pmm2,0.2761555592913893,NbSb3,orthorhombic
3450_KW5,KW5,F-43m,1.1809571108084664,KW5,cubic
3452_Ag2Au2,Ag2Au2,Cmme,0.0062231319415904,AgAu,orthorhombic
3453_Nb3Bi,Nb3Bi,Fm-3m,0.2577617338898896,Nb3Bi,cubic
3454_Rh4Sm2,Rh4Sm2,Fd-3m,-0.9147207188694786,SmRh2,cubic
3455_FeGe7,FeGe7,Fm-3m,0.4406868157201442,FeGe7,cubic
3456_Au8Na4,Au8Na4,Pa-3,0.3405145718810456,NaAu2,cubic
3457_AlSb,AlSb,F-43m,-0.1687718686976369,AlSb,cubic
3458_AcP,AcP,Pm-3m,-1.116652553334971,AcP,cubic
3459_Fe2Mo,Fe2Mo,Fmmm,3.2870273239455563,Fe2Mo,orthorhombic
3461_Au4K6,Au4K6,Fdd2,-0.1810899825019721,K3Au2,orthorhombic
3463_Fe3Pd,Fe3Pd,Pm-3m,0.0064362337017787,Fe3Pd,cubic
3465_Pb3Sr,Pb3Sr,Pm-3m,-0.372066137539123,SrPb3,cubic
3466_Ir3Sr,Ir3Sr,Pm-3m,0.4561107350422215,SrIr3,cubic
3469_Ag7Pt3,Ag7Pt3,Pmm2,0.0294889942727358,Ag7Pt3,orthorhombic
3470_Ba3Pt,Ba3Pt,Pm-3m,-0.0461319682219438,Ba3Pt,cubic
3471_Al2Sb,Al2Sb,Fm-3m,0.3893018647743063,Al2Sb,cubic
3472_Cu2Fe,Cu2Fe,Fmmm,0.1231665368949919,FeCu2,orthorhombic
3473_CrU,CrU,Fm-3m,0.6061157164975111,UCr,cubic
3475_CrSb3,CrSb3,Pm-3m,0.2056924724572182,CrSb3,cubic
3477_AlYb3,AlYb3,Fm-3m,-0.1302088707657951,Yb3Al,cubic
3478_Ba2In2,Ba2In2,C2/m,-0.3880134217732007,BaIn,monoclinic
3479_Fe8As4,Fe8As4,Pa-3,0.3710105528520332,Fe2As,cubic
3480_Ba4Sr16,Ba4Sr16,I-43m,0.1938910097868522,BaSr4,cubic
3482_Nb4Sn,Nb4Sn,Im-3m,1.2860597229982376,Nb4Sn,cubic
3483_MnGe3,MnGe3,Immm,0.2612476874954641,MnGe3,orthorhombic
3484_PdBr,PdBr,Fm-3m,-0.1070412786634809,PdBr,cubic
3485_Al3Na,Al3Na,Cmmm,0.1641406444576083,NaAl3,orthorhombic
3491_Al3Pt,Al3Pt,Cmmm,-0.4834220380422467,Al3Pt,orthorhombic
3492_Ir2Mn6,Ir2Mn6,Pm-3n,0.0123537499260386,Mn3Ir,cubic
3493_Rh3Sb,Rh3Sb,Pmmm,-0.0427092390285475,SbRh3,orthorhombic
3494_KTa2,KTa2,Fmmm,0.8032727114000338,KTa2,orthorhombic
3496_V3P,V3P,Pm-3m,-0.4864401960416202,V3P,cubic
3501_P2Br6,P2Br6,Pm-3n,0.644935418993847,PBr3,cubic
3502_Ca4Mn4,Ca4Mn4,P2_13,0.6361592220111758,CaMn,cubic
3503_Ir3I,Ir3I,Pm-3m,0.9992646734241646,Ir3I,cubic
3504_Al4Pt6,Al4Pt6,Fdd2,-0.8428913653579073,Al2Pt3,orthorhombic
3506_Ag3Pt9,Ag3Pt9,Immm,0.0237166277832881,AgPt3,orthorhombic
3507_Pb6As2,Pb6As2,Pm-3n,0.1701053573248594,AsPb3,cubic
3508_Al7Ge,Al7Ge,Fm-3m,0.0486894881177044,Al7Ge,cubic
3509_Fe4Na2,Fe4Na2,Fd-3m,0.9275578196026,NaFe2,cubic
3511_Fe2Sr6,Fe2Sr6,P6_3/mmc,0.5452398911895373,Sr3Fe,hexagonal
3512_Pt6Br4,Pt6Br4,R-3c,0.4733610672594047,Pt3Br2,trigonal
3514_AgP3,AgP3,Cmmm,0.4904018901239348,AgP3,orthorhombic
3516_Ca2Sb2,Ca2Sb2,Pmma,-0.8103366219678154,CaSb,orthorhombic
3518_Mn23Sm6,Mn23Sm6,Fm-3m,-0.0307691676262185,Sm6Mn23,cubic
3521_InRh3,InRh3,Fm-3m,-0.0126030187117507,InRh3,cubic
3522_Pd3As,Pd3As,Immm,-0.2758033828431498,AsPd3,orthorhombic
3525_Cu2Ge2,Cu2Ge2,Cmcm,0.1181708539907431,CuGe,orthorhombic
3526_FeGe,FeGe,Pm-3m,0.0018767926074065,FeGe,cubic
3529_Ba3W,Ba3W,Pmmm,1.0842347237129757,Ba3W,orthorhombic
3530_P3Br,P3Br,Pm-3m,1.926129210792646,P3Br,cubic
3533_Pd2Br,Pd2Br,Fmmm,2.000228915517294,Pd2Br,orthorhombic
3534_Mn2Ge6,Mn2Ge6,Cmcm,0.4868770529645303,MnGe3,orthorhombic
3535_Ir4Ta12,Ir4Ta12,Pnma,-0.1931485683947595,Ta3Ir,orthorhombic
3536_Fe3Yb,Fe3Yb,Fm-3m,0.3191566587744008,YbFe3,cubic
3537_V3Sb,V3Sb,Immm,-0.0930840734466427,V3Sb,orthorhombic
3542_BaSr7,BaSr7,Fm-3m,0.0035132338114711,BaSr7,cubic
3544_Ba2Sb,Ba2Sb,Fmmm,-8.07092158461461,Ba2Sb,orthorhombic
3545_Ga2Sr2,Ga2Sr2,Imma,-0.3373286017251207,SrGa,orthorhombic
3547_Rh4Sr2,Rh4Sr2,Cmcm,0.1572920891605817,SrRh2,orthorhombic
3550_Ta2Sb2,Ta2Sb2,Cmcm,0.0257373142077632,TaSb,orthorhombic
3553_NbSr3,NbSr3,Immm,0.7270039404560236,Sr3Nb,orthorhombic
3555_PBr4,PBr4,Im-3m,0.274910942903859,PBr4,cubic
3556_SrAs,SrAs,Immm,-0.8153866816487305,SrAs,orthorhombic
3557_BaP,BaP,Fm-3m,-0.6508185873227221,BaP,cubic
3559_Mo2Pb4,Mo2Pb4,Cm,0.4545479546314854,MoPb2,monoclinic
3560_PdPt3,PdPt3,Immm,0.0656485356757095,PdPt3,orthorhombic
3563_Pd2V,Pd2V,Immm,-0.2776788724314076,VPd2,orthorhombic
3564_Ga32Rh6,Ga32Rh6,Ccce,-0.3121174702825569,Ga16Rh3,orthorhombic
3565_CuK7,CuK7,Fm-3m,0.2138562995320674,K7Cu,cubic
3566_Cu6Rh2,Cu6Rh2,Cmcm,0.0420879414142643,Cu3Rh,orthorhombic
3567_P4Br6,P4Br6,Fdd2,0.2069360492629879,P2Br3,orthorhombic
3568_Ag4Pt8,Ag4Pt8,Pnma,0.0023235877472878,AgPt2,orthorhombic
3569_Mn2Ta4,Mn2Ta4,Pnnm,0.5994460916093445,Ta2Mn,orthorhombic
3570_GaNb5,GaNb5,Cmmm,-0.0994785567814749,Nb5Ga,orthorhombic
3571_Fe5Mn,Fe5Mn,Amm2,0.0476466478093809,MnFe5,orthorhombic
3573_V18Sb6,V18Sb6,Pmmn,-0.0075097335478725,V3Sb,orthorhombic
3574_P3Br,P3Br,Cmmm,1.0780590886319557,P3Br,orthorhombic
3576_NpPa3,NpPa3,Pm-3m,-0.3460640993861492,NpPa3,cubic
3577_EuMn,EuMn,R-3m,0.6012495285623629,EuMn,trigonal
3578_Ba4In2,Ba4In2,C2/m,-0.239736009939115,Ba2In,monoclinic
3579_Au21Ga6,Au21Ga6,P-62m,-0.1366279752500119,Ga2Au7,hexagonal
3581_Ba3Sr,Ba3Sr,Immm,0.0026527436349885,Ba3Sr,orthorhombic
3582_Pd2Rh2,Pd2Rh2,Cmme,0.1426459089233844,PdRh,orthorhombic
3586_FeGa,FeGa,R-3m,-0.0760232916373659,GaFe,trigonal
3588_FeSb,FeSb,R-3m,0.1735590152007571,FeSb,trigonal
3589_AlSb,AlSb,Pm-3m,0.2165434108700332,AlSb,cubic
3591_NaBr5,NaBr5,Cmmm,-0.4681310095885373,NaBr5,orthorhombic
3593_K2Sb2,K2Sb2,Imma,-0.3844806039214687,KSb,orthorhombic
3594_Ni2V,Ni2V,Immm,-0.2072508566888669,VNi2,orthorhombic
3595_Mn6P2,Mn6P2,Pm-3n,-0.2087209704508552,Mn3P,cubic
3597_Au26Ta2,Au26Ta2,Fm-3c,0.4344388837923522,TaAu13,cubic
3599_CuFe2,CuFe2,Immm,0.1345766076162012,Fe2Cu,orthorhombic
3601_Cu3Ge,Cu3Ge,Cmmm,0.0652571573942939,Cu3Ge,orthorhombic
3605_Ir4Nb2,Ir4Nb2,Pnnm,0.2248753745019461,NbIr2,orthorhombic
3606_KNi,KNi,R-3m,1.0052471914417698,KNi,trigonal
3607_Fe3As,Fe3As,Pm-3m,1.3052704991518975,Fe3As,cubic
3608_AlK3,AlK3,Fm-3m,0.3006512908502217,K3Al,cubic
3609_Fe4Pd8,Fe4Pd8,Pnma,-0.0967366215483439,FePd2,orthorhombic
3610_Ga2Rh2,Ga2Rh2,Pmmn,-0.4851140473666762,GaRh,orthorhombic
3611_Ni2Pb2,Ni2Pb2,P6_3mc,0.6257644555964119,NiPb,hexagonal
3612_PtTh,PtTh,P-6m2,-0.8684167799000244,ThPt,hexagonal
3613_Au4V2,Au4V2,Cmcm,0.0171157944692872,VAu2,orthorhombic
3615_Al6Ba2,Al6Ba2,P6_3/mmc,-0.1768863718932234,BaAl3,hexagonal
3616_PtV3,PtV3,Pm-3m,-0.234975318016616,V3Pt,cubic
3619_EuI,EuI,P-6m2,-1.3552092755245704,EuI,hexagonal
3620_Ga3K,Ga3K,Pmm2,-0.0110621706509679,KGa3,orthorhombic
3621_KSb,KSb,R-3m,-0.2790825044919915,KSb,trigonal
3622_Al6Pt4,Al6Pt4,Fdd2,-0.7048057370949273,Al3Pt2,orthorhombic
3624_Ba3P,Ba3P,Pm-3m,-0.2539164227109487,Ba3P,cubic
3625_K2P,K2P,Immm,-0.0875183940462124,K2P,orthorhombic
3626_Nb2Sr2,Nb2Sr2,Cmcm,0.8231238151646618,SrNb,orthorhombic
3627_Cu16Mn8,Cu16Mn8,Fd-3m,0.3382363165353024,MnCu2,cubic
3628_CuPb5,CuPb5,Cmmm,0.1710939179905928,CuPb5,orthorhombic
3629_Na2Sn2,Na2Sn2,Pmma,-0.2116591017251918,NaSn,orthorhombic
3630_Cu5V,Cu5V,F-43m,0.1966226874632391,VCu5,cubic
3632_Mn8P16,Mn8P16,Fd-3m,0.0593578151712369,MnP2,cubic
3633_Ta4Sb8,Ta4Sb8,Pnma,0.2600121913022366,TaSb2,orthorhombic
3635_NbPt2,NbPt2,Immm,-0.6920520857027709,NbPt2,orthorhombic
3636_Fe2Br4,Fe2Br4,Pnnm,-0.1272779419185526,FeBr2,orthorhombic
3638_Cu2Fe2,Cu2Fe2,Imma,0.2020980547607358,FeCu,orthorhombic
3639_V2Sb2,V2Sb2,Pmmn,0.2042057005244544,VSb,orthorhombic
3640_Fe3P,Fe3P,Immm,-0.1983662193815236,Fe3P,orthorhombic
3641_MnPd3,MnPd3,Pmm2,-0.1628683062001306,MnPd3,orthorhombic
3642_Ca2Nb2,Ca2Nb2,Cmcm,0.3719830160017174,CaNb,orthorhombic
3644_Fe3P,Fe3P,Immm,-0.1958156787846761,Fe3P,orthorhombic
3647_In4Pt,In4Pt,Im-3m,-0.109899875488567,In4Pt,cubic
3648_PdAs3,PdAs3,Pmm2,-0.0502398700533159,As3Pd,orthorhombic
3649_Cu2Ge4,Cu2Ge4,Cmcm,0.2520284133880294,CuGe2,orthorhombic
3650_Au2Ta,Au2Ta,Fm-3m,0.3603856372156286,TaAu2,cubic
3651_AlGe3,AlGe3,Pm-3m,0.249991609029232,AlGe3,cubic
3653_Ag5Pt5,Ag5Pt5,P-1,0.0451717437014799,AgPt,triclinic
3654_EuPt,EuPt,Fm-3m,-0.9597524333356082,EuPt,cubic
3656_Ge3Br,Ge3Br,Fm-3m,0.0465995518350488,Ge3Br,cubic
3657_In2Ta2,In2Ta2,Fd-3m,0.5123786104406642,TaIn,cubic
3658_Al2Ta2,Al2Ta2,P6_3/mmc,1.0984819167369944,TaAl,hexagonal
3661_MoI,MoI,Fm-3m,1.3718957778972358,MoI,cubic
3663_Ba4Sr8,Ba4Sr8,Pnma,0.0083402217814067,BaSr2,orthorhombic
3665_Na2P2,Na2P2,Fd-3m,0.1266276353560829,NaP,cubic
3668_Ga8Nb4,Ga8Nb4,Pnma,-0.3191380989813623,NbGa2,orthorhombic
3669_Ba3Sr,Ba3Sr,Pmm2,0.0140121820406959,Ba3Sr,orthorhombic
3670_Pd4As2,Pd4As2,Cmcm,-0.2132849462625093,AsPd2,orthorhombic
3672_AcNa,AcNa,Pm-3m,0.2468821919774466,NaAc,cubic
3674_Cu4V2,Cu4V2,Cmcm,0.1310439131075043,VCu2,orthorhombic
3675_Au4Sb12,Au4Sb12,Pnma,0.0816958115240025,Sb3Au,orthorhombic
3676_W2Sb6,W2Sb6,Cmcm,0.3256841746554091,Sb3W,orthorhombic
3677_AgP7,AgP7,Fm-3m,0.7571528019389939,AgP7,cubic
3681_Mn6Rh2,Mn6Rh2,Pmmn,-0.0091769471865195,Mn3Rh,orthorhombic
3682_Al4Pt8,Al4Pt8,Pnma,-0.8627738744258586,AlPt2,orthorhombic
3683_Pd18As6,Pd18As6,Pmmn,-0.2913676761221317,AsPd3,orthorhombic
3688_Pd4Pt4,Pd4Pt4,Imma,-0.032065831937813,PdPt,orthorhombic
3689_GaK3,GaK3,Pmm2,0.1886516453423525,K3Ga,orthorhombic
3690_NpPb,NpPb,F-43m,1.3011929922110452,NpPb,cubic
3693_NiSb,NiSb,R-3m,-0.1496660710504063,NiSb,trigonal
3694_P2Br2,P2Br2,Pmmn,0.1930605002183072,PBr,orthorhombic
3695_Cu2K2,Cu2K2,Pmma,0.4746093749372502,KCu,monoclinic
3696_Cr2Sb2,Cr2Sb2,P6_3/mmc,-0.0563094461679325,CrSb,hexagonal
3698_InW3,InW3,Pmm2,0.5709071561380128,InW3,orthorhombic
3703_CuFe2,CuFe2,Fmmm,0.079502949474796,Fe2Cu,orthorhombic
3704_WBr,WBr,Pm-3m,1.5888402903134065,WBr,cubic
3705_Fe2Pd2,Fe2Pd2,Fd-3m,0.054175898367049,FePd,cubic
3706_BaPd5,BaPd5,P6/mmm,-0.337024768245661,BaPd5,hexagonal
3707_EuGe2,EuGe2,P-3m1,-0.9202436732756536,EuGe2,trigonal
3708_Ni8Ge4,Ni8Ge4,Pnma,-0.4454890874569628,Ni2Ge,orthorhombic
3712_Na5Pt,Na5Pt,Cmmm,-0.0253459167581734,Na5Pt,orthorhombic
3713_Al2Br2,Al2Br2,Fd-3m,0.0760864591054089,AlBr,cubic
3716_RbI,RbI,R-3m,-1.6018918268005236,RbI,cubic
3717_Fe18Pb6,Fe18Pb6,Pmmn,0.7481306957990626,Fe3Pb,orthorhombic
3723_SnTh,SnTh,P-6m2,-0.4789627998287056,ThSn,hexagonal
3724_Fe5Pd,Fe5Pd,Cmmm,0.0312070643968134,Fe5Pd,orthorhombic
3725_Ga3Sr,Ga3Sr,Cmmm,-0.2500555671844617,SrGa3,orthorhombic
3726_FeNi,FeNi,P-6m2,-0.0363000949573359,FeNi,hexagonal
3728_NiRh,NiRh,R-3m,0.0425965851684635,NiRh,trigonal
3729_Ni8Pt4,Ni8Pt4,Pnma,-0.0452248635459563,Ni2Pt,orthorhombic
3731_Cu2Sb6,Cu2Sb6,Cmcm,0.2657594816528084,CuSb3,orthorhombic
3733_Ag5Pt7,Ag5Pt7,Pmm2,-0.0030204133850902,Ag5Pt7,orthorhombic
3735_Cs2Fe2,Cs2Fe2,P6_3/mmc,1.6374434228893548,CsFe,hexagonal
3736_Rh3Sb,Rh3Sb,Imm2,-0.0768941101261564,SbRh3,orthorhombic
3738_Ag2Nb2,Ag2Nb2,Cmcm,0.2586238279425172,NbAg,orthorhombic
3739_Ag2Nb,Ag2Nb,Immm,0.3134987729553824,NbAg2,orthorhombic
3743_GaMo3,GaMo3,Immm,-0.0075587913645431,GaMo3,orthorhombic
3744_FeI,FeI,P-6m2,0.5974285370116457,FeI,hexagonal
3745_Ca2Cu2,Ca2Cu2,Cmcm,-0.1472054650268024,CaCu,orthorhombic
3748_Au4Nb2,Au4Nb2,C2/m,-0.0768398583593246,NbAu2,monoclinic
3749_MnNb,MnNb,Fm-3m,0.6193162444871074,MnNb,cubic
3750_Mn2Ge2,Mn2Ge2,Cmcm,0.1626999725298628,MnGe,orthorhombic
3751_Ag8K4,Ag8K4,P6_3/mmc,0.0051023062900457,KAg2,hexagonal
3754_Al3Cu2,Al3Cu2,P-3m1,-0.1646769696389171,Al3Cu2,trigonal
3755_PbGe,PbGe,Fm-3m,0.1222864572366444,GePb,cubic
3756_Ir3W,Ir3W,Cmmm,-0.1768983028315762,Ir3W,orthorhombic
3757_Cr2Bi2,Cr2Bi2,P6_3mc,0.7851509186435619,CrBi,hexagonal
3758_Eu3Pd,Eu3Pd,Pm-3m,-0.3023895575627371,Eu3Pd,cubic
3759_NiRh5,NiRh5,Pmmm,0.0241607385453797,NiRh5,orthorhombic
3772_Mo10Ge6,Mo10Ge6,P6_3/mcm,-0.1450532842163383,Ge3Mo5,hexagonal
3773_Ge2P2,Ge2P2,C2/m,0.4919381840765435,GeP,monoclinic
3774_W4Sb2,W4Sb2,Cmcm,0.5123617666159177,SbW2,orthorhombic
3775_Cu2I2,Cu2I2,P6_3mc,-0.2441904427747188,CuI,hexagonal
3776_Cu4K2,Cu4K2,Fd-3m,0.3419753359349879,KCu2,cubic
3777_Eu3Fe,Eu3Fe,Fm-3m,0.4686251092821969,Eu3Fe,cubic
3778_InMo,InMo,R-3m,0.4716348834971979,InMo,trigonal
3779_CaIr3,CaIr3,Pm-3m,0.0305344814990053,CaIr3,cubic
3782_Ga6Sb2,Ga6Sb2,Cmcm,0.2322455614496541,Ga3Sb,orthorhombic
3783_GaSb3,GaSb3,Immm,0.1770898010176713,GaSb3,orthorhombic
3784_CuW2,CuW2,Immm,0.532183823929414,CuW2,orthorhombic
3787_AuBr3,AuBr3,Fm-3m,0.4834805601449372,AuBr3,cubic
3788_Cu12Pb12,Cu12Pb12,Pbcm,0.2586636069044156,CuPb,orthorhombic
3789_Mn4Rh2,Mn4Rh2,Cmcm,0.0155560353019161,Mn2Rh,orthorhombic
3790_MnPd3,MnPd3,Cmmm,-0.1677646712931579,MnPd3,orthorhombic
3791_Fe3Na,Fe3Na,Pmmm,0.7118915968889912,NaFe3,orthorhombic
3792_Cu2W,Cu2W,Immm,0.7723792866705873,Cu2W,orthorhombic
3793_NiPt3,NiPt3,Pm-3m,-0.0873784347052497,NiPt3,cubic
3796_Cu3V,Cu3V,Pm-3m,0.2278824626723592,VCu3,cubic
3797_Au4Nb2,Au4Nb2,Cm,0.0185439151225352,NbAu2,monoclinic
3799_Ga2Ta6,Ga2Ta6,Pmmn,-0.0167889698066012,Ta3Ga,orthorhombic
3802_NaBr5,NaBr5,Cmmm,-0.4678710658109493,NaBr5,orthorhombic
3803_K2Nb,K2Nb,Immm,1.3750683807518378,K2Nb,orthorhombic
3805_FeSn,FeSn,R-3m,0.2022509167831438,FeSn,trigonal
3806_Ag4Pd6,Ag4Pd6,Fdd2,0.0226663836828961,Ag2Pd3,orthorhombic
3807_Pd6Sr2,Pd6Sr2,Cmcm,-0.375023231360875,SrPd3,orthorhombic
3808_In3W,In3W,C2/m,0.5152056352826531,In3W,monoclinic
3809_Ni2Sr2,Ni2Sr2,Fd-3m,0.4626434563326298,SrNi,cubic
3813_Cu24As8,Cu24As8,I-43d,0.0163710169351274,Cu3As,cubic
3814_W2Sb6,W2Sb6,Pmmn,0.6963800044215294,Sb3W,orthorhombic
3815_FeMo3,FeMo3,Immm,0.2095670596886858,FeMo3,orthorhombic
3817_Na2Rh4,Na2Rh4,Cmcm,0.2454819018463692,NaRh2,orthorhombic
3818_FeP5,FeP5,Amm2,0.1148882220658234,FeP5,orthorhombic
3819_P2As4,P2As4,Cmcm,0.3096385535205896,As2P,orthorhombic
3821_InK2,InK2,Fm-3m,0.1273937393592102,K2In,cubic
3823_Ga2Pd2,Ga2Pd2,Imma,-0.5766066931495129,GaPd,orthorhombic
3825_Ag2Nb4,Ag2Nb4,Cmcm,0.2471166870868621,Nb2Ag,orthorhombic
3826_CsSm,CsSm,P-6m2,0.323942724359175,CsSm,hexagonal
3828_Th6Bi8,Th6Bi8,I-43d,-0.6813683766328101,Th3Bi4,cubic
3829_Ir6W4,Ir6W4,Fdd2,-0.1336017606123633,Ir3W2,orthorhombic
3830_Mn6Br2,Mn6Br2,Pmmn,0.6461421765977988,Mn3Br,orthorhombic
3832_CuPb3,CuPb3,Immm,0.1775907872946192,CuPb3,orthorhombic
3833_Ir3Na,Ir3Na,Cmmm,0.3140965208008399,NaIr3,orthorhombic
3835_Fe2Br2,Fe2Br2,Pmma,0.555203703580994,FeBr,orthorhombic
3836_Ac4Br6,Ac4Br6,R-3c,-1.462273354981305,Ac2Br3,trigonal
3838_CrI2,CrI2,C2/m,-0.4092368593035083,CrI2,monoclinic
3839_GaP,GaP,R-3m,0.3834919186626027,GaP,trigonal
3841_InTa4,InTa4,Im-3m,1.5870665708125742,Ta4In,cubic
3842_MnP,MnP,Pm-3m,-0.3775156260053043,MnP,cubic
3843_Ir4Ta6,Ir4Ta6,Fdd2,-0.344838574125113,Ta3Ir2,orthorhombic
3845_P2Br4,P2Br4,Cmcm,-0.0074376607961076,PBr2,orthorhombic
3846_CsP,CsP,P-6m2,0.6036632273622891,CsP,hexagonal
3847_W4Sb2,W4Sb2,Pnnm,0.6877308191738637,SbW2,orthorhombic
3848_AlBr3,AlBr3,Fm-3m,0.0587533733797673,AlBr3,cubic
3849_SnSb,SnSb,F-43m,-0.06644948616947,SnSb,cubic
3850_AgW,AgW,Pm-3m,1.187984958539951,AgW,cubic
3851_P12Br12,P12Br12,Pbcm,0.0127132869675463,PBr,orthorhombic
3853_Sn2P4,Sn2P4,Pnnm,-0.056001519449877,SnP2,orthorhombic
3857_FeTh,FeTh,Fm-3m,0.1559447648618688,ThFe,cubic
3858_PI3,PI3,Pm-3m,0.8190091040477483,PI3,cubic
3859_Ir3W,Ir3W,Pmm2,-0.2315256492044497,Ir3W,orthorhombic
3860_IrP,IrP,Pm-3m,0.1479387852015214,PIr,cubic
3861_FeRb,FeRb,Amm2,1.4476931142635006,RbFe,orthorhombic
3862_InP,InP,R-3m,0.0171562093145318,InP,trigonal
3863_BaBr2,BaBr2,Fmmm,-11.34664136590266,BaBr2,orthorhombic
3864_AlSr3,AlSr3,Pm-3m,0.0458020447738753,Sr3Al,cubic
3865_CrU,CrU,R-3m,0.4567240370276604,UCr,trigonal
3866_FeAs,FeAs,Pm-3m,0.1233376778550159,FeAs,cubic
3867_AuTa3,AuTa3,Pm-3m,0.0237207956110818,Ta3Au,cubic
3868_Au16Yb20,Au16Yb20,Pnma,-0.9813941101488048,Yb5Au4,orthorhombic
3870_FeGe,FeGe,P-6m2,-0.1988810521886597,FeGe,hexagonal
3871_Pb2V4,Pb2V4,Cmcm,0.4576023331878953,V2Pb,orthorhombic
3872_P3Br,P3Br,Pmmm,0.8758684315881653,P3Br,orthorhombic
3874_Sn3As,Sn3As,Pm-3m,-0.1805342987981388,Sn3As,cubic
3875_In4K,In4K,Im-3m,0.5600406304992827,KIn4,cubic
3876_Fe10Pb6,Fe10Pb6,Cmcm,0.8850088092175019,Fe5Pb3,hexagonal
3877_Cu4Pd6,Cu4Pd6,Fdd2,-0.0477099033245785,Cu2Pd3,orthorhombic
3878_Ag2Nb4,Ag2Nb4,Cmcm,0.3485341284425303,Nb2Ag,orthorhombic
3879_Cu2Ge2,Cu2Ge2,Pmmn,0.1737348240279024,CuGe,orthorhombic
3884_As18Br6,As18Br6,Pmmn,0.0226532074799372,As3Br,orthorhombic
3886_Pb6V2,Pb6V2,Pmmn,0.613132292092458,VPb3,orthorhombic
3887_SmSb,SmSb,R-3m,-1.5775718023941758,SmSb,trigonal
3888_FeP5,FeP5,Cmmm,-0.1254662331799127,FeP5,orthorhombic
3889_CuAs7,CuAs7,Fm-3m,0.5110070369431146,CuAs7,cubic
3890_IrNi,IrNi,Pm-3m,0.1231103774781239,NiIr,cubic
3892_BaIn3,BaIn3,C2/m,-0.1502425738916377,BaIn3,monoclinic
3894_CaI3,CaI3,Pm-3m,-0.787452079627013,CaI3,cubic
3895_Ni2Sn2,Ni2Sn2,Pmmn,-0.1151318649780357,NiSn,orthorhombic
3896_K2P2,K2P2,Cmcm,0.1540928379601198,KP,orthorhombic
3897_BaPb3,BaPb3,Pmmm,-0.2594454125591254,BaPb3,orthorhombic
3898_Ag5Pt7,Ag5Pt7,Imm2,0.0384508224427128,Ag5Pt7,orthorhombic
3900_Eu2Ga4,Eu2Ga4,Imma,-0.7244935671849531,EuGa2,orthorhombic
3904_NaPt5,NaPt5,Cmmm,-0.0501648287347424,NaPt5,orthorhombic
3905_AlCe3,AlCe3,Pm-3m,-0.1653339908128144,Ce3Al,cubic
3907_Nb4Sr16,Nb4Sr16,I-43m,0.909109010293352,Sr4Nb,cubic
3908_Al2Fe4,Al2Fe4,Fd-3m,-0.1664737846228483,AlFe2,cubic
3912_P4Br2,P4Br2,Cmcm,0.1837938368234185,P2Br,orthorhombic
3913_Cu7As,Cu7As,Fm-3m,0.0252278097608709,Cu7As,cubic
3914_SbGe,SbGe,Pm-3m,-0.0133631114332759,GeSb,cubic
3915_Cu8Ir16,Cu8Ir16,Fd-3m,0.4563536858166645,CuIr2,cubic
3916_CeIn,CeIn,P-6m2,-0.2702256979151656,CeIn,hexagonal
3922_Cu2Ir2,Cu2Ir2,Fd-3m,0.2529828817891149,CuIr,cubic
3923_Ca2Nb6,Ca2Nb6,Cmcm,0.5114966910788024,CaNb3,orthorhombic
3927_CuIr3,CuIr3,Pm-3m,0.2111150939396555,CuIr3,cubic
3980_SrI,SrI,P-6m2,-1.1805649649666825,SrI,hexagonal
3981_CsBr,CsBr,Fm-3m,-1.9532013368567016,CsBr,cubic
3982_Cu2W2,Cu2W2,Cmme,0.2190544733619734,CuW,orthorhombic
3983_AuCu,AuCu,Pm-3m,-0.0659880698796522,CuAu,cubic
3985_Au3Cu,Au3Cu,Pm-3m,-0.0153363036812166,CuAu3,cubic
3987_Cs8Sb8,Cs8Sb8,P2_12_12_1,-0.6076108534631741,CsSb,orthorhombic
3988_Ag4Ba2,Ag4Ba2,Imma,-0.2866839690043905,BaAg2,orthorhombic
3989_K3V,K3V,Imm2,0.8662796318159853,K3V,orthorhombic
3990_TaV3,TaV3,Fm-3m,0.0534170211823017,TaV3,cubic
3991_CeAs,CeAs,Fm-3m,-1.7374966219490622,CeAs,cubic
3992_CaTa,CaTa,Fm-3m,2.085022014389096,CaTa,cubic
3993_Ag4Nb2,Ag4Nb2,Fd-3m,0.5543828981923381,NbAg2,cubic
3995_CrSn,CrSn,Pm-3m,0.2876573438924481,CrSn,cubic
3996_Mo12W4,Mo12W4,Pnma,0.2400632513012386,Mo3W,orthorhombic
3997_Mn3Ta,Mn3Ta,Immm,0.0642209454664826,TaMn3,orthorhombic
3999_GaAs3,GaAs3,Imm2,0.3380044080014444,GaAs3,orthorhombic
4000_MnTa2,MnTa2,Fmmm,0.0306398640400852,Ta2Mn,orthorhombic
4001_KSr5,KSr5,F-43m,0.1226925396156953,KSr5,cubic
4002_NiAs,NiAs,Fm-3m,-0.3012501129468337,NiAs,cubic
4003_Na4P20,Na4P20,Pnma,-0.278409981598901,NaP5,orthorhombic
4004_Na12P4,Na12P4,Pnma,-0.3687060882754256,Na3P,orthorhombic
4005_Mn2Sb2,Mn2Sb2,Cmcm,0.1044043826542004,MnSb,orthorhombic
4006_Ga3As,Ga3As,Imm2,0.0935757977451485,Ga3As,orthorhombic
4007_Ni4Ge2,Ni4Ge2,Pnnm,-0.1756610055196823,Ni2Ge,orthorhombic
4008_V8As4,V8As4,Pa-3,0.1239380017364091,V2As,cubic
4009_Ag2Ba2,Ag2Ba2,Cmcm,-0.2761736007103255,BaAg,orthorhombic
4011_SrBr,SrBr,Fm-3m,-1.3925750242942536,SrBr,cubic
4012_Na2Pd4,Na2Pd4,Cmcm,-0.009570242687688,NaPd2,orthorhombic
4013_MoRh2,MoRh2,Immm,-0.1614324447944059,MoRh2,orthorhombic
4016_Cu17Nb12,Cu17Nb12,I-43m,0.3728100275968739,Nb12Cu17,cubic
4018_Na3Pd,Na3Pd,Immm,-0.0141660341409721,Na3Pd,orthorhombic
4019_Mo4W4,Mo4W4,Pnma,0.4015146948815431,MoW,orthorhombic
4020_Pt2V4,Pt2V4,Cmcm,-0.1754896770449102,V2Pt,orthorhombic
4021_CeMo,CeMo,Fm-3m,1.5109984231473377,CeMo,cubic
4022_KP,KP,F-43m,0.712586257773205,KP,cubic
4024_AuRh2,AuRh2,Immm,0.1829427448860971,Rh2Au,orthorhombic
4025_Fe3W,Fe3W,Immm,0.0411978976634284,Fe3W,orthorhombic
4027_Na2Sr2,Na2Sr2,Fd-3m,0.1054436255100468,NaSr,cubic
4028_Au5Ni,Au5Ni,Amm2,0.0825313759901096,NiAu5,orthorhombic
4029_VW5,VW5,F-43m,0.4316567842693999,VW5,cubic
4031_Mn4P2,Mn4P2,Pnnm,-0.0374880990532998,Mn2P,orthorhombic
4032_K3P,K3P,Pm-3m,-0.030217587200664,K3P,cubic
4034_Au2Na4,Au2Na4,Fd-3m,0.066824322316533,Na2Au,cubic
4035_Al3In,Al3In,Fm-3m,0.2005794903275313,Al3In,cubic
4037_Ca8Br16,Ca8Br16,Fd-3m,-1.8897337814623807,CaBr2,cubic
4038_Ga2K2,Ga2K2,Fd-3m,0.085636318940012,KGa,cubic
4039_NaBr,NaBr,Pm-3m,-1.5671150316488234,NaBr,cubic
4040_Na3V,Na3V,Pmm2,0.63313957064004,Na3V,orthorhombic
4041_Pt5V,Pt5V,F-43m,0.0882913873411747,VPt5,cubic
4042_V4W8,V4W8,Pa-3,1.3927489663079091,VW2,cubic
4044_Sr8Bi12,Sr8Bi12,Pnna,-0.7505659320773692,Sr2Bi3,orthorhombic
4045_AlAs3,AlAs3,Fm-3m,0.3084391696072028,AlAs3,cubic
4047_Au3Cu,Au3Cu,Pm-3m,0.80561609820449,CuAu3,cubic
4048_Na4Rh16,Na4Rh16,I23,0.5542941585464085,NaRh4,cubic
4049_GaTh3,GaTh3,Pm-3m,-0.1766899801972616,Th3Ga,cubic
4050_Au3Ni,Au3Ni,Cmmm,0.0700246573522385,NiAu3,orthorhombic
4051_Al8As4,Al8As4,Pa-3,0.1096141093467484,Al2As,cubic
4053_Mo18V6,Mo18V6,Pmmn,0.2154315725919993,VMo3,orthorhombic
4054_MnTa2,MnTa2,Fmmm,0.0326198714318716,Ta2Mn,orthorhombic
4055_Al16As8,Al16As8,Fd-3m,0.1657365845596465,Al2As,cubic
4056_Ni6As4,Ni6As4,Fdd2,-0.1381767844322986,Ni3As2,orthorhombic
4057_Nb4Ni,Nb4Ni,Im-3m,0.7399515162667611,Nb4Ni,cubic
4059_Pb2P6,Pb2P6,Pmmn,0.0608281721851131,P3Pb,orthorhombic
4060_VAs5,VAs5,Amm2,0.1273263648936259,VAs5,orthorhombic
4061_Mn5V,Mn5V,Amm2,0.1339017868412367,Mn5V,orthorhombic
4062_Cu4In16,Cu4In16,I-43m,0.1786766166937521,In4Cu,cubic
4063_Fe2Ta2,Fe2Ta2,Imma,-0.0429836756126427,TaFe,orthorhombic
4064_In5Mo,In5Mo,Amm2,0.2891137401028671,In5Mo,orthorhombic
4065_Mo4Rh2,Mo4Rh2,Pnnm,0.7288084832143985,Mo2Rh,orthorhombic
4066_NbPt2,NbPt2,Immm,-0.7148850414863522,NbPt2,orthorhombic
4067_PdBi,PdBi,Pm-3m,-0.3015815765160319,BiPd,cubic
4069_Ba5P,Ba5P,F-43m,0.3985963186882178,Ba5P,cubic
4070_Mn2Sb2,Mn2Sb2,Cmcm,0.2133661323603402,MnSb,orthorhombic
4072_KPd5,KPd5,Cmmm,0.2378287882718357,KPd5,orthorhombic
4073_Cu24In5,Cu24In5,I-43m,0.0511636891329517,In5Cu24,cubic
4074_K2Mo2,K2Mo2,Imma,1.1300388461502564,KMo,orthorhombic
4076_InSr,InSr,Fm-3m,-0.1074781430223197,SrIn,cubic
4078_Cu16In4,Cu16In4,I-43m,0.1568465307846374,InCu4,cubic
4079_Al2As,Al2As,Fm-3m,0.2365133531478314,Al2As,cubic
4081_BaIn,BaIn,Pm-3m,-0.3934987706890727,BaIn,cubic
4082_Mo3W,Mo3W,Cmmm,0.4366388836053136,Mo3W,orthorhombic
4084_Ta2Sb4,Ta2Sb4,Cmcm,0.0578058763603053,TaSb2,orthorhombic
4087_AuNi3,AuNi3,Pmmm,0.0985591715563041,Ni3Au,orthorhombic
4088_Fe7Ge,Fe7Ge,Fm-3m,0.1567704748029283,Fe7Ge,cubic
4089_Al3Mo,Al3Mo,Pmmm,-0.1944689772432752,Al3Mo,orthorhombic
4093_CaNb4,CaNb4,Im-3m,2.0724527098289203,CaNb4,cubic
4094_CaNp,CaNp,Fm-3m,1.5151227075171736,CaNp,cubic
4095_Ir2Pb2,Ir2Pb2,Cmcm,0.3368817978345504,IrPb,orthorhombic
4096_InRh,InRh,Pm-3m,-0.4297782565255268,InRh,cubic
4097_Mn3Sb,Mn3Sb,Immm,0.2143725397026807,Mn3Sb,orthorhombic
4098_Ca4W4,Ca4W4,P2_13,1.7124751815438843,CaW,cubic
4099_CuW,CuW,F-43m,2.2610068203752807,CuW,cubic
4100_Pt4V8,Pt4V8,Pnma,-0.2722998168753759,V2Pt,orthorhombic
4103_AgMo,AgMo,Pm-3m,0.9627148163233477,AgMo,cubic
4104_CaW3,CaW3,Pm-3m,1.1974411247556669,CaW3,cubic
4105_CrIr,CrIr,Fm-3m,0.71516585690547,CrIr,cubic
4106_Rh3As,Rh3As,Pmmm,-0.0143576654625379,AsRh3,orthorhombic
4107_Mn3W5,Mn3W5,Cmmm,0.1556870506274474,Mn3W5,orthorhombic
4108_CuIn,CuIn,Fm-3m,0.2413165592473523,InCu,cubic
4109_RbTa,RbTa,P-6m2,1.5587009498917554,RbTa,hexagonal
4110_Na2Pb2,Na2Pb2,Imma,-0.1562603921855645,NaPb,orthorhombic
4111_Ba5V,Ba5V,Cm,0.5603798148423765,Ba5V,monoclinic
4113_Cu2Mo2,Cu2Mo2,Pmmn,0.2552253731582725,CuMo,orthorhombic
4114_Ag2Nb,Ag2Nb,Immm,0.3134987729553824,NbAg2,orthorhombic
4116_BaIn,BaIn,Pm-3m,-0.3942991436374097,BaIn,cubic
4117_CaGe3,CaGe3,Fm-3m,-0.0378530245933212,CaGe3,cubic
4118_Mo2Nb2,Mo2Nb2,Cmcm,0.3806547880258044,NbMo,orthorhombic
4120_Cu8Sb4,Cu8Sb4,Pa-3,0.4144417011578489,Cu2Sb,cubic
4121_NaP3,NaP3,Cmmm,0.3117392660306839,NaP3,orthorhombic
4122_Al2Sr6,Al2Sr6,Pmmn,0.03583471460575,Sr3Al,orthorhombic
4125_InRh4,InRh4,Im-3m,1.09674590170157,InRh4,cubic
4126_Ba4Cu2,Ba4Cu2,Pnnm,0.0315725948119934,Ba2Cu,orthorhombic
4127_Ga2Th,Ga2Th,P6/mmm,-0.6637851725451943,ThGa2,hexagonal
4128_Mn8Sb4,Mn8Sb4,Pnma,0.1912105869806796,Mn2Sb,orthorhombic
4129_Al5Fe,Al5Fe,Amm2,-0.0528174990306299,Al5Fe,orthorhombic
4131_W3Sb,W3Sb,Pmm2,0.5330850639774898,SbW3,orthorhombic
4132_AuV5,AuV5,F-43m,0.1040210577935312,V5Au,cubic
4133_Ir6Ta6,Ir6Ta6,Pmma,-0.5934999130302536,TaIr,orthorhombic
4136_CuYb,CuYb,Pm-3m,-0.2513605341934943,YbCu,cubic
4137_Pb5P,Pb5P,Amm2,0.1470081182557236,PPb5,orthorhombic
4138_Na4P2,Na4P2,Cmc2_1,-0.2091135756894007,Na2P,orthorhombic
4139_Ag4Ba8,Ag4Ba8,Pnma,-0.1623410645895558,Ba2Ag,orthorhombic
4140_In6Rh2,In6Rh2,Pm-3n,-0.0876610181800892,In3Rh,cubic
4142_Au3As,Au3As,Immm,0.1491817017053591,AsAu3,orthorhombic
4143_Cu8In16,Cu8In16,Fd-3m,0.0794970944309702,In2Cu,cubic
4144_AuSb3,AuSb3,Pm-3m,0.7712758898898024,Sb3Au,cubic
4145_Nb2As2,Nb2As2,Cmcm,-0.4643435125399362,NbAs,orthorhombic
4146_Ir4Mn,Ir4Mn,Im-3m,0.9132516606593768,MnIr4,cubic
4148_GeI,GeI,Pm-3m,0.1217367740047419,GeI,cubic
4149_Ba4Ni2,Ba4Ni2,Cmcm,0.1227738676787139,Ba2Ni,orthorhombic
4150_Mo2Ni6,Mo2Ni6,Pmmn,-0.1130121420144583,Ni3Mo,orthorhombic
4151_AuSb3,AuSb3,Fm-3m,0.22864339001835,Sb3Au,cubic
4154_Cu2Ni2,Cu2Ni2,Pmmn,0.0196414447752104,CuNi,orthorhombic
4155_CaK,CaK,Fm-3m,0.4978925186275535,KCa,cubic
4156_Fe2Ga2,Fe2Ga2,Cmcm,-0.0016789232952305,GaFe,orthorhombic
4157_GaMn3,GaMn3,Pm-3m,0.208263872388593,Mn3Ga,cubic
4158_Sn4W2,Sn4W2,Cmcm,0.4186146885247837,Sn2W,orthorhombic
4159_In4Mn2,In4Mn2,Pnnm,0.3757935799507077,MnIn2,orthorhombic
4160_InRh,InRh,Pm-3m,-0.4304722861100893,InRh,cubic
4161_AuGe,AuGe,P-6m2,-0.0203678673486198,GeAu,hexagonal
4164_Sn2W4,Sn2W4,Cmcm,0.550858656015072,SnW2,orthorhombic
4165_Ba2W2,Ba2W2,Cmcm,0.7883000138159826,BaW,orthorhombic
4169_Al3Mn,Al3Mn,Pm-3m,0.4621942741946689,MnAl3,cubic
4170_Ni2Ta6,Ni2Ta6,Pm-3n,-0.0830495279921201,Ta3Ni,cubic
4171_CaNb3,CaNb3,Fm-3m,0.649534012542512,CaNb3,cubic
4172_Al5Mn24,Al5Mn24,I-43m,-0.1477738051154592,Mn24Al5,cubic
4174_Fe8Ge16,Fe8Ge16,Cmce,-0.0145605955894048,FeGe2,orthorhombic
4176_Mo2W2,Mo2W2,Cmcm,0.4080368590916485,MoW,orthorhombic
4177_FePt3,FePt3,Pmmm,0.0727994905894222,FePt3,orthorhombic
4178_Ca2Sb4,Ca2Sb4,Cmcm,-0.4487941170993181,CaSb2,orthorhombic
4181_Au6Sb2,Au6Sb2,Pm-3n,0.1268491665292348,SbAu3,cubic
4182_TaV,TaV,P-6m2,0.3810899222485702,TaV,hexagonal
4184_SnW,SnW,Cmmm,0.763816548221854,SnW,orthorhombic
4185_Au4V16,Au4V16,I23,0.4755917777020059,V4Au,cubic
4187_Na4Pb2,Na4Pb2,Cmcm,-0.1531713600703626,Na2Pb,orthorhombic
4188_Mn4Sb8,Mn4Sb8,Pa-3,0.3833065550035227,MnSb2,cubic
4189_Ag2Mo2,Ag2Mo2,Pmma,0.5144999072780223,AgMo,orthorhombic
4190_KSb3,KSb3,Pmm2,-0.0872071987377549,KSb3,orthorhombic
4191_CeBi,CeBi,Pm-3m,-20.51942767497456,CeBi,cubic
4193_K6Pd2,K6Pd2,Cmcm,0.0987713269920638,K3Pd,orthorhombic
4195_KBr,KBr,Fm-3m,-1.9000790488547985,KBr,cubic
4196_Ni2Sr2,Ni2Sr2,Pmma,0.1953395257108292,SrNi,monoclinic
4197_Rh2As6,Rh2As6,Pm-3n,0.2374773535485985,As3Rh,cubic
4198_Al5Fe,Al5Fe,Cmmm,-0.0580412148693868,Al5Fe,orthorhombic
4199_Sm4Sb8,Sm4Sb8,Cmce,-1.2011228798766862,SmSb2,orthorhombic
4200_Sr3Br,Sr3Br,Immm,-0.6682952205881987,Sr3Br,orthorhombic
4201_NpSm,NpSm,Pm-3m,0.2745112966388436,SmNp,cubic
4202_V2Br2,V2Br2,Imma,0.2049389206913092,VBr,orthorhombic
4203_V4As2,V4As2,Cmcm,-0.3354524045812148,V2As,orthorhombic
4204_Ag5Pt5,Ag5Pt5,P1,0.037224391652122,AgPt,triclinic
4205_MnRh3,MnRh3,Pmmm,-0.0543841615570341,MnRh3,orthorhombic
4207_K4Pd2,K4Pd2,Pnnm,0.0843341938906068,K2Pd,orthorhombic
4208_Sb8P4,Sb8P4,Pa-3,0.2323574671258956,Sb2P,cubic
4209_PdGe2,PdGe2,Immm,-0.0960783464424916,Ge2Pd,orthorhombic
4210_Mo2W4,Mo2W4,Cmcm,-0.0028610466844322,MoW2,orthorhombic
4212_Fe16W8,Fe16W8,Fd-3m,0.5076754801286446,Fe2W,cubic
4217_Mo3Nb,Mo3Nb,Immm,-0.0921436769856338,NbMo3,orthorhombic
4219_CeU,CeU,Fm-3m,1.1508078708582277,CeU,cubic
4222_Ag4Na2,Ag4Na2,Pnnm,0.0165116819565905,NaAg2,orthorhombic
4223_K8As8,K8As8,P2_12_12_1,-0.713846988178084,KAs,orthorhombic
4225_CsMn,CsMn,Fm-3m,1.377763715437709,CsMn,cubic
4226_Au2V6,Au2V6,Pm-3n,-0.0374003777432081,V3Au,cubic
4227_Sn3Sb,Sn3Sb,Immm,0.0335006972881908,Sn3Sb,orthorhombic
4228_Mo3Nb,Mo3Nb,Immm,-0.0910283442660997,NbMo3,orthorhombic
4231_AuBa,AuBa,Pm-3m,-0.7055677220240955,BaAu,cubic
4232_Fe2Bi6,Fe2Bi6,P6_3/mmc,0.3530065572768315,FeBi3,hexagonal
4233_Ir2Ni2,Ir2Ni2,Imma,0.1240748108296081,NiIr,orthorhombic
4234_CaW3,CaW3,Fm-3m,0.877911644159294,CaW3,cubic
4235_Ag3Na5,Ag3Na5,Cmmm,-0.0012180582987706,Na5Ag3,orthorhombic
4236_Pd2Sm2,Pd2Sm2,Cmcm,-1.1902433094897784,SmPd,orthorhombic
4238_Mn3Sb,Mn3Sb,Pm-3m,0.1085140340628285,Mn3Sb,cubic
4240_Fe2Nb2,Fe2Nb2,Imma,0.0324283104462974,NbFe,orthorhombic
4241_Au8Rh4,Au8Rh4,Pnma,0.1711982711978444,RhAu2,orthorhombic
4242_PtV5,PtV5,F-43m,-0.0809234845314452,V5Pt,cubic
4243_Ir3Ni,Ir3Ni,Imm2,0.047391822307901,NiIr3,orthorhombic
4244_AgIr3,AgIr3,Pm-3m,3.4604658513367634,AgIr3,cubic
4245_Cu2Mn,Cu2Mn,Immm,0.4952616009620237,MnCu2,orthorhombic
4248_Pt2V,Pt2V,Immm,-0.5499976049611442,VPt2,orthorhombic
4249_AuRh,AuRh,Pm-3m,0.2785169400110483,RhAu,cubic
4250_Ba4Ca2,Ba4Ca2,Cmcm,0.0320475488332038,Ba2Ca,orthorhombic
4252_AlCu3,AlCu3,Imm2,-0.1649203732823112,AlCu3,orthorhombic
4254_CaBi,CaBi,P-6m2,-0.6500097699602416,CaBi,hexagonal
4256_PtV,PtV,F-43m,0.4367724316087003,VPt,cubic
4257_Fe2Sb2,Fe2Sb2,Imma,0.4179474835499421,FeSb,orthorhombic
4258_Al5Ni,Al5Ni,Amm2,-0.1007123025640458,Al5Ni,orthorhombic
4260_MoW,MoW,Pm-3m,-0.0115632644363721,MoW,cubic
4261_Mo4W16,Mo4W16,I-43m,0.9989554266022864,MoW4,cubic
4264_MoBr3,MoBr3,Imm2,-0.3920457264089467,MoBr3,orthorhombic
4266_IrMo3,IrMo3,Cmmm,0.0075335950078798,Mo3Ir,orthorhombic
4268_In4W8,In4W8,Pnma,0.5404186690897484,InW2,orthorhombic
4269_AuNi2,AuNi2,Immm,0.1135973976274199,Ni2Au,orthorhombic
4270_Mo2V6,Mo2V6,Cmcm,-0.0734245459992521,V3Mo,orthorhombic
4271_MnBr2,MnBr2,P-3m1,-0.985413620866448,MnBr2,trigonal
4272_RbW,RbW,F-43m,3.473318277164075,RbW,cubic
4274_Fe8W4,Fe8W4,Pa-3,1.27481575434075,Fe2W,cubic
4276_V8As16,V8As16,Fd-3m,0.0624888650882127,VAs2,cubic
4277_ThBr,ThBr,F-43m,-0.1704102825568485,ThBr,cubic
4278_CuTa3,CuTa3,Immm,0.1501830417095071,Ta3Cu,orthorhombic
4279_Fe4W2,Fe4W2,Fd-3m,-0.0117364097206985,Fe2W,cubic
4282_AlSn,AlSn,Fm-3m,0.0668889507328112,AlSn,cubic
4283_Cu2Mn2,Cu2Mn2,Cmcm,0.2471525421194602,MnCu,orthorhombic
4284_MoW5,MoW5,Cmmm,0.0012216927512819,MoW5,orthorhombic
4286_AcBr,AcBr,P-6m2,-1.339549648914408,AcBr,hexagonal
4287_Ba4W2,Ba4W2,Pnnm,1.4642914263667777,Ba2W,orthorhombic
4288_AuYb,AuYb,Pm-3m,-1.0277863141157448,YbAu,cubic
4289_K32Ge32,K32Ge32,P-43n,-0.2314262604501489,KGe,cubic
4290_Mo2W2,Mo2W2,Fd-3m,-0.0119251779004159,MoW,cubic
4291_MoBr,MoBr,Cmmm,0.9804332898592608,MoBr,orthorhombic
4293_KP2,KP2,Fm-3m,1.0624264301844708,KP2,cubic
4294_Cr2As4,Cr2As4,C2/m,-0.4620956065782605,CrAs2,monoclinic
4295_AuAs5,AuAs5,Cmmm,0.4915406082243644,As5Au,orthorhombic
4296_Ba5Rh,Ba5Rh,Cmmm,0.0985829817622795,Ba5Rh,orthorhombic
4297_Ca2Br2,Ca2Br2,Fd-3m,-0.6922187046404753,CaBr,cubic
4298_MoW5,MoW5,F-43m,0.4405019749326466,MoW5,cubic
4299_Ga2Ge6,Ga2Ge6,Pmmn,0.2415807844033328,GaGe3,orthorhombic
4300_BaPa,BaPa,Fm-3m,1.4410187630840787,BaPa,cubic
4302_Rh2As4,Rh2As4,Cmcm,-0.1859461427662717,As2Rh,orthorhombic
4303_AuRh3,AuRh3,Pmmm,0.1418375503469873,Rh3Au,orthorhombic
4305_InPd,InPd,P-6m2,-0.4227868516602266,InPd,hexagonal
4306_K3V,K3V,Pmm2,0.8623195553608953,K3V,orthorhombic
4307_Au3Nb,Au3Nb,C2/m,-0.0066006916361915,NbAu3,monoclinic
4309_SrBr,SrBr,P-6m2,-1.4833767957406825,SrBr,hexagonal
4310_Ca2Mo2,Ca2Mo2,Imma,0.4960835738562963,CaMo,orthorhombic
4312_CeSm,CeSm,Fm-3m,0.2714352747135438,CeSm,cubic
4313_Rh3Ta,Rh3Ta,Pmm2,-0.4051768741573873,TaRh3,orthorhombic
4314_Ag2Al4,Ag2Al4,Fd-3m,0.1908437062868871,Al2Ag,cubic
4315_Mo3V,Mo3V,Pm-3m,0.3792234579534757,VMo3,cubic
4316_Cu3Ta,Cu3Ta,Immm,0.2003392939363832,TaCu3,orthorhombic
4317_Ag4Nb2,Ag4Nb2,Cm,0.2673313436111317,NbAg2,monoclinic
4318_AcNp,AcNp,P-6m2,0.6797853292709606,AcNp,hexagonal
4320_TaSb3,TaSb3,Cmmm,0.4794987944840185,TaSb3,orthorhombic
4321_MoW2,MoW2,Immm,0.4640619945655662,MoW2,orthorhombic
4322_K2Sn6,K2Sn6,Pm-3n,0.0649611003597767,KSn3,cubic
4323_Au4Na2,Au4Na2,Fd-3m,-0.3609220344025997,NaAu2,cubic
4324_CaNb3,CaNb3,Pm-3m,0.7504422563504267,CaNb3,cubic
4325_Au4Ba2,Au4Ba2,Pnnm,-0.5351719339405504,BaAu2,orthorhombic
4326_VAs7,VAs7,Fm-3m,0.4766247840716735,VAs7,cubic
4327_Nb3Ni,Nb3Ni,Fm-3m,0.0207120814794556,Nb3Ni,cubic
4328_AuCu,AuCu,Pm-3m,-0.0597546096257533,CuAu,cubic
4329_Na5Pb,Na5Pb,Cmmm,-0.0854004033022069,Na5Pb,orthorhombic
4331_Rh3Ta,Rh3Ta,Imm2,-0.3658550965484686,TaRh3,orthorhombic
4332_Fe3Ge,Fe3Ge,Pm-3m,-0.1030593229876171,Fe3Ge,cubic
4333_MoSr3,MoSr3,Pmm2,0.9261985218621888,Sr3Mo,orthorhombic
4335_Fe3K,Fe3K,Fm-3m,1.8156021498517223,KFe3,cubic
4336_In16Sn4,In16Sn4,I-43m,0.0915696363380483,In4Sn,cubic
4337_Al12As17,Al12As17,I-43m,0.0631815920846978,Al12As17,cubic
4338_VP3,VP3,Pm-3m,0.3957803432569173,VP3,cubic
4339_AlCu2,AlCu2,Immm,-0.20682742671996,AlCu2,orthorhombic
4341_Mo12Rh12,Mo12Rh12,Pbcm,-0.0368725320621348,MoRh,orthorhombic
4342_InSn,InSn,Pm-3m,-0.0829382529904796,InSn,cubic
4344_FeNb,FeNb,P-6m2,0.3091984780758707,NbFe,hexagonal
4346_KV3,KV3,Imm2,1.2695272567403224,KV3,orthorhombic
4348_Cu3Br,Cu3Br,Pmm2,0.1835211112072219,Cu3Br,orthorhombic
4349_Ir3Ta3,Ir3Ta3,Cm,-0.4347810583230007,TaIr,monoclinic
4350_Au2Ni2,Au2Ni2,Cmcm,0.1379700411721982,NiAu,orthorhombic
4352_Mn2Rh4,Mn2Rh4,Cmcm,0.0299697213341948,MnRh2,orthorhombic
4353_Ba7P,Ba7P,Fm-3m,0.046327332024564,Ba7P,cubic
4354_Fe3Bi,Fe3Bi,Pm-3m,0.3277642144979555,Fe3Bi,cubic
4355_Mo6Rh18,Mo6Rh18,Pmmn,-0.182751220239588,MoRh3,orthorhombic
4356_Fe5Sb3,Fe5Sb3,Cmmm,0.3266920626745477,Fe5Sb3,orthorhombic
4357_Au2Fe2,Au2Fe2,Pmmn,0.2273726575768231,FeAu,orthorhombic
4360_Mn4W2,Mn4W2,Cmcm,0.2035748244125805,Mn2W,orthorhombic
4361_EuNb,EuNb,P-6m2,0.6517027106079185,EuNb,hexagonal
4363_Al4Sr2,Al4Sr2,Pnnm,0.2809149352770609,SrAl2,orthorhombic
4364_Al3Ni,Al3Ni,Imm2,-0.2242332681677492,Al3Ni,orthorhombic
4365_Ba2W2,Ba2W2,Imma,1.030850390101512,BaW,orthorhombic
4368_Mo17Pd12,Mo17Pd12,I-43m,0.2563564100439517,Mo17Pd12,cubic
4369_Rh4Ge2,Rh4Ge2,Cmcm,-0.2143445395982084,GeRh2,orthorhombic
4370_Rh3Sb,Rh3Sb,Immm,-0.2063562446620768,SbRh3,orthorhombic
4371_Pb6Sb18,Pb6Sb18,Pmmn,0.1200002632881756,Sb3Pb,orthorhombic
4373_Ca2As6,Ca2As6,P-1,-0.953861079987993,CaAs3,triclinic
4374_Fe3W,Fe3W,Fm-3m,0.042603553216491,Fe3W,cubic
4375_BaAs,BaAs,Fm-3m,-0.9919125426882248,BaAs,cubic
4376_Fe17Th2,Fe17Th2,R-3m,-0.076958604803849,Th2Fe17,trigonal
4377_MnPd3,MnPd3,Imm2,-0.1615328336668762,MnPd3,orthorhombic
4378_Au2As4,Au2As4,Pnnm,0.0144955617245739,As2Au,orthorhombic
4379_Pt24W5,Pt24W5,I-43m,0.0324795520625949,Pt24W5,cubic
4380_Pt2As4,Pt2As4,Pnnm,-0.4910888935308979,As2Pt,orthorhombic
4381_MoPd4,MoPd4,Im-3m,0.6319045285055118,MoPd4,cubic
4382_Ba3Ga5,Ba3Ga5,Cmmm,-0.1704261584929725,Ba3Ga5,orthorhombic
4383_V18W6,V18W6,Pmmn,0.1444451908513369,V3W,orthorhombic
4385_Al3Cs,Al3Cs,Pm-3m,0.8151148327681543,CsAl3,cubic
4386_Cu4K8,Cu4K8,Pa-3,0.3554414266929508,K2Cu,cubic
4389_CuBr3,CuBr3,Pmm2,0.0078963335368147,CuBr3,orthorhombic
4390_Ni12Sr4,Ni12Sr4,Pnma,0.0600111016735347,SrNi3,orthorhombic
4391_Ga13Nb5,Ga13Nb5,Cmmm,-0.3496700897289181,Nb5Ga13,orthorhombic
4392_Eu4I8,Eu4I8,P2_1/c,-1.877240265112853,EuI2,monoclinic
4393_V6W18,V6W18,Pmmn,0.4443461860250674,VW3,orthorhombic
4395_In3Mn,In3Mn,Cmmm,0.2284877334658102,MnIn3,orthorhombic
4397_EuTa,EuTa,Fm-3m,1.9821528238551585,EuTa,cubic
4398_KGe3,KGe3,Immm,0.2251137099133981,KGe3,orthorhombic
4401_Ag12P17,Ag12P17,I-43m,0.120738424806306,Ag12P17,cubic
4402_BaP3,BaP3,Pm-3m,1.7239127617203445,BaP3,cubic
4403_Ba4Rh2,Ba4Rh2,Cmcm,-0.0327557695338812,Ba2Rh,orthorhombic
4404_Al2Cu4,Al2Cu4,Cmcm,-0.0829668452392239,AlCu2,orthorhombic
4405_FeGe3,FeGe3,Pm-3m,0.5245141898888992,FeGe3,cubic
4406_Al3Ca,Al3Ca,Pm-3m,-0.1485498107579226,CaAl3,cubic
4407_Al17As12,Al17As12,I-43m,0.0187716242959471,Al17As12,cubic
4408_Cu17In12,Cu17In12,I-43m,0.2514156314578594,In12Cu17,cubic
4410_CeCu5,CeCu5,P6/mmm,-0.1502946904905435,CeCu5,hexagonal
4411_Rh2W2,Rh2W2,Pmma,-0.1634060966863391,RhW,orthorhombic
4413_MoW3,MoW3,Pmm2,0.4838752111837507,MoW3,orthorhombic
4415_Fe3Br,Fe3Br,Pmmm,0.8483269798622297,Fe3Br,orthorhombic
4416_AlMo,AlMo,Pm-3m,0.076944126559888,AlMo,cubic
4417_Ca4Ge,Ca4Ge,Im-3m,-0.1180823670313536,Ca4Ge,cubic
4418_Na4Sr,Na4Sr,Im-3m,0.3768492047214097,Na4Sr,cubic
4419_Ag4Sr2,Ag4Sr2,Fd-3m,-0.2252556994140283,SrAg2,cubic
4421_Ir2Mn44,Ir2Mn44,Fd-3m,0.1065903814918346,Mn22Ir,cubic
4422_PAs3,PAs3,Immm,0.4020973050781125,As3P,orthorhombic
4423_Al2Pt2,Al2Pt2,Pmma,-0.9410388965392072,AlPt,orthorhombic
4424_Ni3P,Ni3P,Immm,-0.3095052203257662,Ni3P,orthorhombic
4425_Au2Sb2,Au2Sb2,Fd-3m,0.2069522440366871,SbAu,cubic
4426_In2Nb,In2Nb,Fm-3m,0.5931966225101638,NbIn2,cubic
4427_Pd6P2,Pd6P2,Cmcm,-0.0517859647767435,PPd3,orthorhombic
4428_FeMn5,FeMn5,F-43m,0.1748406066285154,Mn5Fe,cubic
4429_NaSb3,NaSb3,Immm,-0.0525864033552427,NaSb3,orthorhombic
4432_In11Sr3,In11Sr3,Immm,-0.3222818449235483,Sr3In11,orthorhombic
4434_BaW5,BaW5,Amm2,0.8998810528593069,BaW5,orthorhombic
4436_FeMn3,FeMn3,Cmmm,0.100148581130357,Mn3Fe,orthorhombic
4437_Ga8Pt16,Ga8Pt16,Pmma,-0.5462447081338079,GaPt2,orthorhombic
4438_AlFe3,AlFe3,Immm,-0.1897415479368378,AlFe3,orthorhombic
4439_Mn12Sb12,Mn12Sb12,Pbcm,0.1541555942751363,MnSb,orthorhombic
4440_Fe3Pd,Fe3Pd,Cmmm,0.0872960532260496,Fe3Pd,orthorhombic
4441_Rh5As,Rh5As,F-43m,0.4701166732585164,AsRh5,cubic
4445_Ca4Nb,Ca4Nb,Im-3m,0.7438121018970222,Ca4Nb,cubic
4446_Sn8I32,Sn8I32,Pa-3,-0.5442849740864955,SnI4,cubic
4447_V12W4,V12W4,Pnma,0.1295615667311391,V3W,orthorhombic
4448_Al2Nb6,Al2Nb6,P6_3/mmc,-0.0688869841256529,Nb3Al,hexagonal
4449_K3Pd,K3Pd,Immm,0.0902629690702925,K3Pd,orthorhombic
4451_Ca5Ge,Ca5Ge,F-43m,0.2746564330536423,Ca5Ge,cubic
4452_K2Pd4,K2Pd4,Pnnm,0.958128436165806,KPd2,orthorhombic
4453_Au3Sn,Au3Sn,Fm-3m,-0.0548105807840317,SnAu3,cubic
4456_Ga4Mn8,Ga4Mn8,Pa-3,0.8996624400047596,Mn2Ga,cubic
4458_Fe3Nb,Fe3Nb,Fm-3m,-0.0722045087948419,NbFe3,cubic
4459_AcMo,AcMo,Pm-3m,0.9356001187860984,AcMo,cubic
4460_SbP,SbP,Fm-3m,0.0811624920790903,SbP,cubic
4461_Mo8Ni4,Mo8Ni4,Pa-3,0.7993973341064257,NiMo2,cubic
4462_Al3Pb,Al3Pb,Pm-3m,0.2750512699404068,Al3Pb,cubic
4463_Mo6W2,Mo6W2,Cmcm,0.4508075929566892,Mo3W,orthorhombic
4464_CsYb,CsYb,R-3m,0.2117052403539379,CsYb,trigonal
4465_Pd2P2,Pd2P2,Cmme,-0.0748898037399525,PPd,orthorhombic
4466_Ag5Pt6,Ag5Pt6,P1,0.0378372249416071,Ag5Pt6,triclinic
4467_Ba4Fe2,Ba4Fe2,C2/m,0.9680279891977884,Ba2Fe,monoclinic
4469_GeAs,GeAs,Immm,0.208114042910724,GeAs,orthorhombic
4472_MnSb2,MnSb2,Immm,0.1504747922415295,MnSb2,orthorhombic
4473_Ba4In,Ba4In,Im-3m,0.1451732176930757,Ba4In,cubic
4474_Ni4Ta16,Ni4Ta16,I-43m,0.5509188345813755,Ta4Ni,cubic
4475_AlNi3,AlNi3,Immm,-0.4056051678421566,AlNi3,orthorhombic
4476_Ga3K,Ga3K,Cmmm,0.3125029998473985,KGa3,orthorhombic
4477_Na2Pd,Na2Pd,Immm,-0.059035687527869,Na2Pd,orthorhombic
4478_K3Ta,K3Ta,Cmmm,1.1691466944339015,K3Ta,orthorhombic
4479_AlMn4,AlMn4,Im-3m,1.008851761143592,Mn4Al,cubic
4480_Al3Ge,Al3Ge,Fm-3m,0.0707607175218676,Al3Ge,cubic
4481_Ba4Ir12,Ba4Ir12,Pnma,0.1362202141754807,BaIr3,orthorhombic
4482_Ba2In4,Ba2In4,Fd-3m,-0.4352745821380361,BaIn2,cubic
4483_Ir2Mo,Ir2Mo,Fmmm,3.5922447122469983,MoIr2,orthorhombic
4484_IrMo,IrMo,Fm-3m,0.792264955653728,MoIr,cubic
4485_Na3Rh,Na3Rh,Immm,0.3291477045577302,Na3Rh,orthorhombic
4486_Al4Ge8,Al4Ge8,Pa-3,0.2644100296867571,AlGe2,cubic
4487_Au6K2,Au6K2,Pmmn,-0.1902402434086161,KAu3,orthorhombic
4489_EuNi,EuNi,Fm-3m,-0.0301608271115529,EuNi,cubic
4492_Ge4P2,Ge4P2,C2/m,0.2094131892536352,Ge2P,monoclinic
4493_Na4Pd2,Na4Pd2,Cmcm,-0.0597792815661713,Na2Pd,orthorhombic
4496_UBr,UBr,Fm-3m,-0.3985207269096849,UBr,cubic
4498_Mo6V2,Mo6V2,Cmcm,-0.0999753629379949,VMo3,orthorhombic
4500_IrMo2,IrMo2,Immm,-0.013815246551965,Mo2Ir,orthorhombic
4502_Au3Sb,Au3Sb,Pm-3m,0.4217477824387243,SbAu3,cubic
4504_CaV,CaV,P-6m2,1.073180324298205,CaV,hexagonal
4508_Al16Mn4,Al16Mn4,I-43m,0.301063565326821,MnAl4,cubic
4509_AuGa,AuGa,P-6m2,-0.0783288279649321,GaAu,hexagonal
4510_Ca7Ge,Ca7Ge,Fm-3m,-0.0143469796221094,Ca7Ge,cubic
4512_Au4V,Au4V,Im-3m,0.5053051396209789,VAu4,cubic
4513_In2Mo2,In2Mo2,Pmma,0.4014679899582596,InMo,orthorhombic
4514_Al3Sn,Al3Sn,Fm-3m,0.1452120532474441,Al3Sn,cubic
4515_Ni24Ta5,Ni24Ta5,I-43m,-0.1675005312947368,Ta5Ni24,cubic
4516_Ni2Ge4,Ni2Ge4,Cmcm,0.1023729698401296,NiGe2,orthorhombic
4518_AlMo3,AlMo3,Immm,-0.0996964259999515,AlMo3,orthorhombic
4520_V8W4,V8W4,Pnma,0.0528966610899613,V2W,orthorhombic
4522_WBr,WBr,Cmmm,1.302940009611793,WBr,orthorhombic
4523_Ga10V12,Ga10V12,P6_3/mmc,-0.2051192851040197,V6Ga5,hexagonal
4524_Au3Br,Au3Br,Immm,0.2829069902830432,Au3Br,orthorhombic
4525_FePd3,FePd3,Pmmm,-0.0949810401407154,FePd3,orthorhombic
4526_Fe8Ga4,Fe8Ga4,Pnma,-0.1229566562214709,GaFe2,orthorhombic
4527_AuNi,AuNi,P-6m2,0.1788439408535893,NiAu,hexagonal
4528_In16Sn4,In16Sn4,I-43m,0.0889102016768188,In4Sn,cubic
4529_Pd2Sm2,Pd2Sm2,Cmcm,-1.1939658947664815,SmPd,orthorhombic
4530_RhSb,RhSb,F-43m,-0.137426643434642,SbRh,cubic
4532_Rh3Ge,Rh3Ge,Fm-3m,-0.1988314155642134,GeRh3,cubic
4533_Al2Fe2,Al2Fe2,Cmcm,-0.1659621127138217,AlFe,orthorhombic
4534_K5Sr24,K5Sr24,I-43m,0.1030625836751013,K5Sr24,cubic
4537_Al2Fe4,Al2Fe4,Cmcm,-0.2272930246471259,AlFe2,orthorhombic
4538_Ge5As3,Ge5As3,Cmmm,0.3379859815522268,Ge5As3,orthorhombic
4539_Fe2Na6,Fe2Na6,P6_3/mmc,0.6521293141597573,Na3Fe,hexagonal
4541_Ag2Sr,Ag2Sr,Fm-3m,0.1312674073517152,SrAg2,cubic
4542_KGe3,KGe3,Pm-3m,0.3174478618796499,KGe3,cubic
4543_Mo2Nb2,Mo2Nb2,Imma,-0.1206156262690427,NbMo,orthorhombic
4544_Ga12Ir6,Ga12Ir6,Cmcm,-0.4391570030411695,Ga2Ir,orthorhombic
4545_Al4Mn,Al4Mn,Im-3m,-0.072840510263844,MnAl4,cubic
4546_PtRh7,PtRh7,Fm-3m,0.003178418728682,PtRh7,cubic
4547_MoV3,MoV3,Fm-3m,-0.0631905048546421,V3Mo,cubic
4548_SbP3,SbP3,Cmmm,0.5203529482374165,SbP3,orthorhombic
4549_Al2Mn4,Al2Mn4,Fd-3m,-0.0478207925401304,Mn2Al,cubic
4550_NiTa4,NiTa4,Im-3m,0.7637822265224969,Ta4Ni,cubic
4552_Sn2Ta6,Sn2Ta6,Pm-3n,-0.112248719472225,Ta3Sn,cubic
4555_Fe2V6,Fe2V6,P6_3/mmc,0.123355382997504,V3Fe,hexagonal
4556_Au8Cu16,Au8Cu16,Fd-3m,0.1460925404133319,Cu2Au,cubic
4557_SnBr3,SnBr3,Fm-3m,-0.2861192229211466,SnBr3,cubic
4560_CuW3,CuW3,Pm-3m,3.1041706291605253,CuW3,cubic
4561_BaBr,BaBr,F-43m,-1.499596806424356,BaBr,cubic
4563_AlP,AlP,Fm-3m,-0.3691838408500709,AlP,cubic
4564_CaCr,CaCr,Fm-3m,1.112240896363634,CaCr,cubic
4565_CuIn7,CuIn7,Fm-3m,0.1100149162863828,In7Cu,cubic
4566_PdYb,PdYb,P-6m2,-0.6517078910153504,YbPd,hexagonal
4567_Na2Rh4,Na2Rh4,Fd-3m,0.2568463173101829,NaRh2,cubic
4569_Pb4P2,Pb4P2,Cmcm,0.0598117949566413,PPb2,orthorhombic
4571_Fe4Pb4,Fe4Pb4,Pnma,0.756893538735766,FePb,orthorhombic
4573_Mn6Pd2,Mn6Pd2,Cmcm,0.1800065618612514,Mn3Pd,orthorhombic
4574_Pt2V2,Pt2V2,Imma,-0.4415867327475009,VPt,orthorhombic
4576_AcPb,AcPb,P-6m2,-0.26554078945294,AcPb,hexagonal
4577_In2Pt,In2Pt,Fm-3m,-0.491304117124633,In2Pt,cubic
4578_AlFe2,AlFe2,Fmmm,-0.1343440926625234,AlFe2,orthorhombic
4579_Pd2V2,Pd2V2,Pmma,-0.1715385737955514,VPd,orthorhombic
4581_Ca3Nb,Ca3Nb,Pm-3m,0.6314967539345484,Ca3Nb,cubic
4582_Pt4V12,Pt4V12,Pnma,-0.1642023230585536,V3Pt,orthorhombic
4583_Na2Pt2,Na2Pt2,Cmcm,-0.0653840123712798,NaPt,orthorhombic
4584_Ag4Pt7,Ag4Pt7,P1,0.0326727396703538,Ag4Pt7,triclinic
4585_CsIr,CsIr,R-3m,1.543183644474976,CsIr,trigonal
4586_Ni3P,Ni3P,Pmmm,-0.1897412135355365,Ni3P,orthorhombic
4588_Ag3Ni,Ag3Ni,Pm-3m,0.1637136908782399,NiAg3,cubic
4589_AuPb3,AuPb3,Pmm2,0.0619014909753019,Pb3Au,orthorhombic
4592_In3Mn,In3Mn,Imm2,0.2204623372783771,MnIn3,orthorhombic
4593_K2Pd6,K2Pd6,Pmmn,0.0709865784228007,KPd3,orthorhombic
4594_Ag4Ir2,Ag4Ir2,Fd-3m,0.8181056146560977,Ag2Ir,cubic
4595_MnW3,MnW3,Pmmm,0.3836572048518096,MnW3,orthorhombic
4596_KGe,KGe,Fm-3m,0.7538320179509621,KGe,cubic
4598_Ni3Rh3,Ni3Rh3,Cm,0.0590098443842267,NiRh,monoclinic
4599_AuNi3,AuNi3,Imm2,0.1610918246717236,Ni3Au,orthorhombic
4600_Sr8Br16,Sr8Br16,Fd-3m,-2.052905570554053,SrBr2,cubic
4601_K3P,K3P,Pm-3m,-0.0201667510898992,K3P,cubic
4603_Cu2In6,Cu2In6,Pm-3n,0.2063896272875793,In3Cu,cubic
4604_Ba2As4,Ba2As4,Cmcm,-0.6748860622830364,BaAs2,orthorhombic
4606_MoNb5,MoNb5,Cmmm,-0.0388477886636107,Nb5Mo,orthorhombic
4609_Ni2P2,Ni2P2,Cmcm,-0.2444295353290506,NiP,orthorhombic
4610_BaNb3,BaNb3,Immm,1.0103358666597488,BaNb3,orthorhombic
4611_Sn3V,Sn3V,Cmmm,0.3710273258378747,VSn3,orthorhombic
4612_IrK,IrK,Fm-3m,2.116775691776342,KIr,cubic
4613_In3Mo5,In3Mo5,Cmmm,0.3843984287084891,In3Mo5,orthorhombic
4614_Al2K4,Al2K4,Pnnm,0.4108101513743062,K2Al,orthorhombic
4616_Pt3V5,Pt3V5,Cmmm,-0.4058848760908624,V5Pt3,orthorhombic
4618_PtBi3,PtBi3,Pm-3m,0.1193074796349371,Bi3Pt,cubic
4619_Ba2In4,Ba2In4,C2/m,-0.3853485588517111,BaIn2,orthorhombic
4620_UBi,UBi,F-43m,0.7371019309004163,UBi,cubic
4621_NaP3,NaP3,Imm2,0.1460175172211837,NaP3,orthorhombic
4622_Na3Pd,Na3Pd,Imm2,-0.0037423943346612,Na3Pd,orthorhombic
4623_AgGa5,AgGa5,Amm2,0.0301596591030233,Ga5Ag,orthorhombic
4625_Ba4P,Ba4P,Im-3m,-0.3524857490659137,Ba4P,cubic
4626_AgAu3,AgAu3,Pmm2,-0.0264467700055792,AgAu3,orthorhombic
4627_Cu2Mn2,Cu2Mn2,Cmcm,0.3182716405481285,MnCu,orthorhombic
4628_Pt16Rb8,Pt16Rb8,Fd-3m,0.3706217301882806,RbPt2,cubic
4629_Pd3V,Pd3V,Pmmm,-0.2222188597370307,VPd3,orthorhombic
4633_Au5Sb,Au5Sb,Amm2,0.0592267831128546,SbAu5,orthorhombic
4634_Cu16Ir8,Cu16Ir8,Fd-3m,0.4219933363345654,Cu2Ir,cubic
4635_Fe6Ta4,Fe6Ta4,Fdd2,-0.0447040189155075,Ta2Fe3,orthorhombic
4636_Ag6Pt6,Ag6Pt6,Cmcm,0.0261640127670741,AgPt,orthorhombic
4638_PdSr,PdSr,R-3m,-0.3796195866085003,SrPd,trigonal
4639_CrNi,CrNi,R-3m,0.1338070737599874,CrNi,trigonal
4640_Fe4As2,Fe4As2,Fd-3m,0.288011546750063,Fe2As,cubic
4641_CuV3,CuV3,Fm-3m,0.1548210464828159,V3Cu,cubic
4642_AgSr,AgSr,P-6m2,-0.1351962930203547,SrAg,hexagonal
4643_PdV3,PdV3,Cmmm,-0.1064366261083087,V3Pd,orthorhombic
4644_PbPt3,PbPt3,Pm-3m,-0.104670332191489,Pt3Pb,cubic
4703_Sr4Br2,Sr4Br2,Cmcm,-0.8965013603840285,Sr2Br,orthorhombic
4704_Pa3Bi,Pa3Bi,Pm-3m,-0.5498134152665202,Pa3Bi,cubic
4710_Mn2V2,Mn2V2,Imma,-0.1878639363857122,MnV,orthorhombic
4714_MoNp,MoNp,P-6m2,0.5651364072757925,NpMo,hexagonal
4717_PaP,PaP,Pm-3m,-1.3069884492665382,PaP,cubic
4718_AgIn3,AgIn3,Pmm2,0.0519812957642829,In3Ag,orthorhombic
4720_Cr6Pt2,Cr6Pt2,Pm-3n,-0.0260007174240968,Cr3Pt,cubic
4721_UP,UP,Fm-3m,-1.1736912481073958,UP,cubic
4722_Ba2Pb,Ba2Pb,Immm,-0.4676688865764706,Ba2Pb,orthorhombic
4723_PaGe,PaGe,F-43m,0.1012972852143612,PaGe,cubic
4724_Cu3W,Cu3W,Cmmm,0.1954342356596488,Cu3W,orthorhombic
4726_AlK,AlK,Pm-3m,0.5512967988077919,KAl,cubic
4728_Au2Nb3,Au2Nb3,C2/m,-0.0708677776626018,Nb3Au2,monoclinic
4729_Mn2V2,Mn2V2,Cmcm,0.1160297069715028,MnV,orthorhombic
4730_Au3Ba5,Au3Ba5,Cmmm,-0.440568201391275,Ba5Au3,orthorhombic
4731_MoBr3,MoBr3,Pmm2,0.04303350203143,MoBr3,orthorhombic
4732_MoSn4,MoSn4,Im-3m,0.1970626607332569,Sn4Mo,cubic
4733_K6Br18,K6Br18,Pmmn,-0.7936805794907835,KBr3,orthorhombic
4734_Fe4Pd6,Fe4Pd6,Fdd2,-0.0234736291717496,Fe2Pd3,orthorhombic
4735_V26W2,V26W2,Fm-3c,0.413087493103449,V13W,cubic
4736_Rh6W2,Rh6W2,P6_3/mmc,-0.2931200597782641,Rh3W,hexagonal
4737_Fe2Nb4,Fe2Nb4,Pnnm,0.5006599812850503,Nb2Fe,orthorhombic
4740_Mn2Na4,Mn2Na4,C2/m,0.5916767438931417,Na2Mn,monoclinic
4741_Ni2Ge4,Ni2Ge4,Pnnm,-0.1418782318798713,NiGe2,orthorhombic
4742_Ge5As,Ge5As,Cmmm,0.328977437833131,Ge5As,orthorhombic
4745_Ba5Pb,Ba5Pb,Cmmm,-0.1592093732859284,Ba5Pb,orthorhombic
4746_Au2Ni2,Au2Ni2,Cmcm,0.2424296367895184,NiAu,orthorhombic
4747_BaW3,BaW3,Pmm2,1.139329181823605,BaW3,orthorhombic
4748_AcTh3,AcTh3,Pm-3m,0.1089293596587035,AcTh3,cubic
4750_Al2Pd6,Al2Pd6,Cmcm,-0.3512329465345525,AlPd3,orthorhombic
4751_Mn4W2,Mn4W2,Cmcm,0.1197822458971262,Mn2W,orthorhombic
4752_CaAs3,CaAs3,Immm,-0.3502374894930931,CaAs3,orthorhombic
4753_Cu4Ta4,Cu4Ta4,P2_13,0.3145868356134906,TaCu,cubic
4754_Au2Ba6,Au2Ba6,Pmmn,-0.2617753895589199,Ba3Au,orthorhombic
4755_AuAs3,AuAs3,Immm,0.3577655840683733,As3Au,orthorhombic
4756_K2Sn2,K2Sn2,Pmmn,-0.0014499690382616,KSn,orthorhombic
4757_InBr,InBr,Fm-3m,-0.7175140965916014,InBr,cubic
4758_Mo4Nb12,Mo4Nb12,Pnma,0.1846768396038225,Nb3Mo,orthorhombic
4759_Au4Ni8,Au4Ni8,Pnma,0.1137680593830878,Ni2Au,orthorhombic
4761_Fe4Ga4,Fe4Ga4,Pnma,0.0308050240268382,GaFe,orthorhombic
4762_Fe3Sb,Fe3Sb,Imm2,0.4414744564171062,Fe3Sb,orthorhombic
4764_PtSm,PtSm,F-43m,-0.7978809406773015,SmPt,cubic
4765_Mo3W,Mo3W,Pmm2,0.4530177667841109,Mo3W,orthorhombic
4767_Sn4W8,Sn4W8,Pnma,0.5256381582876166,SnW2,orthorhombic
4769_Sr2Br6,Sr2Br6,Pmmn,-1.6828241395262955,SrBr3,orthorhombic
4770_Cu8Ta4,Cu8Ta4,Pa-3,1.1517740039267264,TaCu2,cubic
4771_EuSb,EuSb,P-6m2,-0.9332170063572685,EuSb,hexagonal
4772_Ba4Ta2,Ba4Ta2,Cmcm,0.900999325810084,Ba2Ta,orthorhombic
4773_NaPt,NaPt,P-6m2,-0.1967208568508054,NaPt,hexagonal
4774_PtGe,PtGe,Fm-3m,-0.3937912816358704,GePt,cubic
4776_Ni2Ge6,Ni2Ge6,Pmmn,0.0800920653913639,NiGe3,orthorhombic
4778_MnRh5,MnRh5,Amm2,-0.0331173025082295,MnRh5,orthorhombic
4779_MoW,MoW,P-6m2,0.4723990886009801,MoW,hexagonal
4782_Sr4Br,Sr4Br,Im-3m,-0.2378610234737603,Sr4Br,cubic
4783_Ag24Al5,Ag24Al5,I-43m,0.068669406625523,Al5Ag24,cubic
4784_Ni4Rh2,Ni4Rh2,C2/m,0.046255102906335,Ni2Rh,monoclinic
4785_Mo2Nb,Mo2Nb,Fmmm,-0.0745787488592076,NbMo2,orthorhombic
4787_Cu2Ni2,Cu2Ni2,Cmcm,0.0822911971003383,CuNi,orthorhombic
4788_Mo2Pb2,Mo2Pb2,Cmme,0.4939748205054668,MoPb,orthorhombic
4789_Na2Pb,Na2Pb,Immm,-0.1529461556916516,Na2Pb,orthorhombic
4790_Ba5W,Ba5W,Amm2,0.8487297015357887,Ba5W,orthorhombic
4791_NaP3,NaP3,Immm,0.076200731217769,NaP3,orthorhombic
4792_Ni2Yb2,Ni2Yb2,Pmma,-0.24160819968451,YbNi,orthorhombic
4793_AlTa,AlTa,Fm-3m,0.4693485286782328,TaAl,cubic
4794_EuNi,EuNi,Fm-3m,-0.0364610876192079,EuNi,cubic
4795_FeW7,FeW7,Fm-3m,0.4130573151942798,FeW7,cubic
4796_Ni3P,Ni3P,Pmmm,-0.174271319347592,Ni3P,orthorhombic
4797_Pt3V,Pt3V,Pm-3m,-0.4451178454651243,VPt3,cubic
4798_SnBr4,SnBr4,Im-3m,-0.2659943161222486,SnBr4,cubic
4799_Ba3In3,Ba3In3,Cm,-0.3259496805371166,BaIn,monoclinic
4800_Nb3Br5,Nb3Br5,Cmmm,-0.0615081050359869,Nb3Br5,orthorhombic
4802_K4Pd2,K4Pd2,Pnnm,0.0954286081191586,K2Pd,orthorhombic
4803_Mo5W,Mo5W,Cmmm,0.0032439918025867,Mo5W,orthorhombic
4805_Sn2Br4,Sn2Br4,Fd-3m,0.258251974530042,SnBr2,cubic
4806_Rh2As,Rh2As,Fm-3m,-0.4713601768918624,AsRh2,cubic
4807_GaIn,GaIn,Pm-3m,0.0465300307790692,InGa,cubic
4808_Nb5Br3,Nb5Br3,Cmmm,0.5808076985533646,Nb5Br3,orthorhombic
4809_Mn6W2,Mn6W2,Pmmn,0.2104745956342277,Mn3W,orthorhombic
4810_CeNi3,CeNi3,Pm-3m,-0.0086891208885537,CeNi3,cubic
4811_CuIn3,CuIn3,Fm-3m,0.2076251569604519,In3Cu,cubic
4812_Ba3W,Ba3W,Pmm2,1.2293632028874226,Ba3W,orthorhombic
4813_Ca3Nb,Ca3Nb,Pm-3m,0.6282818560868297,Ca3Nb,cubic
4814_Pd4V4,Pd4V4,Pnma,-0.0948595768377771,VPd,orthorhombic
4816_Ba2Sb2,Ba2Sb2,Cmcm,-0.8338671201122385,BaSb,orthorhombic
4817_AgNb3,AgNb3,Pmm2,0.2869369947378839,Nb3Ag,orthorhombic
4819_NaSr,NaSr,Pm-3m,0.0196509155200732,NaSr,cubic
4820_V2W,V2W,Fm-3m,0.870102745832483,V2W,cubic
4821_Ag3Nb3,Ag3Nb3,Cm,0.2345844547757055,NbAg,monoclinic
4822_Al6Br2,Al6Br2,Cmcm,-0.078349820865998,Al3Br,orthorhombic
4824_Al6Mn2,Al6Mn2,Pm-3n,-0.1138396464069968,MnAl3,cubic
4827_Mo2Pd,Mo2Pd,Fm-3m,1.0351696748078811,Mo2Pd,cubic
4829_Fe2Ta6,Fe2Ta6,P6_3/mmc,0.2474721246249149,Ta3Fe,hexagonal
4832_Pt2Sb2,Pt2Sb2,Imma,-0.0642017293861929,SbPt,orthorhombic
4835_CaGa,CaGa,Pm-3m,-0.4281546413302104,CaGa,cubic
4836_NiSr,NiSr,Pm-3m,0.1471746751052132,SrNi,cubic
4837_Ag6Fe2,Ag6Fe2,P6_3/mmc,0.3145756984875691,FeAg3,hexagonal
4838_FeU3,FeU3,Pm-3m,0.212649488992918,U3Fe,cubic
4839_Fe2Sb6,Fe2Sb6,P6_3/mmc,0.1168711655218608,FeSb3,hexagonal
4840_Al4Pd4,Al4Pd4,Pnma,-0.7824189350264472,AlPd,orthorhombic
4841_Mo2Sr2,Mo2Sr2,Imma,0.6658938067199829,SrMo,orthorhombic
4843_CrSm,CrSm,Fm-3m,0.5526842695973091,SmCr,cubic
4844_CuIn7,CuIn7,Fm-3m,0.0132383724315321,In7Cu,cubic
4845_VP4,VP4,Im-3m,0.1480949914869519,VP4,cubic
4846_Al3Mn,Al3Mn,Pm-3m,-0.1379675077832951,MnAl3,cubic
4849_Sn4Br4,Sn4Br4,P2_13,-0.3749848258403285,SnBr,cubic
4850_Mn3Pd,Mn3Pd,Pmm2,0.1965186180139397,Mn3Pd,orthorhombic
4852_GaMn2,GaMn2,Fm-3m,0.8850172981825631,Mn2Ga,cubic
4853_Au3V,Au3V,Pm-3m,0.0919731410731934,VAu3,cubic
4854_Ag4Pt7,Ag4Pt7,P-1,0.0311257725487666,Ag4Pt7,triclinic
4856_Al4Ni4,Al4Ni4,Pnma,-0.5654812568977841,AlNi,orthorhombic
4857_Ag2P2,Ag2P2,Imma,0.215945692610235,AgP,orthorhombic
4860_KMo3,KMo3,Pmmm,0.8846373431271548,KMo3,orthorhombic
4862_FeGe,FeGe,Pm-3m,0.0022779541582638,FeGe,cubic
4864_K2Mo,K2Mo,Fmmm,4.81669369363701,K2Mo,orthorhombic
4865_Ag2Ga,Ag2Ga,Immm,-0.0137227884469162,GaAg2,orthorhombic
4866_Pt2V2,Pt2V2,Cmcm,-0.4276564521482502,VPt,orthorhombic
4868_AgSr3,AgSr3,Fm-3m,0.0908131573419157,Sr3Ag,cubic
4869_AuSn7,AuSn7,Fm-3m,0.0055408770330904,Sn7Au,cubic
4870_AlV,AlV,Fm-3m,0.4851956900377718,AlV,cubic
4872_K6Ge18,K6Ge18,Pmmn,0.0672474289266761,KGe3,orthorhombic
4873_Ba4V2,Ba4V2,C2/m,0.6654282184353768,Ba2V,monoclinic
4874_Ga5Nb3,Ga5Nb3,Cmmm,-0.2383261687443578,Nb3Ga5,orthorhombic
4876_GeAs,GeAs,P-6m2,-0.0428850132941525,GeAs,hexagonal
4877_Al2Ni2,Al2Ni2,Pmmn,-0.4553764697931735,AlNi,orthorhombic
4878_EuTh,EuTh,Fm-3m,1.0038452161781577,EuTh,cubic
4881_Pd8V4,Pd8V4,Pnma,-0.2238081572333025,VPd2,orthorhombic
4882_Cu4Ge4,Cu4Ge4,Pnma,0.1401491838090569,CuGe,orthorhombic
4884_PdV3,PdV3,Cmmm,0.0416317142825679,V3Pd,orthorhombic
4885_AsI,AsI,P-6m2,0.2784186072773007,AsI,hexagonal
4886_Al2Br2,Al2Br2,Pmmn,-0.2130247291300895,AlBr,orthorhombic
4887_CsCu,CsCu,Fm-3m,0.4629642665639557,CsCu,cubic
4888_Pt4Rb16,Pt4Rb16,I-43m,0.1918663905530667,Rb4Pt,cubic
4889_Au12Sb4,Au12Sb4,Pnma,0.0309741185759158,SbAu3,orthorhombic
4890_Ga4Nb6,Ga4Nb6,Fdd2,-0.1469157667423914,Nb3Ga2,orthorhombic
4891_Nb4Sr2,Nb4Sr2,Cm,0.664300873104402,SrNb2,monoclinic
4892_Mn2Rh4,Mn2Rh4,Cmcm,0.0094144196852769,MnRh2,orthorhombic
4893_FeNi,FeNi,Fm-3m,0.5900486215904728,FeNi,cubic
4894_AgSr,AgSr,Pm-3m,-0.0336765836214314,SrAg,cubic
4895_AgSr,AgSr,Pm-3m,-0.2790911051684235,SrAg,cubic
4896_Al5As24,Al5As24,I-43m,0.2029142958536346,Al5As24,cubic
4897_CaSn,CaSn,Pm-3m,-0.6047923086631299,CaSn,cubic
4898_Al2Au,Al2Au,I4/mmm,-0.4116197583822245,Al2Au,cubic
4899_InW3,InW3,P2/m,0.4483106890783048,InW3,monoclinic
4901_Rh2Sb4,Rh2Sb4,Fd-3m,0.8924790440338496,Sb2Rh,cubic
4902_AgGa5,AgGa5,Cmmm,0.0345835753718712,Ga5Ag,orthorhombic
4903_Mn3Sr,Mn3Sr,Pm-3m,0.8495298385172907,SrMn3,cubic
4904_Pt2W2,Pt2W2,Fd-3m,0.0916570637141021,PtW,cubic
4905_Cu4K16,Cu4K16,I-43m,0.388446705850454,K4Cu,cubic
4906_Rh6Sb4,Rh6Sb4,Fdd2,-0.0479862950624436,Sb2Rh3,orthorhombic
4908_Mo2Ta2,Mo2Ta2,Cmcm,0.3511306459887429,TaMo,orthorhombic
4909_InMn5,InMn5,Amm2,0.348006162550855,Mn5In,orthorhombic
4910_AgGa5,AgGa5,Cmmm,0.0338377283785996,Ga5Ag,orthorhombic
4911_NiPd3,NiPd3,Pm-3m,0.0067054398745094,NiPd3,cubic
4912_NaBr3,NaBr3,Cmmm,-0.6094928308533563,NaBr3,orthorhombic
4913_Na3Rh,Na3Rh,Cmmm,0.3103064652176819,Na3Rh,orthorhombic
4915_Cu2Rh6,Cu2Rh6,Pmmn,0.06766825202389,CuRh3,orthorhombic
4916_SbP3,SbP3,Im-3m,0.2084703715605291,SbP3,cubic
4918_PI3,PI3,Pm-3m,0.8204711590365552,PI3,cubic
4919_EuGa,EuGa,Pm-3m,-0.5421530171607336,EuGa,cubic
4923_Rh6W4,Rh6W4,Fdd2,-0.0562816004779008,Rh3W2,orthorhombic
4925_AuPa,AuPa,P-6m2,-0.460915026643784,PaAu,hexagonal
4926_PdU,PdU,P-6m2,-0.2230211790884499,UPd,hexagonal
4927_Ag3Pb,Ag3Pb,Imm2,0.0971226535759504,Ag3Pb,orthorhombic
4929_Ag3Au,Ag3Au,Cmmm,-0.0315943423557443,Ag3Au,orthorhombic
4930_Cu4Yb2,Cu4Yb2,Imma,-0.293062360656964,YbCu2,orthorhombic
4933_FeNb,FeNb,P-6m2,0.3216590180818492,NbFe,hexagonal
4934_Mn3Pb,Mn3Pb,Pm-3m,0.454647138983935,Mn3Pb,cubic
4935_InPt,InPt,Pm-3m,-0.3954266898175138,InPt,cubic
4936_Pb3As,Pb3As,Fm-3m,0.158233633628551,AsPb3,cubic
4938_Ni2Sb4,Ni2Sb4,Pnnm,-0.3996609011663068,NiSb2,orthorhombic
4939_Ir4Nb8,Ir4Nb8,Pa-3,0.298080597835078,Nb2Ir,cubic
4942_PtW2,PtW2,Fmmm,-0.0631971670452789,PtW2,orthorhombic
4943_InK,InK,R-3m,0.0734591574714023,KIn,trigonal
4944_PBr3,PBr3,Fm-3m,0.6417892177990348,PBr3,cubic
4946_Rh2W2,Rh2W2,Pmmn,-0.0488505645361634,RhW,orthorhombic
4948_SmW,SmW,P-6m2,0.6281554503118381,SmW,hexagonal
4953_SnSb,SnSb,Pm-3m,0.0903802482941573,SnSb,cubic
4954_Ni2V4,Ni2V4,Cmcm,-0.0308948681763017,V2Ni,orthorhombic
4955_Fe2Br2,Fe2Br2,Imma,0.554255786528496,FeBr,orthorhombic
4957_IrTa5,IrTa5,Cmmm,-0.263741136245784,Ta5Ir,orthorhombic
4960_Sn6Sb2,Sn6Sb2,Pm-3n,0.1037218500945518,Sn3Sb,cubic
4961_IrNa3,IrNa3,Pmm2,0.3740963947163251,Na3Ir,orthorhombic
4962_Ge2P4,Ge2P4,C2/m,0.0137601105489194,GeP2,monoclinic
4964_Cu3Na5,Cu3Na5,Cmmm,0.2736034573217432,Na5Cu3,orthorhombic
4965_Fe4Pd2,Fe4Pd2,Pnnm,0.8623138115758214,Fe2Pd,orthorhombic
4966_PdU,PdU,P-6m2,-0.2239175495868739,UPd,hexagonal
4967_PtYb,PtYb,R-3m,-0.881391785368073,YbPt,trigonal
4968_Al4Pt2,Al4Pt2,Cmcm,-0.5791034507663954,Al2Pt,orthorhombic
4969_PtP3,PtP3,Pmmm,0.399243288113225,P3Pt,orthorhombic
4970_PdAs,PdAs,Cmmm,-0.138616894546411,AsPd,orthorhombic
4971_Ni2Sb4,Ni2Sb4,Pnnm,-0.3743846982243711,NiSb2,orthorhombic
4972_Fe4Mn4,Fe4Mn4,Pnma,0.0404711306334171,MnFe,orthorhombic
4973_Pb4V4,Pb4V4,Pnma,0.4396753374186346,VPb,orthorhombic
4974_SmYb,SmYb,P-6m2,-0.3023586934686482,YbSm,hexagonal
4979_RhSb,RhSb,Pm-3m,-0.1756178771276877,SbRh,cubic
4980_Rh6P4,Rh6P4,Fdd2,-0.4949304186620736,P2Rh3,orthorhombic
4985_Cu5Mn,Cu5Mn,F-43m,0.1331142964003463,MnCu5,cubic
4986_Pb2Sr2,Pb2Sr2,Pmma,-0.6056881541202612,SrPb,orthorhombic
4987_In3W,In3W,Fm-3m,0.8934791810267129,In3W,cubic
4988_FeYb3,FeYb3,Pm-3m,0.337279709129779,Yb3Fe,cubic
4989_Cu12Ge12,Cu12Ge12,Pbcm,0.159939611134894,CuGe,orthorhombic
4990_Au2Nb4,Au2Nb4,C2/m,0.0519236670651916,Nb2Au,monoclinic
4991_Cu2W,Cu2W,Immm,0.4542508312631017,Cu2W,orthorhombic
4992_Ag4Al2,Ag4Al2,Cmcm,-0.06928288901308,AlAg2,orthorhombic
4993_Ag4Al2,Ag4Al2,Cmcm,-0.0484234267756432,AlAg2,orthorhombic
4994_Ba2Ir2,Ba2Ir2,Cmcm,0.5409645036856263,BaIr,orthorhombic
4995_Au2Sb2,Au2Sb2,Cmcm,-0.0255928153431068,SbAu,orthorhombic
4998_Al16Ge8,Al16Ge8,Fd-3m,0.200161422863711,Al2Ge,cubic
4999_Pt2Th2,Pt2Th2,Cmcm,-1.2350655038663056,ThPt,orthorhombic
5000_Ga5Sr,Ga5Sr,Cmmm,-0.1824981728377247,SrGa5,orthorhombic
5001_MoSr3,MoSr3,Pmm2,0.9291439460161364,Sr3Mo,orthorhombic
