cif_name,formula,space_group,value per atom,value,id
0001_Ni4Ta6.cif,Ni4Ta6,R-3c,0.1017402497441466,1.0174024974414664,PN_MCKVEQNTJFRUHOURCR2HCEB35KDFRETL
0002_Mn4Sb2.cif,Mn4Sb2,I4_1/amd,0.4959808317815088,2.975884990689053,PN_FGGHB2NFWUCYD3YZO4FWN3QVOKCTVI6K
0003_Ir2Na2.cif,Ir2Na2,Imma,0.4721300324400452,1.888520129760181,PN_BAO7ZSBZZCMA7PH7QMR7WLDI72GOELND
0004_MoSm.cif,MoSm,R-3m,0.5114126186332761,1.0228252372665525,PN_4YR2JLVZHJLC3F2TYPTOVDBJJ52C6XIE
0005_Sn17P12.cif,Sn17P12,I-43m,0.2150613449970501,6.236779004914453,PN_H6P36AVAKDU244QNQGGCJ7YLC4A4F2YE
0006_Sr6Br4.cif,Sr6Br4,R-3c,-1.1913767863029878,-11.91376786302988,PN_ZYAHBKLTYXJOLYLD5YFTVBNOSDYIGR6J
0007_Ge4P12.cif,Ge4P12,Pnma,0.2086850365686645,3.338960585098633,PN_LPSIHXMY4PO3JLA6HT25TBUO3GTG6WUV
0008_Mn8Sb.cif,Mn8Sb,I4/mmm,0.1088367267697947,0.9795305409281524,PN_UHJQ2SH2GXQ7QNGQO5WBAFRBBVHRU2KX
0009_Ba2Bi3.cif,Ba2Bi3,Immm,-0.8094130623309983,-4.047065311654992,PN_AVCLYOZGXY4UAYGMVTDALSWZ6ADSTRLS
0010_Mo3W3.cif,Mo3W3,C2/m,-0.0006663757429568,-0.0039982544577412,PN_R6Z4HO26474O43IIUBSFSOA2NTVFQPIJ
0011_InSn5.cif,InSn5,Cm,0.0003555562973946,0.0021333377843681,PN_7OK3KACOB6F3RRLJTWVVBYDZFINCNOIS
0012_Ga2Sr.cif,Ga2Sr,P6/mmm,-0.533854310311091,-1.601562930933273,PN_ZDKNO2QVSUX4H46TI7XIY2SR75JR6I4L
0013_Pd2Ta2.cif,Pd2Ta2,P4/nmm,-0.3572595305178883,-1.4290381220715531,PN_2THSMK54QTI4S5CDHJ5HHAJ2UZJXQI7E
0015_Ac4I6.cif,Ac4I6,R-3c,-1.145669893512698,-11.45669893512698,PN_7XT7P7PRRN2XYU7E6EMXOYTLRZYI4XZH
0016_Fe6Sb18.cif,Fe6Sb18,Pmmn,0.1547501784091292,3.7140042818191006,PN_GXXBTPYXX26PR5KZKA4XWFI7R2ZZWR6P
0018_In4Sn2.cif,In4Sn2,C2/m,0.0058372774279457,0.0350236645676744,PN_OMUYHQMIFAJICMZQFDJ65YPDNHSFQRK3
0020_In2Sn4.cif,In2Sn4,C2/m,0.0010884922752308,0.0065309536513851,PN_BHUM6MV7PNVOPGJJTQQJPVOHU2LXXZ76
0021_RhGe3.cif,RhGe3,Imm2,-0.0905160589754983,-0.3620642359019932,PN_HCRIS4VB2MV62YFZYVEDWOOGDZQLNK25
0022_CuEu.cif,CuEu,Pm-3m,-0.1598074136543927,-0.3196148273087855,PN_HDASQCPBCGTE57FPWBFK2F5T4Z4UNLBN
0023_Cu2Ga2.cif,Cu2Ga2,Pmma,-0.0461503759196872,-0.1846015036787491,PN_KHNXASAIZ6GQOSR2M4TPWF6E3CGEJLDI
0024_Fe4Na8.cif,Fe4Na8,Pa-3,1.6371448910768656,19.645738692922382,PN_CFBYVTGSORFVECDSGSWJ5GNXEIDYLC5F
0026_Cr4Sr5.cif,Cr4Sr5,I4/mmm,0.8411270269282158,7.570143242353943,PN_TXYJDUBC2VVQEK6PVTCQ2TCJONKITHPA
0027_CeSb.cif,CeSb,P-6m2,-1.0332635248915611,-2.0665270497831223,PN_CMZGAVG6M63RGRR4V7CEOZAR3KDI3DH5
0028_Nb2W6.cif,Nb2W6,Pmmn,0.3700803438589179,2.960642750871344,PN_BPGTW25URYPIGNDEHBGETRZ3IAHCGO54
0029_In5Br.cif,In5Br,Amm2,-0.1449179659511769,-0.8695077957070616,PN_HPCBQCF2XGSVGA724LZJU4ELIP43O6M6
0031_In4Br12.cif,In4Br12,Pnma,-0.8565492677849518,-13.704788284559228,PN_VU446KSTRJX7ITZQXIQZAUZ4V7HBISNU
0032_Ir3K.cif,Ir3K,Cmmm,0.9047773221114604,3.619109288445841,PN_XKH7FJPJ7FB3PNEJXR4EQJEOBZS6WM23
0033_Nb4W8.cif,Nb4W8,Pnma,0.1253886633291424,1.5046639599497098,PN_WYQAQAWHFYGHB7SL76ZVJDOHS22WLTRC
0034_Ag4Sn8.cif,Ag4Sn8,I4_1/amd,0.0393953092254234,0.4727437107050818,PN_TF767OEXZE22PZZWBUWZDKS7GHD7NENM
0035_Nb6Pt2.cif,Nb6Pt2,Pm-3n,-0.4193485824946332,-3.354788659957066,PN_6NXPEKRHML5UP7BBMDNIQ2CGEQSSXIVX
0036_AlMn.cif,AlMn,P-6m2,-0.1653908717519483,-0.3307817435038966,PN_WXBMZ5NJVVMZCQ6QFNGH52HJSA56V6TF
0037_SbP.cif,SbP,Fm-3m,-0.0401790750342963,-0.0803581500685926,PN_DDN73VWNYHTMEX3YIGKNPF627GQO4EXM
0038_CrTa3.cif,CrTa3,Immm,0.0265847358564226,0.1063389434256905,PN_2UZGPYGYKF4TFMFC7DSVFICOVRCA3SIM
0039_Al2Rh.cif,Al2Rh,I4/mmm,-0.7879958682286438,-2.3639876046859314,PN_F4LUS72N5MCIPRSR2C54IKAUTQXINJH4
0040_TaV5.cif,TaV5,Cmmm,0.0285429832034746,0.1712578992208477,PN_MMYMEBOUOZSZUBPHZAS44OCNPQ2LFPE6
0042_Ir2Ta4.cif,Ir2Ta4,Pnnm,-0.0336096433566623,-0.2016578601399743,PN_UZF43PJKMJ72BGGXEUNY3R6SWKR2V4MZ
0043_NiPt.cif,NiPt,P-6m2,-0.0435195877614695,-0.0870391755229391,PN_DA5KWFWRY56UW5X5IYPHBPYPGMR3CZ74
0044_CaRh2.cif,CaRh2,I4/mmm,-0.0716643596461175,-0.2149930789383525,PN_EWTN26GJLZDHDSKTFSWKVODOTAD53FNC
0045_Cr3Sr.cif,Cr3Sr,P4/mmm,0.7330921242841102,2.9323684971364408,PN_7OK5LOXD2EVBBJSDCRHTBHTOHWNOWQBT
0046_Na2Pt2.cif,Na2Pt2,Pmmn,-0.0622927350794983,-0.2491709403179935,PN_74BESOX5EESGF7OLOEBDAHP6PRKYI33C
0047_Pb4As2.cif,Pb4As2,Pnnm,0.0885945378502513,0.5315672271015082,PN_5TU7DSBSATW2VC7OZB22VUR56BLU3YBZ
0048_Al3Sb5.cif,Al3Sb5,Cmmm,0.2406565035847956,1.925252028678365,PN_XPOD4KTSHMVOOVTQZMVSMOC6IVFBY2MD
0049_Ir16Pd8.cif,Ir16Pd8,Fd-3m,0.7219119116409539,17.325885879382895,PN_XJ2TGJCAL3I2TTPCECVAVMJFK6N43O3J
0050_Ag2Br2.cif,Ag2Br2,P2_1/m,-0.4385558393715043,-1.754223357486017,PN_VAKH7Y52CVZMZLIYJFKVUUUN33SDMLJV
0051_Ca4Ta2.cif,Ca4Ta2,I4/mcm,0.53492339105963,3.2095403463577803,PN_DWND5PDFWM2E3Z343EDYCHZG5TSCGZXE
0052_NiRh.cif,NiRh,P-6m2,0.0437963995323711,0.0875927990647422,PN_UJ3M4AGVBELB56DEP6CXCSCYSO7IZ5MP
0053_Ba2Sn6.cif,Ba2Sn6,Cmcm,-0.2436607623660132,-1.9492860989281056,PN_4VLKCETUU2E4YCU5YU6AA57JYGVF3PR2
0054_AgMn.cif,AgMn,P4/mmm,0.829020340298344,3.316081361193376,PN_M6FDLKYCXMVA5DZ6T5TTZIXFLTJPYCGI
0055_CsMn.cif,CsMn,P-6m2,-5.420664132459949,-10.841328264919898,PN_KGPJHKEKKP3DGNDXVUXCIELBQJJ5ANLF
0056_Ga2Np.cif,Ga2Np,P6/mmm,-0.2534501835418178,-0.7603505506254535,PN_PYZTDELXMWTPCZVA3CH7VLUGKIMSAVNH
0057_Na2Pt4.cif,Na2Pt4,Cmcm,-0.0507407090270112,-0.3044442541620675,PN_K4BGSTQUUF5ICOFOBFFHUWCNLYHJYXQX
0058_GaNp.cif,GaNp,P-6m2,-0.1856436631432938,-0.3712873262865876,PN_PENMMXUKXDA7XNHPBFMCJDUPVII3SVBG
0059_CuMn3.cif,CuMn3,I4/mmm,0.2690644181336781,1.0762576725347124,PN_YSY73KI2Q6RPPOUMGAYRN6PDN3DV7DWU
0060_NpPd.cif,NpPd,P-6m2,0.0645258048743269,0.1290516097486538,PN_SEPVMJDSUO62POZ4QIQGWZ5BS4WR5TT2
0062_Cr2Sr2.cif,Cr2Sr2,P4/nmm,0.7446481806535772,2.9785927226143087,PN_C7ATFFTHIWZOKRV2I3ZGTRHYQGE2YH6X
0063_Ag3Al5.cif,Ag3Al5,P1,-0.0039340081548497,-0.0314720652387983,PN_K3S6UVW7GGZMG47SDGOKUKGRGHKKJMD3
0064_Al4P2.cif,Al4P2,I4_1/amd,0.0048209866646065,0.028925919987639,PN_3OQW5NSGCNBTCY77UTLB4BG2ZO444R6U
0065_CsSb.cif,CsSb,P-6m2,-0.1281485487240288,-0.2562970974480576,PN_M3ZOOXQLP6KHEOR46QORU2WTSAEXHEKA
0066_Ac3Yb.cif,Ac3Yb,Fm-3m,0.0483534304371855,0.1934137217487421,PN_NUHGNF2PFSE2MYNMVS34LN3L45BT45XK
0067_FePb3.cif,FePb3,Fm-3m,0.7885119954880766,3.1540479819523064,PN_UHPM6QXFQ7RQY5BIDBKACJUHS6LDFA6K
0068_FeP.cif,FeP,R-3m,-0.053819012798443,-0.107638025596886,PN_4DZ7RY2GD5UEY2V2QSKVE5PYLE6Q5EGX
0069_Al3Nb.cif,Al3Nb,I4/mmm,-0.4241836065132585,-1.696734426053034,PN_4IRQV7WEWJHHQHANF7EFXXIXCJZWNDQD
0070_Au6Mn2.cif,Au6Mn2,Cmcm,0.0028625383247353,0.022900306597883,PN_SEKPCJOA45DIXAR4MKCW6XANL4VAFWHR
0071_Ni4Ge4.cif,Ni4Ge4,Pnma,-0.3244859129136115,-2.595887303308892,PN_6TX4WG7BQFKUWSDM7GIXNUK4TR2JUDJE
0072_NiSb2.cif,NiSb2,I4/mmm,-0.0025785561335673,-0.0077356684007021,PN_JFVMRZTAXRNXZUJTNE6WBGH2BIRM6MG7
0073_SmSb.cif,SmSb,P-6m2,-1.3450050363071764,-2.6900100726143528,PN_EE7PEUW4EIAQWXS6M2ORPB7QAUJ5MG7E
0074_Fe8Pt.cif,Fe8Pt,I4/mmm,-0.0521674073461721,-0.4695066661155493,PN_OHZHNWYGDAWNHY4TK6J6TTS2BWN3H2TJ
0075_RhV.cif,RhV,P-6m2,-0.2399275600042898,-0.4798551200085796,PN_HRBRPIO6UOCS723ASHNAZRCMVEJCKDD2
0076_Au4Mn.cif,Au4Mn,Immm,-0.0475317577619271,-0.2376587888096359,PN_V2ICZY3YPVDQPW62ESPCCRB3XTAHXRUU
0077_Ni4Sb2.cif,Ni4Sb2,I4_1/amd,0.1770521249294952,1.0623127495769715,PN_EGYLZVKSCIBORBQLVEKOL3BRKOD33CRQ
0078_Ag2Al6.cif,Ag2Al6,I4/mmm,0.0341048023002974,0.2728384184023795,PN_TCDWC7R2Y3I7UZ2F3KBOMZMI2QZW6NFO
0079_Ag4Al5.cif,Ag4Al5,I4/mmm,0.0050849121442403,0.0457642092981629,PN_2BWJ37JX6WFS353M7ACEPIPI6ITRVBZF
0080_Mo2As.cif,Mo2As,Fmmm,0.430459223416058,1.291377670248174,PN_WJDJOSUEZ2DHGZDFEQJWSISE45RHH4QK
0081_Al2Sn6.cif,Al2Sn6,Cmcm,0.0934787482373256,0.7478299858986048,PN_EOXTBO736OHRQDRLIOM46ZDPZCLILICE
0082_IrMn2.cif,IrMn2,I4/mmm,-0.0004295886141948,-0.0012887658425846,PN_BT3XKONDU32GT5A2AAAUOWYWQUVMNMCZ
0083_AcMn.cif,AcMn,P4/mmm,0.3485148062906855,0.6970296125813711,PN_4SITFBODIZ5K5NNQWQKYPQY5QUE3FJYC
0084_Ni2Sb.cif,Ni2Sb,P4/mmm,0.1209554596631837,0.3628663789895512,PN_NNVM5LOESBKSXLK4IPSAZR4TWLGLV6BF
0086_AuMn3.cif,AuMn3,Pmmm,0.2960059875718608,1.1840239502874432,PN_ZJQ6SRZC7FIWMJROTHNT4V7KQL7RQF3R
0087_Ag2Al2.cif,Ag2Al2,I4_1/amd,-0.0094356971058457,-0.0377427884233831,PN_O6IO2OWDPOSEE5XT44L6LBXURSPKFUQE
0088_Ba2Ge2.cif,Ba2Ge2,Pmmn,-0.1168555505437622,-0.4674222021750491,PN_MXWD7IDMW3LUHSWFCZJUTAZCCG2I2ZZU
0089_IrSn.cif,IrSn,P4/mmm,-0.0646903528158198,-0.1293807056316396,PN_JO3ZQX7RV5MCCNPWE7WYPQLXZVNKJW7U
0090_V3Br.cif,V3Br,I4/mmm,0.5709922328291892,2.283968931316757,PN_MM5CRCBJP5ZA23AJZTB7AH2PLKKLH5DK
0091_InI.cif,InI,R-3m,-0.3710410919205595,-0.7420821838411191,PN_UJ5PPH2GPE7U6QBWPWTYOAJUL4ZI4TF4
0092_GaGe.cif,GaGe,R-3m,-0.0146410194391521,-0.0292820388783043,PN_RDZJLZN5XY4V4VMDWZMLRQVJBPIRWIXB
0093_Al2Pd2.cif,Al2Pd2,P4/nmm,-0.7411901811862194,-2.964760724744877,PN_ZKW5JJFDIZZHWHMWD3QXGU5EN75Q4FH4
0094_Cr2W2.cif,Cr2W2,P4/nmm,0.0864102135558599,0.3456408542234399,PN_FI7KREUZJ2MA7HS3GT2AWM222PSWN2L5
0095_Mn3Sn.cif,Mn3Sn,I4/mmm,0.1853687985945038,0.7414751943780153,PN_JTCZAHHV4V32SQLX2ZPQOXSIMVKMO35A
0096_Ag3Al.cif,Ag3Al,P4/mmm,-0.0385368658765874,-0.1541474635063497,PN_DO2C3NJ47ORSHA2REQ3WZJ7TUA7NXHL6
0097_Cr3Sn.cif,Cr3Sn,P4/mmm,0.4386852445490596,1.7547409781962386,PN_KKKYHJI7BWXXKPIBAKLXP4SIIHYKGGDA
0099_Ge3Br.cif,Ge3Br,P4/mmm,0.1809122110204661,0.7236488440818647,PN_JGSSLQFKN6EAPETSAPWORLCLL76YIPGE
0101_Cr2Sn2.cif,Cr2Sn2,P4/nmm,0.2075312870777024,0.8301251483108096,PN_JDTBPLWAKSHPZCUMYA7SRSACWXRBC34L
0102_Fe2Pt.cif,Fe2Pt,P4/mmm,0.98433841365906,2.95301524097718,PN_XGP447VAMRJYO6TZYNPGJESOADBT2AA5
0103_KSn2.cif,KSn2,I4/mmm,-0.1852067996178531,-0.5556203988535593,PN_ZSFNG5SINZLBCIMEYAWUCM4B2PDWNM7Z
0105_CsV.cif,CsV,P-6m2,-5.544304572661331,-11.088609145322662,PN_AF4HCK647GECJ3MQJMENFPU42LEEUGCT
0107_Fe2Pb2.cif,Fe2Pb2,Cmcm,0.4067883133950829,1.6271532535803317,PN_SJ24RIYQIXJKRAXVPAFUKI6YETIJO3KX
0108_V2Br2.cif,V2Br2,P4/nmm,-0.1510803872846198,-0.6043215491384792,PN_2JBZAFIY6PVJF4GW6JZJP4USGXKPSYD7
0109_Cr4Rh.cif,Cr4Rh,I4/mmm,0.6478040969868033,3.2390204849340165,PN_DHGWRWQCRSRT6HJPZ3HXUIX5ZQD6TC3F
0110_AgAl3.cif,AgAl3,P4/mmm,-0.0152064934718052,-0.0608259738872209,PN_MW5PFOZOZ2EISNMJOAD2WBTBGZTV4NV6
0113_CrNb3.cif,CrNb3,Immm,0.0723080494381864,0.2892321977527459,PN_IJDP7XMMRVSEYGR4ZSCHUIQHUEXNMTII
0114_CrRh2.cif,CrRh2,I4/mmm,-0.0464562337250219,-0.1393687011750657,PN_DU4B4J3UFOQNGOEQ7GW6HI6JRUO2URSI
0115_Ba2Ge2.cif,Ba2Ge2,Cmcm,-0.5915835598114554,-2.366334239245821,PN_MXR74Y4EFWIWRM6PJ4FFYARGZXNUE2GM
0116_Mn2Sn.cif,Mn2Sn,I4/mmm,0.2038638021403187,0.6115914064209562,PN_EMYLYQFFXXTTW4SR6VBQTSYUJXCAF7RF
0118_IrP.cif,IrP,R-3m,-0.126183099143863,-0.2523661982877261,PN_M2Y5C72IJCYVXTR2Q5WLOGBVJHAFASEY
0119_Cu8Fe16.cif,Cu8Fe16,Fd-3m,0.325100666679899,7.802416000317578,PN_DFKVVZHJZRYK2Y7NR5DE6LCNGFUQKNHG
0120_Fe12W12.cif,Fe12W12,Pbcm,0.1591388106529313,3.8193314556703513,PN_F5Z36MMWAFWNAGU5Q4S6MSHP4R6W7FM4
0121_Na2Pt.cif,Na2Pt,P4/mmm,-0.1094687629154324,-0.3284062887462973,PN_QQ3N5AWHY3S44I3B7OIAGFEBGCZBY5WI
0122_WP.cif,WP,F-43m,0.5181687470777128,1.0363374941554255,PN_OZPSOREXWTFWJF6NWOW2PRMLBBLZTTGN
0123_PbV3.cif,PbV3,Fm-3m,0.3868962014052073,1.5475848056208292,PN_JCPVKW2IEAITM2MW5LATXTRXKGJN3QOH
0124_Nb4I16.cif,Nb4I16,Cmc2_1,-0.5983008791202679,-11.966017582405357,PN_OP6WJI7DLYJXX722DLC2W2YR3LKK4M2B
0125_Ta4Ge2.cif,Ta4Ge2,I4_1/amd,0.5502794154585248,3.301676492751149,PN_T5QCM3CRPSYSOSFAYX6VIXRK73C62TYY
0126_Ge4As2.cif,Ge4As2,Pnnm,0.2688744583085179,1.6132467498511076,PN_QP5WREFA2ZXKTTEWDWT46OKDUADSFH7E
0127_As4Br2.cif,As4Br2,I4_1/amd,0.1886815862388336,1.132089517433002,PN_EDOGMLVLDSVQPGO4KCFVH4CGJSP2H4NY
0128_InPt.cif,InPt,Fm-3m,-0.2747187912913738,-0.5494375825827476,PN_IZ7KT6PNFUXKIYQEW4FQD7EMH7WMQ43V
0129_GaP.cif,GaP,Pm-3m,0.2827077846157659,0.5654155692315319,PN_S43EOX5NVS5UG5J3DXC6OBKTKMXIHLPA
0131_Au2In4.cif,Au2In4,Pnnm,-0.1418995868927499,-0.8513975213564997,PN_UUMJQIWFOARGBNSNXJ6RO7VLFFSX74JS
0132_AlNb5.cif,AlNb5,P4/mmm,0.0071761993991602,0.0430571963949617,PN_X3JMVQMFOXYY7QK6PAIDJLQIBHNJTPIT
0133_Au4Sr16.cif,Au4Sr16,I-43m,-0.1130436182400256,-2.2608723648005125,PN_4C7UMBNBA5FPBSD2DRT55KYIY55TGOVJ
0134_Pt8Sn4.cif,Pt8Sn4,I4_1/amd,-0.3379489042611444,-4.055386851133733,PN_2AXMLNONPGFVR5HIEJDV6E6Z54VLMS4F
0135_Cu6Pt4.cif,Cu6Pt4,P1,-0.1196874372681321,-1.1968743726813216,PN_DMGLDTAIWZDXG5KZ45QJMR6QNECXO3VF
0136_Au3P.cif,Au3P,Immm,0.2305156716459713,0.9220626865838852,PN_ACOERWZXNJXCWDV6EUOHXCXSWG6EE34K
0137_Ge2As4.cif,Ge2As4,Pnnm,0.1196947121736281,0.7181682730417691,PN_D7GFFWY2QJPFPJ7KQF5ZPI2CUKCJKOXJ
0138_NpSb.cif,NpSb,Fm-3m,-0.4497482521408535,-0.8994965042817071,PN_ZFBTUDQICPIVUDGZMATMFVIV6TB5W7IT
0139_CrNb5.cif,CrNb5,F-43m,0.4547293105615727,2.728375863369436,PN_4W7GFHEFMXOYSZGRPQHQMI7RMCL727QY
0140_CeBr.cif,CeBr,F-43m,-0.8023102457033016,-1.6046204914066031,PN_7MUHAUAXCLR3QQFK7TEBHK7ZUN6NGSAF
0141_Ce12Ga8.cif,Ce12Ga8,P4_2/mnm,-0.4472578612747064,-8.945157225494128,PN_GMSO2NMWQQRQCF5G33G23GDGPHLMPREP
0143_CaRh4.cif,CaRh4,I4/m,-0.0123593460472001,-0.0617967302360007,PN_C3MIGWY3MZPJQSLE6LH5PXM6DZKGDSZC
0144_Cu4Fe8.cif,Cu4Fe8,Pa-3,0.9290346282517644,11.148415539021173,PN_DP75ONI2HVJQM6CCJQWLX4ETTOFHMOCS
0145_RbRh.cif,RbRh,P-6m2,1.0519039009339617,2.103807801867923,PN_GMWCS44CNDYJYYDCBITCSW55JQAOX7NJ
0146_Cu2Ni26.cif,Cu2Ni26,Fm-3c,0.2677396298890073,7.496709636892206,PN_WEZDDCMMDFDHBCKZ7AXULRT35CZOSSWE
0148_PdRh2.cif,PdRh2,I4/mmm,0.0679740127382568,0.2039220382147704,PN_ZD4B6XB3ZXTWLFTD5QMH55TWDNLCF3UD
0149_YbP.cif,YbP,R-3m,-0.8482652900103984,-1.6965305800207968,PN_5DDEEXF4PP65WYSWECRTHVATSTUXEOPC
0150_Ir2Mo4.cif,Ir2Mo4,Pnnm,0.2558778878110732,1.535267326866439,PN_MRCRXNOPUADNP5QR22NMCJEVSE2KNSUK
0151_Ni2As6.cif,Ni2As6,I4/mmm,0.2952248090641767,2.3617984725134136,PN_HLSJV4L4U2AVXDTPX7BTPSOZ4ZFCS4NP
0152_Al3V.cif,Al3V,I4/mmm,-0.2967745434488575,-1.1870981737954305,PN_DUOQXM3E5NAY6FUJYDRGBYQ2RCXKEQOZ
0154_NiAs3.cif,NiAs3,P4/mmm,0.142732757003877,0.570931028015508,PN_XN5VVHL2MCA2I35JHDO5EKEXXM4JMERR
0155_Cr10Nb6.cif,Cr10Nb6,I4/mcm,0.3962055410731953,6.339288657171124,PN_POTRFAMG6GTSNXFN7EYC4XDPBWSAKPY7
0156_Ag3Al4.cif,Ag3Al4,P-1,0.003962790239954,0.0277395316796784,PN_AVAZYIE2BONW2FFUSETDCGOBX5HXFUZX
0157_Cu2Ge4.cif,Cu2Ge4,Pnnm,0.1885786881460269,1.1314721288761618,PN_IVDJZEPYRCROXSPBHMTGTUWTEXBFE7HN
0158_CrMn.cif,CrMn,P-6m2,0.2433130873062836,0.4866261746125673,PN_54PSBHAX3FMGUHTV2MPDW6XCGH3EUSTW
0159_Ba2Pt2.cif,Ba2Pt2,P6_3/mmc,-0.4579160620289459,-1.831664248115784,PN_RVR72LMKK2E3RTCNS3VVT3725YOP7S6S
0160_Ni2Ta4.cif,Ni2Ta4,Fd-3m,0.6395073564584782,3.837044138750869,PN_KNS2NNAW44XKX2GHSX6Q5FEKVAUVJNMM
0161_FeAs3.cif,FeAs3,Imm2,0.0881821666677709,0.3527286666710836,PN_MLL6CQJZUYY3MD3CFWNF7KCPK33RXDN6
0163_Mo3P.cif,Mo3P,Fm-3m,0.0756003152457989,0.3024012609831956,PN_YOFSOM6TVJBQCJDNK534S2HPVRJYUC4W
0164_Ni2Sn.cif,Ni2Sn,I4/mmm,-0.1054898433116857,-0.3164695299350573,PN_DP7QUQS2C6L3NZ4BAKZTQ5SWFSAWK3ZX
0166_Al3P.cif,Al3P,Pm-3m,0.1003177873692511,0.4012711494770045,PN_ILMZ4V6A56G73P2GY4XPTES3AOPNWEYQ
0167_Fe8Mo16.cif,Fe8Mo16,Fd-3m,0.2217364434622553,5.321674643094127,PN_Y2NQY5IMLWZK76RWCVBPXHIPJXBRSBKZ
0168_Cu3Ta.cif,Cu3Ta,P4/mmm,0.0786238311665679,0.3144953246662716,PN_RWE5HACFGCTE4PAYYG634GOMX6JPWYNC
0170_Cu5Pt5.cif,Cu5Pt5,P1,-0.1138101380258533,-1.138101380258533,PN_X3M2XYNV2SSYP7OV4IA52D53DJGBYR46
0171_CuTh.cif,CuTh,F-43m,0.7968494262166388,1.5936988524332776,PN_ES6VPDLHK4EPC6YMFUANORH5D35SNMW6
0173_PbSr7.cif,PbSr7,Fm-3m,-0.030999434316967,-0.2479954745357364,PN_W2DPJEVMHLJ3NJKWKSEDZFH6S3HQ2YUB
0175_In3K.cif,In3K,Cmmm,-0.0780771556712189,-0.3123086226848759,PN_KK27IRYRITAVZILOTTZDSB5ORG3ZCUQW
0176_Au3Sr.cif,Au3Sr,Pm-3m,0.7382655086643606,2.9530620346574423,PN_4VHDJCXN4UFDGUP7ULXZ7G3IXDG2FRJF
0177_SrW2.cif,SrW2,Fm-3m,3.2276063672278554,9.682819101683569,PN_3GV7VW653T36GUPMPFQC4UCXC6DAUXHY
0178_Al2Rh.cif,Al2Rh,P4/mmm,-0.6991817297737448,-2.0975451893212345,PN_WQUROC2F7WKLAAHOXNGVFZPQHKLGVZGH
0180_WSb.cif,WSb,F-43m,1.5974823249986905,3.194964649997381,PN_IME2XQZBJBVN3Z6UFDXY5VSTAY4E7HDZ
0181_Cu6Ni2.cif,Cu6Ni2,Pm-3n,0.1032142976761845,0.8257143814094761,PN_W3XENMWD4MMQHMI5KOBYUSH65LFGKPWY
0182_AgP3.cif,AgP3,Fm-3m,0.6377887469169732,2.5511549876678927,PN_N3SIICLSOHRZCJ6HOML6R2BYWAHTSVUW
0183_W3Sb.cif,W3Sb,Fm-3m,0.6142879079802093,2.457151631920837,PN_GC2WMLPGOYJWLGBPFJYOGMSL375PV4OW
0185_Ir2Mo6.cif,Ir2Mo6,Cmcm,0.0459888007119957,0.3679104056959659,PN_5DPUFCSTA5EXJSJRKAHT3A44VYPG3NIH
0186_Ta2Ge2.cif,Ta2Ge2,P4/nmm,0.1017352688524066,0.4069410754096267,PN_EJIQRZTP46KBVUGT2ZHJ6VGXDTQQNBKI
0187_BiBr.cif,BiBr,P-6m2,-0.3222004881677978,-0.6444009763355956,PN_FJMIEODWCCNQRERJY7SUK7G32KDXLJZD
0188_CaW2.cif,CaW2,I4/mmm,0.6406378987075527,1.9219136961226584,PN_JS3B2UKXPA2H75YW4JGDYQAKTGW7HTBZ
0189_CrCu.cif,CrCu,Fm-3m,0.99933812170078,1.99867624340156,PN_PKD72ORQ5HN3A2ELKP4NMAPWEEYCT4FK
0190_Mo4Nb.cif,Mo4Nb,Im-3m,1.5855713652165122,7.927856826082561,PN_KVE5IQUFX2URGU5NRKRVQW7ERBL6UZPB
0192_Eu8Ge4.cif,Eu8Ge4,Pnma,-0.8865988076880225,-10.63918569225627,PN_NYRCAN6WI6TTDBQRW6UFXDEUTFJOKD2T
0193_Al12Pb12.cif,Al12Pb12,Pbcm,0.2570537015373606,6.169288836896655,PN_L32GE4KA4VWOAMANPPTOWMP6WDAJVWQC
0194_Ni6Ge18.cif,Ni6Ge18,Pmmn,0.2198266953462753,5.275840688310609,PN_FQPTMANX5CYXR5VRVQHNA6ZUBVTQFQE3
0195_Au8Mn4.cif,Au8Mn4,Pnma,-0.0326742680376834,-0.3920912164522008,PN_RL3GIFLS7OKF7IVGUOKN3CYTM2KKJXMK
0196_Mn10Sn6.cif,Mn10Sn6,I4/mcm,0.2141267769039148,3.4260284304626367,PN_EMW6SAPEKQPERKRT5RSFMMJDXUZL7QAR
0197_K8P4.cif,K8P4,Pnma,-0.0861383471739086,-1.0336601660869036,PN_B6BAUKJ74MTNEJ2VXKMZGFTRCD4FD6IU
0198_Al2V.cif,Al2V,Fmmm,3.021478292177701,9.064434876533102,PN_2EGNJJ6BLZLUK4HYAM5QVTQ74FYEXRUX
0199_CsW.cif,CsW,P-6m2,2.392753487086816,4.785506974173632,PN_5B7TIUUURPIP4AJBUALI76C54YPEQJEE
0200_CrPd.cif,CrPd,Fm-3m,0.7786205625391744,1.5572411250783489,PN_PY25GNMWPJTMDDZHHPZCZS7KXPXOLJZM
0202_NaPb3.cif,NaPb3,Fm-3m,-0.0546219459481367,-0.2184877837925469,PN_NIQJABUVRJ3EYLADM352IF6UYOD4LFBN
0204_Ir3Mn4.cif,Ir3Mn4,I4/mmm,0.0216022662820246,0.1512158639741727,PN_ZL26DU25EZKXKJESKQYBGTBO3YKVSQ32
0205_Cr12W18.cif,Cr12W18,P4_2/mnm,0.3346698123646452,10.040094370939356,PN_TFBPMDXIXODA4EJMSYYCPAUBS7KKICIK
0206_CrRh3.cif,CrRh3,I4/mmm,-0.0699913797349944,-0.2799655189399779,PN_L6Z4J3WSGFYA4X2GVYG2EZZYAURB6SAD
0207_PI.cif,PI,R-3m,0.6765507848780659,1.3531015697561315,PN_PCPQ226NCNJOOK5WFBUZPNYYQIO7NCKH
0208_CuI.cif,CuI,P-6m2,0.163268240844149,0.3265364816882981,PN_C6O6VUUC25ZJ62TJO6L2NUNWRTCJ6CGO
0209_Al18Pb6.cif,Al18Pb6,Pmmn,0.208434471028663,5.002427304687913,PN_SRHAJVG4272PNJZ3DK3YZWSA5ZCE4OC2
0210_WSb.cif,WSb,P-6m2,0.5521977096633099,1.10439541932662,PN_V7OCKVGIVVFEZY725QSA3YKYDYNSEMUI
0211_Fe2Ga4.cif,Fe2Ga4,I4/mcm,-0.1746195386096053,-1.0477172316576322,PN_FDRDNSV63RN3BY4UDCA4WIECYZHO3CBH
0212_Mn2Sn2.cif,Mn2Sn2,I4_1/amd,0.1906174282030415,0.762469712812166,PN_NDOHCEJS4VVDT23GQJOA3COSFLA4XVUE
0214_AgAl2.cif,AgAl2,P4/mmm,0.1927638806395458,0.5782916419186375,PN_L5YIGIBT2JQZY2STD6ZYZNTUPUKX5DCA
0216_Ge8Br.cif,Ge8Br,I4/mmm,0.2846492762005539,2.561843485804985,PN_3RA7VYAN2I6KL65DE3DDY4FW7ZLH7SP6
0217_Ag5Al2.cif,Ag5Al2,I4/mmm,-0.0047721081775178,-0.033404757242625,PN_IZJ6EULQZNCUS5RBEBGLZM7LXMEOCIL5
0218_Ag4Al2.cif,Ag4Al2,I4_1/amd,0.0373786797866924,0.2242720787201548,PN_MEDMX4GVLVUNT74QC52B6AU5TNTGCDBU
0220_Mo7Nb.cif,Mo7Nb,Fm-3m,0.4178278478907451,3.342622783125961,PN_5D6BKZF5KA7ZFWW726ZJASXP2QLPG6N3
0221_BaIr2.cif,BaIr2,Fm-3m,1.7617864823163814,5.285359446949144,PN_OW7X2YY3ZUK5TRADGJRZVOOLQMGTETGW
0222_Pd12Ta18.cif,Pd12Ta18,P4_2/mnm,-0.1882194332244068,-5.646582996732207,PN_KZ5MQFTRCQPU45DT24T4FEVS3NQ4LBOL
0223_K2As6.cif,K2As6,I4/mmm,0.0183152754736446,0.1465222037891571,PN_NYQKLOC54NJTHVSGQGJVCEIH2VTJ4YP6
0224_AlPd2.cif,AlPd2,I4/mmm,-0.7917135539533374,-4.750281323720024,PN_I25QXPGIR6B7IGZEKBXTNSP4UUVIBHBJ
0225_Al4Pb2.cif,Al4Pb2,Pnnm,0.4596315211143362,2.757789126686017,PN_Y3ONY4RTPPZKLZ5INOC7YS6QIGFNZUQK
0226_Ir2Na4.cif,Ir2Na4,Cmcm,0.2310379275124135,1.3862275650744813,PN_ZLXUNX4IJEEQHWSDZ7YNIGD7YNWMB3V5
0227_Ge3P.cif,Ge3P,Pmmm,0.4028421099060848,1.6113684396243393,PN_OQMWB2ODZXJ4XQX2IACYIXEH66UARW5S
0231_Ta3Ge.cif,Ta3Ge,P4/mmm,-0.1070394710213111,-0.4281578840852447,PN_OSPMTJIZUZPEG3UFN2SSO45ATPNBHNRV
0232_Ag6Al6.cif,Ag6Al6,Cmm2,-0.0259394001015677,-0.3112728012188128,PN_BVRAK34TB3RZMBWHQ6C33NV6J7ZCO2UK
0234_PAs3.cif,PAs3,Fm-3m,0.5081874789383827,2.0327499157535307,PN_QPXANB2ULQCYUZXSSNNKOVBE5K4OJ3WS
0235_VW2.cif,VW2,Immm,0.4517394004088544,2.7104364024531264,PN_N7IFNJI2A63GHYN2BTEXBVZS4OQQZD3D
0237_In4Pb16.cif,In4Pb16,I-43m,0.2226825117026813,4.453650234053626,PN_DI2HUKKNNCV4S2Q4VYGHDIX5DRYUTN4H
0238_Pb2Sb6.cif,Pb2Sb6,Cmcm,0.156305874512693,1.2504469961015443,PN_OQP4XHY3KPOTRZ4CQKXLCT5RSBVIEMMP
0239_PaBi.cif,PaBi,F-43m,0.5006361656619811,1.0012723313239622,PN_53ASSQKY7E3KNFMYCHLWSJ4JPPINY4LF
0240_CrTa.cif,CrTa,F-43m,2.5070367353222007,5.0140734706444015,PN_6Y7BKEFCUQ6U7CHLJJXRKXR7M7RK4V4F
0241_Ag7Ta.cif,Ag7Ta,Fm-3m,0.3318113890532039,2.654491112425632,PN_LQQ3TM3XSQACXZLGFHC5F5LHYETDFWLQ
0243_Ni4Rh2.cif,Ni4Rh2,Cmmm,0.1668692690605411,1.001215614363247,PN_CU4DRQKXMRILYOHYTDB4LS3R3FRQECDN
0244_AlRh2.cif,AlRh2,I4/mmm,-0.637019060757113,-1.911057182271339,PN_RCJGMJGSR2KW2WDRKQI5FYDQVZCOGVAU
0245_WSb.cif,WSb,Pm-3m,0.6402363637939983,1.2804727275879966,PN_GV5UQ357CDVXP36GUUZDYLPMPO4O2C3M
0246_Ba4Ir2.cif,Ba4Ir2,Fd-3m,1.2154619112347849,7.292771467408709,PN_SRNRA46EPVFCPUY2OPEAU6TMWTAHOQRF
0247_Cu5Pt7.cif,Cu5Pt7,P1,-0.1172246329049636,-1.4066955948595634,PN_AQR7ZWFA5DSOPBKLV5H7L4M6AWCG3XHH
0248_Ni8Ta16.cif,Ni8Ta16,Fd-3m,-0.0807124775193379,-1.9370994604641112,PN_DFNJ3X36ZEUP4QGAHLHK7ZBA7HYCVQ4P
0249_MoP3.cif,MoP3,Pm-3m,0.5510076566921223,2.204030626768489,PN_6MQTEJN6BL22OUP6WRB4Y2QUMPBMJN6L
0250_Ba2Ni2.cif,Ba2Ni2,P6_3mc,0.597629677831121,2.390518711324484,PN_7CE4HFT4VSHIIJE5LZUW53DHPLGONCDE
0251_AuPt.cif,AuPt,F-43m,1.1568970335132995,2.313794067026599,PN_L7X77YDUYHTMYYZ6V2AXE7OAAYSVDQNL
0252_Cu3Ge4.cif,Cu3Ge4,I4/mmm,0.2297082476966535,1.6079577338765745,PN_7ZIQWQJX2WPY4EVOIN5ANGGMIB2XDGDP
0253_NbP2.cif,NbP2,I4/mmm,-0.6493615298102936,-1.9480845894308807,PN_YCSCOOYAAN2G6Q4OKZEJLIWQZJAFWLRI
0254_Mo2Pb2.cif,Mo2Pb2,Cmcm,0.5946080176813062,2.378432070725225,PN_D6WTB4LXKNII5S5KFXMYYSQPMJJQKDY5
0255_CuIr.cif,CuIr,F-43m,1.783717347151633,3.567434694303266,PN_GNXTACQX6EYRIES4VN3CBAJTJ7JFOYUO
0257_Cr5Nb.cif,Cr5Nb,F-43m,0.1469112927238486,0.8814677563430919,PN_FOZ7J65Q6RWQWPE6TGET73AI3IU2XWZA
0258_K2As2.cif,K2As2,P4/nmm,-0.160004924188351,-0.640019696753404,PN_UTANMQVCYCJVJAHDBQ7X7CMJHWLYUU7Q
0261_BaBr3.cif,BaBr3,P4/mmm,-1.4692358460725734,-5.876943384290294,PN_GBQ6MUKSZXOXP3YN5BIJWWBHJUJIVTKA
0262_Fe2Pb2.cif,Fe2Pb2,Fd-3m,1.224709304364091,4.898837217456364,PN_NAK5JBN4TB4IXIDAR6XBZ5W47PNY4GRR
0263_Cr4P.cif,Cr4P,Im-3m,0.722891464014863,3.6144573200743153,PN_F7BB72PGHMNV2BGQBBSDPFT6HMMGA3MH
0264_Pd16Ta14.cif,Pd16Ta14,P4_2/mnm,-0.2155509804832832,-6.466529414498496,PN_HHVVD7LS5PSJW2TPYSZJUHY43UMTRW4J
0265_Ag4Al4.cif,Ag4Al4,Cccm,-0.0171242730527843,-0.1369941844222744,PN_DHXVAWNSVWUQTFBGECAHAKITOCURQCNI
0266_CrP7.cif,CrP7,Fm-3m,0.6510238187764203,5.208190550211363,PN_PTYKQRAI5UQUWY3M6PMG2HO5XVGAOTV4
0267_FeW2.cif,FeW2,I4/mmm,0.3111246762356288,0.9333740287068863,PN_ECEBG6XAQKBBTOFX5MNSL4NB4PBPVQBE
0268_SnP3.cif,SnP3,Fm-3m,0.5314056150159168,2.125622460063667,PN_DP4R26JFYHWXMNNFQO3HQIIHQ7THYXVF
0269_FeNa.cif,FeNa,Fm-3m,2.2341407373912583,4.468281474782517,PN_JE75VBFLQCDA2DCNI3VA5R6LRFAMQU4L
0270_PtV2.cif,PtV2,Fmmm,-0.3400272227183064,-1.0200816681549192,PN_JCUKX3APVEYVYANHYPMFWVKTBEH5ZWUV
0271_NbPb3.cif,NbPb3,Cmmm,0.5071251497625129,2.0285005990500515,PN_CKC3OTI45BQCZCW6FUWWGDZW5Y6MOCQH
0272_Ba3Br.cif,Ba3Br,P4/mmm,-0.6944199402649203,-2.777679761059681,PN_BENDWR22XSV65UC5BTLE7YI6ATQDMI5M
0273_CsBr.cif,CsBr,F-43m,-1.8502803122460796,-3.700560624492159,PN_2N2HPPBGGNTF3V5F37MDMSYRX5NPMA4N
0274_V4W4.cif,V4W4,Pnma,0.2378765211926374,1.9030121695411,PN_SZSGHQHNNBNT7RRJGS6AKPNJYURF6XIR
0275_K5Ge.cif,K5Ge,Amm2,0.1171544290501849,0.7029265743011095,PN_OJ7LHTCHFVKKOQ622BTQRQVNAO34DZBA
0276_Ba2Cu2.cif,Ba2Cu2,Cmcm,-0.0169725723717149,-0.0678902894868596,PN_OEVO53EFPANXQ3JJQZ7IPLIBEZC57Z6C
0277_Al12Sn4.cif,Al12Sn4,Pnma,0.1373679800708411,2.1978876811334587,PN_76KNEVHG76UOS4G77DVVRZASL743YGI5
0278_Ba2Cu4.cif,Ba2Cu4,Cmcm,0.1679982061833745,1.0079892371002472,PN_6BQNZPZ4PARC7NPOITWGATYUVQEMAS4N
0279_K3P.cif,K3P,Imm2,0.1089889412197191,0.4359557648788765,PN_B3MYLJ2NP6BIO4PBYIHDKZ74QBGXHIXL
0280_YbBi.cif,YbBi,F-43m,-0.1419430461440991,-0.2838860922881983,PN_DYXKWXCBJ4YLY4E2FWK2YCV5TKZ6XYPU
0281_V2W.cif,V2W,Immm,0.1508598416056431,0.9051590496338592,PN_OY3DI3ORALYM6ZF3CALMEPYEUXVRIDMM
0283_Cu6Pt6.cif,Cu6Pt6,P1,-0.0941277396963631,-1.1295328763563577,PN_EXSWVK2V44MSTQYMGJPTL2PIF4LVY4ML
0284_MoPb3.cif,MoPb3,Immm,0.5025277881857404,2.0101111527429616,PN_ET7P7OSVFB5QGCRYHG66XJVP2XQT5JAA
0285_Ca3P5.cif,Ca3P5,Cmmm,-0.4401060503561709,-3.520848402849367,PN_E4PZBDX6DDURSFQY25T4KKTNP6LTIVPS
0286_Ca12Mo4.cif,Ca12Mo4,Pnma,0.6399058390486374,10.238493424778198,PN_DK3XBPFSDKXBCVIZNA23TL4LGAHKBPHU
0287_As2Br6.cif,As2Br6,I4/mmm,0.3046454324844947,2.4371634598759577,PN_FN5Z2LJOZFRVX5TFKDR4OGSWLR4NOBCW
0288_P5As.cif,P5As,F-43m,0.7837244693717675,4.702346816230605,PN_HFV4N5QQNQS6A4DSGJQJWBREAKTEZ5UO
0289_W24P5.cif,W24P5,I-43m,0.4316480836713108,12.517794426468017,PN_NP3BJP3PHADUGLAWBIFDJQ66VCBLF3HO
0290_Fe24Pb5.cif,Fe24Pb5,I-43m,0.554399661464772,16.07759018247839,PN_DF6AXTOD3P3TMID36QWCP3EKCDL3L6RH
0291_Ga14Pt6.cif,Ga14Pt6,Im-3m,-0.5450134948837502,-10.900269897675004,PN_COPX2OX7AU5NLLGXTQTQSN4DAQOUC3ES
0292_Mo4Pb2.cif,Mo4Pb2,Cmcm,0.5902547794711998,3.5415286768271983,PN_QOYAFBK2CJE2WE3IEYWRJKUHD3366G6O
0293_RhU.cif,RhU,P4/mmm,-0.4408425554688815,-0.881685110937763,PN_ULL4YAACATM4CZ5SQXRQXS4UWUICFJVP
0294_Fe2Pb.cif,Fe2Pb,Fm-3m,1.38281204978178,4.14843614934534,PN_LTRWSVJR7546QITPX6JOGHSOTV7DRIPD
0296_FePd3.cif,FePd3,Pm-3m,-0.1061349423812592,-0.4245397695250368,PN_AOK4HCGZ7BSDAJUEJQNHWRWQC65J2EEA
0297_PtV3.cif,PtV3,P4/mmm,-0.2900346358635062,-1.1601385434540248,PN_WJ7CSAM5YQWX6AZI23Q4KIR4UKMGV6GE
0298_NbW3.cif,NbW3,Cmmm,0.4719516784127222,1.887806713650889,PN_UPAMPE53HCKQHD27BQS6BDAMIKZQIDRR
0299_Ag2Ca4.cif,Ag2Ca4,I4/mcm,-0.2481122537202737,-1.4886735223216423,PN_XECQOX7MQ4HERDKJPXUJJIFNN3HXN7FL
0300_RhGe2.cif,RhGe2,Fm-3m,-0.3293422590258631,-0.9880267770775896,PN_JJJHZGK7TKGP5DZSOSZ532QF22TCZLKL
0301_CuK.cif,CuK,Pm-3m,0.4781945344055849,0.9563890688111698,PN_P33XNV2FWDQFATJC66DWRW7WOOWM2VAA
0302_Sb3Ge.cif,Sb3Ge,Immm,0.2660213422478197,1.0640853689912788,PN_ZIQZYJEOIDACJBV5SVHX72DSE5VGKG7N
0303_AlCu5.cif,AlCu5,Cmmm,-0.1362652104227132,-0.8175912625362791,PN_LM2JTDDL7M6MLYXP7JCQS4CVQAFJQ4FQ
0306_NbW3.cif,NbW3,Pmm2,0.4627843224115704,1.8511372896462817,PN_X5DFXJIMUSKHW7K42WMXXJJ46KXC3OBW
0307_Na4Pb.cif,Na4Pb,Im-3m,-0.0642697687374035,-0.3213488436870175,PN_XS7K573TCUU36UQBHEKBAUQZBZMYQIA4
0308_Fe16Pd8.cif,Fe16Pd8,Fd-3m,0.2678129794078536,6.427511505788488,PN_IGOELEP7MKZSB4GKU2MNCHCU3KN3SHH2
0309_Ba6Sn2.cif,Ba6Sn2,Cmcm,-0.1445053251641583,-1.156042601313267,PN_MBLBX5HW7R6RLOTCI7PNTVRA2AYOUAM3
0310_Fe3Pd.cif,Fe3Pd,Fm-3m,0.0705064552450434,0.2820258209801736,PN_QM6Z7UHGGVBUBAXHCQW7QAJTILBP3DLP
0312_AgSn.cif,AgSn,P4/mmm,0.0409468929222187,0.163787571688875,PN_FM36RCP7APBUQ354MGWUEPLZA246B7IG
0313_Mo3Ta.cif,Mo3Ta,P4/mmm,-0.1259140954870599,-0.5036563819482396,PN_KBBT3CM2S5VWPK65IR5KEEAP7ERVMMCM
0315_MnW.cif,MnW,F-43m,1.9896804572734796,3.979360914546959,PN_7FA3GQSWYFR53HBVQ4JDBTOZI2WYFSLV
0316_Fe4W2.cif,Fe4W2,I4/mcm,0.6376702269705253,3.826021361823152,PN_CKFVL7QVWBFTP3FFYQNVV2OQAKMADNYO
0317_Sb3Ge.cif,Sb3Ge,Pmmm,0.2645231169142601,1.0580924676570405,PN_Z3UD46B5GHM6TVSPDBVO5BRH4MGOYC6I
0318_GaNa3.cif,GaNa3,P4/mmm,0.0242168552505561,0.0968674210022246,PN_M2MG6IVCZBIQCRKCZUT3HGJFNNKSINTP
0319_AuGa3.cif,AuGa3,P4/mmm,-0.044392137011382,-0.177568548045528,PN_HRV6ETYK2JLR6HBGVBHIZ5YNILOOZWSW
0321_Nb4V8.cif,Nb4V8,I4_1/amd,0.1597620642543861,1.9171447710526337,PN_N2AYWVGHPZ73IVEYJM7MZNZMZU2OWRIC
0322_TaYb.cif,TaYb,F-43m,3.229303225683664,6.458606451367328,PN_7SOXDDHTKDT3Y5Y4P4LZU4J3BZ2WD53F
0323_BaGa4.cif,BaGa4,I4/mmm,-0.469580045886774,-2.3479002294338702,PN_RSBPIL734FOQMOZ4ZNQXRDMIVGAP56JI
0324_Fe5Ir.cif,Fe5Ir,P4/mmm,0.1523481086559973,0.914088651935984,PN_243DECHD5PDOK276LTEINQ7OUUOZDIBR
0325_Ba16Ir8.cif,Ba16Ir8,Fd-3m,0.0796746013083324,1.9121904313999776,PN_UGCVA4XBQQ5ZZNZ36OULY2FQD4VVBBTG
0326_Au2Nb3.cif,Au2Nb3,I4/mmm,-0.1809541178163854,-0.9047705890819272,PN_DT66A4OPWIZDMMMHZR2EZUYVPECWHQ3N
0327_Ba2In.cif,Ba2In,I4/mmm,-0.3119255525568878,-0.9357766576706634,PN_YOHB7U6ONCETRC5AZ2IHSGO7AQ766AES
0328_SnTa.cif,SnTa,F-43m,1.464329287677855,2.92865857535571,PN_MRDTD7KAJACJMR4DLJMHFWVAHT3CN57W
0331_FePd2.cif,FePd2,Fm-3m,0.637573661042404,1.912720983127212,PN_DNYBI426MWT747YBR6OIGTMRLRTYPJXX
0334_Cu3Sb.cif,Cu3Sb,Fm-3m,0.1292163677066637,0.5168654708266551,PN_4GRJIFLJ2LIIKYXC6SNIT7ASGP4RU62V
0335_KP3.cif,KP3,Pmmm,0.0163658427781863,0.0654633711127452,PN_IBFQTTGTHZFDWQMKJNEBHPIUDL53LOQG
0336_SmYb3.cif,SmYb3,Pm-3m,-0.1239708918231743,-0.4958835672926973,PN_3F2WCZ7D2DDXJ7K5J6NPVD2IJDRAUG4D
0339_Ag2Ge2.cif,Ag2Ge2,Pmmn,0.1739586116285205,0.6958344465140822,PN_YRMOFBBVDV654MOQNU4PPRH4M2D2FDBG
0340_PtV3.cif,PtV3,I4/mmm,-0.2432882618193055,-0.973153047277222,PN_UD653D3QDZTQSAYJPMISP6SR3Q3RCSRQ
0341_Ag3Ge.cif,Ag3Ge,Pmmm,0.0800694173601241,0.3202776694404967,PN_AGCI4ZOPODVGMIA4G4M75OF5IR4JSDKU
0342_TaGe3.cif,TaGe3,Cmmm,0.210347076036002,0.841388304144008,PN_ZCOW6MOJWS5TE2K7IVNSGBZ4NY63I3UI
0343_Nb3W.cif,Nb3W,Immm,-0.0274865342817491,-0.1099461371269967,PN_QD5GVYZLBSB3UPWLXWZLKK4ISEJGBK3P
0344_Cu6Pt4.cif,Cu6Pt4,P-1,-0.1122154596063794,-1.122154596063794,PN_LJROZ4YXQMSB523LCI2T4I7VLG3V3LEW
0345_Ni4Rh8.cif,Ni4Rh8,Pnma,0.0535778871675454,0.642934646010545,PN_KNZIV7R2DK6FNS4IR3QE4DO6S5EVBIRE
0346_SmTa.cif,SmTa,P-6m2,0.266372281515423,0.532744563030846,PN_DXPLBCEJL3VESPHDCBQDNMPS2C426BEX
0347_MnNb.cif,MnNb,F-43m,1.8045609325081904,3.60912186501638,PN_3ZZI32LMSICX2BYWKMFKS6CFBZHADVJR
0348_Ga2As2.cif,Ga2As2,P4/nmm,0.2211742613306651,0.8846970453226604,PN_KYDVMYK3KZ6NDK4MSZ4ERE3ZTM32XS7S
0349_FeAs3.cif,FeAs3,Pmm2,0.2431374712098151,0.9725498848392604,PN_JGVTQY6JUIOWJSI3M5TZVD3OTFI77S5O
0350_Cr3Rh.cif,Cr3Rh,Pm-3m,0.1470079694940231,0.5880318779760927,PN_ME5EXE26J4OQ4JF67PG4GS5EF4YHUOCO
0351_AuP3.cif,AuP3,Cmmm,0.5236402867825065,2.094561147130026,PN_KKXRPCFR45DD2O3DUKIEG32LWUMKTI2Z
0352_Fe8Pd4.cif,Fe8Pd4,Pa-3,0.8325658894387308,9.990790673264769,PN_LGYGZG5YMSAZE4JW7JW7UE4N2VBS3E3Q
0353_CaCr3.cif,CaCr3,Cmmm,0.7352797838408138,2.9411191353632558,PN_2BAF5BUX2FO6GSUC6CL5C5JBI2O3MHAR
0355_Ag3Ca.cif,Ag3Ca,P4/mmm,-0.1590576046828498,-0.6362304187313992,PN_WVPVDR56D2SOWJ3JNJEVVP5T4RU3U4EA
0356_CeGa3.cif,CeGa3,Fm-3m,-0.2983194587045221,-1.1932778348180886,PN_CXLHJKOC4TDZVZKWV3SM7Q76ONXEXR6X
0357_SbGe.cif,SbGe,Cmmm,0.3136889612467888,0.6273779224935776,PN_LFKYQWUWJ2OYQT7ILESX2JXIMIMGTWIY
0358_As6Br2.cif,As6Br2,Pm-3n,0.7613573160563023,6.090858528450418,PN_VH4357XC4UEPNOZ7WXLMCBUYPLW3DLAO
0360_AlTa2.cif,AlTa2,P4/mmm,0.6240335894659429,1.8721007683978288,PN_UOYAQWNIKLHG7SVYF64XXPQHGGFHZPJT
0361_Au6Ga10.cif,Au6Ga10,I4/mcm,-0.0879386703295863,-1.4070187252733817,PN_YYHQDNR6BMTESWHXUCNFFXFALMIYIYIY
0362_Nb8P.cif,Nb8P,I4/mmm,-0.147451398258034,-1.3270625843223058,PN_KMUPYPXWQK3J2NQAVZIIKR2T245LZQXA
0363_Ca2Sn.cif,Ca2Sn,I4/mmm,-0.4536710840000347,-1.361013252000104,PN_LJLLIBTBPZ5HLVPW3CCJYIYVE635AJO7
0364_In2Na2.cif,In2Na2,P4/nmm,-0.095822273802697,-0.3832890952107881,PN_5ADTGSDW5A55VOVLZB7QOAPRMYOAHNC6
0365_NiAs3.cif,NiAs3,Fm-3m,0.0077896201439395,0.0311584805757583,PN_IOR7NMIETC2QERCAFE5V5UBEHTPXOZJ7
0366_Al3Rh.cif,Al3Rh,Pmmm,-0.5352493491958317,-2.1409973967833267,PN_KBXLV5XIFQI7DAZFNX7AVKKSQ5KVCKHY
0367_CaW3.cif,CaW3,P4/mmm,0.7743857544767856,3.0975430179071424,PN_HK74DBDR66BVLQZVRNLYQ7UR23RWWNQV
0368_Ba3Sn.cif,Ba3Sn,Immm,-0.3223431693894989,-1.2893726775579957,PN_57QP26GBHHZ7HFS5MSWX5Q6VBNEAM55N
0369_WAs2.cif,WAs2,P4/mmm,0.570508179759018,1.711524539277054,PN_CVXHJGABQBFDNATUBFQRCNAPIXW3RH2R
0370_Ag14Ca4.cif,Ag14Ca4,Cmcm,-0.2682671116525693,-4.828808009746247,PN_X74JXWDN52XG5KQA6GKYCX5DD7QSPL2Z
0371_Ag4Al8.cif,Ag4Al8,P-1,-0.0227212694995966,-0.2726552339951595,PN_3PF2OC73XI5JPKPV6SMGFNGO63DP22MW
0372_Mn8W16.cif,Mn8W16,Fd-3m,0.2505562964440694,6.013351114657667,PN_H6MPU2NPB6WUXSJED5VAK376TB44HIC5
0373_Al6Rh6.cif,Al6Rh6,Pmmm,-0.7530327867590891,-9.03639344110907,PN_XMK4KIJQJI4CKIMEJ6EOPPDLOYYEV6IA
0374_Cu4Sn5.cif,Cu4Sn5,I4/mmm,0.2151247137357125,1.9361224236214127,PN_CUKQERRGSLCPRJQN2R524BSMY4VONEGI
0375_Mo3Sr.cif,Mo3Sr,Cmmm,0.7041883060347418,2.8167532241389672,PN_6J27LP6UVGT6BYZ5KNHE5OIIJGWZ5T56
0376_Au3Nb.cif,Au3Nb,Pmmm,-0.0381561659350113,-0.1526246637400454,PN_2AFKSJMNXFAEJAJJNJMCTXIRTG5TSJKV
0378_P3As.cif,P3As,Fm-3m,0.6037013122326167,2.4148052489304668,PN_O62OW6G3ZZ7XEH4FP2MEMZGQGQHBUYXM
0380_Sb4Ge2.cif,Sb4Ge2,Cmcm,0.2403865894397162,1.4423195366382977,PN_SMNSHKTKP4GVK3LOJ5FTMIICXZRVFH5F
0381_AuNb2.cif,AuNb2,Immm,0.0519616767212696,0.1558850301638088,PN_MDEBATP2ZGHT4RIAISSXBLIVKA63KNCY
0382_Ni3Sm.cif,Ni3Sm,Pm-3m,-0.3299709059681639,-1.3198836238726557,PN_TDPUMBQRQE3FJ6R4Z5KVPX54INCF6BOP
0383_CrAs3.cif,CrAs3,I4/mmm,0.5987397938903678,2.394959175561471,PN_UUWOLQF5AFMPOAZPS3P2PJYBCQMTT3RY
0384_IrPb2.cif,IrPb2,I4/mmm,0.2257577188972366,1.3545463133834197,PN_ZLXHNHYN35GPTWS32I53UYMWUUQEK3TT
0385_Na2Pt2.cif,Na2Pt2,Cmcm,-0.0678347584527458,-0.2713390338109835,PN_Y7AHMUXDPCMV4RQ633XIEIIWSA7ZQGFS
0386_FePd.cif,FePd,Fm-3m,0.4812580703488791,0.9625161406977584,PN_5PZKW5SQMTRQN6HPBGL63CXLRXVYVWPW
0389_Pb6As2.cif,Pb6As2,Pmmn,0.28922667106808,2.31381336854464,PN_RFRJEJFKI3YYPQVVLKCR25FMNNQF5574
0390_Ga2Na.cif,Ga2Na,I4/mmm,-0.0480496307103811,-0.1441488921311435,PN_YDNCVHBT5ZPZ2NNB7LZXQNN42OMDGUMS
0391_FePd3.cif,FePd3,Fm-3m,-0.0230776675298578,-0.0923106701194313,PN_TS5BN3LBN5ARU2ME7ERIA3UPO4B2SSTE
0392_Mn6W2.cif,Mn6W2,Pm-3n,0.1746507393824732,1.3972059150597858,PN_FITMUKHIXKSKXHFQ46ME2VB3743BDQ6C
0393_Cr7Nb.cif,Cr7Nb,Fm-3m,0.4884926255876518,3.907941004701215,PN_YW74Z6PJZRLQTEAGVUO66XDLGG2OFPKX
0394_Ir2Pb2.cif,Ir2Pb2,P4/nmm,0.3738050343011903,1.495220137204761,PN_CFORJCG42JRBRM3NY4FSY7BFOIOE2C5H
0395_Au2Nb2.cif,Au2Nb2,Cmme,-0.1082128533063704,-0.4328514132254817,PN_WCTCZ4WP6MYUBIDSYFXAMAQTROBYIJXE
0396_AuNb3.cif,AuNb3,Pmm2,0.0958726177621862,0.383490471048745,PN_BKYZMGXGJWSJBD3QUJM6J4RILLE3MK4E
0398_Au2Nb2.cif,Au2Nb2,Pmma,-0.0960918000005977,-0.3843672000023908,PN_SIV3QESLV6RTX7IDBOBM73CY5Y4RTY37
0399_Ga3Na.cif,Ga3Na,I4/mmm,-0.0132315287682867,-0.0529261150731468,PN_NZ4PTDEHUECUB6QFYU3NZTFUDFEIRUFO
0400_AlGa3.cif,AlGa3,Cmmm,0.0361313760628045,0.1445255042512183,PN_ET4ERRUY3ENWEICUUOWKR24TSQHY4SMW
0401_GaNa3.cif,GaNa3,I4/mmm,0.0194563733445729,0.0778254933782918,PN_MINGERVODVK2MU6DGAA4R6TMOUQ5XGQU
0403_Au3P.cif,Au3P,Cmmm,0.2363162278525057,0.9452649114100228,PN_2ED47BFNBHGB3RIGOP52QB2TYQYKW5BP
0404_NaPt.cif,NaPt,P4/mmm,-0.1344248556811007,-0.2688497113622015,PN_JTLAE44Q7ZOERBXPTM3WM7GICLPLO7FA
0405_As4Br.cif,As4Br,Im-3m,0.8804043387066216,4.402021693533108,PN_BJWVEY5E266O5WLNYHXIDEAHXHYZTA7Z
0424_CsYb.cif,CsYb,P-6m2,0.2133070813367397,0.4266141626734794,PN_TJSIWVIVQQXRB4E475KOWJAMBYBYBQGC
0442_Cr3Nb.cif,Cr3Nb,Immm,0.0969227978575446,0.3876911914301786,PN_I2XR5YTTGDHXR6XLBYBFGQRKEJMTPMT6
0443_Al2Pd.cif,Al2Pd,I4/mmm,-0.5890005074909356,-1.7670015224728068,PN_6HRKKZY7LZ7I6NAX7UKMIAYZCGNINXAI
0460_Nb2Pt2.cif,Nb2Pt2,Pmma,-0.6457401466596764,-2.582960586638705,PN_3OPTNQQMRISLVJMPBTIXL3SALGQ4XQKD
0461_Fe2Pb4.cif,Fe2Pb4,Pnnm,0.4720998800685994,2.8325992804115963,PN_HI5CCPIJKRMA3EECZPPSFCK3H2TG3WS3
0462_Ni3Sb.cif,Ni3Sb,P4/mmm,0.0449342540232127,0.1797370160928508,PN_TTYW4S3M5DUJXFNRKIMVITE3DP7KYKZO
0469_P24As5.cif,P24As5,I-43m,0.2436816057725621,7.066766567404301,PN_45BHEILJPC7XKTJCNXE4L3MANE3HSMH3
0470_Mo3W3.cif,Mo3W3,Cm,-0.0025435217114875,-0.0152611302689251,PN_TA2RCZJW4WKBE3W2LYN4OIUQ6IJ4FDEH
0472_Ba4Br.cif,Ba4Br,I4/mmm,-0.1948690422078861,-0.9743452110394308,PN_RY5MTL27YII433H6FT6MWHNZK2F73Q6Y
0473_KAs3.cif,KAs3,P4/mmm,0.0965459569694791,0.3861838278779164,PN_2MVO4ZP6CAYOJRN4GLRIOFSTLZ5Q7IIX
0478_Ca18Mo6.cif,Ca18Mo6,Pmmn,0.6779185862039393,16.270046068894544,PN_RKMOVS4AKWN5UHAGQOL5EHIIAFWD5ILK
0479_Ag6Al6.cif,Ag6Al6,I4mm,-0.0217492147153629,-0.260990576584355,PN_PZTCHAAHLTRBWALCQIZNK67B356JTVCN
0480_RbW.cif,RbW,P4/mmm,2.187420242882454,4.374840485764908,PN_SWEWUUTFZKBHSROXCBIQFY2WX7R3BLCF
0481_MnMo3.cif,MnMo3,I4/mmm,0.3761156942213759,1.5044627768855037,PN_ARIYWCJ4GSQEK6M2EHVWSTXHEBLEF724
0482_Fe2Ga.cif,Fe2Ga,I4/mmm,-0.1236527609692442,-0.3709582829077327,PN_IJJQYQVGL2EJZHWMLDSVIQSVLUNFRLLD
0483_Mn3Sn.cif,Mn3Sn,P4/mmm,0.2206086726667848,0.8824346906671394,PN_4C3PIDGEPKSQNIBINPVBPCRQK37KVSNT
0488_In2Br2.cif,In2Br2,Cmcm,-0.8172334018909813,-3.268933607563925,PN_6PJRTDVWK3QDJSFEPJLCRUXVYLAFNUZB
0489_Cu5Ge.cif,Cu5Ge,P4/mmm,0.0655166744716565,0.3931000468299395,PN_MTQNYVNELTMZCU6BJC3TO7NKBVPHOPZA
0490_Ag2Al2.cif,Ag2Al2,P4/nmm,-0.0136965697181792,-0.0547862788727169,PN_3PL7LLHPJ6BQJXIOMZXMFF4YWGQRYNCF
0491_MoW3.cif,MoW3,P4/mmm,-0.0002471644391786,-0.0009886577567144,PN_IMN2D3RN7HNEAIPSXJDXXU7NJ2SG3VOC
0492_Fe3Na.cif,Fe3Na,Fm-3m,1.1195761482720776,4.478304593088311,PN_GOA6MW6HGMAUO6OYEGUAL4Q4VG3SUR3P
0496_Al4Th6.cif,Al4Th6,P4/mbm,-0.2419117160556957,-2.419117160556958,PN_3DCW37YL76Y4LPKCKOYPVP6BDMBHFDET
0497_Ge4Br5.cif,Ge4Br5,I4/mmm,0.2780708243690522,2.50263741932147,PN_OYXJ6X6J5VKJBYQKVQ5UXBRYWBWWWNB4
0498_Cu2Ga4.cif,Cu2Ga4,Pnnm,0.0312333231286986,0.1873999387721916,PN_WBQ7MJGUEK4PWUBJP3L35C46T7ETB3XI
0499_CuGe2.cif,CuGe2,I4/mmm,0.1805051598397303,0.541515479519191,PN_7KHWFNL6DACD2THSRSNYCQP5IY4VFMFQ
0500_FeSb3.cif,FeSb3,Immm,0.3358709608334767,1.3434838433339067,PN_RPIVSFB4X33JP7YE35H4IHE23ZVGE626
0501_In5Sn.cif,In5Sn,P4/mmm,-0.006264214339336,-0.0375852860360161,PN_4INC7YMEY5XTL6WJS6POII4PYBUUC2VA
0502_Sn2W.cif,Sn2W,P4/mmm,0.537531149489921,1.612593448469763,PN_Z3IJXKGDS6JW3GVBSMJFASHG4S4DPJ6T
0505_MnRh.cif,MnRh,Pm-3m,-0.1937437766726706,-0.3874875533453412,PN_IYTJHJCMR6XNTXDLBPXYHSFTKB7UBXYH
0507_Ba3Sb.cif,Ba3Sb,P4/mmm,-0.4907969730717179,-1.9631878922868715,PN_OSQTZ74VYBVEG2QWJSFP3DKAP2PAOC3E
0508_Pt3As.cif,Pt3As,P4/mmm,-0.0044009473790387,-0.0176037895161549,PN_DQHF4TBDHZWXSR56E24VWZCC3P7YJMPL
0509_Ga2P.cif,Ga2P,Fm-3m,0.1252236395168893,0.3756709185506679,PN_VGP5KLIVCYO4UV2PNBEAYTM2IANNT3A4
0510_AgP.cif,AgP,Pm-3m,0.4563419294753772,0.9126838589507544,PN_45KJLUNMXXJ7PZ7FXNK6KJNUPZTCTDVN
0514_Ni4U6.cif,Ni4U6,R-3c,0.0729580915631913,0.7295809156319137,PN_XWC3LRVUMGMB722EQN44KUVETLB7IGRA
0515_Ba2Cu4.cif,Ba2Cu4,I4/mcm,0.1950184329572829,1.1701105977436974,PN_ITPU5CB3TYHJVZ4DT6ACZ242CNPUX77C
0516_AlNi.cif,AlNi,P-6m2,-0.4930291561301398,-0.9860583122602796,PN_RWHOAXI5B3I7PJFBOJHCATSGMBLHX7V5
0517_CaPb5.cif,CaPb5,Amm2,-0.1095779331682044,-0.6574675990092267,PN_NB7OC2YY2XLFSGSUTASRJ7DR3T4GMB4P
0519_V2Br2.cif,V2Br2,I4_1/amd,0.6952620889988701,2.7810483559954804,PN_KDGAHY6YXLOHMZ2MDGCDVL5WZJ6XSILQ
0522_In2Sn.cif,In2Sn,P4/mmm,0.0836835249385252,0.2510505748155758,PN_KAIZ6UIUNWBMSBWHQIIBDILNGSNB5WXP
0524_MnBr8.cif,MnBr8,I4/mmm,0.0470076085075885,0.4230684765682966,PN_KVTNCL6EIVWWK53NQSYG2TN3ILDUE72I
0525_GeP.cif,GeP,P-6m2,0.3757062883912843,0.7514125767825686,PN_ZN6UBDKHOILM7QLLORQFMZDZM73VK5UZ
0526_Ca3Pb.cif,Ca3Pb,Immm,-0.2743955233667527,-1.097582093467011,PN_OKX74GPTGEJDHLNG3T6M6IDSJZAHURRM
0527_IrTa3.cif,IrTa3,Immm,-0.316739098636301,-1.266956394545204,PN_BD6D56VES43RIA3CAOPDGZTROSGQNYZN
0528_AlPd3.cif,AlPd3,P4/mmm,-0.60903041698508,-2.43612166794032,PN_COPAPDEOJRICGDPYOTS2HHH3JTKXYYOQ
0529_AuNb.cif,AuNb,F-43m,1.243237284066657,2.486474568133314,PN_X3FQH7DI4ZBE42T567VKPBPEOEHTILHS
0530_Pb3Ta.cif,Pb3Ta,I4/mmm,0.7059161694290506,2.823664677716202,PN_HSIGEZLCHNB4MKDKJ6QB5FUUGNZK57X6
0531_AlPd.cif,AlPd,P4/mmm,-0.2299419746504174,-0.4598839493008348,PN_BGDP3OYB4H72WIVSEF7UOFT4SLXKL4M3
0532_Ga12P17.cif,Ga12P17,I-43m,0.0434574895154503,1.2602671959480602,PN_5ROAADZKSF5ZOOGBG6PI3R52US3UTUYO
0534_MoTa2.cif,MoTa2,I4/mmm,-0.1505603280492735,-0.4516809841478206,PN_K2CLUGS26D6DYG3Z4PLJYGZXE7EMLFUE
0535_KSn3.cif,KSn3,P4/mmm,-0.1798566029982073,-0.7194264119928295,PN_QIXFY2TVICW3E34SA5GLTESPMKPJN7C7
0536_Fe2Ga2.cif,Fe2Ga2,I4_1/amd,0.124064853796499,0.496259415185996,PN_DMMM75YH2WP7E32WQ5FZE4VLEE5LGSU7
0537_As3Br.cif,As3Br,P4mm,0.0974852308422016,0.3899409233688065,PN_RGH5XMRJ2BBMWOAVONVZHFUXHBIRF2JS
0538_FePt3.cif,FePt3,P4/mmm,0.1689510602908326,0.6758042411633305,PN_N6JA24H6CPRUZ43FTEYZNZPQ7ZGATCAM
0539_V2Br.cif,V2Br,I4/mmm,0.4320593342627887,1.2961780027883665,PN_56YHYLNBTO3CH6SCNWDU774ZMCLBM5G6
0541_Fe12Mo17.cif,Fe12Mo17,I-43m,0.1109067026742717,3.2162943775538797,PN_YTYTINEXX2NWDYVCVZVMXS6IUJVNZDDH
0542_Sr4Br8.cif,Sr4Br8,Pnma,-2.1555202848237465,-25.86624341788496,PN_GG2GNSY5G5ZK3D675TQXR7OAEOTLSANI
0543_Mn4Sb5.cif,Mn4Sb5,I4/mmm,0.6126234421869883,5.513610979682895,PN_RCRXHWAAJ7XGTD2RIT54EY4XOCVWO3ZK
0544_Ba2Pd4.cif,Ba2Pd4,Cmcm,-0.4201277691933628,-2.520766615160177,PN_ZB5WKDYTBJQXJ5DXFYVBEGKAWGZLPAJM
0545_As4Br.cif,As4Br,I4/mmm,0.0467358917197771,0.2336794585988855,PN_TEJRBPV6XXMSXRVIFQTG5QZ35XNN5NLK
0546_AgAl3.cif,AgAl3,I4/mmm,0.032289277011491,0.1291571080459643,PN_XYKQ5B72X5GABJ2SO3HODY3UJQP5XC2I
0548_FeNa.cif,FeNa,Pm-3m,1.1342721190919105,2.268544238183821,PN_LVMLBKLYMVTTO2AYA2DB4DRC4MRVCS22
0550_Ca12P12.cif,Ca12P12,Pbcm,-0.942817899372234,-22.62762958493361,PN_OIGA23HS5AWYO5FVZYXF7SIQV7BMEYGQ
0551_Fe17Pb12.cif,Fe17Pb12,I-43m,1.2324810144787373,35.74194941988338,PN_R4FU6DOTZ622CVSZW2GKSC3J6SFHUXIW
0552_Al8Sn4.cif,Al8Sn4,Pnma,0.1639814527707136,1.967777433248564,PN_XYRNSEIFRVA6LCPGPDFK3BVG5PAUYPGJ
0553_K8As.cif,K8As,I4/mmm,-0.0518674954251389,-0.4668074588262509,PN_IPIC4ROV7WKT6OPOEJJRAK6UKBWVOQGY
0555_Ir4Ta2.cif,Ir4Ta2,Pnnm,-0.1360535071058433,-0.8163210426350602,PN_LONGADPB4UPORQEMKIEXNQEVHHQZQZCO
0559_Ir4As12.cif,Ir4As12,Im-3,-0.42536219858306,-6.80579517732896,PN_7BMMNUJWECSBUJYHR3QA75UGXWGX2QW5
0561_Mo2W4.cif,Mo2W4,C2/m,-0.0005864744588208,-0.0035188467529252,PN_FAADSSMAKO4ORGH325ITZGIXJLT32Q3W
0563_Ba2As4.cif,Ba2As4,I4_1/amd,-0.7628909404239513,-4.577345642543708,PN_6MBML7UBIAQS4IOGZTMJIKBDRWTHCLD3
0564_BaBr2.cif,BaBr2,I4/mmm,-2.1246359399750907,-6.3739078199252726,PN_O2KDJNK5YRNSDVPOU4NN5AR4DEAQERJE
0565_NaPd3.cif,NaPd3,Cmmm,0.0354355352941269,0.1417421411765076,PN_LFUNYYJ5I6GUJKURYKLSAN4DQGHBDMEY
0566_K3Na.cif,K3Na,P4/mmm,0.0088293019136178,0.0353172076544714,PN_QYT7NHG3V2JIXEO4O6IUDKJYIHKNCFZE
0567_AsBr4.cif,AsBr4,Im-3m,0.0827368421497677,0.4136842107488387,PN_HLOVOG3K7FU2I7I2KNAKQVB7XTYU6RXK
0568_CuNi.cif,CuNi,P-6m2,0.0094961468601439,0.0189922937202879,PN_ETEEY76GDFWEVZOPFDACL3LSRCVPWMUQ
0569_Cr2Ta2.cif,Cr2Ta2,Imma,0.0133151772221342,0.053260708888537,PN_4X7AFS3LLMW2SSSJBYP6C2ZH2U5AQ5AH
0571_Ni2Sn2.cif,Ni2Sn2,P4/nmm,-0.0386517674134507,-0.1546070696538031,PN_5H7I6LGYK5CXTI7WPHYGOSDULCKP6NZF
0572_Fe3Ga.cif,Fe3Ga,P4/mmm,-0.081774550841752,-0.327098203367008,PN_4DVG6UDPM5A22HLFJE45UOT25WTL3Q6R
0573_Ag2Al.cif,Ag2Al,I4/mmm,-0.0620567473526894,-0.1861702420580684,PN_SIDHOIYDFBAWLZEWG33MGCHWGUJTLHYK
0574_AcRb.cif,AcRb,Fm-3m,0.98654844080828,1.97309688161656,PN_MTU4C7PLSTZPA5NKNT3IB2O4QDEYAV65
0575_CrNa.cif,CrNa,Cmmm,0.9901028503581726,1.9802057007163447,PN_GBAEEPAZ2ETPBAB35OZ5LN5UKOAVNIG3
0576_Ba3Ir.cif,Ba3Ir,Fm-3m,0.338428116950626,1.353712467802504,PN_BGQQS7Y4CNWOQ7MNY34KLB4OC4TOHTT2
0577_Cu5Ge4.cif,Cu5Ge4,I4/mmm,0.1404388175606143,1.2639493580455294,PN_S45IIXANXIY37PDOMUPYCKTZQXDKQVKR
0578_K4As2.cif,K4As2,I4_1/amd,-0.1232630861551378,-0.7395785169308269,PN_2EOK2T67UDYA3JABSQHO7YPAXXF77P7V
0579_SmBi.cif,SmBi,P-6m2,-1.0609019344514443,-2.121803868902889,PN_XE45B2V3MYRE246XFPODQWMIP6A5YQ2L
0580_BaPd3.cif,BaPd3,Immm,-0.1696675891449359,-0.6786703565797438,PN_CQYNORQ5WF2WNOT6UEFKDVIJQBK3MQAL
0581_InBr3.cif,InBr3,Immm,-0.5541793780190627,-2.216717512076251,PN_QZQ3K2SYVBOCGTWJ4ZLNNUC3XIJCAOB3
0583_Ba3Fe.cif,Ba3Fe,P4/mmm,0.912948127235126,3.651792508940504,PN_B6BKMQCOTH24A3G7C4LXTJ6XLWPQQLYJ
0584_AuNi.cif,AuNi,F-43m,0.9641375582202292,1.9282751164404583,PN_ENRMC2WFGQ7C6RI44C2ILICTZP2267WW
0585_AuSr.cif,AuSr,Pm-3m,-0.7391766903276662,-1.4783533806553324,PN_E4N52XDAHHD5RVNGBB55CUURDUIPBVUU
0586_Ac4Br6.cif,Ac4Br6,R-3c,-1.476718120044118,-14.76718120044118,PN_XBUR6ULIFRZQKP33ZIN5QBFVCKTB3ENF
0587_Ag4Al4.cif,Ag4Al4,P1,-0.0205140921578426,-0.1641127372627409,PN_NX6MXKDQNBXSIT644IJYOJFTJFJBQLKS
0588_Ni2P6.cif,Ni2P6,I4/mmm,0.3413307033604384,2.730645626883508,PN_XAIWX7A6YJ6BECQESQPR5GOPFENGRZPD
0590_AlPd.cif,AlPd,P-6m2,-0.769562325120063,-1.539124650240126,PN_RGFZ5HBONPOEDNUU7BF5B7KSOGN6N7PQ
0591_InSb.cif,InSb,Fm-3m,-0.1304174171677101,-0.2608348343354203,PN_UCILG4I6SNGAJTOHMWHLOIMUBN52SHYV
0592_Ba2Br4.cif,Ba2Br4,I4/mcm,-2.1866423000315485,-13.119853800189292,PN_G6EK5D4S5FYHOSUT4EE3RCO3XEAKWEUK
0593_AlP2.cif,AlP2,I4/mmm,0.0056815618477751,0.0170446855433255,PN_UAI27QRXODO4MB2AINLHCPFZZLA6VVYG
0596_Cu6Pt5.cif,Cu6Pt5,P-1,-0.1221253059125608,-1.34337836503817,PN_EANHVPKFOBNXBHXDWAWZJNPG3R6RD67O
0597_K2Ge2.cif,K2Ge2,Imma,-0.1488017230705125,-0.5952068922820501,PN_X2X4NA2MEPB7RNY5GUTDGMWDND3WTLQO
0598_Ag2Na.cif,Ag2Na,Immm,-0.0121683720273303,-0.0730102321639822,PN_E524KJ2CRHBFCM4T2D7BRA4UQ2ET7E3E
0599_Ni4Ta4.cif,Ni4Ta4,P2_13,0.0027783047602145,0.0222264380817165,PN_MOY7PMCF2QKXXIAKQZVZJ45PX3IQUD2N
0601_W2As2.cif,W2As2,P4/nmm,0.3709171496726551,1.4836685986906204,PN_2J2LB4T6WHN6LGQ3N3ZRVN4DEQKZHD6W
0603_Cu4Ni2.cif,Cu4Ni2,Fd-3m,0.2141543813091626,1.284926287854976,PN_6XW3D55TU6AKPNAOC6QD5J4R62KO64BQ
0604_Fe4Mo16.cif,Fe4Mo16,I-43m,0.753637950687812,15.07275901375624,PN_IVKRUXVVKZ5IMJLSLRLIGXV5KTQEUUUP
0605_Ni3Np.cif,Ni3Np,Pm-3m,0.1401342863873935,0.5605371455495742,PN_JQX477CP3EN6RJT42BQ6BDOILXOPNNAK
0606_NaI.cif,NaI,F-43m,-1.3156962778764316,-2.6313925557528632,PN_DSXJZLH6BXFPWKNBHJF5RJMKLWG7PB25
0607_Au2P.cif,Au2P,I4/mmm,0.3116512668179887,0.9349538004539664,PN_7LIHKFHYNHXUYMROEXWW7CN4SJS6HRAC
0608_GaP2.cif,GaP2,Fm-3m,0.4456024952488941,1.3368074857466823,PN_SIDXX7EDEZIBUZ2UO7MNMLDAODG7462J
0609_CuNi4.cif,CuNi4,Im-3m,0.8709995730334945,4.354997865167473,PN_AUSZ5T327U2GJLTCMMZG7XEIVBUYJCOZ
0610_BaTa3.cif,BaTa3,P4/mmm,1.209436450673138,4.837745802692552,PN_XSOEPZC2LZW2HRT54PFN5BBUZ6JKFCLW
0611_NiTa2.cif,NiTa2,Fm-3m,0.3244954078270427,0.973486223481128,PN_YKILBRN4O25GIM2O3GDTFYIFHYZYXTFL
0612_IrAs.cif,IrAs,Fm-3m,0.2667370160346731,0.5334740320693463,PN_LAVUZCMOZZAVRWUZC7CP6JS4MAOS7I4C
0613_Ge18P6.cif,Ge18P6,Pmmn,0.3569418465741094,8.566604317778626,PN_KX3DF5VWZ7JYSBVCBRABBBFCN2LYY2EX
0614_Au12Sr17.cif,Au12Sr17,I-43m,-0.3497568575971653,-10.142948870317795,PN_FZOCDURH4BV4QGTHZQJW7Y3UGLC3ZCJA
0615_Mo2Nb2.cif,Mo2Nb2,Fd-3m,-0.0860738262660874,-1.0328859151930487,PN_XDL2RR35F6MIMFLPKAA5ZSVH7ALYBOAP
0616_PaGe3.cif,PaGe3,Fm-3m,-0.3479441991654255,-1.391776796661702,PN_BWN3XFO5ZBIGMDDDBGDSGYG3XDWDBNB4
0617_TaGe4.cif,TaGe4,I4/m,0.177546213788969,0.887731068944845,PN_PCIX5O2QSSHF3GTQVTZ6QKLGLANSGCJ6
0622_K2As2.cif,K2As2,Imma,-0.3857350325807225,-1.54294013032289,PN_KYCZCFZOLF3FRIOSGJI4ASC4Q5M675RT
0623_Fe5As3.cif,Fe5As3,Cmmm,0.0406293060694071,0.3250344485552574,PN_TWUFTEYF7EIOALYV7J7QWKVFMKBUZSVM
0626_AuIr.cif,AuIr,F-43m,1.8220014981525097,3.6440029963050193,PN_OKYV6JNHZO4IFJF572V3HY6U5GJVCIJW
0628_AlP.cif,AlP,P4/mmm,0.0679904561148392,0.1359809122296784,PN_FYEUZYFC7IYIXHMAXW5HFVUMXEM5XYRC
0629_P4As.cif,P4As,Im-3m,0.812091334973811,4.060456674869055,PN_VM4CAUMRNB6TOA6A24RAPMWSAMOSW254
0630_SrW.cif,SrW,Pm-3m,1.9972426006473425,3.994485201294685,PN_DBTGOIKDAB6ZN3VXHIVXVJ5GW6X6I2QK
0632_Fe4V12.cif,Fe4V12,Pnma,0.0347610532886228,0.5561768526179662,PN_6Q3HO36SS4PPBGXCQD2KOOXAEXV7J2EM
0633_Al2Th4.cif,Al2Th4,I4/mcm,-0.2472460955980153,-1.4834765735880922,PN_D5UC4NFTCFRZPJLY4IJOL5BBD63ICRMX
0635_Pd3Sb.cif,Pd3Sb,Pmm2,-0.3289871844330214,-1.3159487377320858,PN_LADPIECEC5C3EGCQJDQS5A7T3JRWQX7D
0636_KAs2.cif,KAs2,I4/mmm,-0.2475392953244745,-0.7426178859734236,PN_BSTORF7FE4J7ZXRWDNTBTIRUPMHSETP3
0637_Ta2V2.cif,Ta2V2,Cmcm,0.3131622498215911,1.2526489992863643,PN_ZR45YI6T4GTNW7B6L6UAVNK7A6BSRJJ3
0638_Ni2P2.cif,Ni2P2,P4/nmm,-0.165174269500933,-0.6606970780037322,PN_IXPIRUTUHKUQDNS2KDEKYYO32OPJFJER
0640_Al6Rh6.cif,Al6Rh6,I4/mmm,-0.7913171802790396,-9.495806163348476,PN_BLG47LYDD5YW3CLSAV3DTQTBKRMZQWSS
0641_As4Br16.cif,As4Br16,I-43m,-0.046800421294947,-0.9360084258989404,PN_2OQ4L7S3RL75XKRVGFWLFWB3555NMXJB
0643_Al2Pt2.cif,Al2Pt2,Imma,-0.9206056344885516,-3.6824225379542064,PN_PT5WJOIOUV3ENK5TIAPA6FRDMEEOVGNX
0644_CaBr3.cif,CaBr3,Immm,-1.3581370482902582,-5.432548193161033,PN_5EQOBUF27KRUV243X2ND6BSOGZFQGCDG
0645_Al3Sb.cif,Al3Sb,Cmmm,0.1732711125575723,0.6930844502302893,PN_X2QUYLY2SJR7Y6766TOKAB6YFGLHSRJA
0646_PtTh.cif,PtTh,R-3m,-0.9985407139856556,-1.9970814279713116,PN_GA4UIZYNB72QPC7GDEGT7TW5HH7UNH3O
0648_AuPa.cif,AuPa,Fm-3m,-0.285637361273328,-0.5712747225466561,PN_XXTABINSJNGWHYHFJGZ42FLCMZOZG56U
0649_Mo5P24.cif,Mo5P24,I-43m,0.4231915241768708,12.272554201129251,PN_FVE33XFMUZRP4ZV5XWDMMWFNECBJ3ETV
0650_Mo4P8.cif,Mo4P8,Pa-3,0.2062202022958482,2.4746424275501795,PN_JVTJMXUIR5RIIBTVXUECYLW3EXCUQBTD
0651_AlP4.cif,AlP4,I4/m,0.0369338508014443,0.1846692540072219,PN_H6ZY34WZODRVOCWTMVMQUWKXVTV5NUYC
0652_NaP.cif,NaP,P-6m2,0.1240933747896404,0.2481867495792808,PN_UYYWEMYQKK24GJLENCFZH6H4NNRJXFI7
0655_CrSb.cif,CrSb,F-43m,0.450704512349529,0.901409024699058,PN_BL3W6HZIZRQMV6CVIXUGHJGZOQLN6AD2
0656_CsI.cif,CsI,P-6m2,-1.618852980774196,-3.237705961548392,PN_HPTZSRFWMW2NUZVTTOWACAEBXOKZCL27
0657_AgAl5.cif,AgAl5,P4/mmm,-0.0043263235933051,-0.025957941559831,PN_GJKRNN36LDIXMSXZLFL2C66KYM6ZCWBC
0658_Ce4Fe34.cif,Ce4Fe34,P6_3/mmc,0.018078707394174,0.6869908809786125,PN_RF2SUJZJH3NE4TKIZPLCX67B6LYK2WLJ
0659_Al3Ca.cif,Al3Ca,Fm-3m,-0.0211971321280866,-0.0847885285123464,PN_SZNQLK6GPSD3MLQSKA5O7D6U6O6P3W4I
0660_CrTh.cif,CrTh,P-6m2,0.7174677879494853,1.4349355758989706,PN_DF235TT5CWUDAQR32YXH4DLW2LQTYUXI
0661_AgAl2.cif,AgAl2,Immm,0.0076579922915721,0.0459479537494331,PN_3IANQJ47JRCQ7OHP72ZDWL5AUUL5YESW
0663_Al3Pd.cif,Al3Pd,P4/mmm,-0.4002240771260617,-1.6008963085042467,PN_A3C3X6LGOUIFD5FXWIB4YOGY4Y5MHI3P
0665_Ag3Ta.cif,Ag3Ta,Fm-3m,0.4492187079928644,1.7968748319714578,PN_RWBBMUNPBHQ3RFIWLCRXEBZ65ELPXJOP
0667_MoSn.cif,MoSn,P-6m2,0.2023255626539493,0.4046511253078986,PN_UWPISI5FUDCHCKCKXJJAJL7GBQV4B4Y2
0668_Cr8Nb.cif,Cr8Nb,I4/mmm,0.2756917005872579,2.481225305285321,PN_L7ZOA34KU7UMYN5YWCS7NSTRRCDUXMDW
0669_Nb2P4.cif,Nb2P4,I4/mcm,-0.6739997459086903,-4.043998475452142,PN_XQH4Y4I5DNI6BE5QCON6XXQ53AAWSDUG
0670_NpPd.cif,NpPd,R-3m,0.0703951164883882,0.1407902329767765,PN_ZB754FL5BGDSRC7M37SWDFSO2E3XA7SA
0671_Ba2Ta4.cif,Ba2Ta4,Cmcm,0.787986574164344,4.727919444986064,PN_DAY75N6CXRD4RVKTTJLWDQBQWUS3HH33
0672_Fe3Ga.cif,Fe3Ga,I4/mmm,-0.1088279660592226,-0.4353118642368905,PN_JH72FVPCMPJB2KXS5NMHYYGPQM5LLF2A
0673_Fe2Ir.cif,Fe2Ir,I4/mmm,0.0969417910180017,0.2908253730540053,PN_PHFAAH4JFUR74YYN4HJCB6ANS6KFC3M5
0674_AlRh3.cif,AlRh3,Pmmm,-0.4132671229453981,-1.6530684917815923,PN_FTG24K3TFS7HBT4PJMQBY7HTKQIUFCX3
0675_AgTa3.cif,AgTa3,Pm-3m,3.185028116001336,12.740112464005342,PN_HFXRQORRAKJ4BEHL6JKPFYVLXPPH3IJI
0676_W6As10.cif,W6As10,I4cm,0.3115210182407653,4.9843362918522445,PN_P53EN3GDQFWZ3JHGBCG5BANYBSPYGDOR
0677_Na4Pt8.cif,Na4Pt8,Pnma,-0.0907200855774921,-1.0886410269299065,PN_UGPAFJEUFMPGKTYCPGCYWSD4XNNMVKU5
0678_GaMn2.cif,GaMn2,I4/mmm,-0.0545106711907668,-0.3270640271446012,PN_ZTOOVZDR4FTTPB4P5NU35BFXHSISWHZZ
0679_EuGa3.cif,EuGa3,Fm-3m,-0.4397634530988226,-1.7590538123952904,PN_VTKCE2JPBUEXD4TA65HLVLRI6MEYEZG4
0680_Pt3V.cif,Pt3V,I4/mmm,-0.4605299601087775,-1.8421198404351105,PN_F3XU27VQLMT3Q4WS5LG3FB7PWJ5O2BH4
0682_Cr3Na.cif,Cr3Na,Cmmm,0.5610182583884997,2.244073033553999,PN_5UDGWZ73OV4LHNACBPHKTOFQNMNV75Y3
0683_AgAs.cif,AgAs,Fm-3m,0.0355941644367785,0.071188328873557,PN_HOXNIEKNBRDHFJUG6DWK75S4RQHC6UTQ
0684_Pt2Sn2.cif,Pt2Sn2,I4_1/amd,-0.2274748906173247,-0.9098995624692988,PN_QNU4FXUVQSIBOFW5GEMSICPZB5GNTYAM
0685_Cu4Ge2.cif,Cu4Ge2,Pnnm,0.1101341585813073,0.6608049514878438,PN_4YNVW2LNU4LJGIYHEVPFTNFCPKRDT5BJ
0686_In3Ni.cif,In3Ni,Fm-3m,0.2402447399500977,0.960978959800391,PN_53MYMB5FSESC3VR26ZAAEF42PQW7XGY4
0687_AuV.cif,AuV,Fm-3m,0.5982158839355014,1.1964317678710028,PN_MQQUKYUV73H7YDFKLOWGYWFLT2YL6ME3
0688_In3Sr.cif,In3Sr,Pm-3m,-0.3304793817924882,-1.321917527169953,PN_JWXSUXKTUZGVKHXE367KR2ZHB5DSMPFZ
0689_Ag6Al2.cif,Ag6Al2,P4/nmm,-0.0033059475086609,-0.0264475800692878,PN_GLR56UKK3A5Q3IGEFT5N4MMQBDFQ7TKL
0690_AgNi2.cif,AgNi2,Immm,0.2273391932782319,0.6820175798346959,PN_ZE7QNFJNX2Q6LZEIX5SGWW4J3XTKF57D
0691_Fe2Mo.cif,Fe2Mo,Fm-3m,0.8089052993960735,2.4267158981882204,PN_OBFOY22WUFEE7XDFJHURRTN3L7OMDOQF
0692_Mo7P.cif,Mo7P,Fm-3m,0.2919101955614458,2.3352815644915665,PN_NQEGEL7IDHQ6F3RNAKYG56NBXAPGG4NH
0693_AsBr3.cif,AsBr3,P4/mmm,0.507192221287605,2.02876888515042,PN_7NR5UFLEXB6ENMZCR544S3AJAMAQKJQF
0694_In4Br2.cif,In4Br2,C2/m,-0.3554943725237409,-2.1329662351424457,PN_TS7TFNX5LW5K4WHLYHZTMVTCKJCXJB7I
0695_Ag3Ge.cif,Ag3Ge,Imm2,0.087668262499847,0.3506730499993882,PN_XL5DJCR74ZXAF4HSDLNVGGJDHPO6MMYB
0696_Ge2P6.cif,Ge2P6,Cmcm,0.3548940576013857,2.8391524608110856,PN_77X6TXYBY34SBMCBOLTCJLFD3O7UPIVZ
0697_TaGe2.cif,TaGe2,I4/mmm,-0.1885119228950221,-0.5655357686850664,PN_TIN263BTYTHAIFORSAFIVKYRNTO7HSHX
0698_NbW3.cif,NbW3,Immm,-0.0676890586603047,-0.2707562346412189,PN_BBW5VOVLBV5I3XZXZAFEU7VHNSKMBW2P
0699_BaV2.cif,BaV2,I4/mmm,0.8428249004638602,2.5284747013915805,PN_BFOW7MJK2KHBPZQ3LNVXPJ4MWFCTI3WT
0700_Fe2W4.cif,Fe2W4,Cmcm,0.1736369429963483,1.0418216579780903,PN_I3ZJIHAHROGBULN325AA7YWJD5V7ECLW
0701_Al2K2.cif,Al2K2,Cmcm,0.2122518133412239,0.8490072533648956,PN_HL5RJ3UV66OANJXUCSGBGWPFT225UC2G
0702_Pb5As.cif,Pb5As,Cmmm,0.0742787194289308,0.4456723165735852,PN_FNZD3ZNEJIQO6EU7I4R42R2AO5SNY3FW
0703_Cu7Pt5.cif,Cu7Pt5,P1,-0.1193349788810517,-1.432019746572621,PN_DU2HIJNDH6HLS3CKGSC6ZPBKBZKHFYHP
0704_P16As8.cif,P16As8,Fd-3m,0.2640915783909587,6.33819788138301,PN_GUVXL63SONF3WZMAMWWZY65VZYRJIU6B
0705_Ta4V6.cif,Ta4V6,Fdd2,0.1993984094369878,1.9939840943698783,PN_Y2W3HRCL2547EIAWRUAVF4HPLWMC652W
0706_Pd3Sb.cif,Pd3Sb,Immm,-0.3760822909045904,-1.5043291636183618,PN_WVP7O7Y6ZPZX3HF7XOWUELLEBEP6X6XJ
0707_Fe4Pd8.cif,Fe4Pd8,Pa-3,0.8340075111538189,10.008090133845826,PN_QZDXEAEWSIURXYDK5WFI7CRBJWQ4JCGA
0708_CeTa.cif,CeTa,P-6m2,0.7696654382297821,1.539330876459564,PN_7WE3E6EM2SSNXQLLFD2PQCR66NUZ6LR4
0709_K2Ge2.cif,K2Ge2,Cmcm,-0.1416724648632179,-0.5666898594528718,PN_RAAKPZBAAXPGF6H2VII56TE47YGAUPHL
0711_PtSb3.cif,PtSb3,P4/mmm,0.0037757119550514,0.0151028478202057,PN_SUKOM5QJRTTARRJJE5FXA3ACEOH2ARE5
0712_Ir18Ta6.cif,Ir18Ta6,Pmmn,-0.5508677004764083,-13.2208248114338,PN_WN2XTA2CJVISVBV373UESBOEGSRKY5N4
0713_Fe2Pd26.cif,Fe2Pd26,Fm-3c,0.4845342715894613,13.566959604504916,PN_Z6URSRRLJGBJED75DISPQ5EY6XH6OGYM
0715_CuNb.cif,CuNb,P4/mmm,0.2235941904050769,0.4471883808101538,PN_UUYKVVMMTLSCI46YN3TA7A5YXPUY5NOM
0716_TaBi.cif,TaBi,F-43m,1.5440836077559703,3.088167215511941,PN_MQOWNK7EVGWNSJQJMQZUOCNRAPVPKT2U
0717_AgGe5.cif,AgGe5,Cmmm,0.2757923473918933,1.6547540843513602,PN_C5IWXQREHC6FLGKXHVIPP3VLA2UTU53S
0718_BaV3.cif,BaV3,P4/mmm,0.6593841522437529,2.637536608975012,PN_CW56RLXBXQ4Y4DHDO4HIQJCS5JZRNG7Y
0719_GaPt4.cif,GaPt4,Im-3m,0.1320540703884518,0.660270351942259,PN_7VTX7OTV6TOEJAUN6YAYCVLH2N352RYZ
0720_AgMn3.cif,AgMn3,P4/mmm,0.5190592754356258,2.076237101742503,PN_WASO2GOEXJ23FLZBT3TNLULCRO5G3WCO
0721_Al14Th4.cif,Al14Th4,Pbam,-0.3544823034813247,-6.380681462663844,PN_5X4GGZMQRKLUNIS77YK2KKRJRLQYNKGC
0722_Mo2Sr4.cif,Mo2Sr4,I4/mcm,0.7615178657666704,4.569107194600022,PN_SRN4VP2MOFQNIBJLFRES63OSY4QEKBAL
0723_Mo2W6.cif,Mo2W6,I4/mmm,0.3719728802045488,2.97578304163639,PN_QC2CBGJL6JRPKUMOOOLGUV2UV3CTNINI
0724_SrV.cif,SrV,P-6m2,1.1938333385077635,2.3876666770155275,PN_V3KBROPQG7ZE6DAD2FFE7K2SWG6CT3N5
0725_Ca2Pb6.cif,Ca2Pb6,Cmcm,0.109675289575164,0.8774023166013123,PN_GDSVFPTHH2QEGABO4KFOZ3G42HYCS2BL
0726_Ga2W.cif,Ga2W,I4/mmm,0.2419851468309346,0.7259554404928039,PN_OPTXL6C4GMYQZQMRLC7FUL6EAWUIV37N
0727_FeBr3.cif,FeBr3,Fm-3m,0.3130408727754359,1.2521634911017436,PN_XHZS3O34G235ANQGTQVHKQLZ5ZUHBBPL
0730_Cr6Pb18.cif,Cr6Pb18,Pmmn,0.8597710145046591,20.634504348111815,PN_T3SHZBCJGAAQ4UWNUU444YMM74MEX4Y5
0732_Pt2Sb.cif,Pt2Sb,I4/mmm,-0.1835536045961205,-1.1013216275767237,PN_LWGBUXMUTDCRCLHHUKPVGUQSZHTCINXH
0733_Fe3Ir4.cif,Fe3Ir4,I4/mmm,0.3829532302239989,2.680672611567992,PN_DF5CK23BCUXJTGHLJMTK2KNFA4DOGVPI
0734_CrSr3.cif,CrSr3,P4/mmm,0.4019539081751229,1.6078156327004915,PN_VYIQL5PKI5J3NTG4GMACWWD66CQL2QZT
0735_Cr2Nb4.cif,Cr2Nb4,Fd-3m,0.7428867004486825,4.457320202692095,PN_JQIFNHY45L24S6BDVD4BXBAOZLSAKLU3
0736_NiBi3.cif,NiBi3,Fm-3m,0.3715862485464503,1.4863449941858011,PN_4ZVMBGMSTBTVVEDMEGSIWUD73VCY63F2
0738_Ag2Ta4.cif,Ag2Ta4,Fd-3m,0.5628349412683527,3.377009647610116,PN_C3SAIFKVEN75BSWUJSS7J4BS2MEFKOAB
0739_Ag5Al7.cif,Ag5Al7,P-1,-0.0106816300969262,-0.1281795611631153,PN_SHMJMUQI2ISIWYJGWFCX6ZY5KJL66GZ4
0740_Cr6Ge2.cif,Cr6Ge2,Pm-3n,-0.2224477129566402,-1.7795817036531218,PN_O6PURXW2D7LBFDXCUGOTCBRDNHP2DAAS
0741_SnW2.cif,SnW2,I4/mmm,0.4336866222469631,2.6021197334817785,PN_OSOCIJQJTUH63H3BQZVFAXPZPFKOGSMB
0742_Al4P2.cif,Al4P2,I4/mcm,0.1063656280243972,0.6381937681463832,PN_STL7EWYAYTY2P2FCLETKPETO72XRHD4D
0743_V4W3.cif,V4W3,I4/mmm,-0.0694999846588128,-0.4864998926116897,PN_FK32QF65E3CYIHK5JOTKPE357NZ5LCHC
0744_CaCr3.cif,CaCr3,Pmm2,0.7852050754029234,3.1408203016116936,PN_VK3Q4HPADFJIQSAHZJNNH7ZWUBPED53D
0747_Mo2P.cif,Mo2P,Fm-3m,0.0111428188688501,0.0334284566065505,PN_GINKXFM334QH5HZYTMH7NFJA6H2DUIHP
0748_Mo10W6.cif,Mo10W6,I4/mcm,0.344623366699313,5.513973867189009,PN_7YZWVDLVK6LJT36D4CQ4UA3P462EB7VT
0749_Cr2As4.cif,Cr2As4,I4_1/amd,0.1067575780174448,0.6405454681046692,PN_3EJE5ID5KUAI3GXAOJZ5YQ27CIUSCKUL
0750_Ca3Ir.cif,Ca3Ir,Fm-3m,-0.046826592853308,-0.1873063714132321,PN_HRPSLRG2YGTDAANXRQW3LXVDUX33TI27
0751_Ba2Ga2.cif,Ba2Ga2,Pmma,-0.1956373653855494,-0.7825494615421977,PN_ER6E6KQZ5ZLS6LT2ELBTZG22TUBYL7QQ
0752_Ir2V4.cif,Ir2V4,I4/mcm,-0.1734783621908313,-1.040870173144988,PN_AZ2HU7J7XEDRXFHH7A3GKF5AJC7XQZUB
0754_RhV.cif,RhV,F-43m,0.682774889396148,1.365549778792296,PN_PNUP6TTG5OPOICG5TRKH43GOC46UTOA4
0755_Fe2Ir2.cif,Fe2Ir2,P4/nmm,0.095469058522756,0.381876234091024,PN_5GJUDKG6WQLLBCACLGHIAJSPG44O5KW6
0756_W5P.cif,W5P,F-43m,0.7596371541010379,4.557822924606228,PN_WTUPF3EVEKWBHXN65MCQXKOSFPPJN3RW
0757_Cu4Pt7.cif,Cu4Pt7,P1,-0.1032958613637947,-1.136254475001742,PN_WM2E25LBDCUW74K234KHDGF3LUJGAGN6
0758_P4Br16.cif,P4Br16,I-43m,0.0475859620767529,0.9517192415350592,PN_ZECPHDLJLKD2UJXKWHQBL7QSDKSGVNIA
0759_Cr26Nb2.cif,Cr26Nb2,Fm-3c,0.3761024021291713,10.530867259616798,PN_3VWOQDEKUJSQURUYKDHNVUWXBPINNE6R
0761_Na2Pt4.cif,Na2Pt4,I4/mcm,0.3152627011305847,1.891576206783508,PN_LXHC3SGEK5HSX5RVICPOQPAOIHF5CQTN
0762_PbAs3.cif,PbAs3,Immm,0.2528127421578459,1.0112509686313835,PN_QLRJLIKSTV4ZBGL4J5A4O3DM6LREHGFT
0763_Al2K2.cif,Al2K2,P4/nmm,0.2428604531726903,0.9714418126907614,PN_ZYL32W5GYZ2CFXEM56O4ICZYA2SALFMX
0765_Au3Ga.cif,Au3Ga,P4/mmm,-0.0407151590716394,-0.1628606362865579,PN_HCUT6SF3YDEEQLQKZN5ULU5RF27WM3H7
0766_Al18Pt6.cif,Al18Pt6,Pmmn,-0.5079458393087251,-12.1907001434094,PN_VT4AHGC6M4ZQ3CRKS7LDD5K7324D7OSH
0767_Mo8Nb16.cif,Mo8Nb16,Fd-3m,0.217704353426722,5.224904482241328,PN_AOTWR6IAMPABHPFCQOHWNAGJOC6DEW3V
0770_Al2Pt4.cif,Al2Pt4,Pnnm,-0.6594769920454873,-3.956861952272924,PN_AP7R3GAVEYGLVWE4SSYEQAEABL4WBIEX
0772_InTa3.cif,InTa3,Pmm2,0.2223334662506904,0.8893338650027616,PN_LGCZPZ46L5RNEQVVH725TF427XWE3PAQ
0773_W5Sb.cif,W5Sb,F-43m,0.6439930759214031,3.8639584555284183,PN_LF7C3OOCJOGZM56NKMNVDDC5V2H3QEAN
0774_MoI.cif,MoI,F-43m,1.3140727451876053,2.6281454903752106,PN_CV3II5ZFXRZZYCYBVJK2OTM3OFXUGRRW
0775_As17Br12.cif,As17Br12,I-43m,0.0012304841898449,0.0356840415055046,PN_QRUBS2WI3I5G7TB3JXLQDN2M7XABTQCP
0776_Al2Cu6.cif,Al2Cu6,Cmcm,-0.1611115337218152,-1.2888922697745215,PN_PXSEVE6HJYALIPKOBOZYLFDOHUNNUJUS
0777_NaPb.cif,NaPb,P-6m2,-0.1123338049140905,-0.224667609828181,PN_CYIX23ZDIXU4KPG5LEBAHPSRMVA77KGA
0778_As4Br2.cif,As4Br2,I4/mcm,0.4452598407995474,2.6715590447972843,PN_QVCXFNAZKJWI2ISCABMMMGHL4D5QVV4N
0779_NiTa.cif,NiTa,P-6m2,0.0359782446442089,0.0719564892884179,PN_4EYJBD7WM6VPWXKJMDY5PYKAWALSPP7B
0780_Ir2V.cif,Ir2V,I4/mmm,-0.1910433153192225,-0.5731299459576675,PN_3W4UDWJYACT2FDF7OAGP7MFYEF5WUCK3
0781_FeIr2.cif,FeIr2,I4/mmm,0.016372947711981,0.0491188431359432,PN_4LS6OUYB4BWUDITMWNBT4XT3INUIWK5A
0783_AuCr3.cif,AuCr3,P4/mmm,0.2856037948833716,1.1424151795334865,PN_LA4OKFABWOZHQBEQ62ZC3GCBW3GE6PW4
0785_Al8Ta4.cif,Al8Ta4,I4_1/amd,-0.2256334324555962,-2.7076011894671552,PN_SSZYENVRKJHVVRBTJUUDYVJZYY2CY7H4
0786_Al3I.cif,Al3I,I4/mmm,0.4000964545887084,1.6003858183548338,PN_IJN5OPQWPZRYQJT3BOBO43F25BQE4SFA
0788_AuP3.cif,AuP3,Imm2,0.4511237559475161,1.8044950237900643,PN_MRJLSFMV677ZUSJUUH7BIC2SHMRQY6O4
0789_Ba5V.cif,Ba5V,P4/mmm,0.5349305232872368,3.2095831397234207,PN_UVZP7PK4AB222N7FOVH75X2ER63LM4DY
0790_K2As.cif,K2As,I4/mmm,-0.1842960229864036,-0.552888068959211,PN_NDM7E24NCUPR5AFXSWUUUJWIBEI2KKY6
0791_AuNp.cif,AuNp,F-43m,1.4256368145629512,2.8512736291259024,PN_2FIROUKGLZNJN2N6D4KZ252COZYLOAP6
0792_PdRh2.cif,PdRh2,P4/mmm,0.8060997154070506,2.418299146221152,PN_4J26A6J56U3VJWJCFFNOESCH6GGX6L45
0793_Sb5Ge.cif,Sb5Ge,Amm2,0.1763970050717992,1.0583820304307956,PN_7KZ4BD2LXZSHY3IOF23ZKSTGO4BLLGXK
0794_MoSr2.cif,MoSr2,I4/mmm,0.9515306066991656,2.8545918200974967,PN_CBIDDS3AUE5L7J64Q3S7HB5GRXO3T5MI
0795_RhBi.cif,RhBi,P-6m2,0.0684266591716671,0.1368533183433342,PN_HJ5KEBIUUBCR5JNSV6DTDMFS55CTKKIA
0796_Al2K4.cif,Al2K4,Cmcm,0.155120108336991,0.9307206500219464,PN_DVWQQIZ6XWSP3DIHNNSSCGIOU5BIL4QV
0797_Ba2Sn4.cif,Ba2Sn4,Cmcm,-0.4831717141879193,-2.899030285127516,PN_D6NVB4V6R3SDY6G22WIM2MJIWI2QR5TE
0800_Ag2Sn.cif,Ag2Sn,I4/mmm,-0.0049404452265407,-0.0148213356796222,PN_XCI2LVUZVJ742SD6BP3D6U2KHL6UUD6V
0801_FePd.cif,FePd,Pm-3m,0.0486880392537516,0.0973760785075033,PN_N6AKTP5ZKKWMDTFU4MBHM6AGEFCQKHAO
0802_Au5Sr24.cif,Au5Sr24,I-43m,0.0134686051511183,0.3905895493824332,PN_7UBOWNDALEFXNHDHG7KXKGCT2PGPN5UV
0803_Au16Sr4.cif,Au16Sr4,I-43m,-0.4516277814634968,-9.032555629269936,PN_PZERK4LW6RK47DRYUTEK55LIG62ABVVO
0804_Ca2Cu2.cif,Ca2Cu2,P4/nmm,0.0082695203874965,0.033078081549986,PN_MY62I7V73R6CYBEYXJEOUV6E3C7VKFLF
0805_Al2Cu2.cif,Al2Cu2,Pmma,-0.1881961713948934,-0.7527846855795737,PN_VPHRPYZWAGD6FMSRA6VHV3HWMTD64IW7
0806_Mo2Ta.cif,Mo2Ta,I4/mmm,-0.1665484888315755,-0.4996454664947265,PN_RCBQ2URSFDQGV2SPAAD4V2JROB4PNLHG
0807_In5Ta3.cif,In5Ta3,Cmmm,0.274984929722831,2.1998794377826485,PN_AV6EJLZFJBUQBZ3G6L2KZTE7L35W2ZM3
0808_PbAs3.cif,PbAs3,Cmmm,0.3753619279989451,1.5014477119957803,PN_7YADCJ22YEIU6EOP354XAXYNETECNKFD
0809_Cu3K.cif,Cu3K,Pm-3m,0.7647491590705378,3.058996636282151,PN_S4I5EEA2ADBQWA2ECHCWT36FQP3AAPOB
0811_V4W2.cif,V4W2,I4_1/amd,0.4559703031640971,5.471643637969166,PN_WG5H4LEOMBO5QOMEUFOYLJY4CH2NMNC4
0812_Cr4As.cif,Cr4As,I4/m,0.0144065940607106,0.0720329703035531,PN_XVEKBD237IFFWPU643PCXS4CMTO5IKHZ
0813_Ag8Mn.cif,Ag8Mn,I4/mmm,0.1166144529993648,1.0495300769942837,PN_D4SNXIQ73K5IQYWMNWCHQGU3UKDPRMLN
0814_Pd4Rh.cif,Pd4Rh,I4/m,0.0493545376730246,0.2467726883651231,PN_JAJPG2LIUP744XUGP5U5XL7LEE5X5KOS
0815_Al3In.cif,Al3In,Pmm2,0.1753598393333364,0.7014393573333457,PN_4QH4C2ZRSMO7ZYC4QHMWHWVHQLDOUY74
0816_SmI3.cif,SmI3,Pm-3m,-0.8819491333694671,-3.5277965334778685,PN_QHJOPMWGFPQRBPD5FD6YDSJGUWVTNVKM
0817_Ga3W.cif,Ga3W,P4/mmm,0.2579364782583191,1.0317459130332765,PN_OOTJG6WMOV5K5GDQH67J7ZVTHJT2U6GW
0819_AgSn2.cif,AgSn2,P4/mmm,0.1028906522218721,0.3086719566656164,PN_HSVPICD3EGME6AC54BQBJ6TNS3X6QONK
0820_Ag12Br4.cif,Ag12Br4,Pnma,0.0515699371614406,0.8251189945830504,PN_GBHMHBMHUZPBDUNI4B7PXUZQ2T57V7GY
0821_Ca5Sn7.cif,Ca5Sn7,I4mm,-0.3709440976254115,-4.451329171504938,PN_VEJLXBKD7X4VO5ONDVHT4NQK3VKTZL3D
0822_Nb2V.cif,Nb2V,I4/mmm,0.0508710542785048,0.1526131628355145,PN_2AZ7YDC752WTXAQN5H6V53Z4ECJV4CDS
0823_Nb2W.cif,Nb2W,Immm,0.4045436001845151,2.427261601107091,PN_DYEXTAP34CDOYVGJBGVBZW4PANIXVWD7
0824_IrV5.cif,IrV5,P4/mmm,-0.2488146422955945,-1.492887853773567,PN_3NAOSHP7B3JSZFRNCVYIZNO777JEQKCE
0825_BaSn5.cif,BaSn5,Cmmm,-0.2592371020090927,-1.5554226120545565,PN_FW55DD2ZVKM4YKBRYE7UWBH2Q7ALDEST
0826_Nb3V.cif,Nb3V,I4/mmm,0.3420509693834646,1.3682038775338583,PN_OD2OUJGY2U46ECFG2T6IHFYT3XQHPH4T
0827_PAs.cif,PAs,Pm-3m,0.5561249497858629,1.1122498995717258,PN_5AQZ55LRBM3SOILH7SSJD6D4WNXCILO7
0828_Fe3Pb.cif,Fe3Pb,Fm-3m,0.8221365150147326,3.2885460600589305,PN_S76LDSRTM7MMPJFGOQDAJQ76RIYPAZUO
0829_Mn4W16.cif,Mn4W16,I-43m,0.9114480338063672,18.228960676127343,PN_6YBICZIPEFW33KIR4CTPVTAESAAXFKLA
0830_Ag4Ge12.cif,Ag4Ge12,Pnma,0.2482454616969152,3.971927387150643,PN_LY7O5PQNCIFUFOXAMBFWG53WRYGG65JM
0831_Ni6P2.cif,Ni6P2,I4/mmm,-0.3125298444586937,-2.5002387556695496,PN_QISSBLOTPJV2FY3B2TQWW4T7Y7SSPZZO
0832_Sb3Ge.cif,Sb3Ge,Cmmm,0.2674849223565756,1.0699396894263025,PN_CLQJQ7R5DZ3IEU4DRNXJWSLX52MDKI6R
0833_Ag5Sn3.cif,Ag5Sn3,Cmmm,0.0055465449788667,0.044372359830934,PN_VF6I2BAJASJI2L52ZIVRFDRIM34XONV2
0834_Ag3Br.cif,Ag3Br,Immm,0.1339256805882671,0.5357027223530686,PN_X5CQKHBDY6GQV3MXPXX5PSARMSGSA5DN
0835_MnW5.cif,MnW5,F-43m,0.637096752327229,3.8225805139633735,PN_AXS7CN3AOTHFXED5VIMEEBBXBXKM5ZJT
0836_Mn2W2.cif,Mn2W2,Fd-3m,0.151687813937281,0.6067512557491241,PN_V6LUDC6US7FVQEGRDIUQQ7JPB73JWYTK
0838_Pb4As4.cif,Pb4As4,Pnma,0.0962067827938515,0.7696542623508122,PN_LGKVMGKMPODCIWR72PLILJE44M4KPLL4
0840_Pb2As6.cif,Pb2As6,Pmmn,0.0647045201800651,0.5176361614405209,PN_DQSGGEKNTQGWKD2FDMEJ3PPXFVP4QLKN
0841_Na4Pt2.cif,Na4Pt2,I4/mcm,-0.1813541043859411,-1.088124626315647,PN_WDM2PA54IXZICSFV4W677XM7NXUY34NP
0842_SbGe3.cif,SbGe3,Cmmm,0.3111828316428111,1.2447313265712443,PN_UTCD4SYGYLW3N73JNNYWLJNWX23EXT4K
0844_Ni3Sb.cif,Ni3Sb,Fm-3m,-0.2230025413726162,-0.8920101654904649,PN_AESUHDTR54KFFMQORXJBRYZPVWK4HYRM
0845_In2Ta2.cif,In2Ta2,Pmma,0.2468565124577857,0.9874260498311428,PN_MLLWB5FTGRHVGU5S5AST6LGI2YSGTFCL
0846_Fe3Pb.cif,Fe3Pb,Pm-3m,0.8418246784643095,3.367298713857238,PN_4FCTEUX5PEDB2WKCSSPOTALQQWFNYOHS
0919_Cr24P5.cif,Cr24P5,I-43m,0.1464752893235274,4.247783390382296,PN_C3J2HHIPQTSEETPYW7OP4SOMVIJCDBZI
0920_Cr4P8.cif,Cr4P8,Pa-3,0.1722750167158722,2.0673002005904664,PN_SA5M2WOWFIDNV7O4CAVFSNFEPT6JVUBS
0921_Ag4Al4.cif,Ag4Al4,Pmm2,-0.0125733738802225,-0.10058699104178,PN_MDNB7XACE7WACCU2KA666IAXKAMJMPFC
0922_Ca4P6.cif,Ca4P6,Fdd2,-0.7364136415173135,-7.364136415173135,PN_R3QVMVBMQRBQE3PBERZHVQTD55LKE6AE
0923_Fe16Na4.cif,Fe16Na4,I-43m,0.8854584092029818,17.709168184059635,PN_KZUXSGX3RWC6G3OZNR65L5TFLHUF6VOD
0924_In5Sn.cif,In5Sn,Cm,0.0071618832732151,0.0429712996392908,PN_FX474ZJLHUTBHBIG5D5NR62HZJTXR3H7
0925_Nb4Pb4.cif,Nb4Pb4,Pnma,0.5735621749519426,4.588497399615541,PN_SSPD67TK7O2THNEZFXEPQQ5R2PMLGMQ7
0927_CaMo3.cif,CaMo3,Pmmm,0.7670388591526027,3.068155436610411,PN_7OJ3U5ZG4UHADJ74ZJECTSHEQW2K7OCC
0928_GeP3.cif,GeP3,Immm,0.3912980832327397,1.565192332930959,PN_M6WBCN4G3MXD4T2GZQ726TCWU5C6BANZ
0929_Ba4Pd2.cif,Ba4Pd2,Cmcm,-0.3112198981691587,-1.867319389014952,PN_IW42H4XTJVT2PEUN7PZB7NGOXTGA7463
0930_Pt2As.cif,Pt2As,I4/mmm,-0.0404441525489787,-0.1213324576469361,PN_JEWA2IWUHCHJZ6AHIQUVRGBFAE6J7ROS
0932_BiP.cif,BiP,P-6m2,0.2191229412468898,0.4382458824937796,PN_X5POQ3IDUFVAGDD7FRCF6CF6KGNAQK6S
0933_Nb2Pb4.cif,Nb2Pb4,Pnnm,0.527916409969278,3.1674984598156684,PN_EUBZS6KEWJMLBWJRNJNFUE4DBX5X7XO6
0934_BaPd5.cif,BaPd5,Amm2,-0.0742184407992028,-0.4453106447952173,PN_4UDO7ADRQ5NJRGXP5UJNSFI2MTGUDOT3
0936_V4Br2.cif,V4Br2,I4_1/amd,0.602972819729254,3.617836918375524,PN_2IOHVEJ2IFROPG22ZA23VYRGLQA6CWVH
0937_Ca4In.cif,Ca4In,I4/m,-0.0816027239527812,-0.4080136197639064,PN_K3BL7S6VZFCRMVHDZWJHJGLVICVIBMV7
0938_In2Sn2.cif,In2Sn2,C2/m,0.0072557806581281,0.0290231226325126,PN_6CTN2Q3GJPMZRNNJ3PZWZIQBTDEB7ZUL
0939_BiGe.cif,BiGe,P4/mmm,0.3197912132401441,0.6395824264802883,PN_NFKB3CJGW6G6QTFX6PMU2Y2H5I4JQLBS
0940_FeIn.cif,FeIn,P-6m2,0.331680491258254,0.6633609825165081,PN_L2AHDFALFXE7GKV65NV7CVX2HKZ3YQ4K
0941_Cu2Ga2.cif,Cu2Ga2,Cmcm,-0.0384632138339466,-0.1538528553357867,PN_7ZIJ5GBPLPTEE4N7Y4SGXHPBJVUVL6QR
0942_USb.cif,USb,P-6m2,-0.2871926910980855,-0.5743853821961711,PN_X2P72POBOOHC7RNM7NIZ7XPJKMISDZEZ
0943_Sb5Ge.cif,Sb5Ge,Cmmm,0.3160109171990714,1.8960655031944285,PN_JNXF3FMQAXQFZZ5IDW5MME7R3A32JPCM
0945_Al10Ga6.cif,Al10Ga6,Cmcm,0.095685762753773,1.5309722040603688,PN_ABOV6ZFP4EYHHZE3UZEQAUMZQK6XG32T
0946_Au12Nb12.cif,Au12Nb12,Pbcm,0.0246907527303363,0.5925780655280732,PN_DGVLMLQTRXAV4ZJS7WR7X7JWITLVZIKM
0947_Al4Ce.cif,Al4Ce,I4/mmm,-0.3289075421692565,-1.6445377108462829,PN_YSVB4743L2L2IRJTTQ24ZITVBY25KKTS
0948_Cr12Ta12.cif,Cr12Ta12,Pbcm,0.2317028235556613,5.560867765335871,PN_ODM7FYHPOCXT442A7NAJFCIM64UCAJN2
0951_Pb2As4.cif,Pb2As4,Pnnm,0.1364370872739471,0.8186225236436826,PN_MOUTBMSLZBLSPYDXMORSBDQECTHUJVDJ
0952_Al2In6.cif,Al2In6,Cmcm,0.1239297719224783,0.9914381753798268,PN_ZZJ2P43QB53WOQXNKDS6CWNNI2ALJK2S
0953_Ga24Pt5.cif,Ga24Pt5,I-43m,-0.0221923533320317,-0.6435782466289197,PN_QHAPSJXPSANUAPJOZOJO23LFKBPED4A7
0954_V3Br.cif,V3Br,P4/mmm,0.2451158130539417,0.9804632522157668,PN_KJVICTSCR6ELWN3W23E32P2DW3KDG2N4
0955_GaU.cif,GaU,R-3m,-0.2505695382326465,-0.501139076465293,PN_PKXAZHGGGRNMMLHZ4ZZTCJ25R5QPVAH7
0957_Al3In.cif,Al3In,Cmmm,0.1618625852910868,0.6474503411643475,PN_VFFPNXUK5ZTEFKRSLOYQUJ7E4YRX6JWS
0958_GaAs2.cif,GaAs2,I4/mmm,0.1932450326482199,0.5797350979446598,PN_E6J4SQ6VPCRE7NXFCKRNTUWDPKO5IPAI
0959_In2Br4.cif,In2Br4,Cmcm,-0.4657886603656829,-2.7947319621940974,PN_MOJAP6RCH3JLNRYMAP4WMUVAON454VEF
0960_PaSr.cif,PaSr,R-3m,0.428211552056168,0.856423104112336,PN_ZRUWHWDJ5GPSFWAPFC4PNBLO3KZORWQM
0961_In2Na.cif,In2Na,I4/mmm,-0.0923335285838901,-0.2770005857516704,PN_7HTSIEVYRF3RDBT7FAAASMYBDWUG5PHL
0963_KMn.cif,KMn,P-6m2,1.154798689515636,2.3095973790312723,PN_XBYFR5K272C6ZVZSEVX37WOKRKSK56NI
0965_Ag2Ca.cif,Ag2Ca,I4/mmm,-0.2523950355557402,-1.5143702133344412,PN_OBDXETABWKSWRQ7GCVAXIDSIIKSXAZA2
0966_Ga2K.cif,Ga2K,Immm,0.003014998792573,0.0090449963777192,PN_Z3D6WKEFLM6SQT4A4TMNCLDQLP2P7C4J
0967_IrV3.cif,IrV3,I4/mmm,-0.2177500932741018,-0.8710003730964075,PN_DDTGW4KDOUONIAGQ4X6VMTREKILV26SF
0970_Cr6Ta2.cif,Cr6Ta2,Pmmn,0.3273652456195499,2.6189219649563995,PN_RO6F7NO5PHVEH7AYZ32H7HVKU2F666JV
0971_NiP4.cif,NiP4,I4/mmm,0.2320048088897643,1.1600240444488217,PN_7QBZ35N5QGLB764S4FSLVEXBT3ZKYDIQ
0972_MnW.cif,MnW,Pm-3m,0.1476485737560633,0.5905942950242533,PN_4VYBO3YQAV6W6TBXNDOF4T37KSGRZ22N
0973_AgMn8.cif,AgMn8,I4/mmm,0.3058372083905188,2.752534875514669,PN_QGEJWLCT5VGLJJGW4EKXRUOENZ364GWN
0974_GaW4.cif,GaW4,I4/mmm,0.957071096951836,4.78535548475918,PN_HN2ZZMWJ2IVDHIOWSQQLO5CSWXQGNPXN
0975_InNa3.cif,InNa3,P4/mmm,-0.0468242476688618,-0.1872969906754473,PN_JETUC327ID5WJTV3VURJX2MY647ABYNJ
0976_SmW.cif,SmW,F-43m,2.654567875129585,5.30913575025917,PN_SQOADVHNCZUFVKRG44MP5JOIQIRWSW6Y
0977_AlIn3.cif,AlIn3,Pmm2,0.1314761879387154,0.5259047517548616,PN_2QWIHVB7ZU3ZCF3OIZTI2GWLBKVV5ZAL
0978_AuNb3.cif,AuNb3,Imm2,0.040060795731776,0.160243182927104,PN_HOOXZHK5GOKGPSLN2SWWRIO5S7B64Q7M
0979_CrTa.cif,CrTa,Cmmm,0.1363227916180687,0.5452911664722748,PN_O7RWHUPACOQLQ42ENJPD25UQJYHRSCW7
0980_AlMo3.cif,AlMo3,Fm-3m,-0.0073852883437464,-0.0295411533749856,PN_APHCIKEWCPZSG7INV2WGY5NJYA35MKR7
0981_Cr2Na2.cif,Cr2Na2,Cmme,0.6053910532536468,2.421564213014588,PN_OFYPPJJ3UOJATH6LMHTHTJCW5YC7JE4P
0984_BaIr3.cif,BaIr3,Fm-3m,1.048165124383834,4.192660497535336,PN_4RU2GKHSCU5SZ5HQBPVOFCHQDC2HB737
0986_Cr2Na2.cif,Cr2Na2,Pmmn,0.9853560370272048,3.941424148108819,PN_CPWQ6OPKESIFB3GJUW3FGUF47G74MSFA
0987_W3As.cif,W3As,P4/mmm,0.4255188202761601,1.702075281104641,PN_2CP7UR7XCJ7X5V2CHFFJAPWUWBYZEE5J
0988_Cr5Sr4.cif,Cr5Sr4,I4/mmm,0.8622231105534092,7.760007994980683,PN_OHCGCCOXNQEW5TXHKOERYYK4CTGIRNSB
0989_Ga16Pt4.cif,Ga16Pt4,I-43m,-0.0780871849600103,-1.561743699200207,PN_U4UMUB6MX4VBVLAMEBQ4HXY7UO6M5P6U
0990_Ni4Rh2.cif,Ni4Rh2,Pmmm,0.0388150810912032,0.2328904865472196,PN_DRBKPYWO7WX3DO4ECFFURH5TJ2LQZBCA
0992_Ba4Ni6.cif,Ba4Ni6,R-3c,0.4805433521371796,4.805433521371796,PN_ECNVSHJZWEGPWM3AQ3GDFGYQP6QA76AG
0993_Ga3Pt5.cif,Ga3Pt5,Cmmm,-0.561520434446523,-4.492163475572184,PN_ZCOKKM7SFNNFINBRGB3MPV2PGSQMW6PW
0994_Cu2Ge4.cif,Cu2Ge4,I4_1/amd,0.1934571634987148,1.1607429809922891,PN_6BSO6RVYZDWCMQ7F6OG6QQNX2ESE2BPW
0995_AuCr2.cif,AuCr2,I4/mmm,0.3190157135225651,0.9570471405676956,PN_A24Q3UCJDUYJXXDDZQYK6JMJ5UDEPEAF
0998_K3Na.cif,K3Na,I4/mmm,0.01417873513989,0.0567149405595603,PN_RNADMLNPR2QG6LKAZ6UAHYVSRFTMVJXA
0999_Fe2Ga4.cif,Fe2Ga4,I4_1/amd,0.1881841721178313,1.1291050327069885,PN_D7NNMEHY2LQQ52M26XFEYLVCHBWVZZPD
1000_Ge2Br.cif,Ge2Br,I4/mmm,-0.0034931880682318,-0.0104795642046955,PN_K3DIRGKI26JCR6CTAFI3HJKTMON55TCQ
1002_InSb.cif,InSb,P4/mmm,0.0411974551286244,0.0823949102572489,PN_BYCJLNFFBWDYAGUJXN6MOBS6M5L6WUC2
1005_Cu2Ge.cif,Cu2Ge,I4/mmm,0.0694776776662996,0.208433032998899,PN_ZHEAIX3WPHN3ZMCTQ5D3F4RXQXSIJQH4
1006_CrRh4.cif,CrRh4,I4/mmm,0.4467363132556045,2.2336815662780225,PN_DB3QRRNXAUPI3C3WTQ5CRSDSAPGPXE2E
1007_NpU.cif,NpU,P4/mmm,0.0077134329019052,0.0154268658038105,PN_ZQHK2PLMQBE3BNFBD5ZM5ETU2I5IFPKP
1008_RhU.cif,RhU,P-6m2,-0.1940488904539723,-0.3880977809079446,PN_FLMLCAXSJDGG7VEGQHYRUGBFO2Q6IWFI
1010_Cr2Rh2.cif,Cr2Rh2,P4/nmm,0.0194575353109609,0.0778301412438438,PN_2GFFACNIB46DC6AS6YF42UAYNRCQMFBN
1011_KPt.cif,KPt,P4/mmm,0.3818962756672643,0.7637925513345287,PN_TLDUH56ZT6F32XEQYQYXKOVOWUMH4IVD
1012_Ge2Br2.cif,Ge2Br2,P4/nmm,-0.3539225105654191,-1.4156900422616765,PN_LECNNFRVPBIYPUW27L4XU6WXSSFCOZV5
1013_CrRh2.cif,CrRh2,P4/mmm,0.4701862462303445,1.4105587386910337,PN_EDH5FZFMYCQ5D2YSK4QYYUG6WOGTYN6U
1014_Cr8Rh.cif,Cr8Rh,I4/mmm,0.4020511085975929,3.618459977378336,PN_VPTXMWGGOPJ2WKARN2Z22IDL6ZUEI24S
1015_FePt.cif,FePt,P4/mmm,0.1046782928175824,0.4187131712703298,PN_46PKJM647I42IZAVWJU2A6G62LJFD5WO
1016_CuGa.cif,CuGa,P-6m2,-0.0550340558600681,-0.1100681117201363,PN_O3GU4O7TCW5KFXGDYN2UKLUW6QPIE4TJ
1018_Cr5Rh4.cif,Cr5Rh4,I4/mmm,0.0433450957045522,0.3901058613409702,PN_UIBQTZY7DOYVBI3C72EQYDGOSE45IFQR
1019_MoV4.cif,MoV4,I4/mmm,0.5635547788826841,2.8177738944134205,PN_MMMBLFLC7J2S34ZWQAFIAKUEQ3ID3N27
1021_SmGe5.cif,SmGe5,Immm,-0.6336399568411982,-3.801839741047189,PN_3LMNS3MK3F6KQTZAJPFYSSEZCPMASS63
1023_Fe4Ga2.cif,Fe4Ga2,I4/mcm,0.0881069186662758,0.5286415119976553,PN_UXMHL7CNSLIYKVFHD3E4CD2C74UZGT4M
1024_KPb2.cif,KPb2,I4/mmm,-0.1224223883686364,-0.3672671651059094,PN_SCIHXXPLPYQ3JTO7Z33CVWUVJOKDAUMQ
1025_Ge2P4.cif,Ge2P4,Cmcm,0.2497538444960133,1.4985230669760805,PN_J2TW7VWIS4HWVNB4DZN4UPOVDPCYQZVY
1026_CaFe.cif,CaFe,Cmmm,0.6670044540710167,1.3340089081420334,PN_E7LH4KSMBTMAFBDFI6MIOSLQZDTKQNFP
1028_AlNb3.cif,AlNb3,P4/mmm,-0.1644287196143619,-0.6577148784574476,PN_KYSB23SRMKVOM4CUD2IPWHCJK63J4C72
1029_CrNb2.cif,CrNb2,Fmmm,0.1022690800026554,0.3068072400079664,PN_Y7ZS5LVUKJ2JWVOD4Y3M35VE3QHKUPQC
1032_Ir2Mn2.cif,Ir2Mn2,P4/nmm,-0.0092013547958025,-0.0368054191832101,PN_4I4L4QSDAKEDMOEHKNXS4THFI5VEOLUZ
1033_Cr3W.cif,Cr3W,P4/mmm,0.070083144452175,0.2803325778087,PN_M2L5DXWOZK3JR7TLJWFCECGQ5SXVVJRQ
1034_K2Sn.cif,K2Sn,I4/mmm,-0.0105444293062548,-0.0316332879187646,PN_3I3Y3RJMXZEHP7C7R2JCMYUFDMF3E3LM
1036_AlCa3.cif,AlCa3,Immm,-0.0462830051008067,-0.1851320204032269,PN_LDINTIH2N76PFZNL363TWUAKIHGCVE2D
1037_Ag6Al4.cif,Ag6Al4,P-1,-0.0511797502237229,-0.5117975022372292,PN_RGTLRXF7ZUZ2AKQ3EAA7XGEXIKX5N5WX
1038_Nb2P2.cif,Nb2P2,P4/nmm,-0.0587182743692746,-0.2348730974770987,PN_XJMKFCRBY2F6IVZU53KFNAXH7IGCB45P
1039_Cu8Pt4.cif,Cu8Pt4,P-1,-0.1016922929724071,-1.2203075156688854,PN_64T4PYJAOTXGCSKFYEDTJVPXQBDI6DYL
1040_Fe5Ir4.cif,Fe5Ir4,I4/mmm,0.021654189741767,0.1948877076759032,PN_27M3T45RBM6QKYOOSMDJ66EV6S44L5JB
1041_Fe4Pb.cif,Fe4Pb,I4/mmm,0.5180408792710665,2.5902043963553325,PN_TAY5XHRD6VAFN6DZTODLDCPYBXOTDRJC
1043_Fe2Mo4.cif,Fe2Mo4,Fd-3m,0.7116753557152222,4.270052134291333,PN_OR6X5HESJMAK7EVMCTTQWWUXVLL727BO
1046_K2Na4.cif,K2Na4,Pnnm,0.0428438262803355,0.2570629576820131,PN_SQZRYZLUSFD4FWTH5NW7B56XQVWFUFLU
1048_Fe4V2.cif,Fe4V2,Cmcm,0.1077950162773397,0.6467700976640387,PN_V6I6ON6V24TR4EKWCTPEOBDS3XIGOP76
1049_Pd8Sb4.cif,Pd8Sb4,Cmc2_1,-0.4733627168891452,-5.680352602669743,PN_B6LVO36YPC74QPTZ6FHWI4PIMRO7NKLM
1050_W4Sb16.cif,W4Sb16,I-43m,0.8629071845772032,17.258143691544063,PN_Q45NTFNGOB24ZG65KMXDNKFRQNRVRF5Q
1052_Cr2Ta6.cif,Cr2Ta6,Cmcm,0.0611923339509843,0.4895386716078747,PN_ZXCPSJ45QVR7R22BBXD7TQXESAATN6XQ
1053_Sr16W4.cif,Sr16W4,I-43m,1.1537662752830578,23.075325505661155,PN_PBVLU7N7D6F2I7ONKH7ERJY4VQ6CSEN6
1055_NiSn.cif,NiSn,P-6m2,-0.1179296850231041,-0.2358593700462083,PN_TJNNFIKS43XMJ67GK5J2ALWD77FCFLPQ
1057_V4W2.cif,V4W2,Pnnm,0.6447502404714527,3.868501442828716,PN_JMEP3OODWKWTYFQCBJ22UT2E6DV3EO7C
1058_Ir18Mo6.cif,Ir18Mo6,Pmmn,-0.2434333486468745,-5.842400367524988,PN_FQIP6QBNFWTAOCMIPW6T5FML5Y2GQBQZ
1060_AgNa2.cif,AgNa2,I4/mmm,0.0057255469738176,0.0171766409214528,PN_WDG4QDQ4FJV5WADDA2R6CSXFFWC4U6A4
1061_MoP.cif,MoP,Fm-3m,-0.0433567812069348,-0.0867135624138697,PN_DH5VCB2FYR6NEOVY6BFLLKSHX2SBJFD7
1062_Pb8Sb4.cif,Pb8Sb4,Pnma,0.0237348567169709,0.2848182806036519,PN_2SYSNHVZEONAGWQA74K7FMBQOANVL3UA
1063_EuU.cif,EuU,Fm-3m,1.3282505515044436,2.656501103008887,PN_NQ6TPS7CC53HWPBD2ZBGNMDDYABJSUYL
1064_Cr3Rh.cif,Cr3Rh,P4/mmm,0.0961999135035913,0.3847996540143654,PN_AA2KRVS7OEF2IXWFJRIJDNLVWUHUJMSP
1066_CuGe.cif,CuGe,P4/mmm,0.1859997211468114,0.7439988845872456,PN_B4KVXZFKZIV6SBTAFHY7HXOAE2F7O5CK
1068_As2Br.cif,As2Br,I4/mmm,0.0304122552193941,0.0912367656581825,PN_7BO3LUG6TZFAAVHIDQIWYVYF43WMB3XI
1069_Ni5Ta.cif,Ni5Ta,F-43m,-0.2416319823883223,-1.449791894329934,PN_HFVB4G4V4QHAYKETWIMCGC3E2IIUKGX3
1070_AsBr2.cif,AsBr2,P4/mmm,0.0753329165068876,0.225998749520663,PN_2IIHCEREKQLMR4RQCGJ2WXJQPLMKZRDF
1073_NiSn2.cif,NiSn2,I4/mmm,-0.0607263927219516,-0.182179178165855,PN_WTZEXGDNLURU3N3MPUBKBEJVDWYLZUDO
1074_Sr2W2.cif,Sr2W2,Fd-3m,1.388439071506709,5.553756286026836,PN_AJENIXRAXLF3T5YKRAMLJJBGGWCJVGWS
1076_AgTa7.cif,AgTa7,Fm-3m,0.265534970245266,2.1242797619621285,PN_XBONQYIKRXTK4IS6ZJ3MV5I3IPUIBVTL
1077_Pt24Ge16.cif,Pt24Ge16,Pnma,-0.5805424910480653,-23.22169964192261,PN_IOXN3SWSUGY5SISFZI3DX7XJ7KPXIYB2
1078_AuGa.cif,AuGa,F-43m,0.0772690096115358,0.1545380192230716,PN_XHGWNWLC4LAMV5J4H6ROKV6USPLY2QQ4
1079_AsBr2.cif,AsBr2,I4/mmm,0.1644874317319959,0.4934622951959877,PN_VUJEUUZUKCOEVOCR5URWXKTNTGJ6TYQ5
1080_Fe3Na.cif,Fe3Na,Pm-3m,0.7214530138825488,2.885812055530195,PN_WZF3NWPKID35OXIAHD2XF4FM5NA73EMW
1083_Fe3Pb.cif,Fe3Pb,I4/mmm,0.4081851932579479,1.6327407730317915,PN_XWXHS2UL75NPGQQWMXRENW35SQONLAXE
1084_Fe4As6.cif,Fe4As6,Fdd2,0.0774651105346301,0.774651105346301,PN_H5NGJ33MUUWICN2BFSQ45PA5JW2FXZFP
1087_NaPt4.cif,NaPt4,Im-3m,0.9276235444384432,4.6381177221922165,PN_NKF2KAAI3GAAQNQG7ZSTXHUCX35JFPP7
1088_MoP.cif,MoP,Pm-3m,-0.4032645725072434,-1.6130582900289738,PN_6UZESKL2O2SV4ALGRDOIE7LICT52WTSV
1089_Al3K.cif,Al3K,Fm-3m,0.3997707114694173,1.5990828458776694,PN_5M5S2NFSHAFPSLOIAXWROMTXYUR7NT2G
1090_W2Sb6.cif,W2Sb6,Pm-3n,0.7422411538439109,5.937929230751287,PN_IVA5JTU6PTVUGQBMHBDXWMDWN7NXK477
1091_AsBr.cif,AsBr,P4/mmm,0.2720832940127895,1.088333176051158,PN_7WGYTV72VFPEQJRXGWLREIXIZBAM6S4S
1093_NaPt.cif,NaPt,Pm-3m,0.1854154476944316,0.3708308953888632,PN_QNXFZ4MOUFDOADDO5L6U3ZX5YT6FORRM
1094_Cr4Ta6.cif,Cr4Ta6,Fddd,0.2239742892993831,2.2397428929938314,PN_RZVYWRROMF44VZILOI5IYGPE2V4OAWXJ
1095_Ga2W6.cif,Ga2W6,I4/mmm,0.2772853612739112,2.21828289019129,PN_DB6UO7X3OLDFMPHSIFONDZ643DRY74WC
1097_Pt2Sn2.cif,Pt2Sn2,P4/nmm,-0.0398088134136793,-0.1592352536547174,PN_MT7OSSLMIZ3RRR42Y3E342PL4ZLW77FQ
1098_AuU.cif,AuU,Fm-3m,0.1006976759970168,0.2013953519940337,PN_5K4RMZG5VDRSULEOS73P4AKFMBB3FPOZ
1102_NbP3.cif,NbP3,P4/mmm,-0.1665362972477222,-0.6661451889908889,PN_TZ2K4PT6POGU3AFOZQLZPHXAAX5CANBY
1103_PdRh4.cif,PdRh4,I4/mmm,0.401449417497561,2.007247087487805,PN_JBH5G2M7JT5Q5HRWV36GD3PCF4NHXVIA
1104_Al4In2.cif,Al4In2,Cmcm,0.1216467440318395,0.7298804641910372,PN_CNJNUKOWZM7PN5HY3ILKQVAKS7GWBEPB
1105_SnW.cif,SnW,F-43m,1.9705389854412072,3.9410779708824144,PN_R3MSCQE4ILVZLXNFNGKI4VDNCXROMXUQ
1106_Pb3V.cif,Pb3V,Pm-3m,0.414796380719622,1.659185522878488,PN_N5S5JFHKITOFOD47PHDCUSX5DPJVQN6T
1107_WSb4.cif,WSb4,Im-3m,0.6132872102765802,3.066436051382901,PN_MOIV54N42FXJ3CHPQH4YILETBQSVI46H
1109_Ag6V10.cif,Ag6V10,I4/mcm,0.5632138098158901,9.01142095705424,PN_QZKAHILAFYR6O3EMYYX7EHWQ6VAC2MJZ
1111_Cr3Ta.cif,Cr3Ta,Immm,0.054785266293079,0.219141065172316,PN_IVMPAHVYJQDTRJFLIMCOLIVOOU4BOXFE
1112_IrAs5.cif,IrAs5,F-43m,0.915548865946659,5.4932931956799536,PN_77NVUIL3G3DB3EA3QHEJAFHCTAHRNCKO
1113_Pb2V.cif,Pb2V,Fm-3m,0.7233741524777114,2.170122457433134,PN_4YSGK2S2OXQPUQDOKR4EWJVO5XRT7CXK
1115_Ir2Ta4.cif,Ir2Ta4,Imma,0.1685092472094496,2.022110966513395,PN_GVVWCOEBOXCCDNTIZ7H7JB5JBLWBPDY3
1116_Al8Pb4.cif,Al8Pb4,Pnma,0.2485274522084513,2.9823294265014155,PN_IEPOCBZKWX5RSYROQYGSNZ24MJX3Q5U2
1119_Al6Pb18.cif,Al6Pb18,Pmmn,0.1724440600109176,4.138657440262023,PN_PNX2D2IHCM65USPPS7TXRWBFSQI243PI
1120_Cr4Rh8.cif,Cr4Rh8,I4_1/amd,-0.0843739375719524,-1.0124872508634295,PN_LPZTZ5QFXTYAPXEYTVZBUMPLNA2TAJAO
1121_Au4Mn6.cif,Au4Mn6,Fdd2,0.1804851735896761,1.8048517358967613,PN_AK4DUBVOLIKYZMYQIFIQ25X3I3EUA2K7
1123_Ge4Br2.cif,Ge4Br2,I4_1/amd,0.1319228939049175,0.7915373634295051,PN_S7I7B3OXSSMQKGJPBEJ7U52VDFESF5EK
1124_AlMo2.cif,AlMo2,Fmmm,2.233849459482612,6.701548378447836,PN_RSR6LOSP22HJPTG76J55SEENJPX3BRPF
1125_Mn4Sn.cif,Mn4Sn,I4/m,0.2246010467999781,1.1230052339998906,PN_MGJ6UOQB6VNZWWTFEXCPFYB5WHBB6Z34
1126_AgAl4.cif,AgAl4,I4/mmm,0.2037868935858093,1.0189344679290464,PN_WHP4LLY4TVTTBXHVZ4F4Y4S6B2MRS4BQ
1127_Ni5Sb4.cif,Ni5Sb4,I4/mmm,-0.0100013788182309,-0.0900124093640784,PN_67XQCQX66CYE4PILFXQT4NSC3AD5PAOS
1128_Al2Pb4.cif,Al2Pb4,Pnnm,0.2678257974993154,1.6069547849958925,PN_FTLD7Z7HPJEX7RVCXLD2VZPU5ZH4GYYU
1129_Ir4Mn3.cif,Ir4Mn3,I4/mmm,0.1284928555570275,0.8994499888991925,PN_UW5MMRAHMFQSG37MY7FIKVRTKLOEGZVH
1130_Cu8Ge.cif,Cu8Ge,I4/mmm,-0.0100629725513914,-0.0905667529625233,PN_2VO6SB5MOOQQBN5RZQDRXRJMT4H5YRSZ
1131_FePt3.cif,FePt3,I4/mmm,-0.1780280041811845,-0.7121120167247383,PN_R7IBW72FBBEKX3U2WKOCHD3S5NVUBGV6
1132_Mn2Sn4.cif,Mn2Sn4,I4/mcm,-0.0217938214707539,-0.1307629288245237,PN_OSZPPIVXUKCED7RXLGX7PDVLQJQITG5P
1133_Fe2Pb6.cif,Fe2Pb6,Cmcm,0.7930030037002895,6.344024029602316,PN_VIQJGNC3YKB2Q6QJ6PHJCCJ3TQMYV3J4
1134_BaIr2.cif,BaIr2,Fmmm,2.783862077291165,8.351586231873496,PN_TLFXAJQRZZ7HBUW6XC7EQSEL267X7YTT
1135_Mo4Pb8.cif,Mo4Pb8,Pnma,0.7113737394934839,8.536484873921808,PN_44EV7HKVT2W5LFZHZ3QKDADKLD7AJOQO
1136_Al4Pb8.cif,Al4Pb8,Pnma,0.1908878355909351,2.2906540270912217,PN_ZNTERSURXNBXTUYMV3OA4XLCCFE366YB
1137_Au2Mn6.cif,Au2Mn6,Cmcm,0.3285969933139405,2.6287759465115244,PN_ZUTJ4SYXU36QIPQTZQKXYQXLUWGYPJFR
1138_AuIn8.cif,AuIn8,I4/mmm,-0.0204696799148749,-0.1842271192338742,PN_ZMNU6DALFDBWVB4JCT7V67HZTQHCKMVK
1139_CrRh8.cif,CrRh8,I4/mmm,0.4461490079536613,4.015341071582952,PN_GWYML7234DUJLR76NPMMVGVFQHYICDO7
1142_Au2As2.cif,Au2As2,P4/nmm,0.2329993076058523,0.9319972304234092,PN_SQSF2BXQLVZ65M6T6G2SA4ZOECGFCF7R
1143_Ce3Sn.cif,Ce3Sn,Pm-3m,-0.5155391190107332,-2.062156476042933,PN_YCYXPVJG3GNIWLRDWMN3XQQF44MXT4AF
1144_Ba2Ir4.cif,Ba2Ir4,Fd-3m,-0.006348404294106,-0.0380904257646363,PN_U3FDCQG2WDPSQJAPJA7SCD6HVRRBGUAQ
1145_Fe8Pb4.cif,Fe8Pb4,Pa-3,1.0841797110529658,13.010156532635593,PN_2HP3K2H5BGH23LZHOH4FOCMS334P2Y7I
1148_NbI.cif,NbI,F-43m,1.049989155341601,2.099978310683202,PN_RGWZZ4GZG32RMZSGT6RWG4GDIROW46OX
1149_GaPt3.cif,GaPt3,Pm-3m,-0.4503010499927162,-1.801204199970865,PN_LUBCUZPKHWFU2F35BSTXTREWJ72SFEMM
1150_NbBi3.cif,NbBi3,Pm-3m,0.471062909762173,1.884251639048692,PN_GZEL4O4XERBHZRR7WCEACRDATV6USVXP
1151_K2P2.cif,K2P2,Cmcm,-0.4163686881296446,-1.665474752518579,PN_KBU6GHLFFQ3TNIHZ7YF37S2GSZ5JDV77
1152_AuCu3.cif,AuCu3,P4/mmm,-0.0003989963805692,-0.0015959855222771,PN_6BZJORO57RON67UNY67HHXMQGKTBC3D4
1154_Ca3Pb.cif,Ca3Pb,Pmm2,-0.3742175042414386,-1.4968700169657545,PN_CVXM7Z3RN62S2E34LQQL47GQNH74GGW2
1155_Fe44Mo2.cif,Fe44Mo2,Fd-3m,0.2030259481731812,9.339193615966336,PN_S2DGXZWEORDNV6GH7FAGGCW6A5SB7CPS
1156_Cr4Nb2.cif,Cr4Nb2,Fd-3m,-0.047242148869607,-0.2834528932176425,PN_ELQ67WY264YSQCTCPHESWACVGQS3I75D
1157_NaPd2.cif,NaPd2,Immm,-0.0431735977720085,-0.1295207933160256,PN_WFYNYPILRMDRI3PASDYXVSTUUYFPOCHM
1158_SnW3.cif,SnW3,P4/mmm,0.5108634037715429,2.043453615086172,PN_KR47PKXBJAQ4ZYWLDKBYNN75XFB4BMKW
1160_AuMo.cif,AuMo,F-43m,2.2015380882334377,4.403076176466875,PN_4ACI6UZDHTT2RZ6VCFUM7H2IRDDOCOPU
1161_Fe6V4.cif,Fe6V4,Fdd2,-0.0192158893058021,-0.1921588930580213,PN_ENAKBWWP3NKGXO6GZRH4IXR3GDUMU3FI
1162_Mo3W.cif,Mo3W,P4/mmm,-0.0041970000888422,-0.016788000355369,PN_V7KONZPNZT5UACLRHFO47PTZPZ7SCXUV
1163_Ba4Cu2.cif,Ba4Cu2,Cmc2_1,0.0391115110717175,0.234669066430305,PN_6M7TRF7R6P4V6X4YTCVDKWYS2QONVX4W
1164_Nb10Ge6.cif,Nb10Ge6,I4/mcm,-0.6144382601361036,-9.831012162177656,PN_MEVZ3NUHG6ULFGPOT357WUFOLYOK2SCJ
1167_Pb5Sr24.cif,Pb5Sr24,I-43m,0.0469595991761585,1.3618283761085976,PN_3LUBMW5OOP3MWPESLID56NRTTACS3Y2A
1170_Mo2P6.cif,Mo2P6,Pm-3n,0.0578274049284992,0.462619239427994,PN_JAFYUXK7KACHRCJ7CADKWDFUYEVBFCP2
1172_GaP4.cif,GaP4,Im-3m,0.6351338889906983,3.175669444953492,PN_QXPYJ4K3OHRW2CKTNQ2HHWEGHRR6AKWK
1173_PbV4.cif,PbV4,Im-3m,1.736418693171305,8.682093465856525,PN_S63FTGDLLLSGJAVNVNTBZMKHLLP3UXO2
1174_Ba5Pd.cif,Ba5Pd,Amm2,-0.0416080374204114,-0.2496482245224687,PN_JZ3FQUGEMXXKZ2N3JUOZFUR2AHRZUPB4
1175_Mo2W2.cif,Mo2W2,P4/nmm,-0.0002653883724654,-0.0010615534898619,PN_67JOFEBFALYCNXKAM4USWOIDZYE2IDXR
1176_PAs5.cif,PAs5,F-43m,0.7699399335684985,4.619639601410992,PN_NYYUD3Q6XKQXBHZDXGSJ5G4ZYTYKDI5B
1179_Mo3W.cif,Mo3W,P2/m,-0.0004325140166905,-0.0017300560667621,PN_UKHJO4BR3A6YG6NG4QUS2EWHTETX7UY4
1180_MoPb5.cif,MoPb5,Amm2,0.463974806041629,2.783848836249774,PN_UIZYUB5RH2VK6AKXPBXIGTA7HVSUVHKN
1182_K3Sn.cif,K3Sn,Immm,-0.0495743689624823,-0.1982974758499294,PN_OK6JKCLPDNKOOAS6ZUMK37AJ2D42S7P4
1184_AsBr.cif,AsBr,Pm-3m,0.606413846195041,1.212827692390082,PN_6XHI5TF2YXJOFX6LOQKTWBQP4D4YLEPS
1185_Ag6Al2.cif,Ag6Al2,Cmmm,-0.0471502445581117,-0.3772019564648943,PN_GHVGDQF4TMHX4TLF2SR3LEMEY5GQFJO6
1186_AsBr8.cif,AsBr8,I4/mmm,0.0085100131908456,0.0765901187176112,PN_YTH3JZSO2IP2RNLZ5XQFOYQFT3XFY2LU
1187_Ca6P2.cif,Ca6P2,Pmmn,-0.6035213080755142,-4.8281704646041135,PN_WGSYUU5V47EGUTQVQQJXRX7W5SBYCKQ2
1188_CuBr3.cif,CuBr3,Imm2,-0.1813563709530927,-0.725425483812371,PN_PWPOPWIYW3YZ42DHBB63VMU5MIEXAUHF
1189_Pd2Sb4.cif,Pd2Sb4,Cmcm,-0.2272682943687858,-1.363609766212715,PN_JOBYC7WMAFGWFN6RGOMN6MKZ2743PIXD
1190_CrNb.cif,CrNb,Fm-3m,0.9536186859240008,1.9072373718480016,PN_IQCKMN7VJITANF6ISJ3XWW4SOQUTPK6P
1191_Ge8I32.cif,Ge8I32,Pa-3,-0.4877157299122451,-19.508629196489807,PN_MEDLLQTGTVFPOTD5F7PH4SD44CRJOVRI
1192_Ag7Al3.cif,Ag7Al3,Amm2,-0.0400596366406151,-0.4005963664061518,PN_5QA3QQOP7D7ZRYMETQ5AMTMOBEG7EXMY
1193_MnSb8.cif,MnSb8,I4/mmm,0.1924240153271862,1.7318161379446764,PN_IDMG5M5EVWBUUBEZSUA355A6MIFJLZXN
1194_Ag5Al3.cif,Ag5Al3,Amm2,-0.0629852474614018,-0.5038819796912151,PN_NMGVR75NVHQ462JEFKVDDE6JBITBUUEL
1195_Ba4Sb2.cif,Ba4Sb2,I4/mcm,-0.7672871561808551,-4.603722937085131,PN_ITUKMVDZJTJ4FVQZ2NCFB7X3LME7LZVZ
1196_KGe3.cif,KGe3,Imm2,0.2462290881116402,0.984916352446561,PN_LQQSQ4WKPDRP3HM3GBXCMJ22W3GWBXMU
1198_Pt10Sn6.cif,Pt10Sn6,I4/mcm,-0.2581695353379691,-4.1307125654075065,PN_PLJJQQ46TOCNJ3GDKW7TQSG3MBP3LECF
1199_K4Ni2.cif,K4Ni2,Cmcm,0.6744503580154383,4.0467021480926295,PN_QNPJ76CZHO4GNQUMXUWBS2F3W3YYZLGM
1201_PdTa4.cif,PdTa4,I4/mmm,0.7824558231776578,3.912279115888289,PN_LWDKZPKGQU6NHVGCDT6ZXDTUHAWVKFDJ
1202_BaCu5.cif,BaCu5,Amm2,0.1611099610981305,0.9666597665887836,PN_XQ3MRTC4JWJUD4DPCQT4SVQXJECI7OKX
1203_PdW2.cif,PdW2,Fmmm,0.0761774245930648,0.2285322737791943,PN_EV3ON6RD7BS5FX5FQDIDRPAWALME2MNY
1204_PAs3.cif,PAs3,Pm-3m,0.6237256083686127,2.4949024334744507,PN_YGLJ6G4HOELG7SPSH6SNSSHHID7BQKQM
1205_K2Ge6.cif,K2Ge6,Cmcm,0.180561388428706,1.4444911074296485,PN_HM7DAVKFDTLDFS2FITPPOOJDI4BV67MZ
1206_Ce4Ge4.cif,Ce4Ge4,Pnma,-0.9901764428373054,-7.9214115426984435,PN_GGXNJB7KVDFY553LKHXISIBJIZ4LPDI5
1207_W16Sb4.cif,W16Sb4,I23,1.0332184323450888,20.664368646901774,PN_6DHPN2UQ3FYXOVW7JVX5QTCS6HKK67QO
1208_Ag4Al.cif,Ag4Al,Immm,-0.0270003615448651,-0.1350018077243255,PN_CYLOVPWUQFQPHOKZPYPNZ5SZXB4MJFGE
1209_In2Ge2.cif,In2Ge2,Imma,0.1434853874473254,0.5739415497893017,PN_BJRAJFOADOTGVTODWI3XVUYRM2Q24PLS
1210_PbSb.cif,PbSb,P4/mmm,0.0827676745746988,0.1655353491493976,PN_TNGZW3FLVPLNXUZ765TXK77IY6YSONCU
1211_Ir4Ta2.cif,Ir4Ta2,Imma,-0.1304702171536978,-1.5656426058443742,PN_4UZW33TJ3VG6UFEBMCUMUEELT3C4RTD6
1212_Al9Sr5.cif,Al9Sr5,R-3m,-0.2739927291874911,-3.835898208624876,PN_SH375RZO3Z4WSLCMHMMH464EIOJT3LLZ
1213_GaW3.cif,GaW3,P4/mmm,0.2057357064825211,0.8229428259300846,PN_OGMKHEKKJZHGZDGVCGFHHWOLU7SYXF7M
1214_Ag3Mn.cif,Ag3Mn,I4/mmm,0.1560579519535476,0.6242318078141906,PN_3HZDL2WNAGQZFJB74ZWL3LVJKAIMSCCC
1215_Pb16Sr4.cif,Pb16Sr4,I-43m,-0.0826897159433492,-1.6537943188669857,PN_5TGCEJX2STE423MHVQUJ3MWYE736OUWI
1216_Pt4Sr2.cif,Pt4Sr2,Cmcm,-0.413395828067897,-2.480374968407382,PN_PWJZ4TV2IJDDBM7BMHQC4IQS4Y7C6QOR
1217_Ba4Cu8.cif,Ba4Cu8,Pnma,0.2957104055890719,3.5485248670688634,PN_RKZBXWQKXB35DT7LJAHMBHFUXIJ4GCTC
1219_Ba4As.cif,Ba4As,I4/m,-0.4649167621253038,-2.3245838106265198,PN_EIRH7FF5YY3ZUPOUO243WMGEZX4SFCJR
1220_Mo3Pb.cif,Mo3Pb,Immm,0.507330070879302,2.029320283517208,PN_XK6ALBLE3TJ5SFY6UHNO3WTHAVB3EXO6
1222_Al2Cu.cif,Al2Cu,Fm-3m,-0.1791318434967745,-1.0747910609806477,PN_5AFJN5CTXMHX2XXIVV64ZLR5IT6OTMWH
1223_Na3Pt.cif,Na3Pt,I4/mmm,-0.0569240620067024,-0.2276962480268096,PN_ZXP2R4BUVT2APW6DAHL74V53GC232R35
1225_Ag4Al.cif,Ag4Al,I4/m,-0.0484028888270259,-0.2420144441351297,PN_RDEY3M7GD5YDUYTKALHJYWM6LE6NZBSR
1226_Mn2W6.cif,Mn2W6,Pm-3n,0.1105672566669202,0.884538053335362,PN_PHN7LKWNPTDNBTFFDNULGBYYW4J4T33T
1227_Mn2V2.cif,Mn2V2,P4/nmm,0.0580102388124679,0.2320409552498716,PN_XHKWY63DIXJVJ3LW63OYU2JZPHN74W77
1228_Nb2V6.cif,Nb2V6,I4/mmm,0.1581114690204579,1.2648917521636631,PN_VI6RKDTPWJFJ6JVFNPC5MOPAR3FV6QVS
1229_Mo5W.cif,Mo5W,P4/mmm,0.4296285247493069,2.5777711484958417,PN_3EG3T2L5TGR3AA73ZGOYIQUXLUMNFPLM
1230_AgMn4.cif,AgMn4,I4/m,0.4837143497390969,2.4185717486954843,PN_XMAB4NB45E5N2MMK3VXE6QBKJBZO4HLS
1231_Pt7Sb.cif,Pt7Sb,Fm-3m,-0.1560119826484634,-1.248095861187707,PN_A5RY7JNCWTFMQMDV6HWITJLOVP5W5DZI
1232_Ba2Ga2.cif,Ba2Ga2,Pmmn,-0.0618128052502804,-0.2472512210011217,PN_QFSS7HJJHEDVZNYBB6MTEGTGKK67V5GR
1233_SbGe3.cif,SbGe3,Imm2,0.3208394111207813,1.2833576444831252,PN_FUMQBALNFG3VBPHYDXU436JNPVDJ3KWP
1235_Ag2Ge4.cif,Ag2Ge4,Pnnm,0.2981145380044309,1.7886872280265855,PN_K5DGGFR6VIGFR5XI4QZJHOCKL4GZTS4J
1236_CaNi5.cif,CaNi5,P6/mmm,-0.1309344261631579,-0.7856065569789479,PN_KPC7C2KA2NDELLZSGDQNTSBVRWGXDCFK
1237_Cr2Ta2.cif,Cr2Ta2,P4/nmm,0.0607414872424509,0.2429659489698039,PN_35ZYSAGZ4HFGEZDCHOAKDOZIA7K2QSVZ
1238_Ba2Sn2.cif,Ba2Sn2,Pmma,-0.6111419105514235,-2.444567642205694,PN_7OMHGOWPFWON3HUMYNDLLXWOM7WWZ55I
1239_VW3.cif,VW3,P4/mmm,-0.0782328929197611,-0.3129315716790444,PN_F5JOSPEBUVLJK2TQCY4IVTR7SHL5Y74M
1242_Ag2Ge6.cif,Ag2Ge6,Cmcm,0.2741174677480242,2.192939741984194,PN_V2ATMSNCIYDZFYTQC7JS75LOVUYE3IVP
1243_V10W6.cif,V10W6,I4/mcm,0.2820367812171813,4.5125884994749015,PN_45433LCBVR6VSINARMDERZZGO2ZNBAVQ
1244_P17Br12.cif,P17Br12,I-43m,0.0963308127641721,2.793593570160993,PN_QX62QL3KNV33JRZSQSOOABXY7ZWBPRJS
1245_Al3Cu5.cif,Al3Cu5,Cmmm,-0.2072909856782967,-1.658327885426374,PN_5X3LU6L2QKIMOPXDRANR2XZVFIIOIG26
1246_Ba2Ga2.cif,Ba2Ga2,Cmcm,-0.3509398047293142,-1.4037592189172567,PN_T44MMSZOQVU6SK3SZ5TK6GEEM3YIB2F6
1247_Pd2Sn2.cif,Pd2Sn2,Pmma,-0.4222715211301207,-1.6890860845204827,PN_IQAWJAPXFWN66N3PC7VN2565JBOBKPGC
1248_AuNb3.cif,AuNb3,Immm,-0.0157210614419369,-0.0628842457677478,PN_Y4D3NP4UNKVBFXUDG7IYCBE53OQ7INMA
1249_Ag2Mn.cif,Ag2Mn,I4/mmm,0.2204605998716194,0.6613817996148583,PN_CFYDZJI4U5BYPLZTECN2D45OKQM75LRR
1250_Ba3Ir.cif,Ba3Ir,Pm-3m,0.0420704712902604,0.1682818851610417,PN_WM35IACOIZXIAVTSUDSAQETGQE7YHBCG
1251_Cr16Nb4.cif,Cr16Nb4,I23,0.5503360172435151,11.006720344870304,PN_YGX2R74B2D4E4FSJDYFUXPCVQPBUFAZT
1253_P8Br16.cif,P8Br16,Fd-3m,0.5215730473216924,12.517753135720618,PN_2F4CHJU6PBOCEXUTTXJLHXUDJ6UIGS3K
1254_Ga4W.cif,Ga4W,I4/mmm,0.5111326559478918,2.555663279739459,PN_YEVWGLV7CTYSIY47UNKRVIRC2EMNDGX5
1256_Ba6Ir2.cif,Ba6Ir2,Pm-3n,0.3878091569580264,3.1024732556642114,PN_ULDZNGE3BMPET5TCZUXDZKK24HVA2FTC
1257_AgBr3.cif,AgBr3,Cmmm,0.0322776735988974,0.1291106943955897,PN_HTPAZKDNVC4N3SSQNAT7WUKVFPWCRDWE
1259_KP3.cif,KP3,Cmmm,0.5600689693530976,2.2402758774123903,PN_4IVZHX2KOE5GNQXDZ4HYOVQ7QT2HMTSK
1260_FePb3.cif,FePb3,Pm-3m,0.8225211552662088,3.290084621064836,PN_HEWZVOUFAB7DB5BEFUGZGYTQK7HKYHRR
1261_Cr6Ta18.cif,Cr6Ta18,Pmmn,0.2735172897114353,6.564414953074447,PN_CSS44N6JW25GTRBSBLSGEUCCFDIFXHYV
1262_Ni2P4.cif,Ni2P4,I4/mcm,0.0238628367824442,0.1431770206946652,PN_YBTJWUTZAIP2MFC7IOOVRYQ6N7YKUJFE
1264_CsNi.cif,CsNi,Amm2,1.2031352450911528,2.406270490182305,PN_DUP6CZSNYOVQQI2AMB4CLMNGMNG6HTE4
1265_Mn5Sb.cif,Mn5Sb,P4/mmm,0.3337874259315647,2.0027245555893884,PN_TL4ZCXAPVW2WCC2PHVOBDDAELOTX7N6S
1266_Al2Rh2.cif,Al2Rh2,Cmcm,-0.8673376400270163,-3.469350560108065,PN_TZQIZSEO2FXCC5V5N2HXI7NTKJ52W3W6
1267_Ca3W.cif,Ca3W,P4/mmm,0.735085956096504,2.940343824386016,PN_HM2K7UMNX3VM6PSGRDP6NAUFUFF2CN2M
1268_PdSn3.cif,PdSn3,Cmmm,-0.2541301370193132,-1.0165205480772528,PN_55EOFQ5TRRIUYPTQM5AZLBNODXXVQ4EV
1269_Cu2Sn2.cif,Cu2Sn2,P4/nmm,0.0571521049419954,0.2286084197679816,PN_PPP43U7VOKBEAAJAHS6WY2UALUA5OBGQ
1270_GaMn3.cif,GaMn3,P4/mmm,0.0619946859989424,0.2479787439957697,PN_RED63V54YNZVJXX2VJZC7UWK53EHAICR
1271_Ba6Ga2.cif,Ba6Ga2,Cmcm,-0.07673025911448,-0.6138420729158405,PN_QRVSPZVIZ75YEWNBHOP4UWMR2X3SOBH5
1272_Ag2Mn4.cif,Ag2Mn4,I4/mcm,0.6947248627524445,4.168349176514667,PN_74EMTCLQSIP7SKQKBIM6G4XGQKKGHJLA
1273_Al5Sr.cif,Al5Sr,Cmmm,0.0170560447700485,0.1023362686202915,PN_FDIL2VHNQLST27HQ3XG6KXKSO5AKDYO6
1274_Ca2W2.cif,Ca2W2,P4/nmm,0.4891521987122589,1.956608794849036,PN_O5UWRQQVHOIXX7KEZVAGQ4Z5JIOV2QPY
1275_Mn3W.cif,Mn3W,Fm-3m,0.0958503255778993,0.3834013023115972,PN_OH4AESBOWSK4ZN4O5ZXFO6XOIFA4ZIBD
1277_CrNb3.cif,CrNb3,I4/mmm,0.2586689314898542,1.034675725959417,PN_5ARJLY23VTW5UDDWRE26G57NTXVCSMRY
1278_MnW3.cif,MnW3,Pm-3m,0.4059069997705169,1.6236279990820677,PN_6FIMRQIQ7SUPNC6HJVNCYTDMAZDPGEC6
1279_Fe17Pd12.cif,Fe17Pd12,I-43m,0.6157757955179565,17.85749807002074,PN_WB7HFRHKNSY7H7HL4WBAW53QOHJ4ELEU
1281_Ga8Pt16.cif,Ga8Pt16,Fd-3m,-0.3592429540116804,-8.62183089628033,PN_4Q7LC74XIJGFTWNAIWJJKUNUY6HVX3SQ
1283_Cr4Nb4.cif,Cr4Nb4,P2_13,0.3977030851031742,3.1816246808253936,PN_FYYXOKZAYRH6H4EWNHTW7MGV6AO3KZUP
1284_Ga4As2.cif,Ga4As2,I4/mcm,0.1240833690026974,0.7445002140161847,PN_2CCY3KOL4P2PIH4R67LVY6DQJS7YN46R
1285_Ta2V4.cif,Ta2V4,Cmcm,0.0447167169141889,0.2683003014851337,PN_BK3R3RRT6XRRNKFGYR7KOYJAVKQZUS6J
1286_Nb3Sn.cif,Nb3Sn,Pm-3m,-0.1626790395041961,-0.6507161580167846,PN_TOO4UX3CKUKAKJKY6T3K4QGMPBPRRZDW
1287_FeIr3.cif,FeIr3,P4/mmm,0.5584664826945129,2.233865930778052,PN_CTJYMRXDWKHRESK47DIRNV7HFC67OJX7
1288_Bi16I4.cif,Bi16I4,C2/m,-0.1405454727266878,-2.810909454533757,PN_DFGS36PCQX2KVDGZ2SUOEQK4DH4EF2QL
1290_Al5Sb.cif,Al5Sb,Cmmm,0.1330706441740492,0.7984238650442954,PN_F74DDMUZ7PONGUEBWFJ2IPCEFGDVR3XT
1291_CrNb2.cif,CrNb2,Fm-3m,0.6005480090209071,7.206576108250886,PN_NUBSXAJE4CKLYQUDUVM2MWD57DIIOXJN
1292_Au3Ir.cif,Au3Ir,Immm,0.3039893633854751,1.2159574535419004,PN_TCYU4ATM3ZEP43O7VOXY6PUP2USIJ4W5
1293_Au3Ga.cif,Au3Ga,I4/mmm,-0.0748055552389126,-0.2992222209556505,PN_A2K7EE5NZBJ4CESNRNETIK7E5GT4EQ77
1294_Pt3Sb.cif,Pt3Sb,P4/mmm,-0.1219302696641104,-0.4877210786564419,PN_Q6VITY4O3JZBQWYZWZRYA2P5T3UV4TNJ
1296_RhU.cif,RhU,F-43m,0.4548304180968863,0.9096608361937726,PN_ZSE2PYMVGKPEMJERK6LFIYUADVJ72APG
1298_Cr2Na6.cif,Cr2Na6,Cmcm,0.6015848251485396,4.812678601188317,PN_DRXHH4NOFOI64RTWLK65N6UEY5DDFU54
1300_Al2Sb4.cif,Al2Sb4,Pnnm,0.0344713044585702,0.2068278267514216,PN_AVOCGYWGK5IUARDK4I6MCE7V222WWGXK
1301_Ir2Pb4.cif,Ir2Pb4,I4/mcm,0.1596593003387981,0.9579558020327889,PN_USBIK6NBGSTJRKUJWMX2ZN3PE2ED74AO
1303_SrAs3.cif,SrAs3,Pm-3m,-0.6826751140489415,-2.730700456195766,PN_TBCBRYV5S7S4DJVFAKO7GNDQINFVLJUS
1304_GaW2.cif,GaW2,I4/mmm,0.1380785238708952,0.4142355716126857,PN_ZDS4B465BNNOPFAIUI7CKUZJVSEGCFWE
1305_Na6Pb2.cif,Na6Pb2,Pm-3n,-0.1263341472736097,-1.0106731781888776,PN_TIBC5I7Q7GJSSSYJFVLJEQDOHJFMJVQP
1306_Fe26Pd2.cif,Fe26Pd2,Fm-3c,0.3245601126779028,9.087683154981278,PN_IDUJ42UHSFZTQ3EP43OFIY2LXN44OTJT
1307_Ba2Sn4.cif,Ba2Sn4,Imma,-0.5594160073734505,-3.3564960442407035,PN_BZUMHTJGKSPL7OOU4TKMQG2H7OUKMJ3K
1309_Ag4Mn2.cif,Ag4Mn2,I4_1/amd,0.5553655597303203,3.3321933583819217,PN_CMHYS6ATFANPLPJ4DORAL67S6UH73KZ3
1310_FeW.cif,FeW,P4/mmm,0.1734095909487258,1.387276727589807,PN_2HACZL44Y3STXDUTZZTQKAIWM7J76GTC
1312_Sn4W.cif,Sn4W,I4/m,0.4976734814005475,2.488367407002737,PN_RH7TWNF3HK3YDC6LXE7DYLCGC2FDTWY6
1313_Ta3V.cif,Ta3V,Cmmm,0.2921233851410409,1.168493540564164,PN_YXXWBKBUMYHJ5BUPMFDBKSHSJYYPVXOA
1314_P7As.cif,P7As,Fm-3m,0.7665221907047712,6.13217752563817,PN_5DWHAUCTUGD3HHJR5ZPDITO4A3XO7BCT
1315_TaGe3.cif,TaGe3,Pmm2,0.2141826952026813,0.8567307808107252,PN_ZMTLHVJGTFICU7CT7LIN2EX6STBB5IKO
1351_Fe4Pt8.cif,Fe4Pt8,I4_1/amd,-0.2230040031542503,-2.676048037851004,PN_QKGUHLXS3KWBUVOWLDQFJTM3GJWEF3J5
1352_Ni2Sb4.cif,Ni2Sb4,I4/mcm,0.0233909646702888,0.1403457880217331,PN_S2O6GA5MWLJTYXKW5MVDXQFQE4TC2HV4
1360_Pt2Sb2.cif,Pt2Sb2,P6_3/mmc,-0.5598253645688853,-2.2393014582755413,PN_4HRN57OW7MD547QQW6OPULXTXKZM5QUS
1361_CuPb.cif,CuPb,P-6m2,0.3462815846160936,0.6925631692321872,PN_B7AZVVPIWB36CWKPV5JMAB47XODGXP6L
1363_Ca2In2.cif,Ca2In2,P4/nmm,-0.1173949604676822,-0.4695798418707291,PN_YCM475W2733RBHJMHP4GZQEKWGLKEOM6
1364_FePb3.cif,FePb3,Cmmm,0.9185793676251812,3.674317470500725,PN_GCZKU4WQFHMDA5SIJ5MY3HDAAXLUAFBK
1369_Cr5Nb24.cif,Cr5Nb24,I-43m,0.4282415165249063,12.419003979222282,PN_4ZDMU7MQWDYEPK2OPR76HSHGXDJA4CHL
1378_Cu18As6.cif,Cu18As6,P-3c1,-0.0680231611870526,-1.6325558684892627,PN_AODZOSIYIG5Z2SGN6AH7YJZOPNA3OQQX
1381_In2Mn4.cif,In2Mn4,Pnnm,1.087186877735301,6.523121266411806,PN_QWWLENW7ULYBCCIK35KTMKFCZLEGXISL
1382_CrPt3.cif,CrPt3,P4/mmm,-0.0451815759747766,-0.1807263038991067,PN_Y2AVMGHQJXXQMWQINCHMDHU6CPFVD5TI
1387_Fe8Na16.cif,Fe8Na16,Fd-3m,0.7667905908766114,18.402974181038672,PN_UPPAUIQWTMVTUBHSC2NIEYA57MNXK2IK
1388_Cu2Ga4.cif,Cu2Ga4,Cmcm,0.0349927688044265,0.2099566128265593,PN_CGBJ6B46QLR766MCVOOL5F23L7FDPJZ3
1389_Ga2Pt4.cif,Ga2Pt4,Cmcm,-0.3798569394426714,-2.2791416366560284,PN_WDOTKEAPLU3OPXJCNKI6RO2IC7XFQJLR
1390_PdTa2.cif,PdTa2,I4/mmm,-0.0609986808037371,-0.1829960424112116,PN_CQ7GM5O6FTP7EPX4VJC5ONMEGCCYAMR4
1391_GaNb.cif,GaNb,R-3m,-0.1452180837217334,-0.2904361674434668,PN_IMIDRHD2NYOBNOSC4DZIANDFVJESEWTW
1396_Cr20W10.cif,Cr20W10,P4_2/mnm,0.1884869986014261,5.654609958042784,PN_BEWI2OF43NHYMZLUOALAQME6XPIPYBWL
1397_Ga2Nb6.cif,Ga2Nb6,Pm-3n,-0.1994136748875981,-1.5953093991007847,PN_COLN3DCXE234RZWJVXLZFKIVA36OTGKO
1399_VBr2.cif,VBr2,I4/mmm,-0.4096795574544997,-1.2290386723634992,PN_APWH6U2UMW6ZNV75WUTYBF4T4MOKD4PI
1400_Ir2Na2.cif,Ir2Na2,Pmmn,0.2327297864083446,0.9309191456333784,PN_RZJHCEZW567NRTGPNRSB3CFDVNZ7P4QF
1401_PaSn.cif,PaSn,P4/mmm,-0.5566716627841606,-1.1133433255683212,PN_W7CWQ7X36CRCLLZOA5CNSDPQYLRH5OYQ
1405_Cu2Br2.cif,Cu2Br2,Imma,0.0045894584552015,0.0183578338208061,PN_QWDZ4S2HR6G7CFAMQO5HV55ITL3HQ25N
1407_Au4As2.cif,Au4As2,I4/mcm,0.3492469345038422,2.095481607023053,PN_ZUIG5KDIA325D4OVDQ5TZHK2XEBA7DIE
1408_Cu5Br.cif,Cu5Br,Cmmm,0.2437103675173967,1.4622622051043803,PN_5VMOFSHIV4SXOFHOMN7JLQYJGN3KLFCN
1409_K2Na.cif,K2Na,I4/mmm,0.0087589688820123,0.0262769066460371,PN_YIVQVE3YXYKAMGMFP3AN5ZWE4ZJJVS4I
1410_Mo2W4.cif,Mo2W4,I4/mcm,0.6719375937229822,4.031625562337894,PN_M5M6352DJXYR3YHPVHVLX2GBYR2FCN3M
1411_FeK.cif,FeK,R-3m,1.3241645138926663,2.6483290277853326,PN_5RUPWP6DP4WBGMFMYSC4YLJDDJWMDJQI
1412_Nb2Pb2.cif,Nb2Pb2,Cmcm,0.4433461486233714,1.7733845944934856,PN_PHWHOXQ3WT4NOTY2WLMTJ5QMAQS4O3XV
1414_Mo4Pb4.cif,Mo4Pb4,Pnma,0.9888519019726364,7.910815215781092,PN_W245Q2HWZKFYXZXUQ6RNCHNASLULTNR7
1415_Cu2Ge6.cif,Cu2Ge6,I4/mmm,0.2952457794634711,2.3619662357077686,PN_DVKQBRJMHJ4LTVLTK4H5LNRGKYVARO7U
1416_Mn2Sb.cif,Mn2Sb,I4/mmm,0.1825550662347351,0.5476651987042054,PN_UZV6ZLDWS6GXJXH4YBK7FO4ZWSLBXEOX
1417_Ag4Al2.cif,Ag4Al2,I4/mcm,0.0167224435327266,0.10033466119636,PN_TF6RTJBJ6JCPBCSAUZICEBEWIXZDZRJG
1419_CaCs.cif,CaCs,R-3m,0.2514498412173807,0.5028996824347614,PN_FVDVT6MA3V3EPV2HYYJOP6V5Z5TWWYIK
1420_In2Ta.cif,In2Ta,I4/mmm,0.3123895790519941,0.9371687371559824,PN_IIOFEJ5KQFXTSNVSYUXQU3DULAYVAKNX
1423_Pd12Sb4.cif,Pd12Sb4,Pnma,-0.3704102548060044,-5.926564076896071,PN_5TZ4KIG3INZKCFTGTDUAOCRSCCYN4JGW
1424_Mn6Sb2.cif,Mn6Sb2,I4/mmm,0.1532675726229939,1.2261405809839516,PN_XRXHTMNKLTUV4IB5TYX2RJ7KXEUUUV6H
1425_In4Sn2.cif,In4Sn2,Cm,0.003060684052329,0.0183641043139743,PN_ROOJUM5WY4XEB7TPYMWDUGMZJLUTLYPE
1426_Ni3Sb.cif,Ni3Sb,I4/mmm,-0.1358773065812233,-0.5435092263248933,PN_VLWDYJRVFLB52UQ7QXYLH6P6UFOLEJT6
1427_InV.cif,InV,R-3m,0.4022346652563175,0.8044693305126351,PN_HUE3XBNS4HCOKPNEXYQKY6UANQEOMBWV
1428_Ga3Br.cif,Ga3Br,Immm,-0.0668485881833467,-0.2673943527333868,PN_5HP7EUKLUWPFEC3M57JNF47XH4PU5UJJ
1429_BaCu.cif,BaCu,Immm,0.1183265687375136,0.4733062749500547,PN_OAT3DEPXUYN4JPTOUWVKSY6NQNZPGBYL
1430_Ba2Br.cif,Ba2Br,I4/mmm,-0.9593332803697492,-2.877999841109248,PN_6KZONBACE4DHLGS6GZZ2KQHG6NSN5RC5
1431_Pb2Ta2.cif,Pb2Ta2,P4/nmm,0.3806331488239092,1.5225325952956368,PN_USUJCD47AJSGKZJWDL2EBGY3RD7ZV24Z
1432_Cr16W14.cif,Cr16W14,P4_2/mnm,0.1711127888080928,5.1333836642427855,PN_EWIGCLN3MWAXMA3RW3R5DLNIYACLMN3E
1433_Cr12P17.cif,Cr12P17,I-43m,-0.0830506357085518,-2.408468435548002,PN_ZK6ZBKQNZRUZY2BGBVCD7JOCV6Y5P33T
1435_AlFe.cif,AlFe,P-6m2,-0.2410192208620589,-0.4820384417241179,PN_L2VDG4SAVUIRPZEUGPMMR6YJAKLKIKXX
1436_GaP.cif,GaP,R-3m,0.3845919851814665,0.7691839703629331,PN_OGIUFORYAO5HGYZHYB2I33QOO4DREZWT
1437_KNa3.cif,KNa3,I4/mmm,0.0243309260970867,0.097323704388347,PN_RNS3HTQ7L3YJNPZOCQ42TQDW6O4XUUFL
1438_PbTa3.cif,PbTa3,P4/mmm,0.2290332506804056,0.9161330027216223,PN_PCBMWVJUBLDE624KAPJF7OQTFUKDSF7U
1439_KI.cif,KI,R-3m,-1.585149885067622,-3.170299770135244,PN_H4E2VQAEWYAOGWZWIWZPU4RB2JJG3GVL
1440_BaCu3.cif,BaCu3,I4/mmm,0.4070886445157522,1.6283545780630089,PN_PNRG4OTG4MFTHIZF6GJIEVV4CHUEF66A
1442_Pd4Ge2.cif,Pd4Ge2,Imma,-0.003291648050693,-0.0394997766083164,PN_PSWYURJZWSNEG3WSZNC3V6ZQZRIANMAC
1443_Au5Nb3.cif,Au5Nb3,Cmmm,0.0112431867626598,0.0899454941012791,PN_I3QRS2LC2WUK4VWSWI2DNCDIN7J2XABJ
1446_Fe2Pb2.cif,Fe2Pb2,P4/nmm,0.2944677495223846,1.1778709980895383,PN_W5HVZGX462TB3IGXNFD37GIMPMQQJRWX
1447_PtV3.cif,PtV3,Cmmm,-0.2197814555382198,-0.8791258221528793,PN_L3GSYMIB3ZRFKKD5NDKXNMEGCUC6D3PF
1449_Pb4V.cif,Pb4V,Im-3m,0.3160382440149568,1.5801912200747843,PN_YKMGVIPK2WX4RRTIIARJ5WCJPEODEJCV
1450_PbI2.cif,PbI2,P-3m1,-0.7771972389298755,-2.3315917167896263,PN_HP25BDSCMOPU2K5JLYVW6JHVU2KXZPDP
1451_In3Br3.cif,In3Br3,Cm,-0.617555666652034,-3.705333999912204,PN_ZNN3DVS3RXZXOGQPVJDJQXRDLNMYBTIE
1452_Na3Pd.cif,Na3Pd,Imm2,-0.0211022296641258,-0.0844089186565035,PN_6YEWYJT5UOMHJWTNUT2QSV4CKI5KEFLI
1453_Al2Sn6.cif,Al2Sn6,Pmmn,0.1020939395614122,0.8167515164912977,PN_66SJ7J6RJQFIJQZJUHAIKN733HGGWPJM
1454_SrBi.cif,SrBi,P-6m2,-0.630477073737969,-1.260954147475938,PN_6XYDZR5UMMKBQRI7K2K3OFGVL5CXQO7O
1455_Ir4Na2.cif,Ir4Na2,Pnnm,0.7132981850153968,4.279789110092381,PN_BLIMSQYZHCB5QC6TV2EI7RVRCKNCEW77
1458_CsW.cif,CsW,F-43m,-11.82074013651485,-23.6414802730297,PN_EYTS4GIAG5PCRR3PDFTEFU4TATILUMSF
1460_Pd2Ge4.cif,Pd2Ge4,Imma,0.1011663982781095,1.2139967793373143,PN_L4VLEX5AUJX63TCL6Q73RL7NEZK6IB3T
1461_P4Br8.cif,P4Br8,Pa-3,0.1761227743372254,2.113473292046706,PN_VAF3Y5OYSYZBYOL2GMERIJ4KSTZY64NW
1462_Cr2Na.cif,Cr2Na,Immm,1.0064532429628876,3.019359728888663,PN_NARFLNNKBK3KK6JAJHKF55MY2BUM5XPT
1463_Ir2Mo.cif,Ir2Mo,Immm,0.0889698773702368,0.533819264221421,PN_ATZGSJU4NI3ZRCESSJILSAOHVL24JFNP
1465_Fe6Na2.cif,Fe6Na2,Pm-3n,1.2328789781487774,9.86303182519022,PN_UVLXIQVTMKLFPGLQVZFWLDGLAYFOI27T
1467_Cr3P.cif,Cr3P,Fm-3m,-0.1446743340815022,-0.5786973363260088,PN_3XZEYWKUEJGESEVZPSNRG3CEOIV4PIP3
1471_SnW4.cif,SnW4,I4/mmm,0.8177328976757025,4.088664488378512,PN_Q5FIO3EQSCFTPZTDBIXAR2HXY5VJ3H6X
1473_Ge2Br2.cif,Ge2Br2,I4_1/amd,0.1309502640754578,0.5238010563018314,PN_F7YMUMEHYMDOZ4YFIHV62UFSNNTR5APW
1474_Ca2P2.cif,Ca2P2,Cmcm,-0.816929871768715,-3.26771948707486,PN_EBMMWD7PHMF32TC25FWJCI3LYJ2347ZA
1475_Ni3Ta.cif,Ni3Ta,Fm-3m,-0.1899694483609204,-0.7598777934436818,PN_KG34WJB37NOH45LYXJXPTC7PGF2OEBGT
1476_CuFe.cif,CuFe,F-43m,1.5323561329046536,3.064712265809307,PN_GMVAVPBGVILOZ3KAYZIEKRRQCXS7VRQA
1477_Ta2Ge6.cif,Ta2Ge6,I4/mmm,0.1118716085629225,0.8949728685033804,PN_G6XFP64BGHOJ24JMADNPSVKON75JN66D
1478_Fe6Sb2.cif,Fe6Sb2,Pmmn,0.2828788980736254,2.2630311845890034,PN_C3RI5UYKE5RGGQA7FH3QRCW7OT6LQ4CT
1479_Fe2Pb2.cif,Fe2Pb2,Imma,0.7151422050452814,2.860568820181125,PN_3HBFRCRXDIC4UUH6SXE7KRF7BHPTCXXJ
1480_Fe3V.cif,Fe3V,Imm2,0.0116175512059566,0.0464702048238265,PN_KBXZQ7AQLC54BYPOFX677R33ZW2657MF
1481_Cr8P4.cif,Cr8P4,Pa-3,0.095169955832033,1.1420394699843968,PN_LYWSNF5BDYMVL6ZP4LS3ZE44OFSNILQ3
1482_Fe2Pb4.cif,Fe2Pb4,I4/mcm,0.655256511776629,3.931539070659774,PN_CUMANP7VMANAK754KQ3TRIZG453WH5YL
1483_Nb2P.cif,Nb2P,I4/mmm,-0.4176020747172989,-1.252806224151897,PN_J7VQ5KLJTCMN5REBMXTJMMRP2FHELSVZ
1485_InIr.cif,InIr,Fm-3m,0.4610586516897141,0.9221173033794284,PN_WTRELUUN77LXH23N2XM4JRQISR3K3455
1486_Fe8W4.cif,Fe8W4,Pnma,0.106739363251543,1.2808723590185167,PN_JUUMPTMDNHALPV4RD3TFDYMFMSJTKEBX
1487_IrTa.cif,IrTa,R-3m,-0.2715116790559833,-0.5430233581119666,PN_MFXTOTE5NPHPMWD4RBHTSLMGGM4KCM3O
1488_Ge2P2.cif,Ge2P2,Cmcm,0.1221786004450189,0.4887144017800757,PN_QFYWEVM65UDYNGXRT6LQKGKL3FMZKXF5
1489_PbSb3.cif,PbSb3,Immm,0.1251027141729275,0.50041085669171,PN_TSQPA2LZMGHXOZX6R5JICM4CEQZP2KUF
1490_AsBr5.cif,AsBr5,P4/mmm,0.239346255118716,1.4360775307122964,PN_PPOEHJYATFDKG6NVFIBXZMPYRPLEGEL4
1491_K6Sn2.cif,K6Sn2,Cmcm,-0.0242253265418126,-0.1938026123345011,PN_IBI5XB5N7U52CUX56AISC7CQLBPWEN2C
1492_InK2.cif,InK2,Immm,0.0403808359025378,0.1211425077076135,PN_J7L5UBRMOUSERTDVUHKKXFCCMUSYSM3S
1493_Fe7Pb.cif,Fe7Pb,Fm-3m,0.3180355931039793,2.544284744831834,PN_BNHW3AX3PX4G6DX4D7RYAIX6RLGNWB6H
1494_UI.cif,UI,Fm-3m,0.0046038683385214,0.0092077366770428,PN_WDHCGOR242ZOKCFG5CLCNLLBEWNHC3T5
1495_Cu12Ni17.cif,Cu12Ni17,I-43m,0.1192806312733478,3.459138306927088,PN_SAPJE5QQ5SUAEVZUF24NGCB6ROHSN4HC
1496_W5Sb24.cif,W5Sb24,I-43m,0.4023882197469812,11.669258372662457,PN_JQZZ6FPR5ZBQBGXMV7WK6V4I2SMFEVA6
1497_CuTh.cif,CuTh,P-6m2,0.2132029681483676,0.4264059362967352,PN_SSOIEUGQQLQDYD7XGSHVRMGCC7SOE3JE
1498_Fe6Sb2.cif,Fe6Sb2,Cmcm,0.3131206590505275,2.5049652724042204,PN_4XZZOPGOUG5S2AVQAEZQNTS3DYJZIMYD
1500_Au2Nb2.cif,Au2Nb2,Pmmn,-0.0823842144160345,-0.329536857664138,PN_KPMBKXEH5Z6AOEGHH54XNLINF3NT3SMX
1501_Fe5Mo.cif,Fe5Mo,F-43m,0.1221333189670185,0.7327999138021113,PN_TLQ3YBQ2WGC3MXCDGEMIL3T4Z5JVVBAN
1502_FeMo5.cif,FeMo5,F-43m,0.5453663357175754,3.2721980143054523,PN_XBWZIGIKKXBQKFF45UXD667ZGYDC6L3F
1503_FeNa3.cif,FeNa3,Pm-3m,1.3762284436560104,5.5049137746240415,PN_PKUF5QWPUNIQTP43CTWIRMPE5EES3LUQ
1504_Ce4Cu4.cif,Ce4Cu4,Pnma,-0.1497641612650788,-1.1981132901206308,PN_ZUNAM3DTONA3N2WCEJ3BKVKKKH3CVHQB
1505_Ba2Pd2.cif,Ba2Pd2,Cmcm,-0.5512698825241915,-2.205079530096766,PN_DCHD2XCANXDMWTMCHQLQYPVJ4H2MX6OM
1507_Na2Pd2.cif,Na2Pd2,Imma,-0.0727240279877157,-0.2908961119508628,PN_44GEDQWXTY2Y3AFX4CZKN4WDPCUQZONC
1509_CrNb4.cif,CrNb4,I4/m,0.0650732219279987,0.3253661096399938,PN_DVNM2ZH63RZDNDLPW2JSVZ4T7VWXHXMX
1511_CuNi.cif,CuNi,Fm-3m,0.6666003672900942,1.3332007345801884,PN_RMNXCIOIKK7UKWWJM2BTLB3SSEO5NGUG
1512_CrP3.cif,CrP3,Pm-3m,0.4691332273700528,1.8765329094802112,PN_OENH3R7WBNCGT3IRTK555ST3A733LIXT
1513_Ga16Pt8.cif,Ga16Pt8,Fd-3m,-0.3962004231706816,-9.50881015609636,PN_DXSO52KENTPP3P6WM3ELEV3HMM7IVZQ4
1515_Ge2P4.cif,Ge2P4,Imma,0.2592394888634833,1.5554369331809,PN_BRPPXJKU6LCYOXLGRPIBLNBWQQZYU3O7
1516_Na4Pt4.cif,Na4Pt4,P2_13,0.2332110155064155,1.8656881240513243,PN_PTQXTV77NOSXL6XSMSQODF7T65HH55CT
1518_Cr2Ta4.cif,Cr2Ta4,Pnnm,0.758102563824084,4.548615382944504,PN_GW3B3HVCHU3KPQTPBMWZX5KTNAH6XB6J
1519_NpYb.cif,NpYb,R-3m,0.5036990253020832,1.0073980506041664,PN_3KQE5ENZ7J7OSGAVLWHBYNUHXOQXRSHZ
1520_InBr5.cif,InBr5,Amm2,-0.2827377903090093,-1.6964267418540562,PN_6DXCVG7XKSBPW5QGIQMCJBU4FDYCJXMM
1522_Ga2Br6.cif,Ga2Br6,Cmcm,-0.4421051503954034,-3.5368412031632275,PN_KRPFPKKSDCKBNGZPAX6W7OKSN6T5SSVU
1523_KAs8.cif,KAs8,I4/mmm,0.2680072295464981,2.4120650659184832,PN_HN5VMEFDUT6XU4KKFKVNVUJVT47IILJK
1525_CrTh.cif,CrTh,F-43m,1.69171923161423,3.38343846322846,PN_K4WZYTH7WVLSD5MVMM4EATTB6G53YR3A
1526_Ba2Br2.cif,Ba2Br2,P4/nmm,-1.6453708263697826,-6.58148330547913,PN_IFOENQ4EJLBQH7QWM67FMEDBKIZR5HRF
1528_AgCa2.cif,AgCa2,I4/mmm,-0.2246726768933656,-0.6740180306800969,PN_7ZUVO3TFKUQ76VW72NJMZDIU3ITW6VKV
1529_NiTa5.cif,NiTa5,F-43m,0.4665004146776101,2.7990024880656605,PN_YFH73GOQXD4NEOS4P4Z2ZROGKUSOM3SR
1531_Nb10P6.cif,Nb10P6,I4/mcm,-0.8333341822598399,-13.333346916157438,PN_HZYYPQAZRPU3GNFTZXWTQU72WYGECPIC
1532_Ga5P24.cif,Ga5P24,I-43m,0.25576877184418,7.41729438348122,PN_ZWDK4Z5NWRPFRPHEFFMBYRPOH5R6T2KJ
1533_Cu8Sn.cif,Cu8Sn,I4/mmm,0.0012890280471198,0.0116012524240787,PN_6KGXBUMOFOMYXRPSMLCTUPYQKSBA76F6
1534_Ba2Pd.cif,Ba2Pd,Fmmm,-0.3625728003444,-1.0877184010332002,PN_6UWHDD74WDPAL2PKA5YP2HOZIBGAHSBT
1535_Ta5V.cif,Ta5V,Cmmm,0.0288458920268771,0.1730753521612626,PN_JCEIB2C74BP2B5BOEFXDU3OGUWKSUXMI
1538_Ir3As.cif,Ir3As,Pm-3m,0.1955133881348913,0.7820535525395655,PN_QTYONIIT7O5KAMOUH2FWJLWJZRV5F5X2
1539_Ag3P.cif,Ag3P,Pm-3m,0.1704723993172554,0.6818895972690218,PN_Q737YITYLXPRP4IN6OOMM56JJFPY73ZX
1540_Pd8Ta22.cif,Pd8Ta22,P4_2/mnm,-0.1923537903864579,-5.77061371159374,PN_OYVFTKLJJSLU6R56VFQCP3DX5HFJKUZD
1541_BaAs8.cif,BaAs8,I4/mmm,0.1090165162356824,0.9811486461211416,PN_ACQRWZ2JZMJQRNKPHQ2ZNLDH2PVXY3NN
1542_Cu5Pb4.cif,Cu5Pb4,I4/mmm,0.2302710594214126,2.0724395347927143,PN_2FBYD4A7RVEMZSWDJOEVSUQBCMPUNVLE
1543_Mn2Sb2.cif,Mn2Sb2,P4/nmm,0.2537435629950586,1.0149742519802345,PN_5ZJHHKKZUUKMXH344ND7KKXWWVEGGFIU
1545_Mo2Pb4.cif,Mo2Pb4,Cmcm,0.5704802408949945,3.422881445369967,PN_37UCKORPYWDRWBKCL2LZN76Y4THD65OA
1547_Ni2Br6.cif,Ni2Br6,Pm-3n,0.5173969276250716,4.139175421000573,PN_6S36SFLTR5PPTKIDHD47PVQNUYCPAUKB
1548_Ga3P.cif,Ga3P,Pm-3m,0.1349100492576389,0.5396401970305558,PN_2P737QOBETBIZZ5JDYWYSYLZDKHL2ZSW
1549_Ag4Al6.cif,Ag4Al6,P1,-0.0121998775051977,-0.1219987750519777,PN_QP4CO7DKKJCICS3U2PAAAWPEW2QZNDOI
1551_Pd4Sn4.cif,Pd4Sn4,Pnma,-0.3934178880777548,-3.1473431046220384,PN_3GOC5N5WPKE6RC75MHSO3AMYN5FG7KIX
1552_AlTa2.cif,AlTa2,I4/mmm,-0.1247615256722092,-0.3742845770166276,PN_3CDEO4R36UGOFG7K32PKRGQ65JT5Y6TF
1553_Ba5P.cif,Ba5P,P4/mmm,0.243126367836548,1.4587582070192884,PN_UCBM33RZJERHXZZRD4KBRF2PL3NRALMF
1554_FeW.cif,FeW,P-6m2,0.3016816518868364,0.6033633037736728,PN_6RITBBR2LNMZTFSS66V6MUSG2GG4IJRL
1555_Fe6Mo2.cif,Fe6Mo2,Pm-3n,0.0530397565109037,0.42431805208723,PN_JMCWTOPFPT43JWEBQXRESLT6N4YP7CPQ
1557_AuPb.cif,AuPb,Fm-3m,-0.0561221939407761,-0.1122443878815522,PN_ETNVB66VRGOVXEYAMOMUK5MGNVJO7FWW
1558_Cu6Pt5.cif,Cu6Pt5,P1,-0.1148469734807642,-1.2633167082884071,PN_C4A456NZEF43P2KD45ULIY4NSOSJRZZ3
1559_SmSr.cif,SmSr,P-6m2,-0.1430822315729507,-0.2861644631459015,PN_TPYXQ5VOEI2DN3JFSWIA5XTUCOQXPZBN
1561_NiP.cif,NiP,P-6m2,-0.2095465905788165,-0.419093181157633,PN_RL6RSR7HASWRUVNEQVVSJH3TCHLO5EXD
1562_Ag2Na4.cif,Ag2Na4,Pnnm,0.0735529798504162,0.4413178791024972,PN_MNTBLGFVUHYHRE4U3I37K6GYTTRG5NW6
1566_AgIn3.cif,AgIn3,I4/mmm,0.0414522576685278,0.1658090306741115,PN_OYZDOTEICXUSS6DOFUWDLI5NAQN7PIAL
1567_Cs16Bi16.cif,Cs16Bi16,P2_1/c,-4.954624198783083,-158.54797436105866,PN_EUOKD5CDJDAIAPLFKM6GLAW66M5AGYM6
1568_Pd20Ta10.cif,Pd20Ta10,P4_2/mnm,-0.3203614440292625,-9.610843320877876,PN_XU7B5Q33Q4FWPRHNYWWKPGF4VJPJCUNV
1570_Ca2Rh4.cif,Ca2Rh4,I4_1/amd,-0.1264421561850426,-0.7586529371102557,PN_U3YZ6N44S7RZGUGSVQH3ZYDRJ5XFUFQP
1571_Ba2Ta2.cif,Ba2Ta2,Imma,0.9726660089722784,3.890664035889113,PN_KRJBZ3A4V3DGD4E4EXLM7HQCVXVHXP5U
1572_Al2Nb2.cif,Al2Nb2,I4_1/amd,-0.2448142268345599,-0.9792569073382396,PN_KU5EE4KDBPOHZ7LAFHGOPCU3J2DRMQRJ
1573_Al4Sn2.cif,Al4Sn2,Pnnm,0.3032474216993517,1.8194845301961105,PN_2P56IWES4V22OV4BQSS3EPJP47ZMJB7B
1574_AuP3.cif,AuP3,Pmm2,0.0329340208447916,0.1317360833791667,PN_O2THA4VLYPBL3U3QNGPHOMFRQPWELKZU
1576_Cr4Sn8.cif,Cr4Sn8,Fddd,-0.0258652017659611,-0.3103824211915338,PN_VR5P2MAEAITDF26NUC46T7FCM43ZRMWG
1580_FeV3.cif,FeV3,Immm,-0.1426573123202441,-0.5706292492809766,PN_MGMYL4YXHP4O3SYQFK4L4QVKBM6XTZGJ
1581_Ga2Pt2.cif,Ga2Pt2,P4/nmm,-0.2834445013076179,-1.1337780052304716,PN_STYR3HOSCNLWXEMT5FBLWX73YTWEJOJM
1582_Ag3Br.cif,Ag3Br,Imm2,0.1583920348366088,0.6335681393464352,PN_4EMCGNHNHCOJEGSS53336VPYYPVKHGE5
1584_CuFe.cif,CuFe,Fm-3m,0.793062598387337,1.586125196774674,PN_OEDXA2HY7TCE56YAEJNMKHMELULVXZAZ
1586_Nb4W4.cif,Nb4W4,Pnma,0.3120608256959514,2.496486605567611,PN_SWN3JJ4Y4WFP5ID6FWU3GTUS66HAQDZ4
1587_Ag2Al3.cif,Ag2Al3,Immm,-0.0310931534378596,-0.1554657671892982,PN_S652QDKM2QEXBZR2S33ORXP3AHU6KHIG
1588_CeBi.cif,CeBi,P-6m2,-0.5555537611125843,-1.1111075222251685,PN_6QGQCFIIJNCUSVBZCHC3QHFWCQH2OZI3
1589_PtYb.cif,PtYb,Fm-3m,-0.9045942152103312,-1.8091884304206625,PN_ZBCZ6LC26DGH2JPROTZE5WKLK3MNJS26
1591_BaIr5.cif,BaIr5,F-43m,0.6484048012314467,3.89042880738868,PN_DBOYSKRTDRPZAQ7RQI2MO3GQQFBVDHN2
1593_SbI.cif,SbI,Fm-3m,0.1741662779612185,0.348332555922437,PN_7375DNUAWD7KYSXFWVDLYZJUNUHRXM7J
1594_Ag7Al5.cif,Ag7Al5,P1,-0.033099776589608,-0.3971973190752962,PN_HBD2ZQLCUSLZ6HM7QK5L53VV3G2TWMBW
1595_Ag4Ge6.cif,Ag4Ge6,Fdd2,1.1126645576840708,11.126645576840708,PN_RYZA6BTZPLA7VVALJZVUXPH44FAJGR7W
1597_IrTh.cif,IrTh,P-6m2,-0.6023029753801623,-1.2046059507603246,PN_HLCPKZS226BQKCBNLJEZUP5XGZ6NCGDL
1598_Eu3Sm.cif,Eu3Sm,Pm-3m,-0.1120561147407701,-0.4482244589630806,PN_TQHUCV4DXFM3HD67RYQH3LQD5HXN3S2D
1599_PtRh.cif,PtRh,R-3m,0.011440339768499,0.022880679536998,PN_5MXGIETCSECSNK4PJ4LC2QCMY3BLC3XH
1600_IrV3.cif,IrV3,P4/mmm,-0.3769391857983084,-1.5077567431932335,PN_NU7XJSUBQJD7AX44W323XP4G72MPZ4D3
1601_IrPb3.cif,IrPb3,P4/mmm,0.2292775848969874,0.91711033958795,PN_MR6E75MOMPREEPVWLMX263XV6XXBM5Z3
1602_Au3Sr.cif,Au3Sr,Fm-3m,-0.4641703289192604,-1.8566813156770416,PN_ZYFD7I7QDQOXASSZBC7YLTXM2ETSXWHP
1603_Cu16Ni4.cif,Cu16Ni4,I-43m,0.3643143718723906,7.286287437447811,PN_DIS342YQH5E2ANVPY6VCJZBQLFZRB44Q
1604_Ge8P4.cif,Ge8P4,Pnma,0.2090046404551131,2.5080556854613576,PN_LC27EUX53ND54KTFZSNB6ZUS7H7FGS42
1605_Ba2In4.cif,Ba2In4,Imma,-0.4937894542599756,-2.9627367255598536,PN_G6AIGVEWLU34VTMXBGWJDRRWR36YAJUU
1607_Ag4Sn2.cif,Ag4Sn2,I4/mcm,0.0827211942524138,0.4963271655144829,PN_BKJETWDC25TBCR5TK3AYBEULFQO453T2
1608_CuRh.cif,CuRh,F-43m,1.38952287924684,2.7790457584936803,PN_7L6O37VM4G23ZDR73DDIY5GGAQVDJKES
1611_SnW3.cif,SnW3,I4/mmm,0.5070538116518577,2.028215246607431,PN_QI5IPDOKQQVTP56A6363MBUC5TXDOAZQ
1612_P12As17.cif,P12As17,I-43m,0.3327069785419281,9.648502377715914,PN_QO32WYGGUP5SFKUSBXHBADBP2KLOONOS
1613_NaNi.cif,NaNi,P-6m2,0.4633427963348522,0.9266855926697044,PN_FOQI2RNKEAADNXB37M57LCZ37NFGIN4Q
1614_CuP3.cif,CuP3,Imm2,0.1581477937523514,0.6325911750094058,PN_27Y6LBU7I2XKU7HV3ILZ2OIWKKXORVWG
1615_Al2K2.cif,Al2K2,Pmmn,0.2424803932814523,0.9699215731258092,PN_L47QYH42DYH26YUEY6IXFQWYG67YNP6K
1616_AlSr5.cif,AlSr5,Cmmm,0.0473004984587275,0.2838029907523651,PN_7W6IUADSIZIAOCYACXCETAYGTL63KIMZ
1618_Fe3V.cif,Fe3V,Fm-3m,-0.1830790839423262,-0.7323163357693048,PN_2U7OPMERTO6RYTQTNUEJLG3HQTIQZ6HU
1620_FePb.cif,FePb,Pm-3m,0.8402487620204404,3.3609950480817616,PN_CAKVAJYOVXO5XZSO63RDNQ34QAG7BI2Y
1622_Cr8Pb4.cif,Cr8Pb4,Pnma,0.6935188602294282,8.322226322753139,PN_XQRXP6VMY54ST2M35JJCE32FX7NKK657
1623_Al3Cu9.cif,Al3Cu9,Pmmm,-0.0331233459433093,-0.3974801513197121,PN_AJ7T4HTPDDUIU2XLHMJ6GKMPGOXVQQRT
1624_In3Sm.cif,In3Sm,Pm-3m,-0.6863031035524711,-2.7452124142098846,PN_HUDCAID65UBQDC2BJSEDEYTSFDP4DB4Y
1625_Ir6Na2.cif,Ir6Na2,Pmmn,0.4922952696608815,3.938362157287053,PN_Z75MO2HL27ASULBUTA35HN5E3QKNP3JD
1626_Al3Sb.cif,Al3Sb,Immm,0.1942464372407792,0.7769857489631171,PN_6K2EH4JQHRHSLR53TALMQERVZRTXDLVJ
1627_Nb2W2.cif,Nb2W2,Cmcm,0.333740593282716,1.334962373130864,PN_2EZBIXCFGXNY4JR3Y23UETAF36CUKWXL
1629_BaIr.cif,BaIr,F-43m,1.1244898747305545,2.248979749461109,PN_7A6NFWIMSZ6OPJ6U3QK6UGAKUZZC75JL
1630_Mn16W8.cif,Mn16W8,Fd-3m,0.4934416629123663,11.84259990989679,PN_6FGJ2YX2666I2AMKGWL6JWJXZD6GVZVZ
1632_Ba5Sn3.cif,Ba5Sn3,Cmmm,-0.4833400665952947,-3.8667205327623577,PN_6C25ZEZYPISCLLW7RS57DHGDSFLK4X7Z
1633_Cu2Na.cif,Cu2Na,Immm,0.1896229369415631,0.5688688108246893,PN_N6QWONIKP2LR2KM3E3V5TJ3NCHFO6DYK
1634_Mn3V.cif,Mn3V,P4/mmm,-0.0531336093233463,-0.2125344372933852,PN_3SE4Q55CW4Z3RESNNCA3O33XZMTZ62D5
1635_NiP3.cif,NiP3,I4/mmm,0.3806580164047135,1.522632065618854,PN_3UXZECJDNXOPOKDENIUYZY3K2BIXB2SW
1637_CrGa.cif,CrGa,Fm-3m,0.5566800946973203,1.1133601893946403,PN_YK7O24P2MEYV6MGAQBB756EQE76UXZ6W
1640_Pb2As2.cif,Pb2As2,Imma,0.0840475302337555,0.3361901209350222,PN_433AW2HS2K3T7RSKYWN5HZM2WNQRF5O3
1641_AgI.cif,AgI,F-43m,-0.3753316093644216,-0.7506632187288433,PN_SZMBOZGJBOIXYROLUKWJQWTLOGXGV2OR
1642_Ca3Ni.cif,Ca3Ni,Fm-3m,0.2530239250171147,1.0120957000684587,PN_ZZRRG2JJS3GMCRCW7NXAK3QRFIISWRFM
1644_Ag3In.cif,Ag3In,P4/mmm,0.0056007404912765,0.0224029619651062,PN_QBQHRW4CWRGEQMBYHNEOHYOWN3IM2MZM
1645_AuP.cif,AuP,Immm,0.1982375973905634,0.7929503895622538,PN_KN23474KOHQENY5YOSEVS7PX2EO7O45A
1646_PbSb.cif,PbSb,Cmmm,0.1028825215824067,0.2057650431648134,PN_5DMKRRDQNBY5KIPXGGLGAUO6CWTMQ6FD
1647_Ir3Br.cif,Ir3Br,P4/mmm,0.9638165529735652,3.8552662118942607,PN_NQK7RX3O7LUIJFC5JGGRSS2Q7TNGZ3KS
1648_Ag14Yb4.cif,Ag14Yb4,Cmcm,-0.3354358099427333,-6.0378445789692,PN_MQLTXINLPJSSJFA7OVGWWPX3TEVCKKXL
1649_Eu3As.cif,Eu3As,I4/mmm,-0.6824294872306971,-2.7297179489227883,PN_O7POVRIEUEKID53MEQ6EJVYS4SGFZWK3
1650_GaMn2.cif,GaMn2,P4/mmm,1.015550691138292,3.046652073414876,PN_SEDW2444XMOMZOGKG3Q2G4WLJCI7OE56
1651_Ta2Ge4.cif,Ta2Ge4,I4_1/amd,0.2489534098761604,1.4937204592569628,PN_KQGT7QDX754Y63AYV4XLEHRQP7TPSBOQ
1652_AlNb.cif,AlNb,P-6m2,-0.1917684673515287,-0.3835369347030575,PN_WENAARXLQZENIWJVACXMHUOJNC4FI3IN
1653_RbTh.cif,RbTh,P-6m2,0.7255856214069927,1.4511712428139854,PN_VDHSHHTSQXPLFBBJROHKRGDLDDAAJTTT
1654_WAs2.cif,WAs2,I4/mmm,0.2057724770828173,0.617317431248452,PN_3NK5L7ADA4EI4VQKPXINLTDGRWQTMPRI
1655_Au3P.cif,Au3P,Pmm2,0.2589385795723418,1.0357543182893671,PN_AD35G76BDX7IUZIVA3GTDGH3IG66Q4G3
1656_SrW3.cif,SrW3,Pm-3m,5.081497030923587,20.325988123694348,PN_2BQNSSWVBBMKJPCVBTHCS3RX2DL3AYDD
1657_Ni17Br12.cif,Ni17Br12,I-43m,0.3165058734830896,9.1786703310096,PN_7S7STCGA7D23UVKZZOMKAHFHUBJC7ZV6
1658_Cu2Fe2.cif,Cu2Fe2,Fd-3m,0.1809816039781348,2.171779247737618,PN_62YZZYYBO3K2WF2HHVDEYXFJFAP6Z5JG
1659_V6W2.cif,V6W2,I4/mmm,0.1271767347920729,1.0174138783365834,PN_MJ46AJ64YO467WZMCD7ZU7MHP5ANZ5B3
1660_Na2Pt2.cif,Na2Pt2,P4/nmm,0.0208329909888398,0.0833319639553593,PN_WS4T3UUUKG6HF2HADEC44UURZC2WWZBQ
1661_TaGe5.cif,TaGe5,Cmmm,0.202469743993633,1.214818463961798,PN_OWRAYYNNWYFOSIUFCO7DZKPPNXZJQOEV
1662_TaGe3.cif,TaGe3,Immm,0.1374193903641964,0.5496775614567859,PN_IA76JRLU43QZ57QZ4NCGCPCKXK3I6HF4
1664_Ba3Ta.cif,Ba3Ta,Immm,0.904670441205412,3.618681764821648,PN_47OLJWIQS6VIMHWA4O5QDTKZWI2Z6MGY
1665_Ba2Fe.cif,Ba2Fe,I4/mmm,0.8109463065854191,2.432838919756257,PN_GMTA3CAUKZPJQGNT4SZYMQQYSVRMFPKF
1666_Cs4I12.cif,Cs4I12,Pnma,-0.9683357396519788,-15.49337183443166,PN_XXSBU243CIKKSMICI3MB4P6R5CVZE5S3
1667_Ba6As2.cif,Ba6As2,I4/mmm,-0.3480596932121238,-2.7844775456969906,PN_KZHBKK46FSXLKOE6VCPIK7UCFY4UYJYJ
1668_NiPa.cif,NiPa,P-6m2,-0.2848301627881691,-0.5696603255763382,PN_CO73N6GRORAQVE6MSN72CAKUM5S4WLZZ
1670_Al2In4.cif,Al2In4,Cmcm,0.1496605006122985,0.8979630036737909,PN_XSZILSQW364NZ7TVV2MLL3PWIOEVVENW
1671_Al2P4.cif,Al2P4,I4/mcm,-0.069489045227011,-0.4169342713620665,PN_OSB4QQSRMXPXZCA4TAD2RUEW5FLAHXSN
1673_Pb2As4.cif,Pb2As4,Cmcm,0.0357977154458121,0.2147862926748729,PN_OUPQWRGH4UOJTQZUVXUTIL572TPYH75L
1674_AgBr2.cif,AgBr2,Immm,-0.1491938272423508,-0.4475814817270525,PN_YWG5YW7MCC5CE7MX2ASRRSLGEWJWUQCA
1675_Sb4Br12.cif,Sb4Br12,Pnma,-0.6157437162277182,-9.85189945964349,PN_YXHCB2GTNTUHZLIFSEZYB5CYRHPCX6H4
1676_Fe8Ir.cif,Fe8Ir,I4/mmm,0.0635756256994726,0.5721806312952538,PN_6A3IFUQND45SQNWZZP4VXYAS3HCGI7UK
1677_RhYb.cif,RhYb,P-6m2,-0.3348424399415872,-0.6696848798831745,PN_3OX2YN65COXUTQN6IQ2Q5UGMEIZPWIF5
1678_KAs3.cif,KAs3,I4/mmm,0.2951061834844219,1.180424733937688,PN_RX4YFSFYPHD5K5V3PCMGWTUWSGGUMAIU
1679_Na4Pt2.cif,Na4Pt2,Cmcm,-0.127379207660755,-0.7642752459645301,PN_QIUFXYSLNTNMG2P7COZASXJDG3H6UAYT
1680_Cr3Nb.cif,Cr3Nb,Fm-3m,0.0781401406249067,0.3125605624996268,PN_5Z5LCEKCMJYI6LMPHXGPM35ROYWAGJ6T
1681_AcNb.cif,AcNb,Fm-3m,1.5026302900040678,3.005260580008136,PN_WSO24LR6C5WSS5X6ONR2LPYMAQVOKZMI
1682_WSb3.cif,WSb3,Pm-3m,0.990997905753166,3.963991623012664,PN_PJHVNP4XLWHP4UTTB2PBQAB5XCN47SL7
1683_FePb2.cif,FePb2,Fm-3m,0.5941554962577266,1.7824664887731796,PN_VAWSWL42FQH4S4LVNYVVBDG5LJYF5JTY
1684_Al5Rh7.cif,Al5Rh7,Fmmm,-0.6383318023359396,-7.659981628031275,PN_YDZ6IIOWBUGK4QRRNSCRF6PLPSTX4FBK
1685_Ca3Ga8.cif,Ca3Ga8,Immm,-0.4391065488204818,-4.830172037025299,PN_CYKMYJQRGF73ZMMCKXTU7I54JEQFXJRN
1686_CrTa2.cif,CrTa2,I4/mmm,-0.0129322637731329,-0.0775935826387979,PN_3TEHDONJAHYEHSI24G2JYQVEC7DPM4ON
1687_VW2.cif,VW2,I4/mmm,-0.0940328855695398,-0.5641973134172389,PN_XYS2TQRQ5E5O76N35TXPTH7EWPJ27XLG
1688_InRh.cif,InRh,Fm-3m,-0.0625134166024929,-0.1250268332049859,PN_PT4GBDMF3266V66TKEV2TR2UQIJCWQN2
1689_Nb3P.cif,Nb3P,P4/mmm,-0.13740513486802,-0.5496205394720803,PN_34P4J4UMRI4YHOVRTJ3JEGJ2J4G67T2T
1691_As3Br.cif,As3Br,Fm-3m,0.4963062451191149,1.98522498047646,PN_BUNB7OP2RNNROGFWBEQIFEHVR2X22LMM
1693_Ba4P8.cif,Ba4P8,I4_1/amd,-0.6301452926437984,-7.561743511725581,PN_YAAL67NY4B3KFFIAZ4TEELEMZLJOR4LT
1695_Cr3Na.cif,Cr3Na,Immm,0.9098419704397562,3.639367881759025,PN_7A7TPBDU5C4MDQDIGCFQ6HR2NJT2D6G4
1696_Ca5Ga3.cif,Ca5Ga3,Cmmm,-0.1228295982076836,-0.9826367856614696,PN_357NLPQVKJFX4C2NR7EVEJ4GPAAEOQV6
1697_Al3Sm.cif,Al3Sm,Pm-3m,-0.5776724548870158,-2.310689819548063,PN_WDGNW5HBBQ6KGSQONWSCTZJ4BRKOSKTZ
1699_Fe2V2.cif,Fe2V2,Imma,-0.078264600413517,-0.313058401654068,PN_L4Z7PNBLWE5TGS2VQHI5JVEQXOPFHYPB
1700_Na5Pt.cif,Na5Pt,F-43m,0.1710178720096715,1.0261072320580291,PN_SOZHL4G3K5NFNCJ3GCPCSH4I6WQXWZLN
1701_NaPt2.cif,NaPt2,P4/mmm,0.3272971048436961,0.9818913145310884,PN_QKIIRCVAFVJZ4GL7MW3REBGYIQLUJZ73
1702_Ba5Ir24.cif,Ba5Ir24,I-43m,0.5284555203006704,15.325210088719444,PN_SWUX7XUWDLJZYORLD54A4HR7W2SI2WSP
1703_P16Br4.cif,P16Br4,I23,0.2682701181112456,5.365402362224913,PN_ZL7RHRO44MZEXP46YSPBFPSNZTBMSO4K
1704_CaMn2.cif,CaMn2,Fmmm,6.453217612714281,19.359652838142843,PN_DIORO37QDHQAQVWH24N52KAZV2P7E2KC
1705_CsIr.cif,CsIr,P-6m2,1.5583195048915797,3.1166390097831598,PN_TKWMPXVFTAVMSRDIRYUYI6GP3C33E5FA
1706_Pd2Sn.cif,Pd2Sn,Immm,-0.4766293163031274,-1.429887948909382,PN_Z4KBEXWTGTJPJT472SK4MNO23FKSZFNJ
1708_Mn5W.cif,Mn5W,F-43m,0.0518166976176933,0.3109001857061599,PN_5G53C7EEE3FOZGF65EM5COUDIEDJ44JV
1709_MnV2.cif,MnV2,I4/mmm,-0.22532081361564,-0.67596244084692,PN_5PTDLU5AXJZZJSFBANCPE63BKII6WNLI
1711_P12Br17.cif,P12Br17,I-43m,0.305400172102448,8.856604990970993,PN_ERKCVRSECELKSFDZF335DQYZH6THDZOE
1712_Ba6Ga2.cif,Ba6Ga2,Pmmn,-0.0995503976400025,-0.7964031811200201,PN_MC4B3JR4IRPNJZKVF4YVFG3FOETSINFV
1713_Ba3Ga.cif,Ba3Ga,Pmm2,-0.0058325030941168,-0.0233300123764674,PN_6V6JAFHJWVLNIZVMAYFT267ZIXSAL7RI
1714_Cr3Ta.cif,Cr3Ta,Cmmm,0.1301554515644412,0.5206218062577648,PN_OHCKISFWO6KNHSOQKMVJDJYTA63XGYJM
1716_Au4Ga.cif,Au4Ga,I4/mmm,0.0781698024577743,0.3908490122888715,PN_IQJAEDOJ4PW2KWLVR2TX2TWTKGS3ZHFN
1718_Al3Ga.cif,Al3Ga,Cmmm,0.0275824749523612,0.1103298998094448,PN_HH4LEDSFTL252Y4B4CPT3UZFCWR7BBO7
1720_Al10Au20.cif,Al10Au20,Pnnm,-0.3473274178695784,-10.419822536087352,PN_WHF6S6KMPVENHZYRWI3RIZ6OY7DJXURM
1721_Al18In6.cif,Al18In6,Pmmn,0.1601819126916096,3.844365904598632,PN_H4MZZNGGHZ5EHQOT66IP4GK7N4YSNSDF
1722_Ag4Sn.cif,Ag4Sn,I4/m,-0.0197127183807911,-0.0985635919039555,PN_VMNVDGFZXGW6GNWIUICLADQ742ELB3RD
1723_Al2Cu.cif,Al2Cu,Immm,-0.0700894357803155,-0.2102683073409466,PN_2NTKHZIH226F7YDVJYDQW46I2N7IFOHK
1724_CrNb.cif,CrNb,Pm-3m,0.0447298304455507,0.1789193217822031,PN_JFJ2QBS3T5QF7YZGCKAXZRNSHTUPL2PT
1726_MoNb3.cif,MoNb3,Pm-3m,0.3686160886970704,1.4744643547882816,PN_6PXLYWAOAB25N7EUL4PHBXZXDIUVZU6K
1727_Fe3Ir.cif,Fe3Ir,P4/mmm,-0.0421983063443285,-0.1687932253773141,PN_QYOWDBCE5LJDX5MK2J7H2S5CP54EBRQE
1728_AgGe.cif,AgGe,Cmmm,0.2156207633049502,0.4312415266099005,PN_UVXYX5G3EUYQZ5J4R32CJEAIGNACCAHD
1730_CrTa.cif,CrTa,P-6m2,0.530166486935034,1.060332973870068,PN_WATHT7CWEIWOSG6IVVU2SQGJS3G6ZOTK
1732_FeV.cif,FeV,P-6m2,0.1213318125962068,0.2426636251924137,PN_CYOSL32PXM34VMNUVZOQYKXEBMPT2GBY
1733_AgGe3.cif,AgGe3,Immm,0.2660237849399345,1.064095139759738,PN_PBTUPBSIMHZQWDJGDKEQQGEW7SVAVBYF
1736_Na4Pb2.cif,Na4Pb2,Fd-3m,-0.0059604221131216,-0.0357625326787296,PN_3LJQYA3SDGQ3POF7NKA3XYHP32IAQ5ER
1737_IrV.cif,IrV,P4/mmm,-0.4972864209587264,-0.9945728419174528,PN_M4F3NMCQTOVKUARSRWXWPWB6KOWBVXMZ
1738_Ba12Ir17.cif,Ba12Ir17,I-43m,0.7052706845245339,20.45284985121148,PN_AI3PRVZUSN6R65CP5VPTPJVYSMHFUTBU
1739_Al2Sr6.cif,Al2Sr6,Cmcm,0.0682416433704053,0.5459331469632431,PN_ZRNJ5ABXZJYQN7CCR7WHJVLQ5XT2EKUL
1740_Pt8V.cif,Pt8V,I4/mmm,-0.2749647122994219,-2.474682410694797,PN_B5GPB5O67XTRB425I3JSY46PX7GZOU5T
1742_Na5Pt4.cif,Na5Pt4,I4/mmm,-0.0063450382886319,-0.0571053445976872,PN_7EMJ4K65J3WSGNCROTVE45ZB2WBN2AM7
1744_Fe2Pd2.cif,Fe2Pd2,Fd-3m,0.0600193354461096,0.2400773417844384,PN_4PZJ6MD74XKAZMBXYBQU4X5WSY76SGMP
1745_Ir2V.cif,Ir2V,P4/mmm,0.1849424688285653,0.5548274064856962,PN_BJHHC4GIKONSVLPUQSJA3TIQXDAHMP3G
1747_Ag4Al3.cif,Ag4Al3,I4/mmm,-0.0356463121095568,-0.2495241847668978,PN_WBNPFY3PMG366B2MVCMC4YLFGHRC6R34
1748_Au2Ga4.cif,Au2Ga4,I4_1/amd,-0.0790314973956759,-0.4741889843740559,PN_HQLTPVLTVKHPJP2KGYRWKP5GXALTLQVL
1750_Al2P2.cif,Al2P2,P4/nmm,0.1711348282914704,0.6845393131658817,PN_KM557TKZDGXGRUQSC6PTKP67VJAWAYGR
1751_Nb2V2.cif,Nb2V2,P4/nmm,0.0562843441936919,0.2251373767747679,PN_F5VBP5KL7L424UC4YGU6RTHYWOXO7B56
1752_Ir2Pb.cif,Ir2Pb,I4/mmm,0.5983672141707702,1.7951016425123107,PN_A25GY4JA56773OENM3733LF5TGMEJXZT
1753_Au3Cr.cif,Au3Cr,P4/mmm,0.0798392217555257,0.3193568870221028,PN_B6ZNHTZDU3FAE4YMOT33QUV2XQXVAP22
1754_V3W.cif,V3W,P4/mmm,-0.0340694370188607,-0.1362777480754431,PN_TITMT5XMTNPWI2DLKL7M22YPD2VEDD46
1818_Sn6W10.cif,Sn6W10,I4/mcm,0.5835910355843623,9.337456569349795,PN_N4T7KKYIIBI6N5USALOT7ASF5BJCIFTJ
1819_In2Br4.cif,In2Br4,C2/m,-0.649103872879229,-3.8946232372753737,PN_JJUTDHTNAG2WMWALUMPABPVBCZTXJEBG
1821_Ca3Mo.cif,Ca3Mo,Imm2,0.7116405846471903,2.846562338588761,PN_QEOL7QVQ6NGYL7FCCLNZ5HM6VA6UKIIN
1823_Cu3Ga.cif,Cu3Ga,Imm2,-0.0800573082827607,-0.3202292331310428,PN_STOBKLNEKCSHOYSP72U3JELJO3AAOO5G
1825_FeGa2.cif,FeGa2,I4/mmm,-0.041209392734169,-0.123628178202507,PN_QNL3B7N7VFEXQQG3MQDYIAFQI4RS5FJ7
1826_Fe4Na.cif,Fe4Na,Im-3m,1.6988695219756764,8.494347609878382,PN_IQLKP25HSZBFTFCYCDP243CZWOKKK62X
1827_Ir4Sn16.cif,Ir4Sn16,I4_1/acd,-0.249447746255101,-4.988954925102021,PN_EGDFHM2VOMXQAXJYTSRB3PGSWIEDCJW6
1829_SnP3.cif,SnP3,Im-3m,0.113431214348977,0.4537248573959083,PN_7BUFDMVLADFW6RWV4I7H2KYGCVOUBBFU
1830_Fe2Ga2.cif,Fe2Ga2,P4/nmm,-0.0316817679816612,-0.1267270719266449,PN_4PCLFFW6K3KNL5C3M556OCODJN5CZ5ZS
1832_Ga5Br.cif,Ga5Br,Cmmm,-0.0006488106114813,-0.0038928636688879,PN_AUKVELYT5SNG3UL6XNXH6I27U55Y2AJW
1833_BiI.cif,BiI,P4/mmm,0.2449565880310906,0.4899131760621813,PN_F54VN74OO7UVBHOBYWIZOKKJZHICIRTY
1835_Mo2W2.cif,Mo2W2,I4_1/amd,0.4529627299555354,1.8118509198221415,PN_MJDVX6L73OFBV7WH2SCL2OVRVJDSJ3BL
1838_Al2Th2.cif,Al2Th2,Cmcm,-0.3294962269685841,-1.3179849078743366,PN_R4H7FE4FS6UI7O4ECOIVLEFRKYEVMSUZ
1839_GaMo.cif,GaMo,P-6m2,-0.028439939265862,-0.0568798785317241,PN_DFHYHRTAXF4H3TM5AHRXQTYQ7AKQ56UH
1840_Pd2Sn8.cif,Pd2Sn8,Ccce,-0.2912838041090353,-2.912838041090353,PN_TND4NRGPUN6KOD4VKU4ZVPIXYQ3NWMV2
1841_AcAl3.cif,AcAl3,I4/mmm,-0.0211706250433376,-0.0846825001733506,PN_2H4HSUOK2RAZNMBS4O5VZIKWW2BEFAG6
1842_Cu3Sn.cif,Cu3Sn,P4/mmm,0.0759635169361603,0.3038540677446413,PN_7G2VDXDJUKIF43LG2YXBKDCJZPSK5W7K
1843_Ni2Pb2.cif,Ni2Pb2,P6_3/mmc,0.0508002978802686,0.2032011915210745,PN_YL5BUEF44ARXBGOBTTBECJY7HSVI4W4E
1846_Mn16W4.cif,Mn16W4,I-43m,0.4679057054088744,9.358114108177489,PN_PMMIIY3EP6TKFZSGKLBPH3FKDY245EJX
1847_MnNi.cif,MnNi,P-6m2,0.0683401008984505,0.1366802017969011,PN_SCIJTUY545STCRFSBOQIBYT4PJXE4VQ4
1848_AlSb3.cif,AlSb3,Immm,0.1501559370777596,0.6006237483110386,PN_RQNFADI3Q3MMFPVD2QXY5SR4G6UYOO52
1849_Au5Nb.cif,Au5Nb,Cmmm,0.048939849058281,0.293639094349686,PN_ZVEZVK5WXICJSWAB36XJLMXR6HZFYR2P
1852_VSb.cif,VSb,P-6m2,-0.0537609682333108,-0.1075219364666217,PN_ENMBRJO3YCGD22DSHPFDQICJJ2HM4NIX
1853_Ag5Al4.cif,Ag5Al4,P-1,-0.0289825661094569,-0.2608430949851126,PN_LYXUKIH5TEEGYBJ66W552IKO6DRYD5RW
1855_Cu4Pt4.cif,Cu4Pt4,P-1,-0.1205808597847024,-0.9646468782776196,PN_QBJFZ7GPSK7C25UNUVJNCF5EGI5UZZT3
1856_CuMo.cif,CuMo,P-6m2,0.3588543434479447,0.7177086868958895,PN_E5GMCGDUUF6H7342LLKCALBICVQD3J22
1857_AlTa4.cif,AlTa4,I4/m,-0.0452718545750741,-0.2263592728753707,PN_4JVFYC6EZOG52KALM6O23QX3E5OAOMZC
1859_Nb2W4.cif,Nb2W4,Pnnm,0.1061049533559928,0.6366297201359572,PN_UFUHCXGN62XO7NWIGSA5UP2J4WGNCY25
1862_Fe4W2.cif,Fe4W2,Cmcm,0.1247923180939961,0.7487539085639767,PN_NTEGTGTPQHKQEOY4HP66H3UEHHYNBLRA
1863_Fe5W.cif,Fe5W,Amm2,0.1370840131538635,0.8225040789231812,PN_DKNADSVPBQZ6GILAFLKZHQ76YGEVHKK4
1866_Cr6Sr2.cif,Cr6Sr2,I4/mmm,1.4466103641065455,11.572882912852364,PN_ISHW5KDYR2DDH2OTZZKC2G2WUDNP6TH5
1867_FeSr.cif,FeSr,P-6m2,1.0256503461245172,2.0513006922490344,PN_CQTAYEWS6MUBNV6QMIVR6UKMXFUQNWKG
1868_AlIn3.cif,AlIn3,Imm2,0.1166018305890035,0.4664073223560141,PN_NGHYLHDO6RBITFF3SO355X5DWSTRTU2L
1869_Ca2Ta2.cif,Ca2Ta2,I4_1/amd,0.8434786935505398,3.37391477420216,PN_FFMUKBZGVZ5MOQRH6LCV2P4WLFLXATHK
1870_FeSb.cif,FeSb,P-6m2,0.1270127343936424,0.2540254687872849,PN_4U62EWCH65FX3FODEJRV4IRLNI57ONLT
1871_Cr2As2.cif,Cr2As2,P4/nmm,0.0077630930576173,0.0310523722304694,PN_DL5S6BV5ZSQJDFEUBVK6DP7H3XXS5BZC
1872_Al2Sb2.cif,Al2Sb2,Imma,0.181921935434036,0.727687741736144,PN_B6H2X2STXYTUKGZHIOZDXC3IA2NFWBX4
1873_Au4Sr2.cif,Au4Sr2,Imma,-0.7626116234560195,-4.575669740736117,PN_R2LKRBM2K3PT6PS6CPCCZCSHKRINP5FA
1875_Ca6Cr2.cif,Ca6Cr2,I4/mmm,0.8731378962099527,6.985103169679622,PN_WT7RNQKO2UND674774RUKVVQ77SJCJRG
1877_Ca2Rh.cif,Ca2Rh,P4/mmm,-0.2601120708243023,-0.780336212472907,PN_U2J45XN6HFXCG4NWD4A6Y7Z4RX7OBJ62
1879_Al4Ta5.cif,Al4Ta5,I4/mmm,-0.155074501972327,-1.3956705177509434,PN_GQ4AWSPILOWZCKQ6LYSDCQGSNGR4QLS5
1880_IrPd7.cif,IrPd7,Fm-3m,0.0597201569160912,0.4777612553287298,PN_2EHMLWJ2JM4P2325D2W2MV2JXQFNP4MY
1881_AlNb2.cif,AlNb2,I4/mmm,-0.1454841621484703,-0.4364524864454111,PN_WFY5B7HEWOCQH2U53P6OMQV3UFQMK562
1883_Al12K12.cif,Al12K12,Pbcm,0.3064031157240965,7.353674777378316,PN_X4D6UXGVKGXTM4OV3W4337RP2ZZHALOP
1884_Sb2Ge2.cif,Sb2Ge2,Imma,0.2790129490215403,1.1160517960861611,PN_YUE2W6T5E3LIM4JGUSVNBCTSQLAVRI5Q
1886_Fe5Pd.cif,Fe5Pd,F-43m,0.2336302647298455,1.4017815883790732,PN_N7ZAOS7VRSXOHCFTX7QQZ4WZFAK6YS4H
1887_AuGa4.cif,AuGa4,I4/mmm,0.091451306531556,0.4572565326577802,PN_KIVDD5SIRT4FQR4HHFFWMEMT2KS4WYWA
1888_Ca3As.cif,Ca3As,P4mm,-0.4199362387130616,-1.6797449548522465,PN_5RTZHLVOP54DLMF4N3S7CQNYESHZKAHX
1889_CrNa3.cif,CrNa3,Cmmm,0.8515193684396225,3.40607747375849,PN_G6RJKF7AUI6E2UCJVTQ6UGB244VK636E
1890_Au5Mn.cif,Au5Mn,Cmmm,-0.0340198901622936,-0.2041193409737616,PN_ME42EZLVCB2MJ3YE36C5HWQ4J4TZLBIY
1891_Cu2Ge2.cif,Cu2Ge2,P4/nmm,0.1863597944661306,0.7454391778645224,PN_UK4DDRXGD55AUENVEWOLLNI4UOD2JSHP
1894_Ag2Al4.cif,Ag2Al4,I4/mcm,0.0460584207708614,0.2763505246251689,PN_X6XM4H3HG6RTEZH5YGDBNFS4PAMTNATF
1895_Cr5Nb.cif,Cr5Nb,Cmmm,0.0783894885691474,0.4703369314148844,PN_IRQ66DWL4IRM6BEC62U2ODNY75YYMCID
1897_Cr8Sn.cif,Cr8Sn,I4/mmm,0.3679512322402697,3.311561090162428,PN_5E7UELLDVB6XIQBZT5FWMPA6R7BIGZKZ
1899_CuK.cif,CuK,P-6m2,0.5618755958170236,1.1237511916340472,PN_T6TDMNUQMMORCGRU3CS7QNIMVKZIKF2L
1900_Ir2Na.cif,Ir2Na,Immm,0.2358284209454311,0.7074852628362933,PN_E5PI6MPEUWZPRG57KG6YKM33G6Z4OHU7
1901_Ni2Sb2.cif,Ni2Sb2,P4/nmm,-0.0576973778270293,-0.2307895113081173,PN_BNZHTIBZGKXA335HM3NCJVRRH3X7PN7P
1902_CrNb3.cif,CrNb3,Cmmm,0.0724017543079593,0.2896070172318374,PN_52HOEZ6ANJ4YHIB6GHOQVDGK2XQMDUAE
1903_In4Mn4.cif,In4Mn4,Pnma,0.2530961970805325,2.0247695766442604,PN_STY3IXCFOGTPESQDDKGPGPU3UYGM4FWY
1904_GaNp.cif,GaNp,R-3m,-0.1393437317112527,-0.2786874634225054,PN_TJAX5NGYLYTQ6JUA4AKXLPJ6S546CUCM
1905_InV.cif,InV,P4/mmm,0.3485211857579378,0.6970423715158756,PN_STLPSFAUOP7NANNDLZ4UQM5HUPAQNDCA
1907_CuGe3.cif,CuGe3,P4/mmm,0.2343947773578127,0.9375791094312512,PN_PXLZFUBJOFCP24EF5QLVULLZ5O5AXW2E
1908_KPb.cif,KPb,P4/mmm,-0.0405393933728852,-0.0810787867457705,PN_QXMJGRIKBWEM5NQCUBSVAIV4AXGGJB5G
1909_KSn.cif,KSn,P4/mmm,0.0318888405176593,0.1275553620706375,PN_ZDVLY7PVSRWXX4S2DLXOUVVKM6IK4M32
1910_InTh.cif,InTh,P4/mmm,-0.2467436210790188,-0.4934872421580376,PN_S7XRLHUBMIDHJZVXWNRTS6IVAU5M3HJC
1911_AcV.cif,AcV,Pm-3m,0.6825734085499287,1.3651468170998573,PN_Y2UZ5YYCPK2JJNQ4KIKCJRTB4OX3JQVS
1912_CrSn2.cif,CrSn2,I4/mmm,0.2617738281861198,0.7853214845583594,PN_XNHTJTVZRCSIWLUSLLJL222ZESOMRY3G
1913_Ba3Cu.cif,Ba3Cu,P4/mmm,0.0483975189046881,0.1935900756187525,PN_3LBN7OUEPZL7VYRGXDUTJVUZV6C2ZQMN
1914_K2Sn4.cif,K2Sn4,I4_1/amd,-0.1488476600167298,-0.8930859601003789,PN_UDTXNPJ5MDJ6HE2MKIPJEZPREAOGMN5C
1915_Cr5Rh.cif,Cr5Rh,P4/mmm,0.0637703554591707,0.3826221327550243,PN_YLNINZEOPT4RB3FRVW7264QP6K45OHHT
1918_NiSb3.cif,NiSb3,I4/mmm,0.438097995862682,1.7523919834507282,PN_W6DEDFJFVS3LSPRJ356EFTQJWL6TRGKI
1920_CsYb.cif,CsYb,F-43m,0.6736704833459317,1.3473409666918634,PN_AZCGUKSBNWVP6STDDZM4FO2DESWVYLS3
1922_InV.cif,InV,Fm-3m,0.8176152594236008,1.6352305188472016,PN_QPKDQQFS33ZF2CFDED6E2YYD2RJBGEVR
1924_Cu44Ni2.cif,Cu44Ni2,Fd-3m,0.1180290791446753,5.429337640655064,PN_LKZSW4MAKM62XM5JX7X6COBXL6TDKHH6
1925_BaAs4.cif,BaAs4,I4/m,-0.2218057127435329,-1.109028563717665,PN_5IS3FHKVP3E2DZ52XGD34RZWVWVFQUTL
1926_Cu6Pt6.cif,Cu6Pt6,P-1,-0.119603433327993,-1.4352411999359165,PN_EFVXJK5IWIWTTSNGU7PGVLBEMAYZT5OP
1927_K2Na2.cif,K2Na2,I4_1/amd,0.0232163659383157,0.0928654637532631,PN_3JYF2L5DXOLWOKYN5G7TBBS6F53VQVYI
1928_Pb2Sb2.cif,Pb2Sb2,Imma,0.0611476891897284,0.2445907567589138,PN_XV2QGMKJBKZWGBEOKEBSNS4HWTCNRVRC
1930_Cr2Nb2.cif,Cr2Nb2,Fd-3m,0.1344305427950498,0.5377221711801994,PN_WUMMV57R42NGSCLBTIMJ44WQ4CYETER6
1931_AgTa3.cif,AgTa3,Fm-3m,0.3187596400493717,1.275038560197487,PN_PXKLBJUSDPYHCZ72LN6DUAELDXWZV4SE
1932_Ni2Rh2.cif,Ni2Rh2,Cmme,0.2229648259063426,0.8918593036253704,PN_OCF3ZCGPL72MOYNV2UHBWN5L2XL5VX5I
1933_BaV5.cif,BaV5,P4/mmm,0.4324695998630012,2.594817599178008,PN_7OJZC24D5R3S5NDBNUV26FHPJJG7G6Z2
1934_Na7Pt.cif,Na7Pt,Fm-3m,0.0551020299561471,0.4408162396491768,PN_6Z2DZ3KAQJIFOE2UU3QW3HAZGLZU7LPP
1935_WP3.cif,WP3,Fm-3m,0.3893691915278054,1.557476766111222,PN_D4DULPMCSJJJE55ML4DX3QN4TI2QV5SR
1937_Al3Cr.cif,Al3Cr,Pm-3m,-0.1119193373167286,-0.4476773492669146,PN_UGOW3HKUN4UHC3IPNWN6JPSUH42Z7BSI
1938_CaCr3.cif,CaCr3,Imm2,1.0513220301705486,4.205288120682194,PN_3HCTHN3I25A6JI33G6RAGTUIBGEEUJ42
1939_Al3Cr.cif,Al3Cr,I4/mmm,-0.1551539401644879,-0.6206157606579517,PN_JAY37U6PJ5UQF2M76INNWYWQFUJSW52L
1940_Nb3P4.cif,Nb3P4,I4/mmm,-0.7612680442137554,-5.328876309496287,PN_JIWKBYFBKETIKDQ5G6YKI6OJEQ2P2EIZ
1941_Pd4Ta26.cif,Pd4Ta26,P4_2/mnm,0.0798275323361679,2.394825970085037,PN_7H5WLQP62NE37AVIWSNN6SJNBMZJFNUE
1942_Al4Ga8.cif,Al4Ga8,Pnma,0.0662554584094277,0.7950655009131324,PN_L5DBZP477HBEZDH6NILBYHLGWLFT3NSB
1943_Th6Ge4.cif,Th6Ge4,P4/mbm,-0.8316474113878478,-8.316474113878478,PN_4PFQS5RGSR67FH3KFTRILTZZDOWDMVFC
1944_RbU.cif,RbU,P-6m2,1.1812050215563366,2.362410043112673,PN_2CKQ2AEFA26LJKPCS6IUCHCYVWX5NFCX
1945_CrP.cif,CrP,Fm-3m,-0.2154551302781184,-0.4309102605562369,PN_NRAHCC3VX3KJDGGGVO75JKWSRJSX2TDG
1946_MnNi.cif,MnNi,F-43m,1.5847576502533247,3.169515300506649,PN_QYDM4T5WPL6CRL7CC526LPV7VP45ZUEB
1947_Mo3Nb.cif,Mo3Nb,Pm-3m,0.412866896468083,1.6514675858723322,PN_TDSKF2YYL5JRKYOJAMW5HF5UVRJB3HGG
1949_Ta10Ge6.cif,Ta10Ge6,I4/mcm,-0.4756011476448218,-7.60961836231715,PN_PZ3QK6USYZY3AIDDXPDNO7J55GBPYNFA
1950_Ag4Na2.cif,Ag4Na2,Pnnm,0.0165116819565905,0.0990700917395432,PN_E45LUCEPZJ6C3S7XBUQIX2B5VZKQLLOJ
1951_Ba2V2.cif,Ba2V2,I4_1/amd,1.4341046655489045,5.736418662195618,PN_2CEYYYYSB2S37IH2EOLMOMDP3UFBEQJR
1952_Mo16Nb8.cif,Mo16Nb8,Fd-3m,0.3950892874479035,9.482142898749686,PN_RCI7BQYOWCCAAHFYJCDMW7SRPKBPTDQT
1953_AgP3.cif,AgP3,Pm-3m,0.6993426805573235,2.797370722229294,PN_47EL4ZTUVO2C4N6AA5YODRXSKLHTWAFC
1955_Sr8W4.cif,Sr8W4,Pa-3,1.5620329569499674,18.744395483399607,PN_4WCRVZPPKKXXHBAU24RMW6ZVZE76XWS2
1957_Ba2Fe2.cif,Ba2Fe2,P6_3mc,1.432824894896533,5.731299579586132,PN_C5WT6BJ7ARB6WQMMWRT2IJDUBL2TGAYQ
1958_Pb5Sb3.cif,Pb5Sb3,Cmmm,0.0442930198409401,0.3543441587275211,PN_ZSBD5LAHFMRRF4DNTUTF4WXKWRDUIHI3
1962_Mo4P4.cif,Mo4P4,P2_13,-0.5185167056942248,-4.148133645553799,PN_ZTQB4PPESBRVCBPE6HJM7AI4MUE3KACJ
1963_SrW4.cif,SrW4,Im-3m,3.29538982431248,16.4769491215624,PN_JS4TIP3OFJSQJL64MVELDI3BBXRHV7X5
1965_NaPt3.cif,NaPt3,Fm-3m,0.1237963514291218,0.4951854057164873,PN_OPSDALSNL5PQ7LKZ4JRPFPVNVGVBRP6Q
1966_Ag2In4.cif,Ag2In4,I4/mcm,-0.0368942050166865,-0.221365230100119,PN_DYWBZHB2OID6OMD25GYZWDJONX7CRXO3
1967_GaSr.cif,GaSr,P-6m2,-0.1161170499616095,-0.232234099923219,PN_SEA5H3JT6WDMCS5FDAUQA5XK5Z5NU4YV
1969_FePb3.cif,FePb3,P4/mmm,0.4816714178581449,1.92668567143258,PN_3N26XUECHBIKCS6WAJCMZUEODBCZ4YSH
1970_Ca5Cu3.cif,Ca5Cu3,P4/mmm,-0.0565900669884098,-0.4527205359072788,PN_NRXQNH65CTI6CC3SHPVXRGQBS2V44PAS
1972_Fe3V.cif,Fe3V,Cmmm,-0.0559529631309843,-0.2238118525239372,PN_3FOE6XJC6I7BLJFWZUNQBEJU6JT7SOLU
1973_BaAs.cif,BaAs,P4/mmm,-0.8242741931404591,-3.2970967725618365,PN_EL545KZ4TVZ36XDFESPH44U645NMYKRM
1974_Ta2Ge.cif,Ta2Ge,I4/mmm,-0.1709796290019044,-1.0258777740114269,PN_AKFSJRZWZF24WWUXQO56E3KWKVR2GDEB
1977_InNb.cif,InNb,Fm-3m,0.6373364957229786,1.2746729914459571,PN_OAKWIEHMRUI74KA2LLMJYUGDEXHLIUSI
1979_Ir5As.cif,Ir5As,F-43m,0.7876346656538438,4.725807993923063,PN_Q3CGERNJHVW6FN336GNNLWN5RFBT72EG
1980_As3Br.cif,As3Br,P4/mmm,0.2125740824372881,0.8502963297491526,PN_PDGGGMLQE7YSAPOGVOXAQBXTUFXCOM62
1981_Fe2V4.cif,Fe2V4,Cmcm,-0.1378910599604251,-0.8273463597625508,PN_6XO3EZJSJBYWRQHMXVVFJL7LP4TXFTYA
1982_Pb4V4.cif,Pb4V4,P2_13,0.5410168853053765,4.328135082443012,PN_Q6VFBKCDNKFPVOBBIZ6AMGXBK4DTMRU4
1983_CuNi5.cif,CuNi5,F-43m,0.1978016568543837,1.1868099411263024,PN_Q7LAZIHSCZYETPPHJBPD2YP2G6FTAE56
1984_In4Br2.cif,In4Br2,Cmcm,-0.3372741578598444,-2.0236449471590667,PN_6FQZVK2XD4UMPDM6LVKPWIR4ETU4Z4Q7
1985_SrI.cif,SrI,Fm-3m,-1.1425274083601475,-2.285054816720295,PN_F37K34HBSTBOJL6XYYHDMCQ3PAEWOY74
1986_Ag3K.cif,Ag3K,I4/mmm,0.2102714975918522,0.841085990367409,PN_2P4EMK66XJWLZW3WTAJQTQPJR7XJJDD5
1987_PbGe3.cif,PbGe3,Fm-3m,0.1050826939614646,0.4203307758458585,PN_JZPAHVMS5BYVJZBPYDT75OFBKBR4ZMKM
1988_Ba8P.cif,Ba8P,I4/mmm,-0.1316894719354589,-1.1852052474191304,PN_OTCOWJNJMAUF5WQTBJGXWYILHXVLKHB2
1989_CrYb.cif,CrYb,F-43m,1.563562392238151,3.127124784476302,PN_KAG3ARJARW6N7MF3WC7MBTRLCICLBKMJ
1990_AuP.cif,AuP,F-43m,0.216376917775559,0.432753835551118,PN_GYNBFS6OLIPJT7PLWQAJ2H4EBY7XDGRR
1992_K4Sn2.cif,K4Sn2,Pnnm,0.0381415247835024,0.2288491487010144,PN_JJCAE6JJYUMFVJCWF5YJDDQHRPAROLUS
1993_Ga2As.cif,Ga2As,I4/mmm,0.1121954406985832,0.3365863220957497,PN_O2NYL5W7O7CYUOE2QLBL2SLXP765Z7NZ
1994_CuSn.cif,CuSn,F-43m,0.3544542623870392,0.7089085247740785,PN_5XIAYG7YSPPQOOR3S33G57E752PSOOOB
1995_AgIn2.cif,AgIn2,P4/mmm,0.0771648789217872,0.2314946367653618,PN_K6Z3KXR6YG4JSHJ4T7L6IBI6LMXWD4AC
1996_BaTa2.cif,BaTa2,P4/mmm,2.6742888561602256,8.022866568480676,PN_HM3MEVD6C7RDSYBP43KHJND2A7HYHHTC
1997_Cu5Pt5.cif,Cu5Pt5,P-1,-0.1249004932685046,-1.2490049326850468,PN_WW4NXHAAWVBPIFEVY2B5724LBQZOWHU7
1998_Sb3Ge5.cif,Sb3Ge5,Cmmm,0.279852167525032,2.2388173402002565,PN_DE4WRFEA2NTKS2FLOISC2SZ7ZJOZPXHE
1999_AlTa8.cif,AlTa8,I4/mmm,-0.0389980449255236,-0.3509824043297129,PN_BTK5NXWP7SL3HVMR6XW3J2ZAGMJQPSLX
2002_Ba2V2.cif,Ba2V2,P4/nmm,0.7014600764628796,2.8058403058515182,PN_OWLKSLEHKAB7BKFSE3BG26ALIP32ANUB
2004_Fe26Mo2.cif,Fe26Mo2,Fm-3c,0.4051483533428351,11.344153893599383,PN_7PZNZUMBDKFAPYWGP5MYBODTWCCOLDM6
2005_CrEu.cif,CrEu,Fm-3m,0.9504176641676194,1.9008353283352388,PN_YSCS3DN3GSFTYYGSXOGIRHNLPEMHKHCN
2006_W2Sb2.cif,W2Sb2,Fd-3m,0.9266181348642304,3.7064725394569216,PN_6MXVKQIDJWDZV4LVDJ36IP2H6QBN7EOZ
2008_MoNb.cif,MoNb,Pm-3m,-0.1312283059431038,-0.2624566118862077,PN_LO6ENWI6JOL33CAZB3X3SVNAJOMVFR3U
2010_Ba8Bi6.cif,Ba8Bi6,I-43d,-0.952543718522009,-13.335612059308126,PN_LBOB4BWLUZZJFNN3ZQWKULV6DV3RMK3R
2011_Au8In.cif,Au8In,I4/mmm,-0.0480099525897463,-0.4320895733077172,PN_6PAJJWAHKEUGPNAYWA6BGMJJAO4XATKC
2016_Mn6Sn2.cif,Mn6Sn2,I4/mmm,0.2060444772109209,1.6483558176873672,PN_Y4OZKM3IN5MP5J6SVJCLWFVQ4W5AYQYD
2017_Au2Mn2.cif,Au2Mn2,Pmma,0.0127753186422383,0.0511012745689534,PN_ZXR2BL6ELQOP6HE7DHTTW4XXUIU677BN
2018_KNa2.cif,KNa2,I4/mmm,0.0142078707647042,0.0426236122941126,PN_XUYS2WFBB6O52DEFUCECBYT7VPEPCF3I
2019_AlPd2.cif,AlPd2,P4/mmm,-0.0943717988913158,-0.2831153966739475,PN_AQMC7HAH57B6HFMLJNRYEYUDZOSD5UEH
2021_Cr2As.cif,Cr2As,Fmmm,1.20373859087688,3.61121577263064,PN_HGCV5A4YFG5RJK2IGJ5ZH7X5MHQIY2DF
2022_Mn4Mo5.cif,Mn4Mo5,I4/mmm,0.160447881363546,1.4440309322719145,PN_A3JUGYC652FCEUYTKZR4NAPFBB67MZJ7
2025_Sr8Bi6.cif,Sr8Bi6,I-43d,-0.9292699023510173,-13.00977863291424,PN_J5STKY72CS6JMDER66ON65XMVADJV33H
2026_Mn2Mo4.cif,Mn2Mo4,I4/mcm,0.148827009312118,0.892962055872708,PN_CWVGRH6QIGBEVSGLS72RUEJO2J66KSWE
2027_Ag3Al4.cif,Ag3Al4,I4/mmm,-0.0070739792168131,-0.0495178545176919,PN_BSXV36PX5HUMTKLEJVMW5XPF4FJYKXZX
2028_GaPt5.cif,GaPt5,Cmmm,-0.2771613896486968,-1.6629683378921811,PN_55ZZZD7ES7MOOV2SLDDCQFCXYMRCAKLQ
2029_Cr8Rh4.cif,Cr8Rh4,I4_1/amd,0.0901796025136161,1.0821552301633943,PN_NB4P5B2Q5C4I65LEZ6M4BM25REINBE25
2030_CuYb.cif,CuYb,P-6m2,-0.0475451543672771,-0.0950903087345542,PN_XCVUMQGPVQBJ77ZN5RW75HUAGD3Z7OLE
2031_SrAs2.cif,SrAs2,Fmmm,0.9507100421627857,2.8521301264883565,PN_XQ5FOOEOER4ZFZ36KDJOJGMWNRGEHHUR
2032_Au2As.cif,Au2As,Fmmm,0.1483135096731356,0.4449405290194068,PN_TWBNKUF23ZS62HRG3NTFN74E4TIYRH6R
2033_Fe3Ga4.cif,Fe3Ga4,I4/mmm,0.078311859130354,0.5481830139124781,PN_HRZ4XWVB6TJTISSXDLH7CJ3X4MU4MU4M
2034_V2Br4.cif,V2Br4,I4_1/amd,0.0156110111199486,0.0936660667196918,PN_T52LIFAWASFLA4QQABTBKGBFJVQMB2Z2
2035_AgAl2.cif,AgAl2,I4/mmm,0.0454910328131704,0.2729461968790225,PN_FWPEVCVWRDCOACA4SORMTCV6NFDTM4ZO
2036_Al4Pd2.cif,Al4Pd2,P4_2/mnm,-0.2908299967509844,-1.7449799805059063,PN_HNHFLGI45GMATUQ3XECXVBAQQUNKCT7N
2037_Nb10Ge6.cif,Nb10Ge6,P6_3/mcm,-0.5620901117693196,-8.993441788309113,PN_NBV2PZNXBFHNZ2SRG5D2WQ5KR4WMUZ4S
2038_IrP2.cif,IrP2,Fm-3m,-0.3584518601264636,-1.0753555803793908,PN_VIPMYTK23NQA3ASCMTGSOZNH3652NUVL
2040_Pt6Sn2.cif,Pt6Sn2,I4/mmm,-0.3247850276886179,-2.598280221508944,PN_XNRI7RQXOXWTFI5IIZMRLXONW67755VD
2041_K5As.cif,K5As,P4/mmm,-0.0434061296714644,-0.2604367780287866,PN_5ENVMRJDFJTVPQUOJORNYSZY2TTQPZSE
2044_Ba8Cu4.cif,Ba8Cu4,Pnma,0.0588067267426094,0.7056807209113138,PN_Q6OPJGK4S52NZZYLIRB6MYIMXONAS53I
2045_Ba2Pd4.cif,Ba2Pd4,Immm,-0.351981708479304,-2.111890250875824,PN_JZ5CXSXVHJWHQAG2KL6KHPMN3TDLC4XT
2047_Ca4P2.cif,Ca4P2,Pnnm,-0.8955902962299666,-5.373541777379799,PN_ZMMSVL5P55TDXZ2RHXFSEDDHFERGJWJR
2049_Mo2Nb6.cif,Mo2Nb6,Pm-3n,0.0541671401782277,0.4333371214258221,PN_ACE4EVSEYPDLLBTVIHBZY63ZUBBJXNKW
2050_GaP7.cif,GaP7,Fm-3m,0.6729407778305001,5.383526222644001,PN_RHHV7Q4ODCHXDCPWODWBQPQAG36HL25I
2051_InNp.cif,InNp,Fm-3m,0.8057627772406146,1.6115255544812292,PN_YHNIEVXHKAGVQZ7S5BUZ2H2GZTAGVYDQ
2052_Pd2Rh2.cif,Pd2Rh2,P4/nmm,0.0410224113616495,0.1640896454465981,PN_BQUJNBOOAMHP3RYA4DQI6W3YGGP2CBTD
2054_Fe2As4.cif,Fe2As4,Pnnm,-0.2726784974914693,-1.636070984948816,PN_DPADJVZRIJ3IDPUVFUVXIQ5SZAR75FCR
2055_Pd4Rh5.cif,Pd4Rh5,I4/mmm,0.0900570939895841,0.8105138459062573,PN_QGYAMNFNPMEHMJFB5EJOGWJTOTWEFBCF
2056_BaFe3.cif,BaFe3,P4mm,0.8829292337864798,3.5317169351459192,PN_RPI36QNDFHWXKJFQV25VSGUUGTF6RZK5
2057_AcSm.cif,AcSm,Fm-3m,0.3655227245744945,0.7310454491489891,PN_DG34VN2UQIJEGANRTWCTOVVZIZAGBIRR
2058_KNi3.cif,KNi3,Immm,0.7556957670325106,3.0227830681300425,PN_YNRETTIQURHOXZDYFXKLVY6P6SG3LZYM
2059_BaFe2.cif,BaFe2,I4/mmm,0.8755973013057728,2.626791903917318,PN_LOJV4LYXO7ZIII3MTNMT4PO7U3YUOCKL
2060_AsBr3.cif,AsBr3,Pm-3m,0.5177541344689449,2.07101653787578,PN_GISEONUCRJEGAYYDW7VJWVXX3ZMMDLRX
2062_Fe2Pt2.cif,Fe2Pt2,P4/nmm,0.0783132292381125,0.3132529169524503,PN_PSJI5S3IBJ6F46ENZRKS3QZ6HKID5Z2C
2063_Cr3Br2.cif,Cr3Br2,R-3m,0.6807631171727635,6.807631171727635,PN_DX2UKFSSTTTECLYVXMTV74P7P6ZB4CS7
2067_Ba2Ir.cif,Ba2Ir,Fm-3m,-0.0891605456993988,-1.069926548392786,PN_OTRTCD46E5U5JAVJG72B3GDQZZOJI4TL
2068_Pt2As2.cif,Pt2As2,P4/nmm,-0.1098590302761417,-0.439436121104567,PN_T5YHZYG54MOKIT2EBRJFCB4BCGGCIC6O
2070_Ga12Pt12.cif,Ga12Pt12,Pbcm,-0.4726474852203968,-11.343539645289525,PN_RVPPUXL37PVQKVL6BZSJEMGEUGVBBNZS
2071_Ga2Br2.cif,Ga2Br2,Pmmn,-0.5777253611313591,-2.3109014445254363,PN_FG4AADPFJXLILUB3Q7M7C5UNFZOGVPRH
2075_K5P3.cif,K5P3,Cmmm,0.0229123948438667,0.183299158750934,PN_EACPOXQIYTMS7IOTWB6HVLR26IUAVP6Q
2076_Sn4P.cif,Sn4P,Im-3m,0.1624301464290653,0.8121507321453265,PN_32WLKOOBJGYS23XS7Y3LCBUWOS3SO7QE
2080_Nb2Pb4.cif,Nb2Pb4,Cmcm,0.5324324151474708,3.1945944908848247,PN_KC3JWRA7UHOIFTDF55Z5U6KHM5YXIYPL
2081_BaPd.cif,BaPd,Cmmm,-0.4783613083554825,-0.956722616710965,PN_Y3NITZKBH3IFUBO662UUU4X73XJQ5AFR
2083_Ce4Sb8.cif,Ce4Sb8,Cmce,-1.0093768112312318,-12.11252173477478,PN_CQ3BSWFKMIE7TGXIEPVO4KZPKEMEXXTN
2084_Cr5P24.cif,Cr5P24,I-43m,0.4558804071858427,13.220531808389438,PN_OH57PHFIKZGJSEMWKZB6KTSHTA6LDRJ2
2085_GaRb.cif,GaRb,R-3m,0.3709528424798503,0.7419056849597006,PN_ZUUNZ52EWHMY4LQRZ25R5KDT4V7U5E3T
2086_IrNa3.cif,IrNa3,Immm,0.4171477206495835,1.668590882598334,PN_ST4PRGFEUYAXQM7K4VVYUTYLKHWLT45J
2087_Nb4Pb2.cif,Nb4Pb2,Cmcm,0.2068769972852896,1.2412619837117376,PN_KTMZR7X2IEMZFU4Z7QTRUMS4SQMYLNGI
2088_SnP.cif,SnP,Fm-3m,-0.0947907314231715,-0.189581462846343,PN_NXZZYKS6W5KDOBMZGCHW3JY47FGUC7WB
2090_Pb16V8.cif,Pb16V8,Fd-3m,0.3154810401082291,7.5715449625975,PN_FVNZQFJXCOIIVFJ3QEO2CVLPT4E5PJMZ
2091_K2Ge4.cif,K2Ge4,Pnnm,0.2058314233855368,1.2349885403132213,PN_JD33P2TT2PMSGM2334QP23LSAMMWGNTY
2092_CuPb.cif,CuPb,F-43m,0.6068640491029402,1.2137280982058805,PN_VICNLSC5EW2LELD7JYBBFOHDPVLDTIC7
2093_Al3Sn.cif,Al3Sn,Imm2,0.1655793976137554,0.6623175904550216,PN_GFPY6IBW2PW3WAWQXGGK3UFLIISPVU2R
2094_GeP5.cif,GeP5,Amm2,0.2502946082764126,1.5017676496584755,PN_UVNZAVUDG4JQNP3NYLE6ZI7O5YMNC6QP
2095_CrNb3.cif,CrNb3,Pm-3m,1.7503015790430183,7.001206316172073,PN_2KAU3W2AFG55CRBOLC6CQUZNVN3UQX55
2096_Nb2Pb.cif,Nb2Pb,Fmmm,0.2498373527304996,1.4990241163829978,PN_MDBIXMYK5ISKMEDSVL2WU4JXJQKIBNRL
2097_Ce20Ir16.cif,Ce20Ir16,Pnma,-0.539478361802414,-19.421221024886904,PN_6SHL74WZ5ZQT4WROWPX5BSWWIK6Y4J5Q
2098_Ba16Ir4.cif,Ba16Ir4,I-43m,0.2012769031781847,4.025538063563694,PN_AO3ZJBE52NDGCCKWUMLORHPQ7WOPICWC
2100_Mo4Nb4.cif,Mo4Nb4,P2_13,0.2752814592945132,2.2022516743561056,PN_KVLCUPWV36ODP35ZBNQC6UGODN4Q4WGF
2101_BaCu3.cif,BaCu3,Pmmm,0.2453032477954502,0.9812129911818008,PN_4SVW4K5MJWZTG4Y2PJGOE6YHPRL524LW
2103_As16Br4.cif,As16Br4,I23,0.33519920200048,6.703984040009601,PN_3CZXXQZXPMHNBEHKQ7IWRV7CR567W3KC
2104_Ag8Ta4.cif,Ag8Ta4,Pa-3,1.3870426358454473,16.644511630145367,PN_RYPNC4ISWEKDG4AYFG3ZDGGANFIZ5NDJ
2105_RbBi.cif,RbBi,F-43m,0.6406652800277259,1.281330560055452,PN_7JQ5QC7TBCQIBUDOA5MBM4GZM2AGJ2MV
2106_K6Ni4.cif,K6Ni4,Fdd2,1.1132662060029634,11.132662060029634,PN_FMHA3XTPUGYBJXPWND2G3WNDFFYB6EEU
2107_Ga5Pt24.cif,Ga5Pt24,I-43m,-0.067521268653485,-1.9581167909510668,PN_VWWW2IPQP7WFIR33BD4GLH64HD6EZNIJ
2108_BaCu5.cif,BaCu5,Cmmm,0.2499063164877467,1.4994378989264805,PN_WWVOG2WZ6C7GKZ6WX7ZWX3W55WFKQL6Z
2109_RhYb.cif,RhYb,Pm-3m,-0.4724318611785012,-0.9448637223570024,PN_6A6Z2UEGLQCINC6KXG3EPLJ3C3S5KRAV
2110_Ag2P.cif,Ag2P,Fm-3m,0.1479457399151679,0.8876744394910077,PN_DSPNHVEZPWEUCEZSINIMPBIR4D3N56BQ
2111_Ag6Al2.cif,Ag6Al2,Pmmn,-0.0362782632402982,-0.290226105922386,PN_QHWEMUSBPOMPJ42N5FVXVWFY6YPZL7GC
2112_PAs4.cif,PAs4,Im-3m,0.4778014059865242,2.389007029932621,PN_Z6QXIQLI4H6DMJGSQZN2NQEQKXBIZ7IW
2113_Ag8P16.cif,Ag8P16,Fd-3m,0.5141729398957775,12.34015055749866,PN_44F74UUNMN3TFIH56PK2EA5PAMUTLLU3
2115_Na2Pd.cif,Na2Pd,Fmmm,-0.0417511614547165,-0.1252534843641495,PN_RJIMORBVNK2VK4CSO4MUGOBHCPCKMSM7
2116_Au6Nb2.cif,Au6Nb2,Pmmn,-0.0529283902520871,-0.4234271220166974,PN_6PRZMRVKX35LR5OJL2SIRIMZILV3NS75
2117_Ge5P3.cif,Ge5P3,Cmmm,0.4001806940265355,3.2014455522122844,PN_ZEPJV34CEX2QFIQ2CACRGTEYL7KUFWXV
2119_Mo2Sr2.cif,Mo2Sr2,P4/nmm,0.5498863203754158,2.1995452815016634,PN_2XYGIZMMVU2VX666YUC6H77YZLSVMGCH
2120_AlK3.cif,AlK3,P4/mmm,0.2818258477525277,1.127303391010111,PN_SD5C32FNMQ4ATUH6VQNA7KBCK36F4CZQ
2121_CaGa4.cif,CaGa4,C2/m,-0.4087614125768802,-2.043807062884401,PN_WI2MVENP3E6WTGUUPL2YVZ3UGGH55H2B
2123_Fe6Ir2.cif,Fe6Ir2,I4/mmm,0.0352644097519831,0.2821152780158655,PN_ZFR33437IA5B7CGUBCIZXOVMFFKDH2QV
2124_AgSn4.cif,AgSn4,I4/mmm,0.2672076135465829,1.336038067732915,PN_YDNQB2K5QSRGPNHZJRO735WUTLIRANZ2
2128_P3As.cif,P3As,Pm-3m,0.7466427268971589,2.986570907588636,PN_3TFCHR2IEBQ3PRJHOKOYMPARCTRH4LZJ
2129_Cr2Nb6.cif,Cr2Nb6,Pm-3n,0.1085546089350248,0.8684368714801991,PN_VHRDFLYS7OM37KJMGYK2GH3YVELMSHMK
2130_Cr3Nb.cif,Cr3Nb,Pm-3m,2.842053501474326,11.368214005897304,PN_5N4YX6IALWCO74AJCEHYXNJHULCJHXQS
2132_FeMn.cif,FeMn,Pm-3m,0.1235497884165575,0.247099576833115,PN_ZEUUQRPXRNTE3H7LUDIPGRMLRZUJ2KH7
2133_Mn3W.cif,Mn3W,Pm-3m,0.1922058763221663,0.7688235052886654,PN_PBVJZDLJZSSB77AHFCSKG2V4LHNN7BC6
2134_Sn2W2.cif,Sn2W2,P4/nmm,0.7018631931675055,2.807452772670022,PN_6TNMAYLNZSYTTTGVB5L45CJEHTITQBC7
2143_Al6Cu2.cif,Al6Cu2,Cmcm,-0.0017060816812031,-0.0136486534496249,PN_BE7NQMJLOPESSR2ZUH5CXVTF6OR4TBJ5
2144_Ag2Ge2.cif,Ag2Ge2,Cmcm,0.1908003162076452,0.763201264830581,PN_DKSYLLGFQVYLBNZ7VN4MZEQMZDPOWKA2
2145_Fe3Pd.cif,Fe3Pd,Pm-3m,0.0574203385382343,0.2296813541529374,PN_ZOP3J4GZQCQOANA7S4AAE3XS27KLOED7
2146_WAs3.cif,WAs3,P4/mmm,0.23299682616069,0.9319873046427604,PN_H7XZDNPYMJCWQO72DU6S6CWB5TS42ONC
2148_NaPt2.cif,NaPt2,I4/mmm,-0.046822418080523,-0.1404672542415692,PN_6TPO2M5QRHF4KQJPGLXYZF57BJJ5HEPV
2149_MnW.cif,MnW,Fm-3m,0.9855550840613176,1.9711101681226355,PN_TOPTXHE2ACT4A2HVNHGSO7GNWNA3XKRI
2153_Ba4In2.cif,Ba4In2,I4/mcm,-0.2700885921319666,-1.6205315527917996,PN_ZJUDH4LVP6IGR2UW66JKXM4IR4RXKBX7
2154_AgGe2.cif,AgGe2,Immm,0.2269485192188695,0.6808455576566086,PN_IOCXD5XSRQUZB2DK6DW5C2X7O6CGUYLI
2155_Na4Pt5.cif,Na4Pt5,I4/mmm,0.0008579267341291,0.0077213406071621,PN_QZMN3LQQCJ6RJIY7BJIYE2OJ7W6K6RQX
2156_InSn2.cif,InSn2,I4/mmm,0.0148086213463241,0.0444258640389723,PN_PTK6SJ6IAMGVBYMIGDAKMNUEYFOJV7ZV
2157_Pt3V.cif,Pt3V,P4/mmm,-0.4267483757291694,-1.7069935029166778,PN_HU24PMF3EFFS3FHJNXGWU64YX6AR4O5Q
2158_Al4Rh2.cif,Al4Rh2,Imma,-0.3845005338222644,-2.3070032029335863,PN_YX4ZZIDS3ZK5EF43VLBL4IV4LC5773IB
2160_RbV.cif,RbV,P-6m2,1.6020981680290052,3.2041963360580104,PN_GQUDM7FFADZMQ5I7ZKO6XLNPCDAYSA3Z
2161_CrSr2.cif,CrSr2,I4/mmm,0.5298477852028718,1.5895433556086154,PN_W2H5QMRKSESUOK7KU2FEHRLMWTQELP4X
2163_MoSr3.cif,MoSr3,P4/mmm,0.8728761706255601,3.4915046825022404,PN_CFMPVYWTJ4PLPQDDJX7PTK6YP3U7QFC7
2164_AlSb.cif,AlSb,Cmmm,0.2495095536161731,0.4990191072323462,PN_CQQJLEAOIBL2L7MYOWURF6IHDGLJ76VM
2165_As2Br2.cif,As2Br2,Fd-3m,0.4243112390513999,1.6972449562055996,PN_R4CVUFNAZAS5VDBCQ4X6EUPL7FDU3P3O
2166_Al2P.cif,Al2P,I4/mmm,0.0140671388629805,0.0422014165889415,PN_ICFYKRF5LYVRSPI4DJHQX4WRRCM2S2NJ
2167_Pb6As18.cif,Pb6As18,Pmmn,0.1753297828027603,4.207914787266248,PN_KVTEBYMMQFYIF7TEOFULKZVW7PJ2JRI2
2168_Pt2V2.cif,Pt2V2,P4/nmm,-0.4021971048022354,-1.608788419208942,PN_SZJADHHMMFXHWDKTDVRIBMXZWRSL5OZY
2169_Al3Ta.cif,Al3Ta,P4/mmm,-0.1025082671477601,-0.4100330685910407,PN_FAZOHWDLBGPYF7547V2WFGJZ5NAAIPAG
2174_AgBr.cif,AgBr,Cmmm,-0.2694783941406529,-0.5389567882813058,PN_ZIFTLBWDT5CBJ74PXZYCJHSFSAT2GGQN
2175_Ag3Sn.cif,Ag3Sn,P4/mmm,0.0184298694863218,0.0737194779452874,PN_A7HQ55HJ6OJ5ETK2Y23ICORAM5HCM2JP
2176_Ag12Br12.cif,Ag12Br12,Pbcm,-0.342706718874014,-8.224961252976335,PN_WKGWXLYRTM6QVTMTKQ77CW65GFTUBU2N
2177_Ir4Ta8.cif,Ir4Ta8,Pnma,-0.3445234546746931,-4.134281456096318,PN_7QR3M5US5ASXTPEQQZMLYASILLPUBMPE
2179_Mn2V6.cif,Mn2V6,I4/mmm,0.0301983632533797,0.2415869060270381,PN_BI6VKVWTM4D7QNNPIPUN5O6XVXCGAKKE
2180_Pb3As.cif,Pb3As,Immm,0.0508391896890603,0.2033567587562412,PN_7DO54XXKEMQIROX4RJF2EOEEJKK53EAS
2181_Ir3V.cif,Ir3V,I4/mmm,-0.3980924594769846,-1.5923698379079383,PN_4LGZ6REU22EK36SRAHHSPW77EXXIPKQK
2183_SnV.cif,SnV,F-43m,1.1915693404471313,2.3831386808942625,PN_IZVQOLNYUSOYTNMB5VVHEQPFV2THDEIA
2184_Pb3Sb.cif,Pb3Sb,Pmmm,0.0527710928808438,0.2110843715233752,PN_FPTVYGJJVM4B2GPQGDPXCMYMW7LZKT45
2185_Ir8Pd16.cif,Ir8Pd16,Fd-3m,0.3399996705513632,8.159992093232717,PN_GDCI2N3TJNNP32RIYF6MK5OCWDI63I3X
2188_Sb6Ge2.cif,Sb6Ge2,Pmmn,0.1905762873380529,1.524610298704424,PN_ZBRUPP64DV7YPX7HCR45AMZMLU4EKNYL
2189_Al2Cu4.cif,Al2Cu4,Pnnm,-0.0342056402310759,-0.2052338413864554,PN_55DAAYEWPJVX6ZKCRKQGXLCIL7QWJBXK
2191_Ga3Na.cif,Ga3Na,P4/mmm,-0.0249882809222263,-0.0999531236889055,PN_K32VSU7OKGXCI6G2FIXCYLK5PXPWT44Z
2192_AcSb.cif,AcSb,Fm-3m,-1.3729502658314,-2.7459005316628,PN_XZQAHGFCKANDEX5AHUXTVZVZE4ZETYMS
2195_Ca4Cr2.cif,Ca4Cr2,I4_1/amd,0.5590748155391374,3.3544488932348244,PN_OSOXJH7DFB6EFSIFESIPE6QINKBBUGOA
2196_SbGe3.cif,SbGe3,Immm,0.3134360038520034,1.2537440154080135,PN_AYI25426H7TX6NMO3IEELVYHRQ5H45MF
2197_CrNa3.cif,CrNa3,Immm,0.5423186726893348,2.169274690757339,PN_NPOKAK5YNKO4MONQXAUKRBGGQAB6W5CV
2198_Al2Ta4.cif,Al2Ta4,Pnnm,0.5322056089761146,3.1932336538566872,PN_KD7N35EDL7PJFXTXEWU5E2VZDLSWXRKN
2199_Al3Sn.cif,Al3Sn,Immm,0.1862588865298473,0.7450355461193894,PN_HWZB4JKIM5W7RRBCS42UZLTTM4RB7IDZ
2200_TaV2.cif,TaV2,Fmmm,0.0641019182028337,0.3846115092170024,PN_FRWTFR5K52KPDHJBQ4LJV6HDYFOJLTF6
2202_Ba2Sn2.cif,Ba2Sn2,Cmcm,-0.7239831978783742,-2.8959327915134967,PN_ALL5MCAZ6W36UMGMHVK4XW6ZGTASGBFN
2203_Al2Cu6.cif,Al2Cu6,Pmmn,-0.2033060160153859,-1.6264481281230871,PN_2FAOBC6AKG3UIZY4VWWWFSYT6RJJD3AU
2204_GaMn5.cif,GaMn5,P4/mmm,-0.0046963599806891,-0.0281781598841348,PN_D7CMSUXZXCMIMFZ7ZWU3JIDPHJUWZKG5
2205_Mn2V.cif,Mn2V,I4/mmm,-0.0755313052708371,-0.2265939158125114,PN_IF7BO7MVAVBU2GJCUQRPHRJQGGGK77MI
2206_Ca2Cr2.cif,Ca2Cr2,I4_1/amd,0.7767976291677305,3.107190516670922,PN_RTAKFI33X6HOR6NLQTKXOW2LE6S5N4I4
2207_As4Br4.cif,As4Br4,P2_13,0.4151265229348966,3.321012183479173,PN_CB52Z4BGRKY5YKZIDVAMU5GZPACP4QDR
2209_Na3Sn.cif,Na3Sn,Pm-3m,-0.1740065553992373,-0.6960262215969495,PN_MGILHHVY3H2VPVRMX45LNSZSDO7MKYVX
2210_CuK4.cif,CuK4,Im-3m,0.2236390669345606,1.1181953346728033,PN_PPCZ7W2XO3QJARHT227RXS2U56PTBMSO
2211_P2As2.cif,P2As2,Fd-3m,0.5730281592022672,2.292112636809069,PN_BCLAAKV2N7CKX4GIYVNQ6WJ47KNEWJAV
2214_Fe4Pb8.cif,Fe4Pb8,Pa-3,0.6140265799270838,7.368318959125006,PN_XAJYITS64SWJGM7EGQZO7WYMSKPJIVMS
2215_Ga2As2.cif,Ga2As2,I4_1/amd,0.2016376448000651,0.8065505792002607,PN_DN7FBLCMU22HBGC7RJL6G62UGYJT2G2Y
2219_NaPb.cif,NaPb,Pm-3m,-0.1356066752964104,-0.2712133505928209,PN_J55HBA6AGPSNDIE5V3PZVLY5PAAMGYGN
2220_Na3Pb.cif,Na3Pb,Pm-3m,0.1518851080749097,0.6075404322996389,PN_DK7RRMXE7XAJVIJX2NAOV4VNM4U4HKGF
2239_Fe4Pb8.cif,Fe4Pb8,Pnma,0.8179783771490255,9.815740525788309,PN_SWT27D45PCKOOMX2GV7FCRIB2P5T2RBM
2248_InYb.cif,InYb,P4/mmm,-0.5505183825863234,-1.1010367651726467,PN_ZA37NEX54JJGVDTFJPPPEVPVR2NJZW57
2249_SnP4.cif,SnP4,Im-3m,0.9161730438708098,4.580865219354049,PN_WUNDXT7NZJJW4P5VXR6DQH6X33Q3QPRL
2257_Cr2Nb4.cif,Cr2Nb4,Pnnm,0.691069255071028,4.146415530426168,PN_FXVUMFKKAKXC3P7BLN2T6HN3WTUEKDJF
2258_Cr4Nb2.cif,Cr4Nb2,Pnnm,0.2767052758592463,1.660231655155478,PN_56NWH3QE3X6EGMKRSOAVATDCQBJZMIFW
2259_FeTa.cif,FeTa,R-3m,0.1801425579882121,0.3602851159764242,PN_KV6UJNNID2DXR6KUDQDQL3NM47FQ63CA
2275_Ag4Al6.cif,Ag4Al6,R-3c,0.2770130587326555,2.770130587326556,PN_RICHZMDLBKCITK23EN2DHPPW6ON6N25R
2276_Ir2Ta6.cif,Ir2Ta6,Pmmn,-0.1797791506566746,-1.4382332052533968,PN_TD2UVZQE7K4Z7VOIH6L4QJCFX2WCJEUP
2277_Ag5In.cif,Ag5In,P4/mmm,0.0114862417119632,0.0689174502717797,PN_LU7XNSHRKAMANYF4SRHEH4QSSYJMUXNP
2278_IrNa3.cif,IrNa3,Cmmm,0.3875730521386757,1.550292208554703,PN_VEH7HWXKXZKARZUSW4IDSFO4JLLPTQGG
2280_Pd2W2.cif,Pd2W2,Cmme,-0.0015386510129893,-0.0061546040519573,PN_7DV4A4O2GYZJLYGHBXF5LTJB2BDGR4EI
2284_Pb4I8.cif,Pb4I8,R-3m,-0.670563589825953,-8.046763077911436,PN_62G4V26TXBTZUQUBDTSNH6VRWB6LQYGS
2285_Fe8Sb4.cif,Fe8Sb4,Pnma,0.3155557497340489,3.7866689968085865,PN_M2IBIM2ZQG4737FHUI6GNRX5T6HKBA5P
2293_Ba4Cu2.cif,Ba4Cu2,Pnnm,0.0304039929029062,0.1824239574174377,PN_AI4QKJNBMBTNGXGX3V2W3DAUBURTT2L3
2294_Ag2Al4.cif,Ag2Al4,I4_1/amd,0.2396434909959482,1.4378609459756897,PN_T3PU2H724AY3XKABJZZHPHOYL7IPYGS2
2296_FePb3.cif,FePb3,Pmm2,0.5456989985477598,2.1827959941910398,PN_2ZPHDG32SBCTPRMSKRKLFO47YOXWWJFY
2302_Fe5Ga4.cif,Fe5Ga4,I4/mmm,-0.0626809731139369,-0.5641287580254328,PN_CVGFQBZ7K4IOYEGT5DSF3XAXCBBARK5L
2304_PdW.cif,PdW,P4/mmm,0.2407341384406809,0.4814682768813618,PN_444NEPYOKAV5EZJBYP4W74J3YGMJ734E
2305_CrSn4.cif,CrSn4,I4/m,0.4307053984440863,2.1535269922204314,PN_Q2HYBDSZXRSRJWURC2HP5U5OUM2KBYGI
2306_Cr2W.cif,Cr2W,I4/mmm,0.0618624920747521,0.1855874762242564,PN_ER62MCJO4KHT5QSOBAK5OKCUCFS2UYG5
2307_K2P2.cif,K2P2,I4_1/amd,0.247621916405853,0.9904876656234124,PN_PELFSWTX57RUX3CL7ZVBAVP4BY67ZK4K
2308_AgAl.cif,AgAl,P4/mmm,-0.0019810858099353,-0.0079243432397415,PN_BBX7CHFTQMR4NVMBE43CVMFEM6DMXIE4
2311_In6Mn18.cif,In6Mn18,Pmmn,0.3345304795585899,8.028731509406157,PN_KFCQEXV36XJC5NBBLMCSDCYO7KMGEGBY
2312_Ac4Bi6.cif,Ac4Bi6,R-3c,-0.3278292763649915,-3.2782927636499157,PN_S7KM45VFSBTV3DNE6DP5A6HAPGHEAO6D
2314_CuGe5.cif,CuGe5,P4/mmm,0.365069372252232,2.1904162335133925,PN_5SAI5WNFOENSXS7KJHJPMOFCUJWQKNUV
2316_KGe2.cif,KGe2,Immm,0.0251469977801098,0.0754409933403295,PN_KJUU4QCRZWTYZRJC56EKNDOSNNC7KGK7
2318_Cr2Rh2.cif,Cr2Rh2,I4_1/amd,0.0220272874187692,0.0881091496750769,PN_AKSD463ZFOUFGVJCDMQGBOJYJMJOPH6F
2319_Ir2As4.cif,Ir2As4,Fd-3m,1.0017580786940574,6.010548472164345,PN_42DUWPP6P2SJLWJR3JDSRIWGUIUOQEAG
2321_Ag2Na4.cif,Ag2Na4,I4/mcm,-0.0503517501025424,-0.3021105006152549,PN_U3RXI4VUHSGKYXBKQJ4QAV6FVMGDMTAB
2322_Fe5Sb.cif,Fe5Sb,Cmmm,0.1871788563843329,1.1230731383059975,PN_UPVGP3ZOVHFQTUM5YH7YITEV75KJ6PLC
2323_IrTa2.cif,IrTa2,Immm,-0.3511913424291061,-2.107148054574637,PN_GNGEAQPIRXQXMZSR4HLD2766MEEZWWNF
2326_Cu6Fe2.cif,Cu6Fe2,Pm-3n,0.2644123682040105,2.115298945632084,PN_VZDC4G7HE5FLNE733XPPFH6LDXENH76Y
2329_Ag4Al4.cif,Ag4Al4,I4/mmm,-0.015127320994988,-0.1210185679599042,PN_D2GLEP4WTW2P5FPEWAH2SQ7CJYTA6BKV
2331_Ir5Na.cif,Ir5Na,Amm2,0.3068927250645951,1.8413563503875707,PN_BGSWDHL3MA7WGR7LQIJUSVLIWSRL4CBL
2332_NpRh.cif,NpRh,R-3m,-0.0152426988193106,-0.0304853976386212,PN_5DNQK6A2PUV3E2V6SF3Q6S5GAJDXCQ6A
2333_InTa3.cif,InTa3,P4/mmm,0.1709225003421419,0.6836900013685678,PN_6KXVWVYKRHK5ULCR2PRZQWJKA2JA7MGK
2334_Ag5Al.cif,Ag5Al,P4/mmm,-0.0271560507896306,-0.1629363047377836,PN_TNZ3NOIZHRZ3FI2YC2BDF63PI2ATTURQ
2335_KNa3.cif,KNa3,P4/mmm,0.0129009296420767,0.0516037185683071,PN_XYHLXX4SAEPIVWH6TROTSG77ZTUPOCWU
2336_AuSr.cif,AuSr,F-43m,-0.3245322540582869,-0.6490645081165738,PN_JDVPIDRRXA454SCBH5HMQP3KP2GS566X
2338_Mn5Sb4.cif,Mn5Sb4,I4/mmm,0.1789847373485137,1.6108626361366234,PN_YLHL2DVW7M5UOA3WOGNJVIM3C6QNO6IN
2339_Ir4Ta4.cif,Ir4Ta4,Pnma,-0.5676369964440191,-4.541095971552153,PN_G2BCJL37FN5BKS4XIMP46UNS423SRO3X
2340_Ga4Pt4.cif,Ga4Pt4,P2_13,-0.6357998298661194,-5.086398638928955,PN_M4IQWC3NOXBR4P6RARHEF2QU23IP6IOB
2341_Cu4Ge2.cif,Cu4Ge2,I4_1/amd,0.2769073934222099,1.6614443605332596,PN_HEAJTRZ5B5CW2YVPHZBRULHB4RUBH6RP
2342_Ni2Sn4.cif,Ni2Sn4,I4_1/amd,0.2186553103016327,1.3119318618097964,PN_FXCX4QDN5BMHVC4TA6XA4HCE6RFBWALP
2343_InGe.cif,InGe,P-6m2,0.0678839385461884,0.1357678770923769,PN_BTK4RKUTRL2FT6OSIB7LEQERN6HPGMEA
2344_KP5.cif,KP5,Cmmm,0.0256133907113328,0.1536803442679968,PN_MU3WMCX4L6JL4LB32EYQUEZASCVEZQ5X
2347_Nb24As8.cif,Nb24As8,P4_2/n,-0.5454044203795565,-17.452941452145808,PN_ENGL7CS5FVXZ7UGR3WGYYXAU4I7RHWOO
2349_Ga16P8.cif,Ga16P8,Fd-3m,0.1995491072058464,4.789178572940315,PN_ELJDQAZIED2FP6D2UFI3WEWCRFVDSZE4
2350_Ni4Sb3.cif,Ni4Sb3,I4/mmm,-0.0920022587204028,-0.64401581104282,PN_MLITPFPRFFGY2LUMVN7464YTONXBGQO5
2351_Au2Mn2.cif,Au2Mn2,Cmcm,0.1242328596392612,0.4969314385570449,PN_QAMAHVUJ6LBUA7JLZ4YV4UHTXFJPG3FK
2353_FeMo.cif,FeMo,Fm-3m,0.7999669414053301,1.5999338828106602,PN_JRK7PQAN6J2XRCWYJMETUUP25MSD6YGC
2354_AuIn.cif,AuIn,P4/mmm,-0.101576258846467,-0.203152517692934,PN_VT33XO42C4LG37HPORVSJDIMSX5A6SNJ
2356_K6Ge18.cif,K6Ge18,Pmmn,0.0690931290886987,1.6582350981287703,PN_MNAEILDEVWMQO7SSHMDWSSDCUQSJFY4S
2357_As5Br4.cif,As5Br4,I4/mmm,0.0661734483483273,0.5955610351349456,PN_N5BGMFYFISD5TFNVB6CMERVR5A2OUGLY
2358_Ba2V4.cif,Ba2V4,I4/mcm,1.311242249239284,7.867453495435704,PN_VVG4VPVBMFVJC5GMXQLJIJOPYS3TLPK3
2360_K4Ge2.cif,K4Ge2,Cmcm,0.1993859881267337,1.1963159287604022,PN_ZHN3PCA5G46KB4KO4Q6HAUKPFYRZDINK
2361_AcPa.cif,AcPa,Fm-3m,1.07463545249223,2.1492709049844603,PN_HR467IAGWTUWLHHJOQ43PA7J5TW5PPPB
2364_PdW3.cif,PdW3,Cmmm,0.0769891150981809,0.3079564603927238,PN_6DVHUXTQTBXJMKNLOTJUJHH5IM3VET7Y
2366_Fe4Na4.cif,Fe4Na4,P2_13,1.7236679830938106,13.789343864750483,PN_KRLHIQDZLHU7EUIRCPFWCYZOSG33XJBB
2367_Ga5Br3.cif,Ga5Br3,Cmmm,-0.2414670257688573,-1.931736206150859,PN_NXXYRKOOHBPKTYQ4XZ5AYAF32YYL2KLG
2368_RhTh.cif,RhTh,P4/mmm,-0.6000988720301743,-1.2001977440603486,PN_UXC7ERUHVYBTKOWOKFCG5Q4FPUE3Z7VG
2369_Pd2W.cif,Pd2W,Immm,-0.0741564389783917,-0.2224693169351752,PN_FLUTVRE4XEUJWEHOEU3KWMTUIJAXQQOO
2370_InTa2.cif,InTa2,I4/mmm,0.1643134230464298,0.4929402691392894,PN_IUW5MO3C6366VGWAOE3IGNQJGP5E6UWY
2372_PbV.cif,PbV,F-43m,1.603517914690315,3.2070358293806294,PN_NL3LFAY4DZP72GHI3RVTFGYEO7UIEOLR
2374_Ga13Mn13.cif,Ga13Mn13,R-3m,5.485676899432976,142.62759938525738,PN_DUC3MWW362U5TTLGEJZFX7NOD6OVNPX2
2375_Ag2Al3.cif,Ag2Al3,I4/mmm,-0.0040974382584245,-0.0204871912921227,PN_2KXP4DAWT3GKRPQVKBHLNHBJAZXUJV2M
2377_As8Br4.cif,As8Br4,Pa-3,0.4426724631388452,5.312069557666142,PN_AX3DXRVRQGLO5O6WI66JCY5LM6HC7SSD
2378_Sn2W4.cif,Sn2W4,I4_1/amd,0.8977808676823535,5.386685206094121,PN_VT4FKBFS4MYXJKPVKDWZ6Q2J7633MEXE
2379_K2Ni2.cif,K2Ni2,Imma,1.102450928894866,4.409803715579464,PN_VBDGN6SSMDT765EZJZ3RIZG625Q7DCR2
2380_IrMn3.cif,IrMn3,P4/mmm,0.0321110700647029,0.1284442802588117,PN_VXOUFO4BYTQS5GJCV5YWSRBYR45IVFWJ
2381_VBr3.cif,VBr3,I4/mmm,0.1166554523062841,0.4666218092251366,PN_LQMSJOTCAVHRWJTZXHNWEQCC7R7KKOYB
2383_Cr12Ta4.cif,Cr12Ta4,Pnma,0.2733236884432699,4.373179015092319,PN_SABHGXB2R7652HZKRVT7MENAT27MUUVF
2384_Cr4Nb2.cif,Cr4Nb2,I4_1/amd,0.4819255786809115,5.783106944170939,PN_OMWBVRAIDFXQQWZSCHX6YRDWFNAY4Y2B
2385_K6P2.cif,K6P2,I4/mmm,-0.1084430645371972,-0.8675445162975777,PN_A5Z5FYVPIUWU7O7WQNMD2IGNNLZMUJX3
2386_Ni2Sb.cif,Ni2Sb,I4/mmm,-0.0937071399500493,-0.2811214198501481,PN_IQWZFLY7GGB4KBY5CX2ETSYJYKEBP22O
2387_CaP.cif,CaP,Immm,-0.8147897059473337,-3.2591588237893347,PN_HU5PUMFFCFAMBHW5K5IWPVBES2ZQ7T7X
2388_CuMo.cif,CuMo,F-43m,1.9978086601672205,3.995617320334441,PN_NHO57V7C6QHXSVJUAO6K4YU2N3V3XRHP
2390_Pb2V4.cif,Pb2V4,Fd-3m,0.4200073863920721,2.520044318352433,PN_HKR2EI2CR37RHVSIA6GJAK5XCQONRKK4
2391_AgP.cif,AgP,F-43m,0.5370522972454537,1.0741045944909071,PN_M7JK2APBED2KISGPIUOWWKEAXYEJCHGG
2395_Ca5P3.cif,Ca5P3,Cmmm,-0.9491693569273068,-7.593354855418454,PN_D2EFUEXL6UU56WBJJEXFLLH2IQ5DO2HL
2398_FeGa3.cif,FeGa3,I4/mmm,0.0656673040268174,0.2626692161072697,PN_DRLBTHRYA2RVUG3O2ZUTJZKXN4YVJB5Y
2399_CrW3.cif,CrW3,P4/mmm,0.0477118599784649,0.1908474399138597,PN_SPU56AL5O32M7VZDYZYJO3SRFDE22OTI
2400_Mo4P.cif,Mo4P,Im-3m,0.7103721713880631,3.551860856940316,PN_BQC7ZVATEH4RPE6C7NFML5RABOUMIS2N
2401_Mn2Sb4.cif,Mn2Sb4,I4_1/amd,0.2167492963155422,1.3004957778932535,PN_ILC4C4372RZMNIAPERGCZ2I2V6TS6MGL
2402_Mo4W2.cif,Mo4W2,C2/m,-0.0009316232710124,-0.0055897396260746,PN_VUYSQMZBI62J6GC5G4VOF36MWIL45G6A
2406_Na4Pt2.cif,Na4Pt2,Fd-3m,0.243680765189211,1.462084591135266,PN_JWITOQCIPC6DOUYMMYAYCKJIKMYNZIPE
2408_Au2Cu.cif,Au2Cu,P4/mmm,0.0811198566425339,0.2433595699276018,PN_BBHZL5SAAZCDAX3QINKEMWLZVYASNCUA
2409_AgTa.cif,AgTa,F-43m,2.1461061385795173,4.2922122771590345,PN_LMEXD44EAIOYIUHEBCNPKMT7AARP45IF
2410_Mn4Sn2.cif,Mn4Sn2,P6_3/mmc,0.0705537836800094,0.4233227020800569,PN_YIFIBPU7VXHKORCKXWPMPNSRHFPLCRZT
2411_Fe4Ir8.cif,Fe4Ir8,I4_1/amd,-0.028524601757797,-0.3422952210935648,PN_WPRCOI5XCGZO672SXLVI2GMEFHYMJM2T
2413_Au4In2.cif,Au4In2,Pnnm,0.0693486325170589,0.4160917951023535,PN_VXABGZZ57E4ZDXNQXVC65OT3NIOIK4TK
2414_Ir3Ta.cif,Ir3Ta,Pmmm,-0.3949713315041503,-1.5798853260166013,PN_BED2AQR7ZMZ7IANETPGE25GFJ4IN5AO7
2415_Cs3Fe.cif,Cs3Fe,Fm-3m,0.7934928922294131,3.1739715689176524,PN_FEP43KMAHDXCMD4VVO4DYO22ZMXQZGSY
2416_Pb2Sr4.cif,Pb2Sr4,Fd-3m,0.2314095017362637,1.3884570104175822,PN_JLX3Y5KZODBWFHV2L2Z7NNWGI3FSCE7F
2417_FePb.cif,FePb,F-43m,1.177480002338207,2.354960004676414,PN_J57H3HFQZSNWXUQNULVIBELMWKS7ON43
2419_As4Br12.cif,As4Br12,P2_12_12_1,-0.7598932921626429,-12.158292674602286,PN_URMUD4HI4A7BNT2Y2CLSOKAACRZYWBOR
2420_Ag4Al2.cif,Ag4Al2,Pnnm,0.1584953971325919,0.950972382795552,PN_4JU4PXDALYUGHU5V6PSFAOO3O23XN245
2422_Al3Sn5.cif,Al3Sn5,Cmmm,0.1306375382299589,1.0451003058396715,PN_S7EQ3CRSPOEZJUZ3AUTI5YYVQBHP5CUA
2423_SmTh.cif,SmTh,P4/mmm,-0.2251325897316052,-0.4502651794632104,PN_XKJMQCT4I3A7VDUSBVZPKA4VGFH6XH24
2426_AuYb.cif,AuYb,Fm-3m,-0.8982156585447809,-1.7964313170895618,PN_NAGTTIH3SZ6Y4KYFFDISEMTC4PUVZPYL
2427_ThI.cif,ThI,Fm-3m,-0.283583953525361,-0.5671679070507221,PN_BMW54NCZTKR7TQYU44P5BIV7KKDW6SD3
2428_Ir12As17.cif,Ir12As17,I-43m,0.1461502202227663,4.238356386460225,PN_473R3FMXHMGMFV465PASBGF7OQHBVQRX
2429_Ir17As12.cif,Ir17As12,I-43m,0.3755484315896343,10.890904516099395,PN_NJDQMX5M4ODIZRHW4C6VF7UV22MC2L5S
2430_Ag5Al5.cif,Ag5Al5,P-1,-0.0203045089243822,-0.2030450892438224,PN_WAHXRKXGNXE7C5XAN4CBSGIAQN66IRLS
2431_Mo26Nb2.cif,Mo26Nb2,Fm-3c,0.5742458390784151,16.078883494195622,PN_272ULI2G67YSUBOVMCPIMTH64HU2WJNP
2432_Fe3As.cif,Fe3As,Cmmm,0.1791333723670165,0.7165334894680662,PN_H2WORPYFLDFBIMS7SJQPPMUETRZ6MI6O
2433_PtAs3.cif,PtAs3,P4/mmm,0.2011017476524212,0.8044069906096851,PN_2YT2HWBZLLPXZTCUT4JGHQBYSDU27HOY
2434_RbTa.cif,RbTa,Fm-3m,3.1517506112669618,6.303501222533924,PN_ANFL3O4TNNTWLZQWXRJHL73JH7FXOMJY
2435_WP.cif,WP,Pm-3m,-0.1643606055072712,-0.6574424220290851,PN_HLSZIKFB5B5SVURBZFXMLKASOCXNA4ET
2436_Na2Pt2.cif,Na2Pt2,Fd-3m,-0.0138098961311601,-0.0552395845246405,PN_NNAMKVMZ4L3GZ5E5HQJJGJCZZ6WAVUBB
2438_Mo2W.cif,Mo2W,I4/mmm,-0.0033045165627877,-0.0198270993767266,PN_BSIC6V2UAQJB4IL2C6ADKCSK5C44GEVR
2440_AgNa4.cif,AgNa4,I4/m,0.0076326242964114,0.0381631214820572,PN_GD76LVG5H5AXQV35QRRLBWPXPHMEH44Q
2441_V3Ge.cif,V3Ge,I4/mmm,-0.1837031005204537,-0.7348124020818148,PN_XRVP4EVX2XLNENXDR64BSOY2A2VXO3LX
2442_Ag2In2.cif,Ag2In2,P4/nmm,0.0208346111162605,0.083338444465042,PN_VJEKZWEPSFICJS7QBRUK7S7BPGUEAZAN
2443_AuAs4.cif,AuAs4,I4/mmm,0.3674009336266358,1.8370046681331795,PN_OK3XCWWXOSCQP5AYRE6ATSMWEDPGH3ST
2444_Pd3Ta.cif,Pd3Ta,P4/mmm,-0.2675461896751736,-1.0701847587006943,PN_OJEFOL7RZH5JYYFKQDRMJM6S2CAIY6IP
2446_Al3Cs.cif,Al3Cs,Fm-3m,0.6241376151474332,2.4965504605897326,PN_LLG5BT5DLZ3PMCZDTLERTOXZOXI5OIK4
2448_Ca4Mo2.cif,Ca4Mo2,Cmcm,0.4331016662409007,2.598609997445404,PN_XOVTTZRTWTUA5Y3TKBA7FOSF63YS3DXL
2449_CePt.cif,CePt,P-6m2,-0.656573058654736,-1.313146117309472,PN_4JGJDQT3HFJMSHLG3XBSUNRHPMWYSZZX
2450_Fe2V.cif,Fe2V,Fmmm,-0.0807875605078566,-0.24236268152357,PN_ILLU2CFBF6R6QS4KYVR47RGAB7QYGYLM
2451_Ca3Mo.cif,Ca3Mo,Cmmm,0.8021335068030071,3.2085340272120284,PN_RHOW7WAOOY32LY5GORH7LG6IARETF443
2452_Ca2Rh.cif,Ca2Rh,I4/mmm,-0.3258940811642953,-0.977682243492886,PN_JY5ADXD4XRHLH3XTI4YH5W3J3MEFY76N
2453_V3Ge.cif,V3Ge,P4/mmm,-0.2244572057801619,-0.8978288231206477,PN_QWJOSASEWOC4KSY7XIMTRABA36NLRF6H
2455_SrTh.cif,SrTh,P-6m2,0.347384581365417,0.6947691627308341,PN_ZBUD247YFMALOO7A3JWXO6F7UM7NTCES
2456_GaPb.cif,GaPb,P-6m2,0.1009691235960348,0.2019382471920696,PN_XZ6IFUZYV3HWRMG3MJHXRLLQW5MJLPVL
2458_PbSm.cif,PbSm,R-3m,-0.6981796142919414,-1.3963592285838828,PN_PC6DH5MUH2BA7RPOIUHJV33Z4LAB2EJY
2459_Ni5Rh.cif,Ni5Rh,Pmmm,0.0230299346090584,0.1381796076543509,PN_F7KEQDEWUG754TQPZT4N7YXHFGXQO6FP
2460_RhSr.cif,RhSr,F-43m,0.8294736320698664,1.6589472641397327,PN_GA6RLUD4RIUT5MOLNYQWKFNJUO3ANJXO
2463_Ir3V.cif,Ir3V,P4/mmm,-0.0227992056291768,-0.0911968225167072,PN_RIN2I3RQOBD7IQTDL4FKZSII7K37ITWZ
2464_Au10Ga6.cif,Au10Ga6,I4/mcm,-0.0787485331617241,-1.2599765305875863,PN_YW27H5HCBVAANHCM5QZDGX6ICBEP4FEI
2465_Pb24V5.cif,Pb24V5,I-43m,0.4395277279645058,12.74630411097067,PN_VXAJFZP5IKSEXOAR7VFPVYYZRAGEHSKS
2467_Fe6P3.cif,Fe6P3,P-62m,-0.5281060693301955,-4.75295462397176,PN_SSTAUPZCWQFZFHBWW6G73UZJ2KVXOUHG
2468_AlCs3.cif,AlCs3,Fm-3m,0.3680687156468609,1.4722748625874438,PN_HBULFCJWKGR3VC5JX5MG6CMVYFW6NLFM
2469_Fe2W2.cif,Fe2W2,I4_1/amd,0.2298041388097988,0.9192165552391957,PN_2ALHKKJXWPAX4UGOJOPE4AMEOYS3ZV6N
2470_Au2Nb2.cif,Au2Nb2,Cmcm,-0.0631656503998696,-0.2526626015994786,PN_SF2TE7CDL2GOPMRNW3L57PJYYJLLALN3
2471_IrBr3.cif,IrBr3,P4/mmm,1.0878837307028393,4.351534922811357,PN_LA7PDEF5PWFLRAVZOUCC776FLEAAM2O3
2475_Fe4Mo8.cif,Fe4Mo8,Pa-3,0.7435948269752863,8.923137923703436,PN_3ZYWT4XHMWAQQBNR3OEGFKI3MLXFWJX4
2476_Fe3Pa.cif,Fe3Pa,Fm-3m,-0.1268434717063442,-0.507373886825377,PN_FGHMPR5YVZDHRTH6Y65HCPZHDFK6DEKC
2478_InTh.cif,InTh,R-3m,-0.1344146265432577,-0.2688292530865155,PN_JTR2NWBX4VCWPMVNTE4TXIWB5EXFRSQE
2481_Ac3Mn.cif,Ac3Mn,I4/mmm,-53.62881943695404,-214.51527774781616,PN_3VULCLMXECYY7OJR2DF6QDQXHFSNB2RE
2482_Fe18As6.cif,Fe18As6,Pmmn,-0.0030855285063147,-0.0740526841515532,PN_JMTYSPQ3Q2IKYHDMM24JA3KAG4VKQJOO
2483_Cr8Ta4.cif,Cr8Ta4,Pnma,0.1552691808946953,1.863230170736344,PN_XSZPNPZTEMIOL2I3KPHA2S6TNDTHJRMD
2484_W8Sb16.cif,W8Sb16,Fd-3m,0.6432572109632039,15.438173063116892,PN_ZNZAJKH4NF7AIUAE6HJMX4QAODLV5DVT
2485_Nb6Pt2.cif,Nb6Pt2,Cmcm,0.6611398953307628,10.578238325292205,PN_7NMDM7ZFSMQ3VDIIN55HXCCPCNYYHO2V
2488_RbU.cif,RbU,Fm-3m,2.376284508072093,4.752569016144186,PN_DGISJMTVFM4PM4K6UFGGKMRSSNYOMX2R
2489_Ag6P2.cif,Ag6P2,Pm-3n,0.2600994596241142,2.080795676992913,PN_HRIALXGYJZZR3WUB4VP2PBR6NK45MDK7
2490_Cu2Ta2.cif,Cu2Ta2,P4/nmm,0.0510309410200644,0.2041237640802577,PN_2INQKUPIK2642PHDEPT4VN4HWQMMWHU7
2491_Cu4Pt7.cif,Cu4Pt7,P-1,-0.1140930060003416,-1.2550230660037585,PN_QAZKDGD6QH4YVA6MWIV2RHVFHKWTXJH2
2492_In5Br.cif,In5Br,Cm,-0.128083791964323,-0.7685027517859382,PN_HRHMJE7PGPHAKTCBHUDZKOHMQ3W455DG
2493_Sb6Ge2.cif,Sb6Ge2,Cmcm,0.2654197661846105,2.123358129476884,PN_QTTMKIEFUTC2TIN653FOFXLBCVKZ3QU7
2495_Al2Sn4.cif,Al2Sn4,Pnnm,0.1387351463467692,0.8324108780806156,PN_RKWXIKCW3DWEA27PY4NRHVZYPCJKTIJV
2496_CuTa.cif,CuTa,P4/mmm,0.2519668018756942,0.5039336037513884,PN_4RK7V7NMW2DOIIRTDF4YX5FD56TMXWBJ
2497_Au4Nb2.cif,Au4Nb2,Cmcm,-0.0576491557010866,-0.3458949342065196,PN_LXSRJWO5EM3COZ74VPHOROYLS3LGKPWI
2499_Ni2Ta.cif,Ni2Ta,Fm-3m,0.370421373180451,1.111264119541353,PN_ECDNAKU3Q27QQNSBK6FJXQSXUZ43R24S
2500_Ta12V4.cif,Ta12V4,Pnma,0.1817186300693229,2.907498081109168,PN_6NVA7QR4MPMAGE6AWQC5Y2AB4GOTUR45
2502_Sn4W2.cif,Sn4W2,I4_1/amd,0.7151859784880076,4.291115870928046,PN_L5YTPMNWHVZRKJKNXTM6N3BIF6PK2K4F
2504_Ag2Mn2.cif,Ag2Mn2,P4/nmm,0.2806231820436764,1.1224927281747057,PN_2WDXYMKPJWPYVQL7JLU76T2LYMEYD4XR
2506_AuP2.cif,AuP2,I4/mmm,-0.067117053672824,-0.2013511610184721,PN_WXLYEX25VZBNUSUJN4EEHCESWRO64IFT
2507_Fe2Pb2.cif,Fe2Pb2,Pmmn,0.6902663060867562,2.761065224347025,PN_SZU3SQTQGXUIO4YTZDVCRSXGLFN5KCYU
2508_AuIr3.cif,AuIr3,Immm,0.3788525787842882,1.515410315137153,PN_6ETRVF2PCGDZ2LPIXIGTJDLJ5ZV3PFF2
2509_Au8Cu4.cif,Au8Cu4,I4_1/amd,-0.0134236690882166,-0.1610840290585997,PN_ANSYVTOKHSKFABJGWATP6PFVKTSI3CYF
2510_Al2V6.cif,Al2V6,Pm-3n,-0.1365881299866016,-1.092705039892813,PN_NIZTGTOLVDNFNDHEYR4NUPOWODZGAWKC
2511_Ag4Mn2.cif,Ag4Mn2,I4/mcm,0.3955711120956877,2.3734266725741264,PN_KQP77J3ZYJPMYFZAEVIJQKIZSBUKB3JU
2512_Ca2Rh4.cif,Ca2Rh4,I4/mcm,0.1469112543875018,0.8814675263250109,PN_G532D3EUS42FW2RYUG4ZCYA6O34LDQY7
2513_FePb4.cif,FePb4,I4/mmm,1.191631646347414,5.95815823173707,PN_MOUMJF5KSXTN6PIBMWXZDWXFGEXI4RGC
2514_Ni2As2.cif,Ni2As2,P4/nmm,-0.1077266675684649,-0.4309066702738597,PN_UMDQOHSKOVZC7Z5N6IBZ23QBXWNIEZFU
2516_Au2Cu.cif,Au2Cu,I4/mmm,-0.0358970332570341,-0.1076910997711024,PN_NDGEL32XEVGYSNSYHCY2ZNIJJFB6J5PT
2517_P3Br.cif,P3Br,Pm-3m,1.917565214745004,7.670260858980017,PN_XW5RSMOP3NYATF6AQ6PP2ULHJAIG72R3
2519_Pd4Sn12.cif,Pd4Sn12,Cmce,-0.3445206529960103,-5.512330447936165,PN_KASDJSW7OS4FGQS7QZDSN3UG4ZP4HUUW
2520_Ta4V12.cif,Ta4V12,Pnma,0.1864758023400057,2.9836128374400914,PN_CZ5NLQFBYBDXS2BLWKEYMTDUXOFISRFU
2522_K3As.cif,K3As,Fm-3m,-0.4298841623548879,-1.7195366494195516,PN_XKXGPX3YGMGELPAI5NFPM52JZYVQRQZW
2523_K5Ni.cif,K5Ni,Cmmm,0.4523238413744102,2.713943048246461,PN_GMLUKRVII5HXCQTBBZS3MIMW35C2LHJL
2525_Ir2As6.cif,Ir2As6,Pm-3n,0.4624275418512242,3.699420334809794,PN_7CETT6GZHCE4LR7NJVUITVV7H3OFNFQC
2527_Ag6Al5.cif,Ag6Al5,P-1,-0.0311545684498917,-0.3427002529488092,PN_JJ6VRQREQSQ5T2DW6MAVNQRSDSO6U74S
2528_Al4Th2.cif,Al4Th2,Fd-3m,-0.4217686015761224,-2.5306116094567344,PN_R5JUJFIR5YW6DUXBLMDXX566M7DYPJ64
2529_Ni4Rh2.cif,Ni4Rh2,Cmcm,0.1190964767898267,0.7145788607389605,PN_B3UK4PG4SDV46OD5EQS27Y7JGMNXGQGN
2530_RbSn.cif,RbSn,P-6m2,0.0399304454798907,0.0798608909597815,PN_NIAXZ72YPWPMUDCW3OCXOWSJWZG2KGZU
2531_FeBi3.cif,FeBi3,Fm-3m,0.514264870042636,2.057059480170544,PN_KPQBUCDUOGNGOMZVHUIUVH24GXO2A3WR
2532_Ga2P4.cif,Ga2P4,Fd-3m,0.3961177066651302,2.376706239990781,PN_LI5J7CLXI62DHRELYWKAQGRFWDF7HE2Z
2533_Ag3Ni.cif,Ag3Ni,Pmm2,0.1945696901642204,0.7782787606568817,PN_M3WUEKBTANIDTCBPBNWXMSWHVZJY4SD5
2534_CuNi.cif,CuNi,F-43m,1.2802434695571363,2.5604869391142726,PN_DDEKHYTTKVDMWGFQCMKKH3W53YO3VYGD
2537_Al18Rh6.cif,Al18Rh6,Pmmn,-0.529446957011567,-12.706726968277607,PN_3U5RB57WME4SU4HCVHU657UAN3EPBDNW
2539_Al2Sb6.cif,Al2Sb6,Cmcm,0.0763948358588573,0.6111586868708585,PN_HIKCJLW6ZDEK5WFD4ONCJWXZZ7JV7M6D
2541_Ir2Ta.cif,Ir2Ta,Immm,-0.4492346500800235,-2.695407900480141,PN_QGDCJN7FBH7OQJYHX6V7ZNT3QKQF4J5G
2542_Ba3Ta.cif,Ba3Ta,P4/mmm,0.8543729953738324,3.417491981495329,PN_TJQEMXAKZSKEO4J34BDEQXJNNKF6FXO4
2544_Fe3Mo.cif,Fe3Mo,Pm-3m,0.0828215338106606,0.3312861352426424,PN_66WUMBWND5OBTZ2262FRPRGQL6M2UAIP
2545_Pd6Rh10.cif,Pd6Rh10,I4/mcm,0.3249551991973955,5.199283187158329,PN_45OHWVYZNOMVBGUOFZ6KOEE35OFN247T
2546_K8Sn4.cif,K8Sn4,Pnma,-0.112285884478541,-1.3474306137424923,PN_3UMF7UC7DEYHY2DX73PO2JFG7SEXKW3L
2547_K4As5.cif,K4As5,I4/mmm,-0.1427758941465594,-1.2849830473190345,PN_KQ4QNAS3EPIJZ3CWLPCMUBAU7FW5XOOQ
2548_Ag4Ge4.cif,Ag4Ge4,Pnma,0.2566176701607023,2.052941361285619,PN_6GBIIHST7AD4XDUAAPA6QA3XB3TITMAB
2551_InNp.cif,InNp,R-3m,0.1183557985364016,0.2367115970728033,PN_7FMPHS727OV3LOW737VO4OJF5CMFUEHM
2552_NbV2.cif,NbV2,I4/mmm,0.0426626753663737,0.1279880260991213,PN_7ELJMFDFWVA5MHWY52VPMMSRQAAYNKFT
2553_InNa2.cif,InNa2,P4/mmm,-0.0224446052402965,-0.0673338157208895,PN_EG4UUFCFVKAIONIOSX2YVI54DD4UFIMM
2554_Cu10Ge6.cif,Cu10Ge6,I4/mcm,0.1407589536416962,2.2521432582671395,PN_D376AO2CX6IXJ3SKBP4NXKMAPPXF3MPK
2555_Au5Cr4.cif,Au5Cr4,I4/mmm,0.3412211310621565,3.070990179559409,PN_XES4J3MQM74GOCJUBZM5STY6HUV7HYIG
2556_RbSr.cif,RbSr,P-6m2,0.1202435620066513,0.2404871240133026,PN_WQKXWKCULEVHYEQG2YXNEGPORLFJXMC4
2557_AlK5.cif,AlK5,P4/mmm,0.188813268262128,1.1328796095727682,PN_LNXMFN5BFOT4Q7MJTFUVIJJADIGVF47E
2558_Ca2Ga2.cif,Ca2Ga2,Cmcm,-0.4668428153569959,-1.867371261427984,PN_ZWZDYBWXAWGMPUPETAMWEYTHKJGFDUEV
2561_Nb3W.cif,Nb3W,Pmm2,0.3688451667137702,1.4753806668550808,PN_QUPVKK4DP6J3KKTAFWNXVLMUOR3LRQLM
2563_In2I2.cif,In2I2,Cmcm,-0.5589380872856298,-2.235752349142519,PN_JY5F66ACVNYBSFEM2P43LNMZJAZ2UTZ6
2565_MnV.cif,MnV,R-3m,0.0886847109767376,0.1773694219534753,PN_R5L3AQLOH2UUYDSSGI4327HSJKETARHI
2566_BaFe4.cif,BaFe4,I4/m,0.6684947662822196,3.342473831411098,PN_EFUL47EZKICUJ4QEB5UUNKSEQH36JSQT
2567_P4As8.cif,P4As8,Pa-3,0.1960957518537416,2.3531490222448994,PN_52AK36OFP5ILOS753LRXTAJUL2XZMYMH
2568_AuSb.cif,AuSb,F-43m,-0.0210635766241136,-0.0421271532482272,PN_MGZZ5XHSG5SOBXDWSFGTZ7SLLKUMDZ6J
2569_Ba2Cu.cif,Ba2Cu,I4/mmm,0.026935741795936,0.080807225387808,PN_HDWUSO4E4P7XAJ2ZNKHSCBEFTK7MVF6F
2570_Ba3V.cif,Ba3V,P4/mmm,0.5185583514696126,2.0742334058784504,PN_PKKSOMI2NJT5F75T23VIXMZNBFO4IPOW
2571_Ba3Rh.cif,Ba3Rh,Pm-3m,0.2455132468116114,0.982052987246446,PN_LUGDBCKG3PCBNJCJ5VJNEEADLJVMH2LS
2572_Cr4Nb16.cif,Cr4Nb16,I-43m,0.7301185064127622,14.602370128255243,PN_V4YEMOY4TYMRSMLEQX2X5N5PODWZZ4CL
2573_Cr6Ta2.cif,Cr6Ta2,Cmcm,0.052600936998294,0.4208074959863523,PN_E43LOUWYVK4CZLE566DRS23A5YOPXX77
2574_AlCu2.cif,AlCu2,Immm,-0.1952456041573492,-1.1714736249440951,PN_IOEB43TT652BD2YPWDZP3OTSHUAGPQC7
2575_Ni5U.cif,Ni5U,F-43m,-0.3401739438410741,-2.0410436630464446,PN_MZS5LBG53GSQM7WKLEO6V2KJ4ZRJEUEN
2576_Cr5Na.cif,Cr5Na,Amm2,0.694440626891898,4.166643761351388,PN_EMGDUJ62GRKYDWDJS2ET6VHMYUPH6OE7
2579_Al2Ta.cif,Al2Ta,I4/mmm,-0.0842983799627745,-0.2528951398883237,PN_Z44ZXPNPFPMHBUB5KLIPA2SPPHYK63HU
2580_CuGa.cif,CuGa,F-43m,0.4444796102687203,0.8889592205374406,PN_VWW7LPG7H277CR5KCIAJOKPDRGWPIMW4
2581_Ir6Ta18.cif,Ir6Ta18,Pmmn,-0.2054474219342973,-4.930738126423137,PN_CVSIFNJLBUCMGHXKPBXXKI5LTOUABHNK
2582_Pb24Sr5.cif,Pb24Sr5,I-43m,-0.1749641724387654,-5.073961000724196,PN_DQA5YKPQSHFMX4UERKYQN5OU6EX5BKPU
2583_PdRh4.cif,PdRh4,I4/m,0.0594367766285841,0.297183883142921,PN_QNOJIWRCAUNXTMTUVRIM43MJUP4EQ75C
2584_Ag4Br2.cif,Ag4Br2,Cmcm,0.0107206331644696,0.0643237989868179,PN_OGD4IN3JOYX5O2QV3C5ZAIA355IF5GSS
2585_Al3Pt.cif,Al3Pt,Cmmm,-0.48119704804955,-1.9247881921982,PN_YFMKMSU6TQRNUPJ52EVIDAUY6DPXMGP4
2586_Ir2V2.cif,Ir2V2,I4_1/amd,-0.4387310756536209,-1.7549243026144836,PN_C4TF76SKH6NVDNXDQXHAWNIQN3HLGS35
2588_GeAs2.cif,GeAs2,P4/mmm,0.3266597880528567,0.97997936415857,PN_2PK7HI2VDDAJKF5O27L7VQSET2CXUYJC
2589_NaPb4.cif,NaPb4,Im-3m,0.224980428430975,1.124902142154875,PN_U2K4JEZM3A5UY2AMBMA3SXIXPHXCBDE7
2590_Al16Cu36.cif,Al16Cu36,P-43m,-0.2174912665715523,-11.30954586172072,PN_MKRGNK66CHVFN3LWA3QPXYZMEXZPN3RV
2591_Cu8Sn4.cif,Cu8Sn4,I4_1/amd,0.0782940927330499,0.939529112796599,PN_WLNCOWAITMUR6LJSGUVFZHINLMHBA43D
2593_Al2Rh2.cif,Al2Rh2,Pmmn,-0.7783706628848774,-3.1134826515395098,PN_PWZJ3SNYYYJPROGKDLLSZU7I4AERBV5C
2594_As2Br6.cif,As2Br6,Pm-3n,0.3903767788982994,3.123014231186396,PN_GXKOOXPKPRK3Q6WPD2ENMULYZUBC6RYN
2598_FeIr2.cif,FeIr2,P4/mmm,0.6576265748458093,1.972879724537428,PN_2DHPP5DSDAZ3GM5UWVQXYJ3Q6WIKS25Y
2600_AlSr3.cif,AlSr3,Immm,0.0081842561815732,0.032737024726293,PN_DROYA75QXHY7CVA4MDCXIIRTK5HSSTSO
2601_Ba4Ta2.cif,Ba4Ta2,Pnnm,1.243786268910301,7.462717613461805,PN_TSUBVSVAB6CS5H3CILXT4AQXHUV7E55Q
2602_Ir3Ni.cif,Ir3Ni,Fm-3m,0.3806097119806306,1.5224388479225226,PN_KWRN53IBKFU6E26SH244CXDFNWTJOUXQ
2606_In2Sn.cif,In2Sn,I4/mmm,0.0116156002191824,0.0348468006575473,PN_K67OJBCNBR2MJJWCDNVOY572V75UPAUK
2607_BaIr3.cif,BaIr3,Pm-3m,3.6400044468240753,14.5600177872963,PN_PKXZIZGRAC26PBRVU4LHQWTU4UBWHXVU
2610_FeIr8.cif,FeIr8,I4/mmm,0.0056338130923955,0.0507043178315598,PN_Y5BA45RWZYTEPP7PLCG7AUHJ3RSYZ7GR
2611_Au2Nb4.cif,Au2Nb4,Cmcm,0.0545237198894454,0.3271423193366729,PN_FHWHYWEVSNWFB7ESZDDAU7H47DOGVZXP
2612_Ta2Ge2.cif,Ta2Ge2,Cmcm,-0.062803501917342,-0.2512140076693683,PN_FB3OPCZO5RVLUHSY6HMKTHEGSVVHPMSQ
2613_Ba2V.cif,Ba2V,I4/mmm,0.6647159440825513,3.988295664495308,PN_RHZMLGC3PDX7S7LVRAJZNEJAUNCJGLRR
2616_BaIr.cif,BaIr,P4/mmm,0.4526756073737017,0.9053512147474034,PN_B2N36T6G44JV7OTBBWKQKLQZLIDXV6RO
2617_Al6In2.cif,Al6In2,Pmmn,0.1591287652795423,1.2730301222363387,PN_HI3OD2J5QLSL3NLVARPS34LVVU2ANRFT
2618_Ag2Mn4.cif,Ag2Mn4,I4_1/amd,0.8210633157813625,4.926379894688175,PN_O2NPBWWMFIPODYLB45UWX4EXDM4C46QC
2619_Ta2V2.cif,Ta2V2,Imma,0.0268457363837892,0.1073829455351571,PN_2AMXMMWC2IM5FBE5JHGZ6TUJQ474XJ2R
2620_Ag2Sn4.cif,Ag2Sn4,I4_1/amd,0.0132880567558094,0.0797283405348565,PN_JEPIK4TP7AV3JX5CCEG2FLACXV5DWJ3E
2622_K2P.cif,K2P,Immm,-0.0898814432304263,-0.2696443296912791,PN_6UZWCVXKDF2KJPUZF4NHST6GQW5G6IMM
2623_Ca3Rh.cif,Ca3Rh,P4/mmm,-0.2192584044008989,-0.8770336176035958,PN_VWPBGZ4WF7VZRATNHTZTEPVM2JLIJMMJ
2626_Ni10Ge6.cif,Ni10Ge6,C2,-0.4625513556699081,-7.40082169071853,PN_N3J4TTVIHBZLD6ZYPDNVAXYRLUGUZUFC
2627_Cr18Ta6.cif,Cr18Ta6,Pmmn,0.2978286892727837,7.147888542546809,PN_5PGGZXHNRUP6Y4CAQRVF76BNPCIZ6D6I
2628_Mn3Ni.cif,Mn3Ni,Fm-3m,0.0623150700545078,0.2492602802180314,PN_CMAEOXRKOV3ZV2VMQLRSRW73FATBRHHR
2629_CsBr.cif,CsBr,Pm-3m,-1.8905071260349693,-3.781014252069939,PN_MXFI4JSHJG52OUKV4QVQ47CPYEAENZGJ
2630_MoSr3.cif,MoSr3,I4/mmm,0.8337843536027552,3.3351374144110206,PN_MZ2DPGC7DD7DVLTQU4XAOT4DSYZX56ET
2631_P3Br.cif,P3Br,Im-3m,0.5398507092120761,2.1594028368483045,PN_PDZ7S555WOKSV5EQ7RDEOTOXRV75LIDD
2632_Cu4K2.cif,Cu4K2,Fd-3m,0.3710968213036061,2.2265809278216366,PN_A4XZFTPKY3S3RE6WBHYRPFQD7IHAB7RQ
2636_Ga4Na2.cif,Ga4Na2,I4/mcm,0.1822552724839135,1.0935316349034814,PN_QK2X3LWFWH44RQNXTSOR4QJYBUOOXTZN
2638_GaNa2.cif,GaNa2,I4/mmm,0.0128615123752906,0.0385845371258719,PN_GTO64NQQ2TMPC727N2BKVCVA5BXHYHX7
2639_Fe2W4.cif,Fe2W4,I4/mcm,0.0600058327174698,0.3600349963048188,PN_UC5N3ITMUIIW3QUGKP5NEXI7AGIGJZ33
2641_Ag4Al4.cif,Ag4Al4,P4/nmm,-0.0290568165324929,-0.2324545322599434,PN_XRHOBRGX6IKBCWTUYIJ65ML7SKUPMCKO
2644_KP3.cif,KP3,Imm2,0.0362569796913732,0.1450279187654928,PN_KDA6GMGKWM5K5T7IIVIXJHB5LETZZAXI
2646_KP3.cif,KP3,Immm,0.0464841365445432,0.1859365461781728,PN_DLNM42FTSUPDLO2RKUYAZ5O6VJDIT3FN
2648_Ba5Sn.cif,Ba5Sn,Cmmm,-0.1835240422710799,-1.1011442536264795,PN_CLVGLEAN62D7QWDWVZ5XYK4PM2P6ZLT7
2649_Au2Cr.cif,Au2Cr,P4/mmm,0.335438791843923,1.0063163755317692,PN_2HMXC5OCO7BMRPBMTPL7QMUXT4GO3GBK
2650_Ag3V.cif,Ag3V,I4/mmm,0.339459105536597,1.357836422146388,PN_5CJZGFNEQJLHXJYDGQDNKZB6MSRSUCIJ
2651_Fe4Pb.cif,Fe4Pb,Im-3m,1.4306924841850814,7.153462420925408,PN_RIBGE6U6ZSVKK45UAS4HYBDZLLOKATH2
2652_Cs3Sm.cif,Cs3Sm,Pm-3m,-1.2968397139977947,-5.187358855991179,PN_5WJIFD4OSMB3BSLDKVLOQSWWPHACKMYP
2653_Cu3Na.cif,Cu3Na,Pmmm,0.197974552952445,0.7918982118097802,PN_PRA6TWIRTEZKDTLDVKM5TSCLBTRE24LG
2654_Ag4Al4.cif,Ag4Al4,P4/mmm,-0.0168922985582784,-0.1351383884662276,PN_LCU7WTTMM3VVQFBM36EHX45AALUJGZI7
2655_SnYb3.cif,SnYb3,Pm-3m,-0.5960435130812347,-2.384174052324939,PN_XNCI6YC3PSRSE74RAVOXO45RGCHOH6TR
2656_Fe2W.cif,Fe2W,P4/mmm,0.8509494361151546,2.552848308345464,PN_X7D6RLMROJIHTK63BO6CZMF6P26E2UPG
2725_PtRb3.cif,PtRb3,Pm-3m,0.0920366423174874,0.3681465692699497,PN_X7KDVCLRFSKMEXWHU73LV7AVZKFWJPIY
2726_V3Sb.cif,V3Sb,Immm,-0.0929562358923776,-0.3718249435695107,PN_QI56M7JALJXF2WN6723OSLQSAFHTZZXX
2727_Pd2V4.cif,Pd2V4,Pnnm,0.4185596658639869,2.5113579951839213,PN_GISPKKSTARYVMEJLXO3HRS4SSAWGPAHJ
2728_Rh2Sr2.cif,Rh2Sr2,P4/nmm,0.0519912715488652,0.2079650861954611,PN_TEI63272WLGQCM5HATRV2XP3S3E3SIPC
2729_Ir2Nb2.cif,Ir2Nb2,Cmme,-0.1578713088821608,-0.6314852355286433,PN_7HYG2EUXCITQJA6X2B7ASFUMYPOYSDJS
2730_Ga2Ge2.cif,Ga2Ge2,Pmmn,0.1628796890350323,0.6515187561401294,PN_DY6L3G73N7SFI4CBIW4QZMLMT6BXGB2U
2731_Ba2Cu6.cif,Ba2Cu6,Pmmn,-0.0339271808305898,-0.271417446644719,PN_MOAPSPDBLBVYB7T5JKBBRQAESUN75E3T
2732_AlCu2.cif,AlCu2,I4/mmm,-0.1994923198229224,-0.5984769594687673,PN_HPYMNRJZA6SGMB4NTWPDFCH64GOFGXEW
2733_Al6Sr2.cif,Al6Sr2,Pmmn,-0.1886478219166454,-1.5091825753331634,PN_FAXWYBWCTJB4HFHFXBVFWJVORI3CMIGE
2734_Rh3P.cif,Rh3P,Pm-3m,-0.1920001455727336,-0.7680005822909344,PN_27INN4ONATTCCELM53VU22JWUIFZDYZH
2735_PtGe3.cif,PtGe3,Cmmm,0.1019580613747619,0.4078322454990477,PN_3OD7IKXZQ2JGM2BP3643UF33M5FB6OUV
2736_Al6Rb2.cif,Al6Rb2,P6_3/mmc,0.1995774915215715,1.5966199321725725,PN_KUP6DHINN7NHTI6DN4IHLQNECK52ITZJ
2737_Ni2Sr2.cif,Ni2Sr2,I4_1/amd,0.34235089547228,1.36940358188912,PN_Y5L7NNI3UASHU4M5BANA5LHLNWGSVO4K
2738_As4Br2.cif,As4Br2,Cmcm,-0.1734847560270319,-1.040908536162192,PN_GKRMSTR2I3QV6S3VK6LZN276RWTA42T7
2739_InNi.cif,InNi,Fm-3m,0.1547548812790036,0.3095097625580072,PN_MTOFKKH2PLXEZH7RCSIPFXQGPBI75DN7
2740_Nb2Rh4.cif,Nb2Rh4,I4_1/amd,-0.1700100294107696,-1.020060176464618,PN_3FX6RGJ4QVPWAH4JAXWPC26GHSWJWTIV
2741_CsIr.cif,CsIr,R-3m,1.5664573299213995,3.1329146598427995,PN_UKQKTJERHCPUP36PCIHGVULVYQ6XTOYE
2742_Al5Sb.cif,Al5Sb,P4/mmm,0.1278443781347231,0.767066268808339,PN_CFJAO5PJ4V65E6JTDVROB75NMIYVMT2L
2743_Al4Mn8.cif,Al4Mn8,Pa-3,0.7432819175377622,8.919383010453146,PN_P7U4VQLTQV54V7534UOQFKYEXGVCFCAN
2744_NbV5.cif,NbV5,P4/mmm,0.0327356929548846,0.1964141577293077,PN_3PUZFJ745AOYR3T466YFF6PJUEZ3CPYM
2745_RhBr.cif,RhBr,R-3m,0.3512356642482972,0.7024713284965944,PN_MC66U6L2P55QMDOUCLKIZBBURLEVZ6J6
2746_AuBr3.cif,AuBr3,P4/mmm,0.2885409983907767,1.154163993563107,PN_5IHJKNR5IGYQE4ODC52FQM7NNZFXOTLG
2747_Pb7I14.cif,Pb7I14,P3m1,-0.6754812229012036,-14.185105680925275,PN_5KM6GYRF5T5LQIMIJONK4UHDXMZDJDGP
2748_Al2Ca6.cif,Al2Ca6,P6_3/mmc,-0.1204313542762798,-0.9634508342102386,PN_C7SPCOR43QCRKM7NMEDA3T5VJVSXGPOI
2749_SnGe4.cif,SnGe4,Im-3m,0.6338323741281734,3.169161870640867,PN_QT6TH55AFHWG7FHE7V7LNUX6UAQBTHOS
2750_Ga2P2.cif,Ga2P2,Pmmn,-0.0559402271293123,-0.2237609085172494,PN_W73ATJ7HWOWR6WF2YC3V5VXOFJK2STOD
2751_WBr.cif,WBr,P4/mmm,1.6592867558403324,3.3185735116806647,PN_OUAPWUIXQOJQUJNNYWVOHE23JQPNTU6O
2753_Ag7Pt5.cif,Ag7Pt5,P1,0.0114995210897035,0.1379942530764424,PN_EN6C4JGZZTYOSXESTVA6SL43MB37RKEU
2754_PaPb.cif,PaPb,P4/mmm,0.0506732141352888,0.1013464282705776,PN_E6W7TQZULAWW6QCIP6NMKWDKLP5ROKSH
2755_Ni2Np2.cif,Ni2Np2,Pmma,-0.1482799245317068,-0.5931196981268272,PN_Z2LOBJYJKPFU3FCOMJPGWP7UTL44KSSP
2756_Mn12Rh4.cif,Mn12Rh4,Pnma,0.058969951857362,0.9435192297177936,PN_QIK4W6LUPUVJKCIS3IXS3D54GAJ7J2QW
2757_Al2Mn.cif,Al2Mn,Fm-3m,0.2460087241998335,2.952104690398002,PN_G2HZXZWFYNZT26M7VRNNEHH64IOGGEJP
2758_P2As6.cif,P2As6,Cmcm,0.278215754448178,2.2257260355854243,PN_YUMED36R7Y6FYEW5XRS2763THY3OQSVV
2759_Cu4Nb4.cif,Cu4Nb4,P2_13,0.305104841116413,2.440838728931304,PN_6ERPCJZORR7ZFL7KWLCFWSZXSXQJZPWM
2760_AuK3.cif,AuK3,Imm2,-0.1330414285429428,-0.5321657141717715,PN_IOD4Y5B4U2OBXZWH47O3IWS4BLSS4UCG
2761_Nb3Pb.cif,Nb3Pb,Pm-3m,0.1764308310655042,0.7057233242620171,PN_SIVFG5YPJTU5A6NVL6DSU5J2ZXZUUHCP
2762_Pd2V2.cif,Pd2V2,Cmcm,-0.0781333125878909,-0.3125332503515636,PN_O4D5TMU3DLQ4NPAEQRFK32VQJNJCFNZT
2763_IrNb.cif,IrNb,Fm-3m,0.0903267090833637,0.1806534181667274,PN_HZ356XAX5OQKRSZGPSTOFB6DD2VAEGIZ
2765_K2Pd.cif,K2Pd,Immm,0.129418521939176,0.3882555658175279,PN_GJCXSAF3NGUL6CN4TXL6TGDCSGSLR3JJ
2766_AuBr3.cif,AuBr3,Pm-3m,-0.0229078991777886,-0.0916315967111547,PN_4MS523JIFVYDBB5HVJ635BLWVFWYUH6T
2767_Ga2Pt.cif,Ga2Pt,I4/mmm,-0.2988789514579319,-0.8966368543737957,PN_RD3G44GEIZ33OUIXU7GP7OKCVJWXYRY5
2768_Ba2Br6.cif,Ba2Br6,Pm-3n,-1.669242551351272,-13.353940410810177,PN_36H6IVGQ7SXGUYVVTEVD3JTG3G6ZZQ66
2769_AcBi3.cif,AcBi3,Pm-3m,-0.604258182904803,-2.417032731619212,PN_BQCEJA5KYY6PTYGHKVLPIEFIJG5APAPH
2770_Ga2Ni.cif,Ga2Ni,I4/mmm,-0.199229187461223,-0.597687562383669,PN_EMOILZOLE43YVF45VFSEDHIGQJ7XSY6P
2771_CaMn3.cif,CaMn3,Fm-3m,0.6933934960880848,2.773573984352339,PN_5AZRPF23RDFECFZGX5GQV5SVFMABD5TG
2772_AlSm.cif,AlSm,R-3m,-0.4655390373998145,-0.931078074799629,PN_AX3XKRS3GNUSYD5VEHGQUXVDY5K4OPYF
2773_Ca2Cu2.cif,Ca2Cu2,Cmcm,-0.159069105587382,-0.6362764223495283,PN_7R266GPQKAEP2PGF7EUV2FTQPSSVUIPN
2774_Au5Sb.cif,Au5Sb,F-43m,0.1474496383974006,0.884697830384404,PN_UWASLTEVKLIWU4JMCZVN2TILNCF2YT3U
2775_Al4Ce2.cif,Al4Ce2,P4_2/mnm,0.5630563836845214,3.378338302107128,PN_WAAGFGEQYHIKTDTLLU3CPXQ2332NV7CY
2776_Ga3Rh.cif,Ga3Rh,P4/mmm,-0.1772789533942713,-0.7091158135770854,PN_OMIHELJ7XQITMULV2SPX5P4FXDITW7OB
2777_Sn6W4.cif,Sn6W4,Fdd2,0.676190720559454,6.76190720559454,PN_Q77RYBL4TAKZN2I76UVZD3PP4FN3RDMC
2778_Nb3Br.cif,Nb3Br,Pmm2,0.4093369088389451,1.6373476353557803,PN_IF67XXBFRQBWVJXJIHQICGKWZQR4FG2Z
2779_Nb6Rh2.cif,Nb6Rh2,I4/mmm,-0.0742120441850051,-0.5936963534800412,PN_SCKS2LBLUHR46QVJV7OTWWEAPTMGUCJF
2780_Ac2Al6.cif,Ac2Al6,P6_3/mmc,-0.3916821840667923,-3.1334574725343387,PN_SDCERTB6GMAUUUFRXSBGJ5HGFGWUMHRJ
2781_W3P.cif,W3P,I4/mmm,0.3408790440879965,1.363516176351986,PN_KCMASSMEYXONDRIBNK5X6MYQK4DAQQG5
2782_Pd2Rb2.cif,Pd2Rb2,P4/nmm,0.1182580533488639,0.4730322133954558,PN_OFUW7DUK2IAGINBF4P67SIOHJYDSBTYK
2783_Ga2Rh.cif,Ga2Rh,I4/mmm,-0.3544554391462562,-1.0633663174387689,PN_656TEHCHQIHNJJQAPRWF72QRIFITHKB4
2784_In10Mn6.cif,In10Mn6,I4/mcm,0.2701433455977424,4.322293529563879,PN_RT4VPZMQJER4MLKHAMH7PB7ECSFLY5PC
2785_AlPd.cif,AlPd,Pm-3m,-0.8944008535151085,-1.788801707030217,PN_MQ3MJNPOBZ5LSBXOB63YTGDH6626Z4HU
2786_CaCu.cif,CaCu,F-43m,0.5358766060288009,1.071753212057602,PN_QDMDHJPRVWDQZH35UDQO4DXXV22SXUMD
2787_Rh6Sb2.cif,Rh6Sb2,Cmcm,-0.1057183546171485,-0.8457468369371881,PN_CYT7WXSVKBWT2HI46HRYZFSNFCEJMIS6
2788_PtBi.cif,PtBi,Fm-3m,-0.1674619481740151,-0.3349238963480303,PN_AH6KETKNE5G5XRZFFDKZULTASKGBKPJF
2789_Al4Sb2.cif,Al4Sb2,I4_1/amd,0.2113444936483244,1.2680669618899465,PN_QVSI6Q4QAIHS654HYDWESNSP3JXQLG3I
2790_EuI.cif,EuI,Fm-3m,-1.3246680484950362,-2.6493360969900723,PN_NS74UUHWUA4IE6JHRONWCITQ2U5AG7UV
2791_AlNi5.cif,AlNi5,Amm2,-0.2226364434127994,-1.3358186604767963,PN_7LR77WKFOLGT2USA5Q4F2OJMU5DL54EP
2792_Mo2Rh6.cif,Mo2Rh6,I4/mmm,-0.1970149649820438,-1.5761197198563508,PN_Y52EQWOLCUWW4BHWIAYWWYVFPKP5TBMY
2793_Ga5Pt.cif,Ga5Pt,Amm2,-0.1300824104031785,-0.7804944624190711,PN_KUDOUFOW5TN6B6FFKYWYBZL5D3VVMRA6
2794_Al4Br2.cif,Al4Br2,P4_2/mnm,0.438326157140616,2.6299569428436964,PN_SMQEAIJ6PHLFX6S4NHJA33SF5A6X5AZF
2796_Al2Na2.cif,Al2Na2,Cmme,0.1064447917505271,0.4257791670021085,PN_23A56ML42XYH6V5EPK3O2CTPU57EEFHS
2797_Pd5Sr.cif,Pd5Sr,P6/mmm,-0.3878520724166066,-2.3271124344996394,PN_LS3UGSHOCVJ5BRSI7BEUATKZDIWYP6C7
2798_AlIn5.cif,AlIn5,F-43m,0.2243869260860869,1.3463215565165214,PN_6HOZFUKTV6OB5XDFUUGQHRQHM6AS4TDO
2799_AlNi3.cif,AlNi3,I4/mmm,-0.4061829382830826,-1.6247317531323304,PN_LOEYWWFBQD6GTTTKKLXGSNEJTXODIYTC
2800_Al6Sb2.cif,Al6Sb2,I4/mmm,0.1692057428212972,1.3536459425703775,PN_HOBSR66FEBK2WFGOE6FARTGJ7HXTO2QO
2801_AlGe.cif,AlGe,Pm-3m,0.1840861531470681,0.3681723062941362,PN_K73NKGWOIB2WMOX3ERXURDGV46ISLSRR
2802_Al4Cr2.cif,Al4Cr2,P4_2/mnm,0.4176790432707804,2.5060742596246826,PN_4GAT6YOPYI4WTWO7RU3N4IB53J3YGPZF
2803_W8Br.cif,W8Br,I4/mmm,0.7470870496898164,6.723783447208348,PN_TITB42S2OKHYDEL7TB3QXLB4MY64HANX
2804_Pb8As4.cif,Pb8As4,Pa-3,0.0584784500907259,0.7017414010887109,PN_DW6CMDQNG6SE27D7VIBHZYLOIKPPPAY3
2805_K5P4.cif,K5P4,I4/mmm,0.2907193213798378,2.61647389241854,PN_IPMNQWX7RMQUQIAAJFLW4D54MBWHGM7T
2806_Al2Na.cif,Al2Na,I4/mmm,0.0959789052882354,0.2879367158647063,PN_BGDF3B4DEEPI64A4HWQHZ3TLG3QQTDDT
2807_SnW3.cif,SnW3,Cmmm,0.4164088525385239,1.6656354101540956,PN_S3WOGGVQEJYPY7DP6KKIDJX2MBPJQHXN
2808_NiSb.cif,NiSb,R-3m,-0.1463381743154652,-0.2926763486309305,PN_NKOB3HCJXAOAWSTHG6SXWTJR3CURSDL2
2809_NaPd4.cif,NaPd4,I4/m,-0.0089418085954619,-0.0447090429773098,PN_AO6GNPK4FXUN3XHUFTSRGRMQDJI6C4AS
2810_K3W.cif,K3W,Pm-3m,1.6473001131057847,6.589200452423139,PN_5BV742OEY4WPATKWF26BH2ZPOXY7ZG4J
2811_PaSb3.cif,PaSb3,Pm-3m,-0.6304449468362288,-2.521779787344915,PN_OIPTQ6HB7HE262G5TQWBK5A55DG7OCAE
2812_InRh3.cif,InRh3,P4/mmm,-0.0658287898524747,-0.263315159409899,PN_7JWN6IKQ66RPAQOYAVWMI3OYAP4LVZTV
2813_AlNp3.cif,AlNp3,Fm-3m,0.1203439799043923,0.4813759196175695,PN_ZLJATUE2JNTWNF4F6OWVQZOLMUF6WW4K
2814_Na5Pd.cif,Na5Pd,P4/mmm,-0.0216217788593574,-0.1297306731561445,PN_XGOFI4NBHSGHPUWZ6Y4UIVMHHFNT7IFK
2815_Pt4As8.cif,Pt4As8,Pa-3,-0.8481429737237084,-10.1777156846845,PN_UUCRVLWKALRK77BYBF25CL4FNUPQGREM
2816_Ir2Ni6.cif,Ir2Ni6,Pmmn,0.0250427970848559,0.2003423766788472,PN_HNHWZ6VQFE7EOOND6IOZHZIIXOR7JW7M
2817_SbP3.cif,SbP3,Imm2,0.2787830215630311,1.1151320862521246,PN_ZI5JINBZYG52YNL45PEYX4DXJ2I6UPFD
2818_Sn2Ta.cif,Sn2Ta,I4/mmm,0.0501756129162392,0.1505268387487177,PN_EV74AANOXPH7ZSMVREL7NGVI7NX6JP63
2819_Cu7In.cif,Cu7In,Fm-3m,0.0432744772338304,0.3461958178706439,PN_TLSBJRXMW43EH5ZW2MGUDOYDO5E3M6KB
2820_V12As4.cif,V12As4,Pnma,-0.3130499928677199,-5.008799885883519,PN_BDGMLWXQGJX6HD545DHHM3U3AYHXN3TX
2821_AuCu3.cif,AuCu3,Pm-3m,1.091933621721732,4.367734486886928,PN_WJIYCI56D5LUYJTL7TTAPZBMNXFM2RCE
2822_IrRh3.cif,IrRh3,P4/mmm,0.4006388397466267,1.602555358986507,PN_3I2EFZHNJQXJXGMSKNON5LTDAHFV26OK
2823_EuMn.cif,EuMn,P-6m2,0.6334786883457086,1.2669573766914173,PN_W7YUP7NXGVXUJXXHW4D4PFXNHPY43LME
2824_Pt2Rh2.cif,Pt2Rh2,I4_1/amd,-0.0205890368021455,-0.082356147208582,PN_EV77O45JA6R3LCLGGTGX6WWCWHJ3TMBY
2825_BaW3.cif,BaW3,Immm,1.4553623349381706,5.821449339752682,PN_UHASWIG6MEMA7NRS3VM5LPGGYFMJENGV
2826_PtAs3.cif,PtAs3,Pmmm,0.1837744748839611,0.7350978995358446,PN_PJGOAETPUZ7726YKURTQBUJ2PFXJHFMJ
2827_Ca5Ge24.cif,Ca5Ge24,I-43m,-0.0419165539262305,-1.2155800638606848,PN_AWDTDZYTAOPX433XWBQKEMWBTAC47ZAK
2828_Ca2Nb.cif,Ca2Nb,Fm-3m,1.172952547926214,3.5188576437786416,PN_IYDDKWUZEJG2W35XLV4KFHY4MZJXS3DS
2829_Cu5W.cif,Cu5W,F-43m,0.3803622766868185,2.282173660120911,PN_TIZPZROJUUQT7LBHZRBVVFSWDVTKGEOR
2830_AuI.cif,AuI,P-6m2,0.2614996616232603,0.5229993232465207,PN_THFNV6MO52OEN2FKUFGO2B2QAL2SSZ3J
2831_AlMo3.cif,AlMo3,Immm,-0.0993333449440783,-0.3973333797763132,PN_LCVJY7E67A562SBPKWBCSSYROYIZBOFD
2832_Nb2As2.cif,Nb2As2,Imma,-0.2267729929139426,-0.9070919716557704,PN_SXIUDV6ODNWFOW5JJ6EDM6KTESEOIAPM
2835_CaW4.cif,CaW4,Im-3m,2.8311244584186808,14.155622292093405,PN_VQ2EXW24ULBZLKRT34UD6HT4MUQSEWIY
2836_CsCu.cif,CsCu,Fm-3m,0.4745825853302812,0.9491651706605624,PN_ZQYYVLNK7NNK5VQEI63T2SERNASZEDBM
2837_Nb4Sn8.cif,Nb4Sn8,Fddd,-0.3024282431053073,-3.629138917263688,PN_ROHJBBVHR2CMNS6GMRQ4UWW2HTQT3PBU
2838_AcPd.cif,AcPd,P-6m2,-0.3199917869561934,-0.6399835739123869,PN_234N6RFURRHKMT7Q4GKZZAWVMI5ZDGSP
2839_Al6Ca4.cif,Al6Ca4,Fdd2,-0.188409806197005,-1.8840980619700505,PN_KYDIWYGUJAPZGO73IZT63PEW6PVM3ZZ3
2840_FePb.cif,FePb,P-6m2,0.6389923159511817,1.277984631902363,PN_5K4Z7O23JJF3IGFZULN5B6BM35BGYXIC
2841_Pt2Rh.cif,Pt2Rh,Fm-3m,0.4895938726160291,1.4687816178480873,PN_COFISJDI56O2JLMHW3OUSKWR3YEEXG3R
2842_In2P2.cif,In2P2,Imma,0.0519244250414705,0.2076977001658821,PN_K4SK6U54WVTX36CJDESRVIGGTNOOM5GX
2843_Mn3Sb.cif,Mn3Sb,P4/mmm,0.4534544957012665,1.813817982805066,PN_BBVEIN4YD5WDLA53GBCXZEOMBUJACNJK
2844_Sr2W.cif,Sr2W,Fmmm,-8.575093680456437,-25.72528104136931,PN_MMA5ENNPI66ETHFPPMD3RVEO6QJRMMWW
2845_Mo2Sr2.cif,Mo2Sr2,Imma,0.6730201296964244,2.6920805187856978,PN_QBB24LCNZSPQN3VUPIXA3SXBGAZV3FWQ
2846_Ba2W2.cif,Ba2W2,Imma,1.0372039623020664,4.148815849208265,PN_IWHNXLIVY4S5KSI7AVY5S2SKZ24MPFN2
2847_Ca3W.cif,Ca3W,Fm-3m,0.8837096676666336,3.5348386706665345,PN_AKH6IALQKWTKY3YBIP33L2MAOLSLMFJ7
2848_Pd4As2.cif,Pd4As2,Pnnm,-0.294235139561233,-1.7654108373673978,PN_QZGOFJMPDGDQYKZ3GFWU66SAFBQQQH6P
2849_Pd6Ge4.cif,Pd6Ge4,Fdd2,-0.3925074452225566,-3.925074452225566,PN_W6QITMC2T7Y4CWDDP3DD5S7V2C5G2AVZ
2850_AcBi.cif,AcBi,P-6m2,-0.4822941443348085,-0.9645882886696172,PN_XOMDGATWS2MCHXB4MGNDICEQX7ZKTSJX
2851_Al3Th.cif,Al3Th,Fm-3m,-0.0522207345958483,-0.2088829383833932,PN_NLFEOYRL264L5U4UERQULUBXKB43IYR3
2852_PtSb.cif,PtSb,P4/mmm,-0.092727887933095,-0.1854557758661901,PN_Y5EPHD3LKKKDQRODN4KWIFGEV3MJNYCE
2853_AuK.cif,AuK,Fm-3m,-0.2806845504909177,-0.5613691009818353,PN_VZST7Y6XW5PRV5JS3H2V5X3CVL6BX5E3
2854_PdP2.cif,PdP2,I4/mmm,0.1484307155578997,0.4452921466736992,PN_VSPNT33VLRDKSB7PEF2NGYPOMPUXTBW6
2855_Au2W4.cif,Au2W4,I4/mcm,0.6953492150178905,4.172095290107343,PN_WWKPPL6Y5GU4QUKS3YHY5E6WRJDU7WJI
2856_NiTa7.cif,NiTa7,Fm-3m,0.2031672938550635,1.625338350840508,PN_OVUJPGNXX6PCEGUGBNC22XFKEBYYW3XK
2858_Ga2In2.cif,Ga2In2,Pmma,0.0462965949196285,0.1851863796785142,PN_VGQUDLHWEP2FN3UAQM3ORWHF6T2FLBXF
2859_V3Br.cif,V3Br,Cmmm,0.280716863032258,1.1228674521290325,PN_EIAI77YAK4K5EYEC36W3OC6OE5JUKX47
2860_Nb5W4.cif,Nb5W4,I4/mmm,-0.0496318712627438,-0.4466868413646949,PN_QLQTFD6K77MHXUWICHLXFAXO4DTIEQ4I
2862_Au3As.cif,Au3As,Pmm2,0.1371121399493331,0.5484485597973325,PN_GRXOGC7OF4XOZ6UVTI7SSM74WPJBQQV3
2863_V4P.cif,V4P,Im-3m,0.3322994564390953,1.6614972821954763,PN_DEJ7UJYRC2OWLCYNPTFOIHCK4RCNYZRA
2864_Pt2V4.cif,Pt2V4,Cmcm,-0.3704538090648259,-2.2227228543889552,PN_SWZZNWCPEPUSEO6JGD5K6OXSS5OESPBZ
2865_Mn4Ta2.cif,Mn4Ta2,Cmcm,-0.023585609806472,-0.1415136588388321,PN_FSQXEMNAP4D5XWSCC7I6MHUPFVYEVEVA
2867_InBr3.cif,InBr3,P4/mmm,-0.2723892605766789,-1.0895570423067156,PN_TSHXASNOSWQJOGC7GND7C7SZDBLR4YS7
2868_AlAs.cif,AlAs,Pm-3m,-0.1240213191225514,-0.2480426382451028,PN_5PRKJAARQJKDXR2FH477OZOTJZISSHGX
2869_Al2Mo6.cif,Al2Mo6,P6_3/mmc,0.0022474617600725,0.01797969408058,PN_G6QCLY26GWDGDSE2DB5LOU237CC3P6SZ
2870_Fe6Ga2.cif,Fe6Ga2,Cmcm,-0.1224709915662174,-0.9797679325297396,PN_DKMIEOVK7ZS2MG7B4Z62A7QNSUZL5ELB
2871_IrMn3.cif,IrMn3,Pm-3m,-0.0410910127053369,-0.1643640508213479,PN_TEWTY3PVZ6ZKQ2AWTMDLIZZADFNPBMZ2
2872_FePd4.cif,FePd4,Im-3m,0.4780438335531506,2.3902191677657534,PN_YG336PRNQMPOG4K65YCKDR75ZBSRFB6R
2873_AuNi.cif,AuNi,Fm-3m,0.4615220181329094,0.9230440362658188,PN_VYB7CPOZGRTRBSSPRKGHL2BRUP5EMSA2
2874_FeV5.cif,FeV5,P4/mmm,-0.0874449707715629,-0.5246698246293775,PN_Y3BNYUPC3MKNS6PRSFNUZAMFJEERPKTT
2875_K4P16.cif,K4P16,I-43m,0.0828526557583636,1.6570531151672725,PN_5CZWG27LD3IILZ2GBWNGJTRF2HCNVFPD
2876_W5Sb.cif,W5Sb,Cmmm,0.3221849244437298,1.9331095466623796,PN_3GG4EL5QJD6THAOD2FBOLQ37SQREKTRP
2877_Al2Ni4.cif,Al2Ni4,Cmcm,-0.4666516932421451,-2.799910159452871,PN_2DITEHJWLRX3LPXZ2NF5GME2FXCQEODL
2878_Ca6Nb2.cif,Ca6Nb2,Pm-3n,0.6537715933229715,5.230172746583772,PN_LSPQIAAYZY5DBCB62AJPRHOJGJBEAAE7
2879_SnTa3.cif,SnTa3,P4/mmm,0.0049675381907032,0.0198701527628131,PN_BF6KRFBWC37P552XNQYIOOCGEJAENZ2Q
2880_AuCs.cif,AuCs,P-6m2,-0.2979903415698688,-0.5959806831397376,PN_A6Z3CPHOIVVGPW2WWLE22BTOP6EOGJMU
2881_Mo2Pd26.cif,Mo2Pd26,Fm-3c,0.4924532836956327,13.788691943477716,PN_D6TPQYVCIVWLBQHSEUPKBVUJ2V47ULDH
2882_Pd2W2.cif,Pd2W2,Cmcm,0.2024888479961362,0.8099553919845448,PN_J4AIERJEVRAB4UWHMDBKABUEVOAQTOOC
2883_W2P.cif,W2P,I4/mmm,0.0145169775755711,0.0435509327267134,PN_PABLKJT6J5WGZFZDEQV2M42SADBYGS3M
2884_Ag4Ba2.cif,Ag4Ba2,Cmcm,-0.1205356433118159,-0.7232138598708957,PN_WVDT7CKX23OBLHLMEMC55XHAMOGN37OJ
2885_CaNa3.cif,CaNa3,Imm2,0.064918145731448,0.2596725829257922,PN_RY5IBX5V33G27LI6REZBH7GFY54DUN4K
2887_AgFe2.cif,AgFe2,Immm,0.355599325778184,2.1335959546691043,PN_62DPVYU7B5DABSQWGHZ3CV6ZXG33TYLG
2888_BaIn2.cif,BaIn2,Fm-3m,0.0835970481372318,0.2507911444116955,PN_ECGLKIBUSHJ2OMEJXG7K7URDZ4ZUV5W4
2889_Ag6Pt5.cif,Ag6Pt5,P1,0.0185353932401794,0.203889325641974,PN_K3LYAPNJNWZFW5TUQXLOB53CABQBHK3G
2890_InMo.cif,InMo,Fm-3m,1.1270553315005394,2.2541106630010788,PN_HGBGUMWW6Y3C4HD6J2AFCI2GN6MARAN2
2891_Ir4Rh.cif,Ir4Rh,I4/m,-0.0051127541117537,-0.0255637705587687,PN_HK7WU6ADBKAGX24ZDA3MZXWHDP65QU2R
2892_VAs.cif,VAs,F-43m,0.3203713993122346,0.6407427986244691,PN_T3PCL5PUYIUIJ26BYGX2WZ5ZOSMTU2R5
2893_Rh4W2.cif,Rh4W2,I4_1/amd,-0.0352169931060544,-0.2113019586363265,PN_7GRBJXREVFC3ZPU4KH67CVJ223SHDHUI
2894_Al4Pd6.cif,Al4Pd6,Fdd2,-0.7730897825502033,-7.7308978255020335,PN_PAPG2SFGOP4TGSEWVECVHFNBDOGBAVHK
2895_Ni4Ta.cif,Ni4Ta,Im-3m,0.8417830391894328,4.208915195947164,PN_SVNLOMBW2SZFGF4KY26UAELCOKYMGCZG
2896_AlRh3.cif,AlRh3,P4/mmm,-0.4401970084474111,-1.7607880337896449,PN_SP3KOVQK4XYUDS4LZEWXZAIHSCFIVCAE
2897_Ga2Mn4.cif,Ga2Mn4,Fd-3m,0.2055565894426033,1.2333395366556203,PN_BNROGNATYD46HJLHXBHPRH4TKA5I3EPG
2898_AgAu2.cif,AgAu2,I4/mmm,-0.0022001097025595,-0.0066003291076786,PN_ODVXH5AK45G4FKELPRZ6A35QB7LQFWI5
2899_Mn4Ta3.cif,Mn4Ta3,I4/mmm,0.0413758628793833,0.2896310401556832,PN_CFUVRIA2WMWXL73Y4WINW6FQG4NGYY2O
2900_AlMn5.cif,AlMn5,F-43m,0.0325080423492979,0.1950482540957878,PN_M4FXHEIFVE2QMLVOAN2U3TZG7NJMS32A
2901_Cu5Mn.cif,Cu5Mn,Amm2,0.19009826311848,1.1405895787108804,PN_HTJTSQ6I55RWW3FSSUWMKOA4GLJQI2MX
2902_AlMn3.cif,AlMn3,Pm-3m,0.0044625280412473,0.0178501121649894,PN_JTSQ54SGSKX6HNVJNIGBTK2JFJ3PPEUS
2903_GaP.cif,GaP,Fm-3m,-0.0656846835186915,-0.131369367037383,PN_YRMOYDF5UQOXEZZ2LMCWTFA6HNJAQ263
2904_AuCu.cif,AuCu,R-3m,-0.0042660205172095,-0.0085320410344191,PN_CNNG4TOYXHZPLOKA5CMMFXLMPVANIL7A
2905_BaW3.cif,BaW3,Imm2,1.471400623829652,5.885602495318608,PN_4D3H3HZVZWCI5JL4K2REIELLTQSK734R
2908_SrI.cif,SrI,Pm-3m,-1.0702574194153711,-2.1405148388307427,PN_BIPRVRTG5O3YU76ULEYGKS264IGQRGVI
2909_PtV3.cif,PtV3,Immm,-0.305222935404382,-1.2208917416175282,PN_YV7CHS5ZX7GYJPMWIRTPMWNW5E3UIVOD
2910_VBr5.cif,VBr5,Cmmm,-0.2841827606207943,-1.7050965637247657,PN_QJ2NZ7DYVKL6G7RU6AUPCTCSVZB5QTV7
2911_K2Br4.cif,K2Br4,Pnnm,-1.0890156947304026,-6.534094168382415,PN_FXJGHGR4OKZ3COHHS5AOAWJOYZ7TXP2I
2912_Pb2P2.cif,Pb2P2,P4/nmm,0.1636887776688462,0.654755110675385,PN_ZZ2RSLEHOHCJOXZSBQW4U3KFU3BH3F4L
2913_Ni4Ta8.cif,Ni4Ta8,Pa-3,0.4475267590898551,5.370321109078262,PN_MGGMFTB66ADEJOOAX3IXZNNLVI76A23K
2914_Ce2Br6.cif,Ce2Br6,P6_3/m,-2.11548569156943,-16.92388553255544,PN_XHBAY2QEPBYNL6IYUEGBL6ZSSTTH7JNG
2915_MoRh2.cif,MoRh2,I4/mmm,0.0380025121836678,0.1140075365510036,PN_MVYJMNSVOIDMEEK7KHR46NHT55CDADF6
2916_Au16Sn4.cif,Au16Sn4,I-43m,0.0582444988574188,1.164889977148377,PN_6CKOMUR3XQTUOJ6GDWJTWLCHC47GYVK6
2917_V4P4.cif,V4P4,P2_13,-0.7870895311130237,-6.29671624890419,PN_GMNBPR2FNNNEAOEZCATO25RQ6UESTZHP
2918_Ag8Au4.cif,Ag8Au4,I4_1/amd,-0.0441376497046051,-0.5296517964552621,PN_AYB5TVUK5QFU3YEKTV4A5KTGXAQY7MAZ
2919_Fe2Mo6.cif,Fe2Mo6,I4/mmm,0.279591567029124,2.236732536232992,PN_MOX7I3KYWFQSJJYT6VBPQLN76DPL76W4
2920_Pb2V2.cif,Pb2V2,Imma,0.4928501595522814,1.9714006382091256,PN_SVVFK3N24ZTQKHISKTO6MNZQUNOXY52F
2921_AuNi5.cif,AuNi5,Amm2,0.1243812841000172,0.7462877046001033,PN_UFA6YPET4VHVUVQ6A45LPJVLTPBL5IWC
2922_Ga3Pb.cif,Ga3Pb,P4/mmm,0.0530431986566251,0.2121727946265004,PN_3D5ZM2CY6ZJB6OUK4JRRXLQT6P5HLVDF
2923_Pt2V2.cif,Pt2V2,Cmcm,-0.4276230445207822,-1.710492178083129,PN_D4UH3U7FY4ZXIDXHUMNBLFNGZ47G2MO7
2924_Ag3Sr.cif,Ag3Sr,Pm-3m,-0.0453551621271102,-0.1814206485084408,PN_FKWN4B7EJ24EDZWMX4VTDXEZHH6OHABT
2925_Ga4In4.cif,Ga4In4,P2_13,0.0605925755307299,0.4847406042458395,PN_YTJCLSDJF7KD4FMMQ3LF4XJF6RP23YJD
2926_K2Sn2.cif,K2Sn2,Cmcm,-0.2445203437210175,-0.97808137488407,PN_P7QVLLRY4ABNYMTFAWGINYLFL544QJRK
2927_CsCu.cif,CsCu,Pm-3m,0.4399689430103484,0.8799378860206968,PN_336YN4SCKMTXJLLRMOSAI6N47CC2ZNGO
2928_K2Sn2.cif,K2Sn2,Pmmn,-0.1301163509892293,-0.5204654039569174,PN_D4NFIFFXXZ7WGH7LHHRW32YHCP6CTVYM
2929_Mn3Nb.cif,Mn3Nb,P4/mmm,0.0610968797625979,0.2443875190503917,PN_SJ4WWA3JWJTJYWQHNRORYJ7ZAQ5KBVEP
2930_AlMn.cif,AlMn,Fm-3m,0.4252473515547947,0.8504947031095895,PN_4W3GHG4XUP2V4NSAXYXIK3L7SJS624CP
2931_Pt8Sr16.cif,Pt8Sr16,Fd-3m,-0.5432285759187595,-13.037485822050227,PN_F72AAUZHGCIMBHINZP4CYV42D5KZA4PZ
2932_SbP.cif,SbP,Pm-3m,0.3087547031735251,0.6175094063470503,PN_HXBALKPSQMMBZLUFV3UGQYKEFU77YNBV
2933_AuU.cif,AuU,Pm-3m,-0.0663266002546461,-0.1326532005092922,PN_LOXDWBJZ47N56T4V2AQR4QEFVE3MRDTO
2934_Fe6Pd4.cif,Fe6Pd4,Fdd2,0.0475907069499314,0.4759070694993141,PN_NOCLJNYL73NEX4QTNOMFVKW2WX76NTBH
2935_BaGe.cif,BaGe,Fm-3m,-0.1820046348794206,-0.3640092697588413,PN_NH5VD45DTFLVOKM3A2KJSY2C34ACWZZM
2936_Fe3Na.cif,Fe3Na,P4/mmm,1.1327794966990163,4.531117986796065,PN_27TTSE34IVIA3XSEL3RDPPLESJ6L6XSY
2937_KP.cif,KP,F-43m,0.7114022996563714,1.4228045993127427,PN_7ZOXYOVYHBZZJ7OPR6ON7HCZ3JQZ3WMF
2938_CuW7.cif,CuW7,Fm-3m,0.3854280871898492,3.0834246975187938,PN_D4SMEJMYIPPBOIYVRIYX4KTIZM65YA33
2939_AsBr5.cif,AsBr5,Cmmm,0.0282342964256434,0.1694057785538607,PN_ETLUWLR2G3ZGW3SVAVPVFIRJXHEEL6YW
2940_Au3As.cif,Au3As,Imm2,0.1334911726647583,0.5339646906590332,PN_E3LGYPVC27J3BYACXRPA2GD3K76K4I4K
2941_IrRh4.cif,IrRh4,I4/m,-0.0017556820822136,-0.0087784104110681,PN_HPNCCKJUQWFDOOV77CVW7HYAUZSBW5HJ
2942_Mo16V4.cif,Mo16V4,I-43m,0.7960963314866717,15.921926629733434,PN_VS6BVUZAN6DI4UC7TJXDJFDOQXXWEBTS
2943_AlGa.cif,AlGa,Cmmm,0.0691252028612607,0.1382504057225215,PN_MXO45LEMFBJHXOQIIDF4FRIT2SELRAVS
2944_Ir2Ni4.cif,Ir2Ni4,Cmcm,0.0603663610725782,0.3621981664354692,PN_7SIDJN37E3RP4EIE6MBC6LBQ7STT6IOY
2945_Ga3Th.cif,Ga3Th,Pm-3m,-0.5055789219036146,-2.0223156876144586,PN_BLPQGUPENZGIIHXWJUCPEDGYB2UD6LY5
2946_PtSm.cif,PtSm,Pm-3m,-1.4318709282015725,-2.863741856403145,PN_PV2J5NV4A7HAUQIFLHXDB6VHFG7ODSYE
2947_Au6Ba2.cif,Au6Ba2,Pmmn,-0.526886487717174,-4.215091901737392,PN_HL5P6ZFD5NYVITWQ5G3NIQ6Q5AY7FQMY
2948_Al4Cu8.cif,Al4Cu8,Pnma,-0.1947568048805603,-2.337081658566724,PN_O7KIULMZ6IFUR5DSAHNOCN5YSGRPFGFM
2949_Ca6Ta2.cif,Ca6Ta2,I4/mmm,0.7325548895312664,5.860439116250131,PN_AUZZN57K6WSRNX4RKCE3MHP3OI4Y2TPP
2950_AuW2.cif,AuW2,I4/mmm,0.4242236213270421,1.2726708639811264,PN_26NS55JRWU6DJSD4C6362YLD7D2PYKTF
2952_MoV.cif,MoV,Pm-3m,-0.126784531445768,-0.5071381257830723,PN_WG67PX7A3H6ZW2D6IZEEPNIVPGBSZEKA
2953_Mo2P2.cif,Mo2P2,I4_1/amd,0.0616187149853217,0.2464748599412871,PN_Z6U64HCHHOULG3UGUXYFG2VS4MUXVBWR
2954_Ni3Sr.cif,Ni3Sr,Cmmm,0.5203327610247177,2.081331044098871,PN_JGLEUQ3RRG6M6VENPFLSVBMZDGDNTRIO
2955_Cu3Mo.cif,Cu3Mo,Pmmm,0.22920652430816,0.91682609723264,PN_WVVYQWNTDQRUBZ3H5Y2FD6RGUWP5LSVM
2956_Sm3W.cif,Sm3W,I4/mmm,0.0631950852148808,0.2527803408595233,PN_WXDNHDYTHUCN6EX73CST4GSJQ6KOO6XX
2957_Na3Ge.cif,Na3Ge,Pmmm,0.0413320232122367,0.1653280928489469,PN_7GV2LZYUJ5LXD3FVQ3FYE4FP3TOVM42C
2958_IrI.cif,IrI,Fm-3m,0.8600843245627727,1.7201686491255457,PN_7NT32QUPVV54GMMZ6SU5JL7KSZQQ5SL3
2959_Cu4Mn8.cif,Cu4Mn8,Pnma,0.3612515646588257,4.335018775905908,PN_SWPFHMZLN2ODDWH73X2HCY2EGX7CSEPG
2960_Ac3I.cif,Ac3I,Pm-3m,-0.2343629998585519,-0.9374519994342077,PN_4F2S2HYU4RFUJMXKDDN3OYHMRRORENY2
2961_Ta3Sb.cif,Ta3Sb,P4/mmm,0.0115760029382396,0.0463040117529587,PN_WCIVSLWBC36NPN6QCOB5AT64M4TECPMM
2962_AuSb.cif,AuSb,Fm-3m,-0.0501351230650959,-0.4010809845207674,PN_PBKHFK6EV2TIMTCD2WWGVCTVRQL7GYB7
2963_GaPd.cif,GaPd,Pm-3m,-0.6028874388474872,-1.2057748776949744,PN_YDSUB3AGEMTZVZ6AKZKQQKFEWIF4ESJO
2964_Ni2P4.cif,Ni2P4,Cmcm,-0.0100394529238236,-0.0602367175429421,PN_QSNVQ4S5KDIRFZO5AV6DH3E645BZHFEH
2965_Au2Na4.cif,Au2Na4,Fd-3m,0.0511408221620793,0.306844932972476,PN_I45DPHQ2FTW2HL3B7MCLQLRVI3MVKXLS
2966_V2W2.cif,V2W2,Cmcm,0.5402600457808884,2.161040183123553,PN_H5VKMZN52KQICN3NNBH7H6WZ4GD37FN2
2967_Fe2Pt2.cif,Fe2Pt2,Cmcm,-0.1192493888161649,-0.4769975552646599,PN_GWJNIHKQHAA5GK7WMNQXOVFVUDZRELPT
2968_Au3Nb3.cif,Au3Nb3,Cm,-0.0151428426324133,-0.0908570557944798,PN_VY7T5JIUCQ6SXMBDD4WLOCLPEOP7NIKI
2969_Mo2W4.cif,Mo2W4,I4_1/amd,0.7285978333137137,4.3715869998822825,PN_QVLLTBDDZQD7BDQ6CNYWHW2UWXX5KX6U
2970_Ca5Sb4.cif,Ca5Sb4,I4/mmm,-0.541558037310753,-4.874022335796777,PN_GFKRCBIHHU2CKDMO7AGB3JY7TVPXB5AT
2972_Pt6V2.cif,Pt6V2,Pm-3n,-0.2525866931293699,-2.020693545034959,PN_Z3WEMCW5GY2LGKP2AONX6GZL6DKTEO37
2973_Pt4V2.cif,Pt4V2,Cmcm,-0.3127411383683641,-1.8764468302101849,PN_KY3VQWY4Z27XG6RROFP3SBZPIC7J6I27
2974_NbNi.cif,NbNi,P4/mmm,-0.040611249024244,-0.0812224980484881,PN_HGVQM2B2M4OQNWOGKTVB25UVPJDM7UT4
2975_K16Sn8.cif,K16Sn8,Fd-3m,-0.1665311182987367,-3.996746839169681,PN_LIW7SSYCNH4UZA7T2WPZ3CMPAHIZTFWK
2976_Al2Ba.cif,Al2Ba,I4/mmm,0.0014818998829161,0.0044456996487483,PN_CTC5V2YMUTCLLVNGF4JHJTAFGUXE2CMJ
2977_Mo2P4.cif,Mo2P4,I4/mcm,-0.3509871447025444,-2.1059228682152664,PN_HRQERMJEDJROHEIJHZD54GUSDEESZUGO
2978_Ir3Pb.cif,Ir3Pb,Immm,0.5577657850855182,2.231063140342073,PN_7G37ID5OTOWUGJBMNVIW4LTHTKX2MM7S
2980_BaCu.cif,BaCu,Pm-3m,0.0764343314651374,0.1528686629302749,PN_JLZZG5JUZLQ2ENTVT3YQKNV7X2VHYESH
2981_VW7.cif,VW7,Fm-3m,0.4516883622280989,3.613506897824792,PN_H2KJXKTQOZEOJOFM6CROP4A45K55TX7L
2982_FePt3.cif,FePt3,Cmmm,0.1121834255869433,0.4487337023477735,PN_OY4T2NIGM3JDERRJSYUF4MR3LLUXI5QO
2983_W2As4.cif,W2As4,Cmcm,0.3283533195803396,1.9701199174820372,PN_T3PPI72U2RKNVHDTISZXGWQOHNIR4OG6
2984_AgMo2.cif,AgMo2,Immm,0.4600579596531962,2.760347757919177,PN_L2LTG5JAM67JJEM3XG4XP3D2G4OGGRBW
2986_CuW3.cif,CuW3,Cmmm,0.2052802225342738,0.8211208901370952,PN_SYQVTQ3QZ53C3ISZEHHTFOWN6GTAXZ2C
2987_Sr6Br18.cif,Sr6Br18,Pmmn,-1.5763172728936563,-37.83161454944776,PN_V6YHRSSNGQTQS4GUILJU6A42OAN34T4B
2988_AlAs.cif,AlAs,Fm-3m,-0.2077627777841586,-0.8310511111366345,PN_A5E2ERRBUULX24W6AAABS4IK5FTGL4WS
2990_Al4Pd4.cif,Al4Pd4,Pnma,-0.7855255843605562,-6.28420467488445,PN_FJQ4XVKU5RV6YHTSIJWFP7O6BA44YJ2H
2991_Mn2W.cif,Mn2W,Fmmm,0.2009777584899078,0.6029332754697236,PN_MMWYMBOGJJTUHJIYR6ZJV63EXJFAY4JS
2992_Ba8Cu4.cif,Ba8Cu4,Pa-3,0.0528366697050458,0.6340400364605507,PN_2SEQ5HNTMLZESBIXRQJY7G27JKMKMCRY
2993_Ir5Mn.cif,Ir5Mn,F-43m,0.755012571259782,4.5300754275586925,PN_YKVQSIBJ6OUACRJRDND5N5DVZ45Y4CXZ
2994_CaBr3.cif,CaBr3,Pm-3m,-1.1215024322719191,-4.486009729087677,PN_NQY3S4WMEJZYUHETZWGZXAYBBMXFMIIY
2995_RbSm.cif,RbSm,F-43m,1.5119832722711608,3.0239665445423216,PN_QZSDRIK722GRRP5XVURV2HLEIP4P2CGQ
2996_NaRh.cif,NaRh,Pm-3m,0.7276111557127489,1.4552223114254978,PN_FA6PRXJBA4VHA6VXUEE2IMZ6FFDS5AAD
2997_Ta3Sb5.cif,Ta3Sb5,Cmmm,0.3737763057917291,2.9902104463338333,PN_XVFQMKYXV7PSM5EBTZEAQUIL2HLCHJ43
2998_Ta2Sb2.cif,Ta2Sb2,I4_1/amd,0.3728647878519764,1.4914591514079056,PN_RB6ILX4KQKQSHFQU24KMPTI6DKM2FUBE
2999_CrTh.cif,CrTh,Fm-3m,0.8233719021763974,1.6467438043527949,PN_ROBA27CUG5VXDJESL7N7LGS4YIFVF7GV
3000_Cu8Ta4.cif,Cu8Ta4,Pnma,0.1459014699692117,1.7508176396305402,PN_INHDB7G22QVSRSV3ERFLFK3CTI26DRSU
3001_Ir2Rh2.cif,Ir2Rh2,P4/nmm,-0.0085060714919453,-0.0340242859677815,PN_5BG6UKGKXDTU7LRA77HL6H7TG252XR3H
3002_Na2P2.cif,Na2P2,Imma,-0.3394175410175988,-1.3576701640703952,PN_LAQIUK6ZCA7DLX4ATED656FQ3EWJTGE2
3003_Sn3W.cif,Sn3W,Pmmm,0.4237881929144711,1.6951527716578845,PN_E24XMRL5BA57BIKTK7IM5FHWYXIJOF2T
3004_MnSb.cif,MnSb,Fm-3m,0.1459415094975815,0.2918830189951631,PN_BFS5QZFGXJHELA23H24ERMN2HGQWD4DW
3005_FeTa3.cif,FeTa3,Immm,-0.0214997259267128,-0.0859989037068515,PN_X7QNIBN26EHTNN2IHED2JCW5VZPD4X4Z
3006_Ca2Cu4.cif,Ca2Cu4,Pnnm,0.1830056481666944,1.0980338890001669,PN_LA3VYBGZKMPUP2XYWV3HIXMQQX37O54U
3007_AgNb.cif,AgNb,Fm-3m,1.2152851656673,2.4305703313346,PN_NNWLGT7XU2436EWOXTRRLWGJHJKINDSJ
3008_AcTh.cif,AcTh,P-6m2,0.151782232483872,0.303564464967744,PN_VGME5KZ7KZZ5XJLVL4MJVH4HEUY6CU45
3009_IrNi2.cif,IrNi2,Immm,0.1371037863756683,0.82262271825401,PN_TL2CRFSVXIZAKGJMOR5LJUN2HU4ZVFVU
3010_IrTa5.cif,IrTa5,C2/m,-0.2895005288566518,-1.737003173139911,PN_QXJ6Q3WYPAH6RWF3EWJNOB4NA6HLLHBT
3011_Sr3Sb.cif,Sr3Sb,Immm,-0.5052053612735352,-2.020821445094141,PN_PBC47M7RJJWSKFSAV22V62EZS3OZPOM5
3012_Mo8V16.cif,Mo8V16,Fd-3m,0.2939021979591227,7.053652751018944,PN_HNDDZONIVXZFRL45NSRHXOV6Y4ZAU5FI
3013_Ni2Ge2.cif,Ni2Ge2,Cmcm,-0.0762614153655016,-0.3050456614620067,PN_6H5WEBF3X5HFXO6IWRT6UMK7KR2OBL4E
3015_NaBr.cif,NaBr,Fm-3m,-1.7192765439625828,-3.4385530879251656,PN_4LZPXCPCRSHGKDVBRI5YESP2FSOIHDJB
3016_K3P.cif,K3P,Fm-3m,-0.1935027218734912,-0.7740108874939651,PN_HTNC2PKXRCFQ573AK7A7TOHHPS4RCRAT
3017_Cu5Br3.cif,Cu5Br3,Cmmm,0.2481934826088245,1.9855478608705963,PN_OAZBQXU2S35H7EBN7TTDN6SC6KQPX7KY
3018_Ir3Ta3.cif,Ir3Ta3,Cm,-0.4363903598925691,-2.6183421593554144,PN_5SCOQLXFL6SP6O7BBVI7WZ7MQIW34MQA
3019_Au4Ni3.cif,Au4Ni3,I4/mmm,0.0763955927040973,0.5347691489286817,PN_CC7UZMQ46R55RCDQPDJMDXMWRMBRFAKD
3020_Ir2Rh6.cif,Ir2Rh6,I4/mmm,0.0023693738483077,0.0189549907864616,PN_HXP6556MYMFCAO6S6HLMTCPMIKANLVVP
3021_Pb2P4.cif,Pb2P4,I4/mcm,0.1152849570185339,0.691709742111204,PN_VWB2LTFWF5BFNPE25OJKS4FLEIHASAZJ
3022_Ca4Sb2.cif,Ca4Sb2,Imma,-0.5586557175776031,-3.351934305465619,PN_OBWOHFPGLXALWRGNTW5ZICH7EPIVKOBU
3023_Mo2Rh2.cif,Mo2Rh2,I4_1/amd,-0.0590279724766471,-0.2361118899065886,PN_QUJMSE6LPK6KEWWYVTN4RZSNMMSGRTAN
3024_Ag2Nb4.cif,Ag2Nb4,Pnnm,0.5705474645153797,3.4232847870922782,PN_IR5YPUNDM5VNOSYFXFCW5TD6BYDHIWAW
3025_Al4Mo12.cif,Al4Mo12,Pnma,0.092877692840064,1.4860430854410254,PN_RWNU277CNEV6NZXKM356PPHZGWQW2W5N
3026_NbU.cif,NbU,P4/mmm,0.2441585290147419,0.4883170580294838,PN_FMQLYJCPK5UENUKIXGXYWKXLHCRL4PSU
3027_Cu5W.cif,Cu5W,Cmmm,0.3101269911022661,1.8607619466135965,PN_P5GUAFN3ACQPIFG7MPMWZ446VFGG4WT6
3028_CuRb3.cif,CuRb3,Pm-3m,0.3439376052650318,1.3757504210601272,PN_73LWACZHU76XW5QI2O52KVWOKJJ4HDZ6
3029_PdP3.cif,PdP3,Cmmm,0.298335614350143,1.193342457400572,PN_KN3MAHHKAYPFNAQSIYDJVSNTDR453MUN
3031_Ag2Nb4.cif,Ag2Nb4,C2/m,0.2099083340294889,1.2594500041769336,PN_QY6UVJPUE56EV25Q2GDOXH7IVJCKDFSX
3032_Sr2As.cif,Sr2As,I4/mmm,-0.7210184155352634,-2.16305524660579,PN_PYOCAQN4JSCZWHEZQF3K4JFFTCKXHPEN
3033_Ba2Rh2.cif,Ba2Rh2,P4/nmm,0.1303739087458275,0.5214956349833102,PN_QQCSKGYCCI2BMGPQKPMJD3L2W45VAECT
3035_Al4Mo4.cif,Al4Mo4,Pnma,-0.1782901372976288,-1.426321098381031,PN_CCD3BNSFUJDCLLOP2ORZP4TBJ6GQVTHA
3036_BaTh.cif,BaTh,Fm-3m,1.2727127622763716,2.5454255245527437,PN_LLERLJBDDGJDHWU4I2I2M74KCEXAEI37
3037_NaBr.cif,NaBr,Pm-3m,-1.574279165099012,-3.148558330198024,PN_UTOXUNQEVOSYYTZSTLK53G63CDHLDQYH
3038_Mo6W18.cif,Mo6W18,Pmmn,0.3806163891724476,9.134793340138742,PN_22BP6JUGF4NEV6KY4Y4EWG3A3JQGMMPE
3039_AcK.cif,AcK,P-6m2,0.2746965595428734,0.5493931190857468,PN_NHRBWLHPGZJHM7TDQIPKBW42EKPWW4WY
3040_Ag3Th.cif,Ag3Th,Pm-3m,0.1393382812825816,0.5573531251303265,PN_P2SZQVDEN57DJR3RSYUBSN77B7QNSZMT
3041_In2Sn2.cif,In2Sn2,Cmcm,0.024598304626076,0.0983932185043041,PN_U366353PCZFNAWWZSNRBOR5XS3RPTI7O
3042_RhTa.cif,RhTa,F-43m,0.6853395561039957,1.370679112207991,PN_INPLPMEFOAX5LXTDKUNNOWRHOP4BATZ5
3043_Mo2W2.cif,Mo2W2,Cmcm,0.4147867774643377,1.6591471098573507,PN_S3PEDP2IGNYRKEYYTEZ677QJI2UG3YO4
3044_AcEu.cif,AcEu,P-6m2,-0.0349858715953028,-0.0699717431906057,PN_HIQQM73Q3GYZRTUU3GGFV5BYLH5VEBA7
3045_Al2Fe2.cif,Al2Fe2,Pmmn,-0.1400259878698495,-0.5601039514793982,PN_MBRN66WMFY3P44KDWV5UH2WPHA6UC6FP
3046_Sr2Br.cif,Sr2Br,Fmmm,-0.9625135229918774,-11.55016227590253,PN_2EQQRGSENUDNX22CXFQEY5OQ6URPD6IU
3048_Ca2Sb.cif,Ca2Sb,I4/mmm,-0.608186648123708,-3.649119888742249,PN_KDMBLRQIL4OG2RFHNH56I6IJW4U7UUWS
3049_Cu4Nb2.cif,Cu4Nb2,Fd-3m,0.1075456800006845,0.645274080004107,PN_MUXIBCTICR44Y5MIFDOJBJROKIOGFHTK
3050_Al2Th.cif,Al2Th,P6/mmm,-0.4624325030747513,-1.387297509224254,PN_UEF7CCCNRC6BWDZAOW23EVVRVMO7FXV3
3051_Ag2Ir4.cif,Ag2Ir4,Fd-3m,0.5584920547057214,3.350952328234328,PN_X4WZGRSY2MKK5IZPOE72AL4W6RSEMTUR
3052_W5As.cif,W5As,Cmmm,0.2297891868005095,1.3787351208030572,PN_M64NB7DPCHQEF4NAXPUKWSODUTQEJKQV
3053_SrSb.cif,SrSb,F-43m,-0.3381110220115038,-0.6762220440230076,PN_NXCCMPXB74VGWYJHCCYQ6RPVESCT3QE4
3054_AlPb3.cif,AlPb3,Fm-3m,0.2026536934610288,0.8106147738441152,PN_BEIKHD7IHFJEYLGPDWK4DLVKDBMVQ2I2
3055_NpSn.cif,NpSn,P4/mmm,-0.2546962465431246,-0.5093924930862492,PN_XLX7M5LCHAGY5XYTCUYL7EWJ4ZVEXAE5
3056_AgNb3.cif,AgNb3,Fm-3m,0.2892068832617926,1.156827533047171,PN_XPFJPLLTALJGCDNTNCD3AXZDNCY3CH6S
3057_Ca2K6.cif,Ca2K6,Pm-3n,0.1668564868052322,1.334851894441858,PN_7KIWXKEPYBLD3WF7T556K24ZP4RENXPK
3058_Ba4P2.cif,Ba4P2,I4_1/amd,-0.7354421307758674,-4.412652784655204,PN_ROXNU4FIC46VRJ43HMVSUZFWMRX7ZAEP
3059_Mo3V.cif,Mo3V,Immm,-0.1013005671636602,-0.4052022686546408,PN_BUKVEQSBJ63E72KKR6MUFSBXFZJMED7W
3060_Rh5W3.cif,Rh5W3,Cmmm,-0.1732244838902854,-1.3857958711222835,PN_2AXZIXQLJSEH27CHXKTZM56NW4RP7RT6
3063_Al4Br2.cif,Al4Br2,Pnnm,-0.1377962558375311,-0.8267775350251867,PN_SQGOJPXO24ZKYMY6IKZRUG3QZYDGNRZ7
3064_Mo2V2.cif,Mo2V2,Cmme,-0.0680563425467291,-0.2722253701869164,PN_2NQMBPWSZDM3Y34Z3WSDDEPQVSZ6KMSK
3065_Nb8Br40.cif,Nb8Br40,Pnma,-0.9904254432297014,-47.54042127502567,PN_MXQUL2VAVOVPR3STW43PBL3VE4437Q5R
3066_K4Ta2.cif,K4Ta2,I4/mcm,1.1322507917836984,6.793504750702191,PN_R4YKA42KUZD66LHOKMWRVIF443GJEVWJ
3067_Pt4Rh8.cif,Pt4Rh8,Pa-3,0.7665586897212068,9.198704276654482,PN_PWQFQI5WH2NUJT52FY2VR2T3RBVIZ4IC
3068_Fe2Na2.cif,Fe2Na2,P4/nmm,0.4438350170722662,1.775340068289065,PN_E4OOACAUAL43CTUUYRJL7LDIO7PK3WIH
3069_Au3Mn.cif,Au3Mn,P4/mmm,-0.0381126143200756,-0.1524504572803025,PN_RZPAMYFTJ6HQQQ3ONHOQGG45LY4NSINQ
3070_Mo2Rh2.cif,Mo2Rh2,Cmcm,-0.0447398362324946,-0.1789593449299786,PN_UJ6I26PVF7ZONX7YX4LOZ3OK26HCYPJW
3071_CaSb3.cif,CaSb3,Cmmm,-0.2721827868377766,-1.0887311473511063,PN_JQR2QYW3ZMGRF5NZQLNQJ5QS37ISKVB2
3072_Mn4Rh2.cif,Mn4Rh2,Cmcm,0.0161174144536886,0.0967044867221318,PN_GZ7I2C6E7WE6ON5O3FZPPCYK2R2JHWPI
3073_Ag2Mn.cif,Ag2Mn,Immm,0.2038998473890263,1.223399084334158,PN_322Q7B5TSKOMKHOAUBADYMBKTE5CUP72
3074_Mo4V8.cif,Mo4V8,Pnma,-0.0006408570692784,-0.0076902848313409,PN_ULJXNWUPOCVSFCLGFSFTWQ72GJF6KXT4
3075_Cu2Ta4.cif,Cu2Ta4,Cmcm,0.1639079811589283,0.98344788695357,PN_ZFIYMFXQMJ7OWM7OPYZBVOXKTCNMXFWL
3076_Au3Mn.cif,Au3Mn,I4/mmm,-0.0557070756025801,-0.2228283024103206,PN_MRBLNV3NOOULXCACNRWE4BZNGKT2XP3Y
3077_Al3Sn3.cif,Al3Sn3,Cm,0.125480888915901,0.7528853334954064,PN_655JPMGLGS672S7MUXEA5VLCE5RKQIR3
3078_AlPt3.cif,AlPt3,Cmmm,-0.5888720165519494,-2.3554880662077977,PN_GQC54DVQHRAABQDVGW5X3FNTF6527D4K
3079_Ag3Al.cif,Ag3Al,Pm-3m,-0.0439969828079953,-0.1759879312319814,PN_BTEVWSF6Z37QEV7XXM6ANIIOZSUEKSW7
3080_GeAs3.cif,GeAs3,Pmmm,0.4621237117053614,1.8484948468214453,PN_YBKDQJ3JWPRHN4UDYXKEIROEZINI7MPP
3081_BaU.cif,BaU,Fm-3m,1.6859382982010027,3.371876596402005,PN_UG4MZNMAHQAPROHFN52ZAQQGNMEEHLKH
3082_Pd3P.cif,Pd3P,P4/mmm,-0.2245172311260823,-0.8980689245043294,PN_AYPK5D7RDFBCRIX4GKJ4EZTQA7G3YZ2Y
3083_AgFe2.cif,AgFe2,Fmmm,0.2691876946108304,0.8075630838324912,PN_QKWKUQBH6ZLASTV6MU5XSWMUNRQR74BJ
3084_Au2Nb4.cif,Au2Nb4,C2/m,0.0528566404423867,0.3171398426543206,PN_XT5C6AIM7LC4CSKAOPXHOYI3TPSQCZYH
3085_K4Sn16.cif,K4Sn16,I-43m,-0.0769619674630533,-1.5392393492610663,PN_U67JPNYRY7BFAAUWYXKUM6ZGXCELJ6RG
3086_NiV.cif,NiV,P4/mmm,-0.1710537031610801,-0.3421074063221603,PN_TAGAQA5272SBHGKWH5JNJICZJP6EJ3UI
3087_Rh4As12.cif,Rh4As12,Im-3,-0.4381732386554331,-7.01077181848693,PN_XE3XHRGEGINNAPW7GMB26KYNRTH7PK5B
3088_Sn2W2.cif,Sn2W2,Imma,0.6135059614810894,2.454023845924357,PN_QROZ7AQIYP33UI2Y2SKA7UP7JHK74TXF
3089_PdSb3.cif,PdSb3,P4/mmm,-0.0258166454470663,-0.1032665817882652,PN_RU6AWCEUT3VS7RWJXKHPN6RFB2KIP7QA
3090_Mo4W4.cif,Mo4W4,Pnma,0.380614293590968,3.044914348727744,PN_UDVFMK4JZWY4SI6STU2BZHCZWPCY6MEP
3091_Al4Sn2.cif,Al4Sn2,Cm,0.1378266215590902,0.8269597293545417,PN_X5JDJCXKDFUU2OVLCTZQCLEZYRDJNOLG
3092_AlBa3.cif,AlBa3,P4/mmm,-0.0289368508473417,-0.115747403389367,PN_PGPEC7C6M5LOMRO7VS2EYOV6XMRESPDZ
3093_In2Ni.cif,In2Ni,I4/mmm,0.018092876315561,0.0542786289466832,PN_CCEMVE32OOUVW6SED7HL6UMWNEJMB7NW
3094_PtSr.cif,PtSr,Fm-3m,-0.6136797126464031,-4.909437701171225,PN_I2JM475BZ2GTZCNQQHXLOZBO6FUH4YWF
3095_Rh3As.cif,Rh3As,Cmmm,0.1899546984508608,0.7598187938034435,PN_Z35JOGH5OH4FWYALW6IQUEX3FAW3QEOQ
3096_Ag4Ba6.cif,Ag4Ba6,Fdd2,-0.0507589651294985,-0.5075896512949853,PN_NGWL4E5AEJUY7LT5ITMLXT7SDFWKJ7SP
3097_AlSn3.cif,AlSn3,C2/m,0.1044766819611391,0.4179067278445565,PN_A7XYDXKH64FHVMNVD3MSTJ64RC32NMAX
3098_Al3Ir.cif,Al3Ir,Imm2,-0.4499672468645164,-1.7998689874580656,PN_45PYLNBOT5ZLIKXL4WTTO7664OFW7DYI
3099_Na2Sb2.cif,Na2Sb2,P4/nmm,-0.1595024621703382,-0.638009848681353,PN_IGAUY3J2A2YGWGUQW33RQJSUJKL4BNQ5
3100_Al3Ba.cif,Al3Ba,P4/mmm,-0.0367778075288356,-0.1471112301153425,PN_2QZ3YCLCABJ5QCZB66M4XR67MXPC7SGE
3101_CaBr.cif,CaBr,F-43m,-1.2331421850996755,-2.466284370199351,PN_QJEVSZYSEOBZ7VLA6E5SJ5SA4UTRKFZK
3102_Al2Sn4.cif,Al2Sn4,C2/m,0.0887452480367532,0.5324714882205193,PN_FXSKYLR72PYRXMCUZFB6AQU64VOA57S7
3103_Mn3Rh.cif,Mn3Rh,P4/mmm,-0.0283859479505466,-0.1135437918021864,PN_HHE73BZ6KQAG7AHD3GO5OSBK63P4DOYY
3104_Sb2As4.cif,Sb2As4,Pnnm,0.1155331115355782,0.6931986692134693,PN_GF72IIQ6QV6LDWXLVYQDUQN4P7EADTQS
3106_GaIn.cif,GaIn,Fm-3m,0.0934294956136678,0.1868589912273357,PN_RI2QR5YFQE2P42XWDCF6WESEOLQ5AYTI
3107_In3Mo.cif,In3Mo,Pmm2,0.3379385834494242,1.3517543337976967,PN_7TVGIUSB24LQ4R42ZBJJ5YHLQ6XIOECN
3108_Al4Ba.cif,Al4Ba,I4/mmm,-0.2379211242006079,-1.1896056210030397,PN_AN36WDZNYV5OWTDZJBIFOSTGLJU75KRF
3109_Ba4Cu.cif,Ba4Cu,Im-3m,0.1763109246350126,0.8815546231750631,PN_EWLW4T76BNJARLOLCWO4FE6TUHBQMPII
3110_Al4Ir2.cif,Al4Ir2,Cmcm,-0.45446727995319,-2.72680367971914,PN_BWZGU3OLTAM27E5WQSPWCHY3RHTWAMIX
3111_Na8Pd4.cif,Na8Pd4,Pnma,-0.0135115662789999,-0.1621387953479995,PN_FES7QMZ75FMIHX6CACGZREQ7VSLFIMNU
3112_Ag4W.cif,Ag4W,I4/mmm,1.0330159394192733,5.165079697096367,PN_M6WJBWB5WG5ETFJTTTHZC3VRLDVIHEF3
3113_Ag2Ge2.cif,Ag2Ge2,Cmme,0.1973839765043421,0.7895359060173686,PN_B7G6ODU2GRMNPWFSSLNXGOHMV3C2ZJ26
3114_RhW3.cif,RhW3,Imm2,0.1259991021727291,0.5039964086909166,PN_GMICEADGKCWSWJ7CVNNQFCFDS6LP4TES
3115_Ba5Ca.cif,Ba5Ca,P4/mmm,0.0248819269326171,0.1492915615957031,PN_SNHRLQ52ASRTCXGS3XEONVRB6HAUKPT6
3116_Ba4Ir12.cif,Ba4Ir12,Pnma,0.140989215501504,2.255827448024064,PN_DZR7CKS2AKW6QJDDIJW7KSLJ56PCCX46
3117_Mo4Ge8.cif,Mo4Ge8,Pnma,-0.387930767527448,-4.655169210329376,PN_XZWK64MDLU7XOHPVCYN6AX63LRLJ75KG
3118_Al2Ba4.cif,Al2Ba4,I4_1/amd,-0.0110277973225484,-0.0661667839352908,PN_IQRYKJ7UZQEIUXIQXV2AJR3CBFXMTRWT
3119_Au3Pb.cif,Au3Pb,Imm2,0.0421634035992708,0.1686536143970833,PN_XWA6DBC76ISWZ5RW6F5ETNSFOTES7KIJ
3120_YbBr.cif,YbBr,Fm-3m,-1.4271186061040138,-2.8542372122080275,PN_V4NAVJZOYE3TACRQD5T6TKOK4GVCB36O
3121_MnPt3.cif,MnPt3,P4/mmm,-0.0789690976316901,-0.3158763905267605,PN_ED6S6M5U2D4ZLPNODUHKZUOLH4D357SG
3122_Au3K.cif,Au3K,Pmm2,-0.0583983529578526,-0.2335934118314107,PN_RDQY6ODJAHTAQTQFFZASIGRJJCDW7KYM
3123_Pd3Ta.cif,Pd3Ta,I4/mmm,-0.4789615722321567,-1.915846288928627,PN_EEQK55QNIYENN3EK4JZMALY2NDTFAI7P
3124_Al2Sb.cif,Al2Sb,P4/mmm,0.171565483411961,0.5146964502358831,PN_JRLONAS4JO3XWBYXNIWOSKVI5FLJIXMY
3125_InPd.cif,InPd,Pm-3m,-0.5193825637928868,-1.0387651275857737,PN_PE6UV7CPKYUZSIQU44LNJNVHANDZLYDN
3126_PtW3.cif,PtW3,Fm-3m,0.267051153241173,1.068204612964692,PN_CR72UI3YGKJ66C73Y3GWBBRQJCA4H2AO
3127_NiGe2.cif,NiGe2,P4/mmm,0.0688872912331408,0.2066618736994225,PN_TYYMPG4A4HOUCAWJNPPJM453NV3CDGZV
3128_Sn5W.cif,Sn5W,Amm2,0.3710214703773496,2.226128822264098,PN_3FEP4SUVWWJPCXXWITMLW7MNFHWJ2WHA
3129_CuPb3.cif,CuPb3,P4/mmm,0.2602826834094367,1.0411307336377469,PN_YXJG443D6DXDRLJOBGRJGWDOAKGLS76X
3132_Au4As2.cif,Au4As2,Cmcm,0.1079734153082032,0.6478404918492195,PN_GH5N2KRFFK3GNLSAB6QPDMWPA3IJPF53
3133_Pb2P.cif,Pb2P,I4/mmm,0.128832278331845,0.3864968349955351,PN_OF6LPMWP3ZBFN3E7O2D5DKOHNGYASJYV
3134_Nb3W.cif,Nb3W,P4/mmm,-0.0205970724341408,-0.0823882897365635,PN_X7O5BFVUF3H3DMD5VCEO2FKNW4QP7YYO
3135_Ca2Cu6.cif,Ca2Cu6,Pm-3n,0.1121861645523587,0.89748931641887,PN_BYNL2HBM2FHJB6D7OTDQDZGPDVGMTOUJ
3136_PbP3.cif,PbP3,I4/mmm,0.759440252156609,3.037761008626436,PN_V7QNVKGTOURHOVAKR3IWQ5NBOVDDIPMH
3137_AlNa3.cif,AlNa3,I4/mmm,0.1518605936468804,0.6074423745875217,PN_I25ZBUHHH4X5BFLL7SQZ5RYAHGGALJYS
3138_Al2Ni.cif,Al2Ni,I4/mmm,-0.4006925273024191,-1.2020775819072576,PN_ZZB4TF7TLTCKRGO2F4TG5BM35KBRL4HD
3139_CsAs.cif,CsAs,Fm-3m,0.3334515155471136,0.6669030310942272,PN_O5C7O3ZB72AVCJ5EKOPAZPB42X7F2ULM
3140_Cu2K4.cif,Cu2K4,Fd-3m,0.7106508718075055,4.263905230845033,PN_DFD5RVFRKWMRAXT5NVB3ESXK2IWXRTJJ
3141_In3Sn.cif,In3Sn,Fm-3m,0.005615596659696,0.022462386638784,PN_HK226M6A5P4Y53E4J3PV5XS3SRAXQXF2
3142_AuNa3.cif,AuNa3,Pm-3m,-0.1684955919688151,-0.6739823678752606,PN_HIKQDGWLVY3A2GCSP2OFYJ4A5222HYEV
3143_Ni2Rh4.cif,Ni2Rh4,Fd-3m,0.5717800781255763,3.430680468753458,PN_OBV4RKPMZK3F3ECFA7LPUELHFDWWN3AW
3144_In3Mn.cif,In3Mn,Pmm2,0.2544290912213443,1.017716364885377,PN_BPS3GURDZCLKAZEYJ47ZTIHXJRKRL2NM
3145_Ba2W2.cif,Ba2W2,Cmcm,0.8228393727936236,3.2913574911744945,PN_W5Y6YIBV4KVPGBZHKEU2BIVWO6Z32PVZ
3146_Pt6As2.cif,Pt6As2,Cmcm,-0.073531221889179,-0.5882497751134323,PN_4MBR7RC7QOPRDYVSUIKUY5PLO6V7LC74
3147_Al2Pt2.cif,Al2Pt2,Pmma,-0.935620107858214,-3.742480431432856,PN_QCYTQDAETZLI3CM3H52ELBVDOFHKWMC5
3148_CsSr.cif,CsSr,P4/mmm,0.1896024769990805,0.379204953998161,PN_MSEPINU7MGSRWMIUEQLJF76C5APCXZ5V
3149_IrRh.cif,IrRh,P4/mmm,0.0007016676852913,0.0028066707411653,PN_J7TMEZJVUPKVXS64UM3QO5HV6SKROQTC
3150_Pt3V.cif,Pt3V,Pmmm,-0.4207377805033276,-1.6829511220133109,PN_JTACQ2OWX7M3FWGR4MPPDHODSHYDWLP6
3151_Ca8In4.cif,Ca8In4,Pnma,-0.4191793154319872,-5.030151785183847,PN_UXM3R2M2SDCXD2GPLGW4U2WGFCFLVGP3
3152_Au2Br.cif,Au2Br,I4/mmm,0.2733392144560372,0.8200176433681117,PN_QC3E55FSQQ7DVPO4J67VPZYHVDLXBEWC
3153_Na4Pt8.cif,Na4Pt8,I4_1/amd,-0.0312456015943839,-0.3749472191326077,PN_7N5SJRTJEBNIZNDO6AOPPSKZNNW6LBGC
3154_CuNi2.cif,CuNi2,I4/mmm,0.0278102839109202,0.0834308517327606,PN_E5MIJA3QGVAMD43ASNOSH6WK4EXGNRUO
3155_Ba2Ir2.cif,Ba2Ir2,Cmcm,0.5449168595334992,2.179667438133997,PN_XFACKJL3I6R3OTZWVLNVV4LU3JHWSGBV
3156_Rh6W4.cif,Rh6W4,Fdd2,-0.0594009968145442,-0.5940099681454427,PN_I4RXTRHVZBFGVD7JQNP3OCILKMKNGX5E
3158_K4Sn.cif,K4Sn,Im-3m,-0.046379581696436,-0.2318979084821801,PN_NXMB27MN4XFKLEUAXRSCKTO6WE4HGBCC
3159_Ca10Ge6.cif,Ca10Ge6,I4/mcm,-0.5731595545363475,-9.17055287258156,PN_6U7OGPI2D6HEG4GUJJS6WN3XSTYFNUFM
3160_KRh.cif,KRh,P-6m2,0.7868528599991338,1.5737057199982676,PN_N5LUJEGDPTOSNY3K3XR5KB5U7LUV7UXQ
3161_PBr.cif,PBr,P-6m2,0.722297972837521,1.444595945675042,PN_DWRXFK7S2DHUFWEWN75BKV6KEQWLRCKL
3162_Mn2W4.cif,Mn2W4,Cmcm,0.151803291726362,0.910819750358172,PN_METHHWTIUHNJL5V3B4IYMY6BNFO6TENG
3163_Pb4Ta2.cif,Pb4Ta2,I4/mcm,0.3486914174797857,2.0921485048787147,PN_ZVX4MG4AULYB4GS4NP2B5XEPBJIIFX6J
3164_Na2Rh4.cif,Na2Rh4,Pnnm,0.4923615386228531,2.9541692317371187,PN_F5UGGDPNFO2HX5CK2V63HIKXFNMEMAH4
3166_AlBa8.cif,AlBa8,I4/mmm,0.0339744709387872,0.3057702384490852,PN_N47Q24IEAMXPKFSQGNERUTI37ND6TBPU
3167_Ga10Mn4.cif,Ga10Mn4,P4/mbm,-0.1219104476741017,-1.706746267437424,PN_5JS4NWGLCGIXQQEAFK7JEI4ECJKWOJF6
3169_Pd5Rb.cif,Pd5Rb,P4/mmm,0.153967332672618,0.9238039960357084,PN_ORXWB6ADCK3YWNZBVVGS35DLUZL2IZH3
3170_Sn6W2.cif,Sn6W2,Pmmn,0.4786639913277879,3.829311930622304,PN_RSRIYBZNFVIZD7GJDEV75QS3G3ASYAZB
3171_PtRb5.cif,PtRb5,F-43m,0.4503096521275971,2.701857912765582,PN_RUS6POEWR6MJGMKXMWDJJ7I4YP3E7ZIR
3172_Al4Cu2.cif,Al4Cu2,Cmcm,-0.0344383852028453,-0.2066303112170722,PN_HSJAJN2ZKUDVFLS4TW24WRSN5ISC73WE
3173_Ga3Pd.cif,Ga3Pd,Imm2,-0.2564353314449885,-1.025741325779954,PN_H5FV4M5RWUHICCENG6DYYSV774FWWTDX
3174_Fe2Ir.cif,Fe2Ir,P4/mmm,0.9098474483705892,2.729542345111767,PN_RS5NXLKAPDEKQTPSG4VP7VPBGQT47KKB
3175_Sn4Br8.cif,Sn4Br8,Pa-3,-0.8643235854753722,-10.371883025704468,PN_5KREVTTW3UI2C6VZKNK3PE5PNE2CHGRJ
3177_Pt2P2.cif,Pt2P2,Imma,0.0154463285845389,0.0617853143381559,PN_XWVH6QYBZWBTAD4CZTRBGOEIGWDBGZWG
3178_Ge3As5.cif,Ge3As5,Cmmm,0.3617212920548871,2.893770336439097,PN_7DPXDDQVRCP5EDOGUVBQ5O322LJMGLD3
3179_AlBa2.cif,AlBa2,P4/mmm,0.0085581230857399,0.0256743692572198,PN_L5D3HIRKOEPU7TEUHOX45Y5AUIXLOGI4
3180_Mn3Rh.cif,Mn3Rh,Pmmm,0.0538139994731174,0.2152559978924699,PN_LAJUE2TFEMS24VBTXDDJT5LHXDKWX5GK
3181_SnW3.cif,SnW3,Immm,0.3813266833695365,1.5253067334781465,PN_FUW4FETQEOYPDLC5EGLE3MWD24ZYPYDH
3182_Al4Sr2.cif,Al4Sr2,Pnnm,0.2872414261810381,1.723448557086229,PN_KDSZG5IZX6DXERFLIADPGWP55VE2EO7Q
3183_Sb2P.cif,Sb2P,I4/mmm,0.3290368608400082,0.9871105825200246,PN_OCHNBUYAUKYACKDVM6QHE7F4ZKKJBDLW
3184_CaSb.cif,CaSb,P-6m2,-0.9295830155484096,-1.8591660310968197,PN_YJVMNK56UOHCXZ2KH6NK3YZM2TJ4ZVEN
3185_UGe.cif,UGe,R-3m,-0.3597175605300711,-0.7194351210601422,PN_CSCB5VPKBVCO6PSHK35ZL6LW3TDAXZP7
3186_Al3Br.cif,Al3Br,Imm2,0.1113996489438839,0.4455985957755359,PN_PCQD73SZON4L2AFXLPHDNAGBADKWJE5C
3187_AuSb3.cif,AuSb3,P4/mmm,0.227695155440879,0.9107806217635162,PN_N54O6AFGEH26GBNGIU7DRSDLSIBALC22
3188_PtV.cif,PtV,F-43m,0.777142941326102,1.554285882652204,PN_SY7W5ELPPO3R3QARBRSNGLL5OQXY3ZNB
3189_Sn2W2.cif,Sn2W2,Cmcm,0.4676484999730883,1.8705939998923533,PN_7GFSYHN2ZEWFZLGVSH7WZXYP3SCQSPBG
3190_Au24Br5.cif,Au24Br5,I-43m,0.1994016806252971,5.7826487381336165,PN_BV4MHR6NBE6F26RTO5KT4Q2JKVZSEZPO
3191_InK.cif,InK,Pm-3m,0.067864092426493,0.1357281848529861,PN_OCTVSNTZZKQSUMTI4MYSBUJFQ7FTC7CZ
3192_Ni4Sr.cif,Ni4Sr,I4/m,0.3530060754889405,1.7650303774447025,PN_OFCAMY745OJFMJQ7OE7W6SWWVB4T5PBX
3193_SbGe2.cif,SbGe2,I4/mmm,0.290026473554884,0.870079420664652,PN_7CCDBDUYXATITA6Z7SU7U3ZKSZ3YP55D
3194_CeV.cif,CeV,Pm-3m,0.6211147799052004,1.2422295598104007,PN_NSWR35QWZ3OQRI2D5PNIMN4R3ZZAYEKF
3195_FePd.cif,FePd,F-43m,1.0223786888127373,2.0447573776254746,PN_QCR2XP55U564GQUJBD5JTCLIZW77T5ZB
3196_Cu4W8.cif,Cu4W8,Pa-3,1.2660410542214962,15.192492650657954,PN_6UDC7SQOEVSWZPORQD2BELATQJXDAHBJ
3197_Ga3Rh.cif,Ga3Rh,I4/mmm,-0.2169885340034145,-0.8679541360136582,PN_PHZZPRAK5FCFNOWUQ3BZLCLID3AOCZUG
3198_NbBr3.cif,NbBr3,Immm,-0.5853608179005412,-2.3414432716021647,PN_O4ELA76DTG7BBDZOAYJHHE5IPYYA2XZQ
3199_Nb6Br4.cif,Nb6Br4,R-3c,0.4888282317326585,4.888282317326585,PN_6TQOGRDJHRZDKYLVGTMLCMN42ILY5HHP
3200_Al2Sb.cif,Al2Sb,I4/mmm,0.1876107753542217,0.5628323260626651,PN_E5ZUF4YRVHJ2PWT7WEHBGBJCPNRBR44U
3201_AlAs.cif,AlAs,P4/mmm,-0.1258805203464161,-0.2517610406928323,PN_IVTYTOA7DIDOFDIFH7KXSHUKZDOTRJ6R
3202_InSb2.cif,InSb2,I4/mmm,0.172704249641176,0.518112748923528,PN_MNWXVECW2Q6VN3CHONAH6FNZKULGR6XY
3203_Al2Cu.cif,Al2Cu,Fmmm,-0.2369830017517777,-0.7109490052553333,PN_RDAUDR45W2VZS2RKQJDEXYTKNT7M2YCF
3204_PdRb2.cif,PdRb2,P4/mmm,0.1579059991105035,0.4737179973315104,PN_Z3GJCONG2NBEJZOOLYOWMGOITDD76J55
3205_InNb.cif,InNb,Pm-3m,0.2792113996294327,0.5584227992588655,PN_CWF4HJQCR2PC36KJAAPL4C5PGEDGRUQL
3206_Na2P2.cif,Na2P2,Cmcm,-0.3693177276301007,-1.477270910520403,PN_V3IOFCGK5LJPH5W5VZ6XFR3CHAD2MFIN
3207_CaW.cif,CaW,Pm-3m,1.71443865346851,3.42887730693702,PN_3BH4ZGYERPVK4DTPNSG5MFMWYMQDFZX3
3208_PtRh3.cif,PtRh3,P4/mmm,-0.0067502684002151,-0.0270010736008607,PN_KWUIMG6HKWFLWFQER252GHEFMFWZJ4SC
3209_Ba2W.cif,Ba2W,Immm,1.3084603054428634,3.9253809163285904,PN_4VKAUVA5INXS6VRGHHI3F4QM4WCPLYOP
3210_AuV3.cif,AuV3,Fm-3m,0.1333038841847544,0.5332155367390179,PN_TPWSL5SCUULU7NIN5Z6MXJBYQ4BDYWAN
3211_In4Rh16.cif,In4Rh16,I-43m,0.2404357359716975,4.808714719433951,PN_ECXAFNJXEATDKJSFALBAAXIGFMBOKHTU
3212_AgEu.cif,AgEu,Pm-3m,-0.4924128376574583,-0.9848256753149168,PN_7RJS54GJ2JP4ZF6MYTBCC2T7NIVC4TST
3213_InSb2.cif,InSb2,P4/mmm,0.1714528778890098,0.5143586336670296,PN_ONB64GPBI7F2MTVDWZ775MQ6AQRKMYHM
3214_K8W4.cif,K8W4,Pa-3,2.0775030196961777,24.93003623635413,PN_PW7FQQ2T66Z4US6OWW6CWGLAWGQ4IOFJ
3215_Ta2P.cif,Ta2P,I4/mmm,-0.2863519570587295,-1.7181117423523773,PN_RLPF2YG5IHLQ3JICX6TOBUVFY2BSZYXY
3216_AgTh.cif,AgTh,Fm-3m,0.283415185251946,0.566830370503892,PN_PJS4CNUFEKZO2U7G3NEDC2SQQDJ5A3MU
3217_Sn3W.cif,Sn3W,Imm2,0.2896653718213491,1.1586614872853964,PN_S4P5LBD326YPWEUFCSJYA5YW33GMENF6
3218_KNa3.cif,KNa3,Immm,0.0155194455850997,0.062077782340399,PN_L3ZH6VF7ZHXZEHISANZHIO46SMALYVWW
3219_Pd2Rb4.cif,Pd2Rb4,I4/mcm,0.1455347177912755,0.873208306747653,PN_QVLXX7SB6AQTXLPIJPG4DSQ5M4THOSKA
3220_Al3Cu.cif,Al3Cu,Immm,0.0063965280789801,0.0255861123159206,PN_TA6VUC4C5MZC3DUOST6N7VV2FXODVV6R
3221_Ca17Nb12.cif,Ca17Nb12,I-43m,0.52174118601973,15.130494394572167,PN_PDWISZQQPG3XKAZRFY4KDG52ORIOLOPA
3222_ThGe.cif,ThGe,R-3m,-0.7807689269465392,-1.5615378538930784,PN_Y3I7LLTIF3PXEINBHEWZXUSNT7RLWR24
3223_TaSb8.cif,TaSb8,I4/mmm,0.3092628586948807,2.7833657282539264,PN_CSCMNXPN6QN4OC3HYDCA5XJOKOIO2IIR
3225_MoRh.cif,MoRh,P4/mmm,-0.1753282368478412,-0.7013129473913651,PN_VKQJ7S4FXPU7T3TLARYXUFXBXGGGQQBL
3226_CaP.cif,CaP,Fm-3m,-0.744611542772053,-1.489223085544106,PN_ZMOORMYRLABKMYX3KRYROEX4JDV4WAXP
3227_Al4In.cif,Al4In,Im-3m,0.6381890727771047,3.190945363885524,PN_D5PVOHBTRBPZL7DY3LMB4SKBF5C36V5Z
3229_Ba2Ca2.cif,Ba2Ca2,Pmmn,0.0406486469655449,0.1625945878621797,PN_CLRX4M5G4QAPNRJN3LGVSVGL2QV7QTMT
3231_Al5Pt.cif,Al5Pt,Amm2,-0.2573612978127588,-1.544167786876553,PN_EJAR66JT4LGXFF3OWH33T3ZAZEBAQFI2
3232_WAs3.cif,WAs3,Imm2,0.1306941151796659,0.5227764607186636,PN_4MFGWT4CM2UDN22XOHIUCMQGED3AFVTF
3235_Mn2Sb6.cif,Mn2Sb6,I4/mmm,0.5913991960011264,4.731193568009012,PN_5LAJLFJBSKWD65PWMFNJ2J7LHXNRUU6J
3236_Cu2Fe.cif,Cu2Fe,I4/mmm,0.1032353326638938,0.3097059979916814,PN_E6ZMAVCQ556ZSQBJP46VGZSOPFQ6VT3H
3237_GaNi.cif,GaNi,Fm-3m,-0.0512278565072206,-0.1024557130144412,PN_UVPQHMHCC33PLQDRP5P6ERJUSYLYTK6Z
3238_Pb3V.cif,Pb3V,Immm,0.3814954916460991,1.5259819665843963,PN_QWE7BN6RQPBQ63LSXDOCTYKB4FUQ6AFG
3239_CuW.cif,CuW,Pm-3m,0.6085194492981056,1.2170388985962113,PN_BSCVN7C3C7WECQYHOIRTBZW2UZJE5BMV
3240_InGe3.cif,InGe3,Cmmm,0.2659420410108755,1.063768164043502,PN_J7XWB7EHORE2HDF6TFMB6J43CGYSYEDH
3241_K2Nb6.cif,K2Nb6,Cmcm,1.0406142192645351,8.324913754116281,PN_PW2RAXEA7MIZA2OMX5K6QSGUFTRE25A7
3242_AuMn.cif,AuMn,P-6m2,0.1939194425575365,0.3878388851150731,PN_FSS2NCD6BTR26FAHRDBXE4BHGYFFFYCN
3243_Al4Eu2.cif,Al4Eu2,P4_2/mnm,0.6089629541792144,3.653777725075287,PN_L7A6OAX6TDJ66SHQGOP5BRGBAEV7LGSC
3244_Ba4W4.cif,Ba4W4,Pnma,1.0878871809741997,8.703097447793596,PN_R7MWIQMVP367LXPHMIYG6BM53QXQXVEL
3245_Al3Rh.cif,Al3Rh,P4/mmm,-0.4172590044019131,-1.6690360176076524,PN_NW2MY5FFYAPTYKKG7GSSRQRZ42WHCQM2
3246_GaPb8.cif,GaPb8,I4/mmm,0.0253117476819279,0.2278057291373514,PN_EJH466VTKTPIR5FMAERQNDHX5UBH3GLE
3247_In2Rh.cif,In2Rh,Fm-3m,-0.3115683777988701,-3.738820533586441,PN_MAPXU4PQVFFPWD6NHTDXQ3R2W7OC6PDU
3248_Ni2Rh4.cif,Ni2Rh4,Cmmm,0.0462443337260178,0.2774660023561068,PN_Q4BLMQ623E4SIYNR3XYTZDPUURYKZUUV
3249_InV.cif,InV,Pm-3m,0.3685158133105357,0.7370316266210715,PN_XWCKNE35VOQGEH6QEL42IQUXGCVLS7HM
3250_Ni2Sr4.cif,Ni2Sr4,I4/mcm,0.208795066472381,1.2527703988342864,PN_ZQDI2HROTLTIGQ5U334ADRTZOEQD6BOJ
3252_Sr4V2.cif,Sr4V2,Cmcm,0.7019037388563749,4.2114224331382495,PN_JU2EFAMXBZX2XN2NWXCHG4YBPRPRBKRM
3253_Ir2W4.cif,Ir2W4,I4/mcm,0.0504986066526266,0.3029916399157599,PN_R7HPRJ3SXFPGO3DHVC37JXGFIDSYYFJL
3255_Ga2Ge2.cif,Ga2Ge2,Cmcm,0.1807988408540439,0.7231953634161759,PN_64V52WASJBTRLSEFEKCPQBA3WEMLR4UK
3256_InP.cif,InP,Pm-3m,0.3374919533225204,0.6749839066450409,PN_WIMRYWQCWC2QA7NXSPDYGJ3RRPO3GSAH
3257_Ta12As12.cif,Ta12As12,Pbcm,-0.2001446386269852,-4.803471327047646,PN_OSCLQH6UZKMEKB6TM4PKGA7JBHIMM7E7
3260_Al2In2.cif,Al2In2,I4_1/amd,0.179782887200552,0.7191315488022081,PN_D357KA422Q3CEULBEFTZHHHHAJBYPZZN
3261_In4Rh3.cif,In4Rh3,I4/mmm,-0.1529194983569896,-1.0704364884989277,PN_TRCU6FIM5466VDOKMLNHMFFQAEZ7LV7L
3262_Ir16Nb8.cif,Ir16Nb8,Fd-3m,-0.0709668372868534,-1.7032040948844838,PN_4GRD3ZXVNSOPDANBKUERMMQFE3AKIAIZ
3263_Sn2Br4.cif,Sn2Br4,Fd-3m,0.2584199160717686,1.5505194964306117,PN_HR6VPC5QRK6JQVMKK32HCKKPEJ5Q3X53
3264_CuMn.cif,CuMn,P4/mmm,0.3284417554150183,1.3137670216600732,PN_FXUE3X427VSAJMLESWUUWMGSMKRP3KLG
3265_GaMn.cif,GaMn,Fm-3m,0.6603565188484879,1.3207130376969758,PN_NPJI24SY652J775VVSYZO4UEYF7XV3FC
3266_AlMn.cif,AlMn,Pm-3m,-0.0462419779947644,-0.1849679119790579,PN_5GIXQ2V7SBHXPYYDXH5CJ7ZYV7N2CPLW
3267_Al5Mn.cif,Al5Mn,F-43m,0.1800210855609935,1.0801265133659612,PN_RBN6CLFQI4IQFAWFSAAAI4B4KZFH53PW
3268_Ir2Pb2.cif,Ir2Pb2,Imma,0.5037811192586714,2.0151244770346857,PN_AM7RVLAZQTA55FUGTJLGAYXVHBJQWFKB
3269_K2Sr2.cif,K2Sr2,Pmma,0.1337180092551744,0.5348720370206976,PN_T43USWQ7H7SDAUFUCYA4ZY4VXXYXHWCB
3270_Pt2Sb2.cif,Pt2Sb2,Pmmn,-0.3033767802065705,-1.2135071208262822,PN_QEE4KDN7MSJ6V4AGWBXDQLOGOTVJ4CUF
3271_Au7Sb.cif,Au7Sb,Fm-3m,0.0363614110297692,0.2908912882381536,PN_2LKGZTNCFBV3RGSZLJCNUBEOJGPCKVNA
3272_Fe3V4.cif,Fe3V4,I4/mmm,-0.0739615341255576,-0.5177307388789032,PN_TOKYMNV737QFJLBCDGFYI5NFPUEGJLGF
3273_Al4In.cif,Al4In,I4/mmm,0.1408628166853951,0.7043140834269757,PN_4FCB3Y25Q3ECDIERM6U5J5WZ2Z4QHKLP
3274_WBr2.cif,WBr2,I4/mmm,0.5786490800307025,1.7359472400921074,PN_FWYNRNCGD43NKVL43C4LYRJINRIZMZZQ
3275_IrW4.cif,IrW4,I4/mmm,1.243275384063176,6.216376920315881,PN_7T4VPRSUQRAT7346B5LUSRPQ5SPT7F7R
3277_InMn.cif,InMn,P4/mmm,0.2268852581227722,0.9075410324910892,PN_XUNUJKH4WRXVL6EGW2YWHAZ6ZMMILCYS
3278_Au12Ni4.cif,Au12Ni4,Pnma,0.1178616165446024,1.88578586471364,PN_KI4HQNWV3H4HFALOOAUX5XWLB2E6FEZR
3279_Cu2Mn.cif,Cu2Mn,I4/mmm,0.152270836831537,0.4568125104946112,PN_B6TRUJBBJJQ2Q3FCWDZ5VZNSCZYJKIRX
3280_Sn18W6.cif,Sn18W6,Pmmn,0.5323133311983336,12.775519948760008,PN_5WZO7AK3PRUNKNM2YYF7QIZJ4XZM6USA
3281_Ca4W2.cif,Ca4W2,Fd-3m,1.7641017660772362,10.584610596463415,PN_LZOO4K6XLQGN72RUBMXKH7ZI2TM32F4S
3282_Al6Ge2.cif,Al6Ge2,Pm-3n,0.1712366775517884,1.3698934204143072,PN_SH4WFO5DIX64LXUBALJUNLSYUIECAU2V
3283_SrAs.cif,SrAs,P-6m2,-0.9460797429955128,-1.8921594859910256,PN_PDTA4J2MWCCQ4J74L3HRBUKMYKONTO77
3284_In24Pt5.cif,In24Pt5,I-43m,0.0133550996723297,0.3872978904975639,PN_GZXU7TMAFKFMRZVQIVO72PD4MBF5BK7Q
3285_AuEu.cif,AuEu,Fm-3m,-0.945224780753796,-1.890449561507592,PN_DC6MFFLFUNQBZWH32S3LBANR2EDUKPMO
3286_Cr9Ga12.cif,Cr9Ga12,C2/m,-0.0512915740185254,-1.077123054389034,PN_RQXEQM37CZHKECVKW5KFKXZ5RP5TNLCX
3287_Au12Pb4.cif,Au12Pb4,Pnma,-0.0183364790162765,-0.2933836642604248,PN_7MYLOM4DZL5MKEIHHG5W6KDERD4IB7AW
3288_AlSr3.cif,AlSr3,I4/mmm,0.057116047106092,0.2284641884243683,PN_QQEBIRPWUU3HDSI2I7UWGWVEPQROCLQK
3289_Cu4Ga5.cif,Cu4Ga5,I4/mmm,0.0654526913839102,0.5890742224551921,PN_4D7RLCYVIZVS7D2IZVK6FN4Y35YAO3K4
3290_RhSr8.cif,RhSr8,I4/mmm,0.0602316093634118,0.5420844842707062,PN_ZNQDCK3NQXLDMF77DOLZKWMNJFPO74RT
3291_Ni2Ta.cif,Ni2Ta,I4/mmm,-0.3550029438734891,-1.0650088316204671,PN_QZFQ3I43CMMRPHF47Z52K4GDQ3L5HKFA
3292_Na4Pd2.cif,Na4Pd2,Cmcm,0.0142338250281968,0.0854029501691808,PN_KHW3VHQPM2V332SG6P4BUSEATAFWZVB4
3293_Al4Mo2.cif,Al4Mo2,Imma,0.0716738620601376,0.4300431723608255,PN_LGAIPKHOZAORB4EID7USLDWXLD6TKXBF
3294_RhSr2.cif,RhSr2,I4/mmm,-0.1502170610517511,-0.4506511831552533,PN_3UE5NIOOTFHDJILDEJTJIHVMA23HQUIQ
3296_Na2Pb2.cif,Na2Pb2,Pmmn,-0.1047916292313502,-0.4191665169254008,PN_RDJQMGIOL5QPDKBPOYO5NRIAYOO5DGUR
3297_AlCe.cif,AlCe,Pm-3m,-0.3025139623470183,-0.6050279246940367,PN_SBID6UZ73VDVO2U4JAHTQMSX3MV7LUGS
3298_KNb3.cif,KNb3,Immm,1.1284974674227355,4.513989869690942,PN_TM36NGD44CVHNPAXKQPXT6KYFMUW262O
3299_Pd16Sb4.cif,Pd16Sb4,I-43m,-0.0221158833867306,-0.4423176677346134,PN_ITEBIJEIGTBOZRFOHPMWVDZ2SRKUIY53
3300_Ni2Pt6.cif,Ni2Pt6,P6_3/mmc,-0.015469801680668,-0.1237584134453442,PN_N7VYZHAGID7KOLKQDYVTAVU2PKYV2XSQ
3301_CeGa2.cif,CeGa2,P6/mmm,-0.720202136335919,-2.160606409007757,PN_TBBFO4N4ZMMGQP3VL4AY542FJB5FRPEC
3302_Rh3Sr.cif,Rh3Sr,P4/mmm,0.2050868898288982,0.8203475593155929,PN_LMGS3KZUKZD7PEPKL42Z2O5JBVWPWQ3R
3303_Sn2P4.cif,Sn2P4,Fd-3m,0.4229429072671393,2.537657443602836,PN_N27DPX7TFTZE5563MX2TKZACRIAQTVUY
3304_Cu4Fe.cif,Cu4Fe,I4/m,0.1124787343126072,0.5623936715630364,PN_WDMEROLFEGLCPSVPRE2PVFQTXAYYH4WX
3305_Fe4Br12.cif,Fe4Br12,Pnma,-0.2228960036185552,-3.5663360578968835,PN_HIODTP6GTGOLPLAECWERTVG5VYMLDVQ7
3306_AlCs.cif,AlCs,P4/mmm,0.8024916049669821,1.6049832099339645,PN_FCWIYXXZ6LKINPWWRBDZVEKCPW2ZOEAX
3307_Fe3Br.cif,Fe3Br,Cmmm,0.6181349230431623,2.472539692172649,PN_GRM2WHIJT2QWAEW3GI4ECD6RWBI5I3IY
3308_Fe4Pb6.cif,Fe4Pb6,Fdd2,1.1952070005445747,11.952070005445748,PN_TUNEB7WFXQ7D57IF44YHDKMFMWSJCC7D
3309_KAs.cif,KAs,P-6m2,-0.1738326167191761,-0.3476652334383523,PN_5BDSCUSXWMMLRJTDEBFNPWDWWKGHT4TQ
3310_K4Mo2.cif,K4Mo2,Cmcm,0.930444831662508,5.582668989975048,PN_FBYO53VVWX2EEVWTQGHQFFBTGSJSRQ55
3311_CrMo.cif,CrMo,Fm-3m,1.0318884017398364,2.063776803479673,PN_O4HSIFOZ3P4KC6XWZAWC5XPT7Q44Y4D3
3312_Sn2W.cif,Sn2W,I4/mmm,0.5202709353288716,1.5608128059866146,PN_A6B2UTP5ZVXAG6TD3ESD4IKKDLJP2MO4
3313_PtBr5.cif,PtBr5,Amm2,-0.0871835685459364,-0.5231014112756185,PN_WENBPJ6EDSBKCEUAAT3YGDQ4U7ZGWSI3
3314_K4Sr8.cif,K4Sr8,Pnma,0.0951012154256858,1.14121458510823,PN_XLITAKCMA4OGYURLYLXMGPE2OQWHONLE
3315_Ta5Br4.cif,Ta5Br4,I4/mmm,0.1965072939432378,1.76856564548914,PN_FPUUJQHC5ZAIXA7GWABLR3C5YHW25UV6
3316_Fe2Nb6.cif,Fe2Nb6,Pm-3n,-0.0258574124033366,-0.2068592992266928,PN_VZSD4N23FNFXH6KIIQP6JS6JIG6PKD5G
3317_AgRb.cif,AgRb,Pm-3m,0.0768720358900465,0.153744071780093,PN_DUU7NODMALEYEVYDDO6JTUVUCLIPEE3T
3318_Mo18Sr6.cif,Mo18Sr6,Pmmn,0.7464550569288152,17.914921366291566,PN_NUI6H5LICPSJ7M4FLQBGIO7LPDUN3U76
3319_Mo12Ta4.cif,Mo12Ta4,Pnma,0.1747143460660947,2.7954295370575157,PN_I4ZB3LOBSS5YYVT3O4HOS4LCYU3CUIZ7
3320_AgEu.cif,AgEu,P4/mmm,-0.4739998494988326,-0.9479996989976652,PN_VRC26PWSLVBMO4V5SBRDF2KGK7PG7XZK
3321_Al6Ge2.cif,Al6Ge2,P6_3/mmc,0.0256641957364984,0.2053135658919878,PN_3JVRPPTIEQIEXW5QK4KP5NIOYSBNFDHC
3322_Sr4As2.cif,Sr4As2,Pnnm,-0.8694510745793492,-5.216706447476096,PN_IXLI3PEUNGHTKAVXNQWZIBTCJM4RZ6IB
3323_Cs2Ni6.cif,Cs2Ni6,P6_3/mmc,0.6204138322765402,4.963310658212322,PN_53LX56MBX3YGQ6V3LRRXYSD6T77Y7NVA
3324_Na3Rh.cif,Na3Rh,Cmmm,0.3123486508330413,1.2493946033321652,PN_2VQDDORJCQHHWYUSBL6BA35MDUT6LVE6
3325_W4P3.cif,W4P3,I4/mmm,-0.2027034634468054,-1.4189242441276375,PN_6XTJ2VCWTCOJGWEDDM3QKEO7ZWZ5NDV2
3327_Ag2Ga4.cif,Ag2Ga4,Cmcm,0.0340333516807961,0.204200110084777,PN_EIIYUY4EEVZEBTLZJZFWDN4TZ2EUG4N2
3328_CuIn.cif,CuIn,F-43m,0.53827912498393,1.07655824996786,PN_5TEV7XHFP7XRLB45E4CDLYJFWHPXNU26
3329_KNb.cif,KNb,P-6m2,1.2295651287686429,2.4591302575372858,PN_GOQSJBPXXSZ7XKCEZIL43UXNTXBAAUX4
3330_KP.cif,KP,P4/mmm,0.134582269728186,0.269164539456372,PN_JJXEX3CQ5CVGN4DGEJYIORVUCXLEBPEX
3331_Nb4Br.cif,Nb4Br,I4/mmm,0.819528878927396,4.09764439463698,PN_Y275VFQEQ4CLNUTKO2XZGSRG33YB6QQ6
3332_Al3Pt5.cif,Al3Pt5,Cmmm,-0.915859397452909,-7.326875179623272,PN_LNJ5CYEJH45GESZO4YRLJ2Q4KGUN26VF
3333_Al3Br.cif,Al3Br,Fm-3m,0.3122945690795773,1.2491782763183092,PN_2ULQSQC3DHFE3ZTFIY7IBPW4CTNDLD4S
3334_FeMo3.cif,FeMo3,P4/mmm,0.1101955142401873,0.4407820569607494,PN_WSWUDWXGFK42ZXIOPZSQEB5HUWDV33IB
3335_Al8Mn16.cif,Al8Mn16,Fd-3m,0.1273715740383494,3.056917776920386,PN_JRPFCEVH72MEXUC5DGQLNKGVB7J56DRR
3336_K2Nb2.cif,K2Nb2,Cmcm,1.3984264495015708,5.593705798006283,PN_TJ6MAMYJQHPQGAWFH7S4HTAM2URRKDFC
3337_Ba4In2.cif,Ba4In2,C2/m,-0.2546404354869868,-1.527842612921921,PN_Q752WDG46ZUR4JT74BLLDBMYERPFMIWY
3338_Pd6V18.cif,Pd6V18,Pmmn,0.0094176494364196,0.2260235864740707,PN_5Z4FRQUX3VSLEIVKFTFNLLBIMTKPPJPE
3339_Ag4Pt8.cif,Ag4Pt8,P-1,0.0432711982259418,0.5192543787113024,PN_B5R4SP62Q4KUJ5PDGRUBZE75R72PSA46
3340_EuNb.cif,EuNb,R-3m,0.6481236091160358,1.2962472182320717,PN_4ADYTRNGOBGBXHEM7YREUI3IRC5ZKD5N
3342_Ag6Pt6.cif,Ag6Pt6,P-1,0.0297693496556714,0.3572321958680575,PN_73PKM3S6WAGILPEZDWJF7RI33LVPZBFB
3343_AgGa3.cif,AgGa3,Pmmm,0.0312642882724012,0.1250571530896049,PN_OO6RHVV47RVNRNI2IBCZSWEQJ3THMGHS
3344_MoNi3.cif,MoNi3,Pm-3m,0.0846750970911083,0.3387003883644333,PN_KBOOV4SOSTNPAWST6YCZXCY45ZSTDDRN
3345_SnSb3.cif,SnSb3,Fm-3m,0.1632144741154624,0.6528578964618497,PN_FUVLQWSU25FRRZKJKFZDZ7RPLVDSEUCG
3346_CuIn5.cif,CuIn5,F-43m,0.3415053973082337,2.0490323838494024,PN_QAOIS2GRVGIUP42GVXSD36D46E3BUKND
3347_Au12Sb17.cif,Au12Sb17,I-43m,0.120151874278284,3.484404354070236,PN_OBNOOCWMRD6Y4T6ZWUAHSTZC7K3JYX5S
3348_PtW.cif,PtW,Pm-3m,0.3486225087268639,0.6972450174537279,PN_TVDYGQCQHXPISL6RUM4GRDQDR4PTURUK
3349_Al3Pt.cif,Al3Pt,Imm2,-0.4537269625614808,-1.8149078502459235,PN_BINPTA6RHSH3JBI7E2VLAURW6OJ6M7WT
3350_Ga4Mn2.cif,Ga4Mn2,Fd-3m,0.6176953518909775,3.706172111345865,PN_VPOQU6OC6JRMPPGWTPQZT7RQPSD7SVBX
3351_Ba2Sb.cif,Ba2Sb,Fmmm,-0.1312124896991768,-0.3936374690975306,PN_EJ7XDT6GKQJQYCG6VBZUJW5KX5MQNFST
3352_Rb2Sb4.cif,Rb2Sb4,C2/m,-0.4917014117046919,-2.9502084702281515,PN_3KIGXGKV76GKO7QEDBS5CVAGZ76WLEK2
3353_Pb4As16.cif,Pb4As16,I23,0.3364037777388639,6.728075554777277,PN_IAZLTOGYKWHXVB2B3YLRTKRVRKP72LHR
3354_NaBr.cif,NaBr,Cmmm,-1.51503601569897,-3.03007203139794,PN_Q26ODAV6QJCLM74LLZKLVJ4W65Q6UGJK
3355_Pd4Ta2.cif,Pd4Ta2,I4/mcm,-0.0058051799035148,-0.0348310794210888,PN_WVW2XSG2OAC3EWQBRD4V7PLGSLPOILFU
3356_Ir3Ta5.cif,Ir3Ta5,Cmmm,-0.3663745186503728,-2.930996149202983,PN_NPYFJKQMEOWJK3IOODMYAKW43W4KTBHD
3357_Ir2W2.cif,Ir2W2,I4_1/amd,-0.1446439260649494,-0.5785757042597979,PN_6E7T5GWG4ZK6Z4RSOAL2Z6AVYBCY2YYZ
3358_Ga2Ta.cif,Ga2Ta,I4/mmm,0.0503635093607286,0.1510905280821859,PN_WT25WA2P2HGCRTT23KEAJZZS37X7JCMC
3360_Ca16W4.cif,Ca16W4,I-43m,1.0830365109750342,21.660730219500685,PN_DBEYSPPZ4M6RLM22MNSE65GOBKQPI4TN
3361_Mn3Ge.cif,Mn3Ge,Immm,0.0354328238165058,0.1417312952660232,PN_B3L2VFNBCYK7W3DHVL2RDEXIAPWXTO2L
3362_EuI.cif,EuI,R-3m,-1.3430890122809351,-2.6861780245618703,PN_XXDXD5JO7QIOWKHOAQSYFRRQD6FVQVTC
3363_FeBr3.cif,FeBr3,Imm2,-0.13506335506495,-0.5402534202598002,PN_GY26VTWTOSZN5DBQRC5MWOO75VWXJMC2
3364_Al2U2.cif,Al2U2,P6_3/mmc,1.3398043001924131,5.359217200769653,PN_AURCIBHKTDNF4MBNOH7NDZASEM2AUB3K
3365_Al4As2.cif,Al4As2,P4_2/mnm,0.202797994810151,1.2167879688609062,PN_DODWVWANDCE44UFOM4QZ2EZGSLI4HYLR
3366_Al6Cu18.cif,Al6Cu18,Pmmn,-0.2013947623643298,-4.833474296743916,PN_2NKMJXDNK44YXWYTQTEB4AUEHH57FZUK
3367_Pt2Sb2.cif,Pt2Sb2,Cmcm,-0.3461532795250575,-1.38461311810023,PN_H5NWUHHPIJTU4SCMAUMF74PJV7FM46KY
3368_In2Pt.cif,In2Pt,Fm-3m,-0.4998269741034047,-1.499480922310214,PN_TTHMC772KELK3DF6LGXJVTQOLF6ICB77
3370_Fe2Br2.cif,Fe2Br2,Pmmn,0.546021311397265,2.18408524558906,PN_R4D727AZO5SVVJWVXSFTILCDQI3GRBUH
3372_MoTa3.cif,MoTa3,Immm,-0.1069536017678007,-0.4278144070712031,PN_E5LZRJFN7MEGW7U6ZX4CJOBHOQMY4UFU
3374_Ga2Sr6.cif,Ga2Sr6,Cmcm,0.09042512494865,0.7234009995892006,PN_HWZW6MKRLSP76A5G63IFWWHAPRZYVIKD
3375_PbAs3.cif,PbAs3,Fm-3m,0.3915886817129497,1.5663547268517988,PN_5NBU6GK4AAG6ZMJLODFHHS4R5OST2JQB
3376_V16P8.cif,V16P8,Fd-3m,-0.5723199034988357,-13.735677683972057,PN_CIVDEHPCMZJ6HFCV5BHGRFPWLLKWYDLH
3377_Fe3Br.cif,Fe3Br,I4/mmm,0.5931622489733952,2.372648995893581,PN_RLSHMKFCTGQMIKFIS3PSVSHTKJTSYV52
3378_K4Na8.cif,K4Na8,P6_3/mmc,-0.0243008570655279,-0.2916102847863353,PN_D4FEQUXLGLXSH4VN46MFQ53MNK5WMHVC
3379_Pd6I4.cif,Pd6I4,R-3c,-0.004287555210886,-0.0428755521088604,PN_HTFTYCBICB3D7GXS7PJTOC7XE54NMZHK
3380_Mo4Ta2.cif,Mo4Ta2,Pnnm,1.4117438118955663,8.4704628713734,PN_KG5MHZ72FUHRLUIKOMG3JGCZK3RZNMLZ
3381_Pd5Rb4.cif,Pd5Rb4,I4/mmm,0.2655793852662308,2.3902144673960777,PN_CXQXG6ZXMMEX6SL3BRCFIWWSFBH3YH7X
3382_InMn2.cif,InMn2,I4/mmm,0.2647872636948243,0.7943617910844729,PN_ORZZYKDIQ33EGFNT3WZOU6RI7UBM3SFA
3383_Pd2As4.cif,Pd2As4,Cmcm,-0.1253413229392096,-0.7520479376352576,PN_5MMR6HRCVYCU3CI5NBSHJ3ZEFJJPWUJX
3384_NiW.cif,NiW,P-6m2,0.1530420215647172,0.3060840431294345,PN_EVPBI5NEP3LL33JYU2E36VQALR2DROLM
3385_Ag5P.cif,Ag5P,F-43m,0.3444536904378221,2.066722142626933,PN_NHFPEL7BC2A4R2YAIVVFBCVVVXBD6DO6
3386_MoNb2.cif,MoNb2,Immm,0.4546345631098004,2.7278073786588024,PN_HEAIGBF2A7OMMJL5KAI5F4LKL3XKUPXE
3387_Pt2Br4.cif,Pt2Br4,Cmcm,-0.1790273019413776,-1.0741638116482657,PN_ACXXY3BHZGZGXGEADJQYJF274LED4LRT
3388_AuBr.cif,AuBr,Fm-3m,0.0429653741732587,0.0859307483465174,PN_CQ7OFXGHHLKMHVV5C3HLLL4PJVBRWPOT
3389_SmP.cif,SmP,F-43m,-1.4191332313975558,-2.8382664627951115,PN_KMIYABQF3QRRK2QCCF7RAEKD2IWZXDJA
3390_Ni2V2.cif,Ni2V2,Pmma,-0.1546616339452162,-0.618646535780865,PN_6XYNH72IYNRUQZG7YK5BPZBQR4EI66NT
3391_Fe2Mn4.cif,Fe2Mn4,Fd-3m,0.2141786033866128,1.2850716203196768,PN_DRH3OFN6I6NJ4EXYQHJLKT5E64YIVMMM
3392_Ag2Cu.cif,Ag2Cu,I4/mmm,0.0761581397430024,0.2284744192290073,PN_XWNOD6UMPSGCM7P65OO2BRO6X6GQQABF
3393_Cu4Fe6.cif,Cu4Fe6,R-3c,0.6946488182658911,6.946488182658911,PN_3EYFDYTKWM3OVONXNCOG5BG5KWAHDN3W
3394_IrP3.cif,IrP3,P4/mmm,0.3209887184886195,1.2839548739544782,PN_CYSMW3XEWQVWDX3V6MNSNI7EWELUHKUH
3395_AcSm.cif,AcSm,P4/mmm,-0.3177316675339456,-0.6354633350678913,PN_BUP2PELIOEUVQJCIKQM6UGV2MVAVEP3J
3396_Ni2Pd.cif,Ni2Pd,I4/mmm,0.0330800850408934,0.0992402551226803,PN_H3RBYV67YHO6AIEZ6HVGNXHHNP7YSWFW
3397_Ag6Pt3.cif,Ag6Pt3,P-1,-0.0045986450110449,-0.0413878050994043,PN_JJDLHA4QR7G66G7CZZMJRHLCIRX62K5D
3398_Al2Br2.cif,Al2Br2,P4/nmm,-0.3345127740137723,-1.338051096055089,PN_KGYCR43NRMEH73FYJ3FB5OSD6EZBHQY5
3399_BaRh3.cif,BaRh3,Pmmm,0.2943309062598329,1.1773236250393315,PN_GZDVDDOJYW7A5QNIRE64IR6ECYKOFJMS
3400_Mo2Sr.cif,Mo2Sr,I4/mmm,0.6679731985949005,2.0039195957847014,PN_HYHJDRDS45QANEHOZFLWAKCWJRC5KSF6
3401_TaP.cif,TaP,Pm-3m,-0.5758566204072242,-1.1517132408144484,PN_KPGDUTULUEWFNV4ZUXU7HOS6G3573MKJ
3402_BaCa5.cif,BaCa5,P4/mmm,0.0209200169999936,0.1255201019999621,PN_YOTHT44IKATQ3OH4B7O5NCAA55V3IV4F
3403_Fe3Mn.cif,Fe3Mn,Pm-3m,0.066990186712136,0.2679607468485443,PN_LTDMLXERGGTDPNN4SOOXGS56WJBQ376T
3404_CaTa.cif,CaTa,Pm-3m,1.3058777306599012,2.6117554613198024,PN_M5SV2QLI2W7WAGGT2N34SE5JEO7P356I
3405_Fe2Sb4.cif,Fe2Sb4,I4_1/amd,0.1960877187219457,1.1765263123316745,PN_TRAQWI3TUZXYJAQVWVKT6YPJOAFQERHU
3406_As4Br12.cif,As4Br12,Pnma,-0.5247536637232186,-8.396058619571498,PN_VSQMTJITZ6CQWRFZ6WT65Y6IPWVYNSRL
3407_Ac3Fe.cif,Ac3Fe,Fm-3m,0.7177510127247606,2.8710040508990424,PN_DOHMP6OHMI34SWA34WQOGHLRBF5LSXPS
3408_Sr4Bi2.cif,Sr4Bi2,I4/mmm,-0.788333228094911,-4.729999368569466,PN_2C3ICYKTXRZ42I4MUGLDY4V4X6HMP2QV
3409_SrAs4.cif,SrAs4,I4/m,-0.3109020440592161,-1.5545102202960803,PN_KFMHCRNBZOXGPCHNEDZPN5QUUYPVC5CO
3410_Cu4As2.cif,Cu4As2,P4/nmm,-0.1525581951790394,-0.9153491710742364,PN_WWOYOFO2QISRN72BJSPQ7F3VWDHUC4NR
3411_Sn12Sb17.cif,Sn12Sb17,I-43m,0.089294179427916,2.589531203409564,PN_TLVHW4SMDO6UMMSGSTHMPCWAIVJA7MKR
3412_Al2Sb2.cif,Al2Sb2,P4/nmm,0.0747185115180317,0.2988740460721271,PN_CR336RTFZJM6FCGLKVATBOTXK5BQBA7U
3413_PbGe5.cif,PbGe5,P4/mmm,0.2853134562152644,1.7118807372915867,PN_6RFWHTGBQOMS7NZVWCXOJEVVLODOVP4M
3414_Ag3K.cif,Ag3K,Immm,0.1557467317868135,0.6229869271472541,PN_OBWFEOUTH5VZLKV7T5PCWR224QDXKRD3
3415_CaU.cif,CaU,Pm-3m,1.0188856753415712,2.0377713506831423,PN_LNNZK64NIV5DYBATGA6454KSFRBNZVXZ
3416_Ba5Fe.cif,Ba5Fe,Cm,0.4972811038738764,2.9836866232432584,PN_UYZ32D4K254VRTRSXDATQQ6JZPYEOTEO
3417_Fe2As2.cif,Fe2As2,P4/nmm,-0.0034891794196232,-0.0139567176784929,PN_XNGNUPBUQGY7AFH5IAOQXR756KJOG2ML
3418_PdAs3.cif,PdAs3,Imm2,0.0839645199551011,0.3358580798204045,PN_XBE5XFNHPJ72SVS7QGOLW3GXHQJMA3PF
3419_Ca3Mn.cif,Ca3Mn,Fm-3m,0.3640246657770225,1.45609866310809,PN_5TJLPMI3XOQO32N2XJPCSSRIYML2HD33
3420_Al4I2.cif,Al4I2,P4_2/mnm,0.7168983581645406,4.301390148987244,PN_HVKGM5SHOPWJUBQETKS5E2QB42BBR6DQ
3421_BaCa3.cif,BaCa3,I4/mmm,0.0343718308017577,0.137487323207031,PN_OWD4W5KBQLFYF6SWRYDCQXGH4OE4NJGQ
3422_SnP.cif,SnP,F-43m,0.134815296805475,0.26963059361095,PN_DW3GBAEG5PMR5YEJTTUVXA4WSBXOKCVW
3423_W2Sb6.cif,W2Sb6,Pmmn,0.694428265919723,5.555426127357784,PN_TJ6UXN3ZHP6G4PSIY4HKTEPXKTJ4QKHZ
3424_In4Nb2.cif,In4Nb2,I4_1/amd,0.1166725944878296,0.700035566926978,PN_TZYJI3G7AO7UQMXAVLYEFDO4JPDXPZ6J
3425_NiPb3.cif,NiPb3,Pm-3m,0.3375171003002992,1.350068401201197,PN_ZGVFHHBA265MFO3XQ2EX3L2WK62N4XEW
3426_Mo3Nb13.cif,Mo3Nb13,Amm2,-0.0397245486613631,-0.6355927785818096,PN_NU33FRAT22UH25RGZN6Q25OOOEIUEAN7
3427_Fe4Ni.cif,Fe4Ni,I4/mmm,0.5846093848012615,2.9230469240063077,PN_CKUIRACES4GDPN5EZVFMRMEIFYV7ZP3X
3428_Al4Pd6.cif,Al4Pd6,R-3c,-0.5849627395921765,-5.849627395921765,PN_JXJJ6OBJSKERN4CMMU6LCZL67JIEKH5A
3429_YbGe.cif,YbGe,P4/mmm,-0.8311990432124841,-1.662398086424968,PN_ZCD64BUX3BGGKG5SHZWWL3HQULCR42K5
3430_RhBr.cif,RhBr,P-6m2,0.4504867152200558,0.9009734304401116,PN_UHCTAWDDJO52MQLK2CSDHAVXQSBO67BT
3431_Ba4Br8.cif,Ba4Br8,Pnma,-2.3961927963342133,-57.50862711202112,PN_UKAKFNMKU5I2CQZUFWZAJHMAIAWM3E3Q
3432_Au3Br.cif,Au3Br,P4/mmm,0.3171197310725695,1.268478924290278,PN_YITQ5NPJOIJKOGWS76W2WONHCSFQ5GWV
3433_Al4Np2.cif,Al4Np2,P4_2/mnm,1.5255108361972465,9.15306501718348,PN_ABDNLEGW7ZZAXAQVQI33GKNZLZDZO4YJ
3434_NbBr3.cif,NbBr3,P4/mmm,-0.3850672075571144,-1.5402688302284575,PN_NCDZ33S2AK4KGU6XLXGGB5X2LS2W7ONK
3435_In3Sr.cif,In3Sr,Imm2,-0.2040066123664181,-0.8160264494656726,PN_N3SIPHTM2AWIFRXOZPKD2WCKMIZ3ULQL
3436_CaSb.cif,CaSb,P4/mmm,-0.8116893433576702,-1.6233786867153404,PN_TK35HCDKW5DZNDHS7JDQMFGN4Y37UFQ2
3437_Al2Pt2.cif,Al2Pt2,Pmmn,-0.8734821357839673,-3.493928543135869,PN_DXLIYL2EBXBOY55QHYUOLZSC5Z5TKIHP
3438_Pb2Sr2.cif,Pb2Sr2,Cmcm,-0.552749920594013,-2.210999682376052,PN_KXS5GEV7WLR633IHETTC3NQWRXWIHXKT
3439_Ba2Ir2.cif,Ba2Ir2,Pmma,-0.0424457808078875,-0.1697831232315501,PN_HSGB4F3FI2KRS2CYZIOELPV7COYHXQF4
3440_AlSb2.cif,AlSb2,I4/mmm,0.1446425292884262,0.4339275878652788,PN_QWZAF6TNFMK26RKNON62OUT2ASI6QIVW
3441_Ir3P.cif,Ir3P,Pm-3m,0.15142946223893,0.6057178489557202,PN_MQQ2QXRFODCYLR6WB6EJNUCBAYPREHOY
3442_Ga6Sb2.cif,Ga6Sb2,Pmmn,0.0666863054200095,0.5334904433600762,PN_J6F7S4UNWSW5BHJXRFGPASHW6KAIJWGQ
3443_Pt3Rh.cif,Pt3Rh,P4/mmm,-0.0087007843058684,-0.0348031372234736,PN_EB7PTN2J5DM2WGDCX65B6S4BSAKD42S6
3444_Sr2As4.cif,Sr2As4,Pnnm,-0.5606790033731818,-3.364074020239091,PN_5CO5MOATY3X3FZXK226LUIM7UQM2HX4H
3445_Au3K.cif,Au3K,Immm,-0.0419299927417968,-0.1677199709671875,PN_SEO2IEH3XXKCQNIHEGSO4JTCXGFBKGHX
3446_NbSb3.cif,NbSb3,Pmm2,0.2761555592913893,1.1046222371655574,PN_HQ3I47KH5ZGWXTUXSHIZJWRAULDDB46Y
3447_Ag2Br6.cif,Ag2Br6,I4/mmm,-0.1108622604289462,-0.8868980834315696,PN_KBCRVLEWIBO2MOAAZ7LJTV3CCHALEKDR
3448_CuSb2.cif,CuSb2,I4/mmm,0.2026567853708698,0.6079703561126095,PN_T37YZSW4HL2TXGCX7GSVAY6YO33S3TUP
3449_KW5.cif,KW5,F-43m,1.1809571108084664,7.085742664850798,PN_WB6TGW4ZD7N3KOSSEN5XTI3ONTBLYMMG
3450_MoSr.cif,MoSr,P4/mmm,1.4736654169528158,2.947330833905632,PN_NVIRWSCNXB6JDAIIHSSGYMJBHKJEGRF5
3451_Ag2Au2.cif,Ag2Au2,Cmme,0.0062231319415904,0.0248925277663616,PN_ONHQOJCACKZQQ2LGJZYEIT6NLPBP4JM5
3452_Nb3Bi.cif,Nb3Bi,Fm-3m,0.2577617338898896,1.0310469355595586,PN_AWZ7RIPGHZXFXCBX6GPRB7IG2SFTBRBB
3453_Rh4Sm2.cif,Rh4Sm2,Fd-3m,-0.9147207188694786,-5.488324313216872,PN_GMSS53M3H7NWPWMLTG274QRJZWI4I4EA
3454_FeGe7.cif,FeGe7,Fm-3m,0.4406868157201442,3.525494525761154,PN_A7M25C424DNTLZV3VC22S36WYIF3J2BM
3455_Au8Na4.cif,Au8Na4,Pa-3,0.3405145718810456,4.086174862572548,PN_43UANVOV6TICQOHV3O3AAFLOUZ44VIUG
3456_AlSb.cif,AlSb,F-43m,-0.1687718686976369,-0.3375437373952739,PN_H6T3DTQ5V443HPD4IRRL4X755ISAG7JL
3457_AcP.cif,AcP,Pm-3m,-1.116652553334971,-2.233305106669942,PN_ELWRVC5E2PX25PRTMMAELQWV3VDCFDC5
3458_Fe2Mo.cif,Fe2Mo,Fmmm,3.2870273239455563,9.861081971836668,PN_FEPFJDW3TKNNPNHN3GXUGIE52IH5BOMU
3459_Ir3As.cif,Ir3As,P4/mmm,0.2958400086988613,1.1833600347954452,PN_ZWZNCSXHEOHZCLS44Z6JEBXE32GCFBH3
3460_Au4K6.cif,Au4K6,Fdd2,-0.1810899825019721,-7.243599300078884,PN_77K4BR4R4NYE2NPS7OKEGVONQEE4JDTO
3463_Mo2Nb.cif,Mo2Nb,I4/mmm,-0.1180241041157141,-0.7081446246942846,PN_DE5VT2NN4MYN4YP33M52T3FHDTZBKPZ7
3464_Pb3Sr.cif,Pb3Sr,Pm-3m,-0.372066137539123,-1.488264550156492,PN_U7VJOAXLPVJVBS4QURIFRK5SCQGT3YFO
3465_Ir3Sr.cif,Ir3Sr,Pm-3m,0.4561107350422215,1.8244429401688864,PN_NBGUAQDPE6YCP2DPEVNGEN2KPL3R4RCM
3466_PaRh.cif,PaRh,P4/mmm,-0.6029352313563088,-1.2058704627126176,PN_JIR4ICK6UZYFP6PBQTAHVYHFQGA4ZZQU
3467_Ni4Pd8.cif,Ni4Pd8,I4_1/amd,0.0685609689016277,0.8227316268195324,PN_BUZL3AXGSLGBCBVDQZF6T6PD7ZK3GOYL
3468_Ag7Pt3.cif,Ag7Pt3,Pmm2,0.0294889942727358,0.2948899427273588,PN_REONAHXQICLGL4SHMCCKDL6KB5YVUYSP
3469_Ba3Pt.cif,Ba3Pt,Pm-3m,-0.0461319682219438,-0.1845278728877755,PN_BFDZH6Q6IVYZQFKXXK4EKD6DS3BLALLX
3470_Al2Sb.cif,Al2Sb,Fm-3m,0.3893018647743063,1.167905594322919,PN_MFDEY4Q7RYD42PJQFSQHM6FRCCYRHIQY
3471_Cu2Fe.cif,Cu2Fe,Fmmm,0.1231665368949919,0.3694996106849757,PN_JKRKEFZDDEN452A3S5GZUKNLMQKY2DHR
3472_CrU.cif,CrU,Fm-3m,0.6061157164975111,1.212231432995022,PN_IX2CUZF7LA4MRQFJEP3I3AJXGP63WM3O
3473_Ta2P2.cif,Ta2P2,P4/nmm,-0.0397634335946133,-0.1590537343784532,PN_XUNUKFCFUXLKS75GPTROP6JH7RINXBWL
3474_CrSb3.cif,CrSb3,Pm-3m,0.2056924724572182,0.8227698898288729,PN_WTDOEVBEB76SOOIDRMEIHIO47GSWTHA2
3476_AlYb3.cif,AlYb3,Fm-3m,-0.1302088707657951,-0.5208354830631805,PN_WOBOUBZYLXNS73Q5S7HMVWGRDU77RXED
3477_Ba2In2.cif,Ba2In2,C2/m,-0.3880134217732007,-1.552053687092803,PN_3O5RWCOTPGWT3NF2CDXZ3ILYTP5YQYZD
3478_Fe8As4.cif,Fe8As4,Pa-3,0.3710105528520332,4.452126634224399,PN_FEWJ4NYN4HIXN4APTJFSBZQ6Z4JIYGMV
3479_Ba4Sr16.cif,Ba4Sr16,I-43m,0.1938910097868522,3.877820195737044,PN_Z76R4EPZDBCWKI6OR75ARCMGZT2XNIAJ
3480_SmW.cif,SmW,P4/mmm,0.6411380863800229,1.2822761727600458,PN_H2VT5MIEV6SJUWQWMDTNXCLTAZLPS5JB
3481_Nb4Sn.cif,Nb4Sn,Im-3m,1.2860597229982376,6.430298614991187,PN_7A7T2UM6EYS2BC5FAPZZJHLJWWCPVDZZ
3482_MnGe3.cif,MnGe3,Immm,0.2612476874954641,1.0449907499818565,PN_E3CAI5CFL2Y4LFRZR5WP2O3N6WY5LF2I
3483_PdBr.cif,PdBr,Fm-3m,-0.1070412786634809,-0.2140825573269618,PN_HVWHO5J5TKK3MLP2Y6D7E33AR7MAW5UB
3484_Al3Na.cif,Al3Na,Cmmm,0.1641406444576083,0.6565625778304334,PN_23OG5GFSYTH5CZFCIFQHAIAQFLXKCKSC
3485_Pb4Sb2.cif,Pb4Sb2,I4/mcm,0.0692095082417735,0.4152570494506413,PN_CTY7BWKMYEHNMOHVLD4XRNK6VRKDKKOD
3486_Cu4Mn.cif,Cu4Mn,I4/m,0.0374399811596923,0.1871999057984616,PN_XHLAFZNA2INAATD2VXFD5J4RNBLWVR3S
3488_Pb2Sr.cif,Pb2Sr,P4/mmm,-0.0975137793375046,-0.2925413380125139,PN_F47YA22I25CSPUMYDXZCXNB3MEISQUGD
3489_PbYb.cif,PbYb,P4/mmm,-0.6046977537265015,-1.209395507453003,PN_25R4K33X456ZFCCEGNONM3PI32RPKYAZ
3491_Ir2Mn6.cif,Ir2Mn6,Pm-3n,0.0123537499260386,0.0988299994083092,PN_KKHXLMWY23MSI2MV6YFK5ZGKRVZ62LPD
3492_Rh3Sb.cif,Rh3Sb,Pmmm,-0.0427092390285475,-0.17083695611419,PN_ZZSLFWHO5U5LLFPGWBULGWEIJN6JDT4C
3493_KTa2.cif,KTa2,Fmmm,0.8032727114000338,4.8196362684002025,PN_5A6PKWNOHB22ZEAANW6ZIQ7KBM2BWAEL
3494_AlBr3.cif,AlBr3,P4/mmm,-0.2381826702708811,-0.9527306810835244,PN_RCZYKTP4SM3RKZCFKE4KEVA6EIGUGCDY
3495_V3P.cif,V3P,Pm-3m,-0.4864401960416202,-1.945760784166481,PN_6OMCLGNIFGRRHVTUP43PJD3RG2YDZ3ND
3496_FeIr3.cif,FeIr3,I4/mmm,-0.0557801795417685,-0.223120718167074,PN_BFW2KKDM5LHIWLUDVLI4KEFYC3GB2OAU
3497_NpPa.cif,NpPa,P4/mmm,-0.0992218999290663,-0.1984437998581327,PN_FCQYWP7YN5KORZSLGQZKXGNJGU5EBJG2
3498_Fe3As.cif,Fe3As,P4/mmm,0.0172060819869557,0.0688243279478229,PN_RPRUJTZQ23YIS7JNOYNKWKRDXLQS34B7
3500_P2Br6.cif,P2Br6,Pm-3n,0.644935418993847,5.159483351950776,PN_2P7JCNRZ6JLBMV4MW7UEXV62SVVV3UE3
3501_Ca4Mn4.cif,Ca4Mn4,P2_13,0.6361592220111758,5.089273776089407,PN_DBAHC5PWBRZCUJBRK2PFCIMFXXCRMSUP
3502_Ir3I.cif,Ir3I,Pm-3m,0.9992646734241646,3.9970586936966574,PN_NU6KHR4SE2QIMILGPZGSAWN24ZFIYLYG
3503_Al4Pt6.cif,Al4Pt6,Fdd2,-0.8428913653579073,-8.428913653579073,PN_Q6MSI4FQPERYM3J3M2UXA7UZ4LFXO6TU
3504_Cu3Br.cif,Cu3Br,I4/mmm,0.4183911709454029,1.6735646837816116,PN_RB27ATECL5JVY5FCKFJ5ZRMMYUKBJ6NB
3505_Ag3Pt9.cif,Ag3Pt9,Immm,0.0237166277832881,0.284599533399458,PN_UQP63WWUFKFESE5O24TVWZXW6BXSMOTC
3506_Pb6As2.cif,Pb6As2,Pm-3n,0.1701053573248594,1.3608428585988754,PN_AAFPP3XRMCTU7SZD43LCT4WZKCFIJ5VH
3507_Al7Ge.cif,Al7Ge,Fm-3m,0.0486894881177044,0.3895159049416357,PN_HSWVZO4HHOAOP6VMSIOBARNMFG3XXZG5
3508_Fe4Na2.cif,Fe4Na2,Fd-3m,0.9275578196026,5.565346917615599,PN_E2PZIOFKY7SYJS6VYDGVHSWQU6YZFXRQ
3509_AgMn2.cif,AgMn2,I4/mmm,0.3680142390347581,1.1040427171042744,PN_OPT34UZ5BKGM72BPAOO7QKN47L3QICRH
3510_Fe2Sr6.cif,Fe2Sr6,P6_3/mmc,0.5452398911895373,4.3619191295162985,PN_VZ4WN3CNO4PENMTFPISLUV4YCHRQM3PQ
3511_Pt6Br4.cif,Pt6Br4,R-3c,0.4733610672594047,4.733610672594047,PN_TDIAZAGAP732AF5I6BZSXWXT27Z6W4IF
3512_AcSn.cif,AcSn,P4/mmm,-0.7306747766627266,-1.4613495533254532,PN_7RBYZ6FBVJD7SYQ2UZNWHIBKEI2QCKPU
3513_AgP3.cif,AgP3,Cmmm,0.4904018901239348,1.9616075604957397,PN_Q3SRTS2U6IEP7E34PEJB7WDIK4HEW6EP
3514_MnSb2.cif,MnSb2,I4/mmm,0.1487860227552436,0.4463580682657309,PN_3IPV36ETNJXIT3H3ZPEEDQMBX2EO5QNG
3515_Ca2Sb2.cif,Ca2Sb2,Pmma,-0.8103366219678154,-3.2413464878712617,PN_D2HQMDXDGO3JYVABWF2JT4WUWVC6KVKT
3516_Al2Pt4.cif,Al2Pt4,I4/mcm,-0.6582483570815411,-3.949490142489246,PN_GFONDKHDLTRMVKGHUSNVM6G7M6GAJ2DI
3517_Mn23Sm6.cif,Mn23Sm6,Fm-3m,-0.0307691676262185,-0.892305861160338,PN_LVDOMTFGPBIBQFUXDYJ2ZSVPIRGWLEFK
3518_Ga2Ni6.cif,Ga2Ni6,I4/mmm,-0.310124810305747,-2.480998482445976,PN_5IDJDEJXIIT7DDLVHOCB5XVCBITBPN7Z
3519_Mn5Nb4.cif,Mn5Nb4,I4/mmm,0.0655003863898523,0.5895034775086714,PN_25PAEKQUYE3NUTMHR4PJHSHIQJ5YPJC5
3520_InRh3.cif,InRh3,Fm-3m,-0.0126030187117507,-0.0504120748470029,PN_CEH6EQIMM6GKHKO2C73ELFR34PPFBMRR
3521_Pd3As.cif,Pd3As,Immm,-0.2758033828431498,-1.1032135313725997,PN_PUG3L6M4SKIMZO2ZXEF4GSDXNCWKWUF2
3522_AlRh4.cif,AlRh4,I4/mmm,0.1490114095620938,0.7450570478104694,PN_6AY4J3524CEO5U6WLJ5AW2TW4VOJGKMO
3523_AgAu5.cif,AgAu5,P4/mmm,-0.0147197676914275,-0.0883186061485652,PN_D7CWPEQ4I3MR6MTV76GSAQ7CG4LYBQXQ
3524_Cu2Ge2.cif,Cu2Ge2,Cmcm,0.1181708539907431,0.4726834159629725,PN_4Q42PDN7KLRJ6XBZMPJEC7THTVJAJXHU
3526_AgBa.cif,AgBa,P4/mmm,-0.0329036478309925,-0.065807295661985,PN_IKC6G2SZMD7RRYJF5N3322R7YM2CRU4L
3527_Nb2As2.cif,Nb2As2,P4/nmm,-0.5484444669754387,-2.1937778679017548,PN_CJFW57GYR4IMHDHGIXNTJD77KDD4D36T
3528_Ba3W.cif,Ba3W,Pmmm,1.0842347237129757,4.336938894851903,PN_PNGA53CQHNATM6B7PRKFV2SOCBEO55LR
3530_Ga3Sr.cif,Ga3Sr,Cmmm,-0.1438987980865582,-0.575595192346233,PN_IQD6MHHDIYMFSBPBDYWORUTDPNDS7ZIW
3531_Ca2Ga.cif,Ca2Ga,I4/mmm,-0.3246202201433765,-0.9738606604301294,PN_5YQTYEFTIMRRF2QC52WEHUALWOOP2JUR
3532_Pd2Br.cif,Pd2Br,Fmmm,2.000228915517294,6.000686746551882,PN_SNGBM5NCNFYEB5QEVQN5KYSSA3PLYFFV
3533_Mn2Ge6.cif,Mn2Ge6,Cmcm,0.4868770529645303,3.8950164237162426,PN_N2SEIDL32Y33HC2YURWRYLFGYWMTAK7O
3534_Ir4Ta12.cif,Ir4Ta12,Pnma,-0.1931485683947595,-3.0903770943161533,PN_IFMSCJYF2EFZKWARJIUYA4FM5UNUDJKA
3535_Fe3Yb.cif,Fe3Yb,Fm-3m,0.3191566587744008,1.2766266350976032,PN_ZND7ZUVTRRSBKR2XGRQJCFALH374ROSP
3537_Ga4Na.cif,Ga4Na,I4/mmm,-0.1346281103334927,-0.6731405516674638,PN_EXPJQ6ZWVNK3FMQB6LFT2ZSB3GNTFTU5
3538_VBr3.cif,VBr3,P4/mmm,-0.2218910264533509,-0.8875641058134036,PN_I6IMRQERHQPSOSK4FOOLHXLI57RXP7PI
3539_AgIr.cif,AgIr,P4/mmm,0.7201161562403575,1.440232312480715,PN_354EFE7MNASTKU2U6JP57XMTKIQD7I3N
3541_BaSr7.cif,BaSr7,Fm-3m,0.0035132338114711,0.0281058704917693,PN_JW3VWDJG3KK72XNCH6AT3U6QTNEXXCXE
3542_Al4Pt2.cif,Al4Pt2,I4/mcm,-0.6948453370551823,-4.169072022331093,PN_YUW2UCQN2Y2KVD36UD5ZHKM7TW7PCJM6
3544_Ga2Sr2.cif,Ga2Sr2,Imma,-0.3373286017251207,-1.3493144069004828,PN_SHGFGCQ2IAEG356YA42TDZFUM226VJZS
3545_GaRh3.cif,GaRh3,P4/mmm,-0.2569407674469,-1.0277630697876,PN_LPVEUSIKHT4CL4ANMDC6D5WRO444ZUYZ
3546_Rh4Sr2.cif,Rh4Sr2,Cmcm,0.1572920891605817,0.9437525349634904,PN_WHZL5546T3FJZG3OJLHVKTQ3BVHUZOVN
3547_In2Mn2.cif,In2Mn2,I4_1/amd,0.2256218912605403,0.9024875650421612,PN_Y3ZRYELKDNB2MN7M6LKXFWT4COPBV7ZW
3548_NbAs3.cif,NbAs3,P4/mmm,-0.0959467948461227,-0.3837871793844911,PN_ZRXO7OMT3WZO4KTM7WZ52TYHYLQTOHEQ
3549_Ta2Sb2.cif,Ta2Sb2,Cmcm,0.0257373142077632,0.102949256831053,PN_PIPMBMHP6XKNNCXSDQ4CNK6UDUHV43UU
3550_Ag4Sn.cif,Ag4Sn,I4/mmm,0.1467271739098009,0.7336358695490048,PN_C43VNPIISABP2EFY4KKVXB62QJSF4NI5
3552_NbSr3.cif,NbSr3,Immm,0.7270039404560236,2.9080157618240943,PN_VIANCR75CWB4JFZE2MAW63WWHP6RWW5Y
3553_Mo4Nb2.cif,Mo4Nb2,I4_1/amd,0.5445260246281526,3.2671561477689157,PN_CK55PL5RLSCA4OUK3UBP5KNX3YRHSPA3
3554_PBr4.cif,PBr4,Im-3m,0.274910942903859,1.3745547145192951,PN_2SP6B7VVFSPOOF6WHDI24NDH26YFDDP4
3555_SrAs.cif,SrAs,Immm,-0.8153866816487305,-3.261546726594922,PN_GSVQYEKWCNNZL4RAEBP3LPGGCHQK5LYY
3556_BaP.cif,BaP,Fm-3m,-0.6508185873227221,-1.3016371746454445,PN_UWPFJKFPT4NVQNCPUHXVSW7FYAYIMOXP
3558_Mo2Pb4.cif,Mo2Pb4,Cm,0.4545479546314854,2.7272877277889123,PN_WGMW4T2SGAHPB3YEK2DSU2PUXQT5FXIM
3559_PdPt3.cif,PdPt3,Immm,0.0656485356757095,0.262594142702838,PN_S3XVSPTW4L5HOO6GO3LGFHHRCXD7CANV
3560_Ag3Mn.cif,Ag3Mn,P4/mmm,0.2350035309251792,0.9400141237007168,PN_XBBWOJHBX5VYDLFYHBY5RL2LKN2EZMPE
3562_Pd2V.cif,Pd2V,Immm,-0.2776788724314076,-0.8330366172942227,PN_2LKMTLHD3RC6LSY6KVELDQOFK2F5UNFY
3563_Ga32Rh6.cif,Ga32Rh6,Ccce,-0.3121174702825569,-11.860463870737163,PN_2CODKPSSICTLQQJXUUCH2ZWVKSWKZV6D
3564_CuK7.cif,CuK7,Fm-3m,0.2138562995320674,1.7108503962565391,PN_IUVEACZHJDMD2WKGIAA44DLJU4RBGDUF
3565_Cu6Rh2.cif,Cu6Rh2,Cmcm,0.0420879414142643,0.3367035313141144,PN_CDK7TJP3BBSU3QDXJ7ZBBOCNPZ7NMGYD
3566_P4Br6.cif,P4Br6,Fdd2,0.2069360492629879,2.06936049262988,PN_Z5MQ32KKX4PUOA7YRX6OIVMYDWTT4YCE
3567_Ag4Pt8.cif,Ag4Pt8,Pnma,0.0023235877472878,0.0278830529674536,PN_6NCWJIR3PZG4UH5RSNNP4KCS7Z3OPBKR
3568_Mn2Ta4.cif,Mn2Ta4,Pnnm,0.5994460916093445,3.596676549656067,PN_YE2XAOA7KDEDHWTBPYFLLMZ7Q2NJLBD6
3569_GaNb5.cif,GaNb5,Cmmm,-0.0994785567814749,-0.5968713406888497,PN_BVS4RPXPPAVQXZ2GBSJJRPT4HZNVFKKG
3570_Fe5Mn.cif,Fe5Mn,Amm2,0.0476466478093809,0.2858798868562857,PN_HQAXAHA2N74FRX3HDCXTBSPFNFCJAQZM
3571_In2Pb2.cif,In2Pb2,P4/nmm,-0.0006363025444038,-0.0025452101776153,PN_4AZI3S4X3KQJUSXAQE7CEHRXZB2VNYRP
3572_V18Sb6.cif,V18Sb6,Pmmn,-0.0075097335478725,-0.1802336051489419,PN_HRZJ4KSNEQ53LFH4AIBORV7NLG4HYCR5
3573_P3Br.cif,P3Br,Cmmm,1.0780590886319557,4.312236354527823,PN_NZOULSJDWP47WE6HK3AM77CFCQBPJMG5
3574_K2Pt4.cif,K2Pt4,I4/mcm,0.8712168740128341,5.227301244077005,PN_4SGZ3XJST6LOR7XJTD4HGYTVUYQJKOGF
3575_NpPa3.cif,NpPa3,Pm-3m,-0.3460640993861492,-1.384256397544597,PN_7K5QQ4A3XP7CB45WRILC53XYIU2VVQRP
3576_EuMn.cif,EuMn,R-3m,0.6012495285623629,1.2024990571247258,PN_UW3D4AYVWOFIGM2XJVJ55ICPA2LDN7KH
3578_Au21Ga6.cif,Au21Ga6,P-62m,-0.1366279752500119,-3.6889553317503214,PN_V4YQIYYQLCPSKHHHWHANTNK5JFUKCY6N
3579_In4Pb2.cif,In4Pb2,I4_1/amd,0.0253351892478015,0.1520111354868092,PN_6CHKSABBB32XTYFZWQQCC7I43HLFINIK
3580_Ba3Sr.cif,Ba3Sr,Immm,0.0026527436349885,0.0106109745399542,PN_SVTDLWG2EV5FV2USBTGNCQ6DW6W7PJD2
3581_Pd2Rh2.cif,Pd2Rh2,Cmme,0.1426459089233844,0.5705836356935379,PN_UOL5I3W76POLG556YBT4YYPKBGDMEZ3U
3582_AlK4.cif,AlK4,I4/mmm,0.4481500084409727,2.240750042204864,PN_3MQBSLKTGS6ETOGNSO7Y6RSMKGDZXANO
3583_Cu4V.cif,Cu4V,I4/mmm,0.0402390247492668,0.2011951237463343,PN_KXW7WIHUMQWX3Y3JVLTMXYXD4RESWP7T
3584_Pt6As2.cif,Pt6As2,I4/mmm,-0.0470132012798281,-0.3761056102386249,PN_HXX2QS26UHWD4SYCUPHNQFCMYYQHTIO4
3585_FeGa.cif,FeGa,R-3m,-0.0760232916373659,-0.1520465832747319,PN_5NIBHIFZWOZNYPJN5KMKGTXTDCP57JU5
3587_FeSb.cif,FeSb,R-3m,0.1735590152007571,0.3471180304015142,PN_ER2QLZQADFIJHNUPIQJJXXZLXMWDYY5Z
3588_AlSb.cif,AlSb,Pm-3m,0.2165434108700332,0.4330868217400665,PN_6BEOVEQURLF3ZZGEMWM2NB467SUDKYYG
3589_Ag4Fe.cif,Ag4Fe,I4/m,0.253723311022955,1.2686165551147752,PN_6APGUVPNGETRWNMKFKAUXTPR7FNR3YUT
3590_NaBr5.cif,NaBr5,Cmmm,-0.4681310095885373,-2.808786057531224,PN_G7KEX3ZT3K5YXR2CP5WKHTY2W4LBXONV
3591_In2W.cif,In2W,I4/mmm,0.7245268331346111,2.173580499403833,PN_73VHSW47FLD3AXRZLFFSAMD3VNYI6VMG
3592_K2Sb2.cif,K2Sb2,Imma,-0.3844806039214687,-1.537922415685875,PN_XFD3WC76WTT3QVBOKOTE2JL5ENGXTJTN
3593_Ni2V.cif,Ni2V,Immm,-0.2072508566888669,-1.2435051401332018,PN_P23C3JSEP75V3BWWQ5S3KOOEL72IOS54
3594_Mn6P2.cif,Mn6P2,Pm-3n,-0.2087209704508552,-1.669767763606842,PN_ZOSEHC6EWRBKL7UXEEANJ3GLMOPTVMYS
3595_Na2P.cif,Na2P,I4/mmm,-0.1856062485340137,-0.5568187456020413,PN_AVIJZP7ANJJZWNS6VV4B6DIXIR7PUYVM
3596_Au26Ta2.cif,Au26Ta2,Fm-3c,0.4344388837923522,12.16428874618586,PN_KDXMMGARXL7TPVQOJ2QUVE3KOV4JYQMQ
3597_Pb3V.cif,Pb3V,P4/mmm,0.4395690890623331,1.7582763562493329,PN_KF4ID3FBL2S3BVZNRFYKPZQQYX6ALVF7
3598_CuFe2.cif,CuFe2,Immm,0.1345766076162012,0.4037298228486037,PN_TIZCQBQ6XALINQYWXUPWL677CQGVVUJ6
3599_Ag4Sn2.cif,Ag4Sn2,I4_1/amd,0.1840775408030524,1.1044652448183143,PN_2CKS2DGBEWA5RCIUWRONVQELW3ZCOW3N
3600_Cu3Ge.cif,Cu3Ge,Cmmm,0.0652571573942939,0.2610286295771757,PN_ILHUUP7IS7NLWK3HJBDLFFTV5UXHGWYJ
3601_Al2Cu2.cif,Al2Cu2,I4_1/amd,-0.1291277482368524,-0.5165109929474099,PN_ZT64YLJ6VTOKNWWWEWZ2IDLX47TPTJC3
3603_Al3Pt.cif,Al3Pt,P4/mmm,-0.4549920345578195,-1.8199681382312785,PN_OXZTVGT4WGMMBLRLBXPAPJX6Q7JWHRLA
3604_Ir4Nb2.cif,Ir4Nb2,Pnnm,0.2248753745019461,1.3492522470116768,PN_OIQCCYJ6ZIEB4NSNKKO5S5D543NUY7IM
3605_KNi.cif,KNi,R-3m,1.0052471914417698,2.0104943828835395,PN_DKJGSBFVWR3O3KV4TILPG6F2HASC57W5
3606_Fe3As.cif,Fe3As,Pm-3m,1.3052704991518975,5.221081996607591,PN_G6UED3JKHD6DMQDMF465SY74Y4ICD6TR
3607_AlK3.cif,AlK3,Fm-3m,0.3006512908502217,1.2026051634008867,PN_S4TLLFKEBQAG66XC6TXONLSIL3MTGB4D
3608_Fe4Pd8.cif,Fe4Pd8,Pnma,-0.0967366215483439,-1.1608394585801278,PN_OHKG4NKXBYQZB653TDABS76Z32RHJAOQ
3609_Ga2Rh2.cif,Ga2Rh2,Pmmn,-0.4851140473666762,-1.9404561894667047,PN_RRRUTPFGYEU7XJSKPREZ5JMTZ44FBMS2
3610_Ni2Pb2.cif,Ni2Pb2,P6_3mc,0.6257644555964119,2.503057822385648,PN_UCTUBXC2WYIQGHLQXHEWRPRVSJ7UTCGY
3611_PtTh.cif,PtTh,P-6m2,-0.8684167799000244,-1.7368335598000488,PN_CVSFCGPYQANSIR6AZH3GJQ7V6YPYR55V
3612_Au4V2.cif,Au4V2,Cmcm,0.0171157944692872,0.1026947668157234,PN_6WG7KPXZBWIZHTVYAGDTUVB2NUQVFVUT
3613_Pb2V2.cif,Pb2V2,P4/nmm,0.2658984600832914,1.0635938403331655,PN_GHXSBYDE2X5YU2J3OTAJDUDBIEZHWCMN
3614_Al6Ba2.cif,Al6Ba2,P6_3/mmc,-0.1768863718932234,-1.4150909751457874,PN_AES6ERJXKLRYR6TTGATXEQE5XIIMYUW3
3615_PtV3.cif,PtV3,Pm-3m,-0.234975318016616,-0.9399012720664645,PN_YIKIS3LNFDW7EAOBBBK4USUA4CEFSKH3
3616_BaGe2.cif,BaGe2,I4/mmm,-0.2935484472204012,-0.8806453416612037,PN_VUINYCGJOS77GJRV3VHJND7AEWI3WRJZ
3617_Cu2V.cif,Cu2V,I4/mmm,0.0882831066899108,0.2648493200697324,PN_3PU72WAXL7L6BJ4OW75NJZ64F2KAZMW2
3618_EuI.cif,EuI,P-6m2,-1.3552092755245704,-2.7104185510491408,PN_OLNJQCSVPDTZQ5TMHZRMTTTL2GFNEE6U
3619_Ga3K.cif,Ga3K,Pmm2,-0.0110621706509679,-0.0442486826038717,PN_ECKVAYP6MIUZ6W4XVCY564BD4ZQA43ON
3620_KSb.cif,KSb,R-3m,-0.2790825044919915,-0.5581650089839831,PN_O4BRZ4ZLGE6KZREAWNJ3PB6H6SKLN3MR
3621_Al6Pt4.cif,Al6Pt4,Fdd2,-0.7048057370949273,-7.048057370949273,PN_M4Y6YFWTZB6WYOLFQQNDL4POWIZOEPAE
3622_Ga2P.cif,Ga2P,I4/mmm,0.1671434064544392,0.5014302193633178,PN_2CUAMWSACB3IVEPVD7Z4CWD4WFJC7CWZ
3623_Ba3P.cif,Ba3P,Pm-3m,-0.2539164227109487,-1.0156656908437949,PN_HOQ576ERQZYWBIUECPUKSHXEWWX2BRMP
3625_Nb2Sr2.cif,Nb2Sr2,Cmcm,0.8231238151646618,3.2924952606586477,PN_7ITT2Q6M4BZ5JXQF5DI5IQOW7W624G5M
3626_Cu16Mn8.cif,Cu16Mn8,Fd-3m,0.3382363165353024,8.11767159684726,PN_PUFCST6U2CPPQ2JGJIS4EY3D2LYW5PAE
3627_CuPb5.cif,CuPb5,Cmmm,0.1710939179905928,1.0265635079435569,PN_UJXZ6IBELLNV6SGWJJE3UCEKDN65FRPC
3628_Na2Sn2.cif,Na2Sn2,Pmma,-0.2116591017251918,-0.8466364069007675,PN_KSA2UPGCAEYQTSJVTEDWFAP3B5AFRS7Y
3629_Cu5V.cif,Cu5V,F-43m,0.1966226874632391,1.179736124779435,PN_L3PVFCSQFHQF6ZNH33QO7EJHMGKNIFFK
3630_Pb3As.cif,Pb3As,I4/mmm,0.1116338261116278,0.4465353044465114,PN_MJUINN6XJF7UCQVPAKFENNOIBNEPGAK6
3631_Mn8P16.cif,Mn8P16,Fd-3m,0.0593578151712369,1.424587564109686,PN_6SSQDBCNIYINRWMBZCHDWHIQYLWG5FNH
3632_Ta4Sb8.cif,Ta4Sb8,Pnma,0.2600121913022366,3.1201462956268387,PN_7UXLGRGJVQJAS722DFO5TKBBLVPFDYB4
3633_In2Ge4.cif,In2Ge4,I4/mcm,0.3237670822118061,1.9426024932708368,PN_JFVYGRHEDCUVPUITAPFWCMVJJ3BZFAS3
3634_NbPt2.cif,NbPt2,Immm,-0.6920520857027709,-2.0761562571083125,PN_I4P6AHFHAZZWKCV77QA3R62XKALZ2UYQ
3635_Fe2Br4.cif,Fe2Br4,Pnnm,-0.1272779419185526,-0.7636676515113159,PN_L24L3M7OY26FF4E6N446VK35MWNHDNRK
3636_K3Pt.cif,K3Pt,P4/mmm,0.1227777550677848,0.4911110202711395,PN_KDGNK2VFY3WGADIF32CGSVHAU73B5IOT
3637_Cu2Fe2.cif,Cu2Fe2,Imma,0.2020980547607358,0.8083922190429433,PN_YRJOGHLKIJYYWEXX4LF5PXPQXRAHZZMZ
3638_V2Sb2.cif,V2Sb2,Pmmn,0.2042057005244544,0.8168228020978177,PN_IVOB2M6MDOMOQCJ7QAX7SCBMJCNVYBIR
3639_Fe3P.cif,Fe3P,Immm,-0.1983662193815236,-0.7934648775260946,PN_NZDCZ6JAPR53VJ5OSVOBEXNFDZKMWB6W
3640_MnPd3.cif,MnPd3,Pmm2,-0.1628683062001306,-0.6514732248005224,PN_2GZPMAYKALMCLXG4BKRTBZSOJJ2RQI57
3641_Ca2Nb2.cif,Ca2Nb2,Cmcm,0.3719830160017174,1.4879320640068698,PN_G4DAZ4QRK3S5RVNLLQ4X565DIYH6DPDL
3642_VGe3.cif,VGe3,P4/mmm,0.1074684072566141,0.4298736290264564,PN_T5MT2X6LH4J5JCAZW7OS2LBEG5M3WEE6
3644_Al4K5.cif,Al4K5,I4/mmm,0.2492645665704687,2.2433810991342185,PN_WGYU2L6VMRCX4IG6VB7VIMRCXRG5JKWU
3645_Mo2Na2.cif,Mo2Na2,P4/nmm,0.5780009365550232,2.3120037462200926,PN_JZXDJTNAWGPOZTQR6BVU4MWIIZDEDACS
3646_In4Pt.cif,In4Pt,Im-3m,-0.109899875488567,-0.5494993774428352,PN_TKYHLGRE7WWDFXNZYMKMCZWZJPE7TAPZ
3647_PdAs3.cif,PdAs3,Pmm2,-0.0502398700533159,-0.2009594802132639,PN_IZ353CCSPIVKAZQNB2C7DXZZTBL52YY3
3648_Cu2Ge4.cif,Cu2Ge4,Cmcm,0.2520284133880294,1.5121704803281766,PN_MOSFU2MY5XL536KUGZIO65VORGS7WUHN
3649_Au2Ta.cif,Au2Ta,Fm-3m,0.3603856372156286,1.081156911646886,PN_WFJJLTZ2AJ2CCP47YUJD7IZRGLPX44D6
3650_AlGe3.cif,AlGe3,Pm-3m,0.249991609029232,0.999966436116928,PN_7QWKOQZUXXUKZ74CRIJIYOMFJAWWM4EJ
3651_V2Ge.cif,V2Ge,I4/mmm,-0.3074182880661394,-0.9222548641984184,PN_QLHG6LUGQSBP2RAVEZU62XBZUOSNOHC7
3652_Ag5Pt5.cif,Ag5Pt5,P-1,0.0451717437014799,0.4517174370147998,PN_2EA65KE5G4XPJ4DHMILCVLQIZRVU5BIZ
3653_EuPt.cif,EuPt,Fm-3m,-0.9597524333356082,-1.9195048666712164,PN_DTAA3L4GICQADZ74GRV6DQSL7V4RQHPF
3654_IrSn2.cif,IrSn2,I4/mmm,-0.065348526247007,-0.1960455787410211,PN_63F2Z5MFWF6GJF2SWSVKIGWOKNWLKLRH
3655_Ge3Br.cif,Ge3Br,Fm-3m,0.0465995518350488,0.1863982073401953,PN_JKOT2DJJJC2SFUJ3C2I4RRAMRUYIFQLO
3656_In2Ta2.cif,In2Ta2,Fd-3m,0.5123786104406642,2.049514441762657,PN_26DC6NSIN6P5PZGUC25PYH7OOFBSAMTX
3657_Al2Ta2.cif,Al2Ta2,P6_3/mmc,1.0984819167369944,4.393927666947977,PN_N3TMZRXYA37JX4BFFSGMP67K2BZTOCHR
3658_Nb4As5.cif,Nb4As5,I4/mmm,0.0399136352688995,0.3592227174200957,PN_WGCDH37I7NFH2IV57EHUGNGUYI5OADFL
3659_Cu5P4.cif,Cu5P4,I4/mmm,0.1356729049497344,1.2210561445476102,PN_UBPNHT3HYJYETSBFG5YHM4FCVTZ6WEH4
3660_MoI.cif,MoI,Fm-3m,1.3718957778972358,2.743791555794472,PN_BTXUOLDU2SQC436IJOJC4Y3BQSEAY4T5
3661_Sb2Ge2.cif,Sb2Ge2,P4/nmm,0.2920265700266515,1.1681062801066062,PN_P5YTUAZTNKRGHZUR5UR7JP44REBVFBPU
3662_Ba4Sr8.cif,Ba4Sr8,Pnma,0.0083402217814067,0.1000826613768808,PN_7CGGGQX6OIJOOMWQLF52JWIJMPCOAAQQ
3663_FeSr3.cif,FeSr3,P4/mmm,0.6208096359060029,2.483238543624012,PN_QTIK6KFDGFC2B32YPU4VHOMGXRLZJK3M
3664_Na2P2.cif,Na2P2,Fd-3m,0.1266276353560829,0.5065105414243316,PN_W4ZDBQKSJNPPRM64JUQN3C5LIWSFGYFW
3665_Ba2Na2.cif,Ba2Na2,P4/nmm,0.0068428781838612,0.0273715127354448,PN_I6KWMV37WVB2SHCJHHDNIBDXTCBWV74Y
3666_Cu2Ga2.cif,Cu2Ga2,I4_1/amd,-0.0149761966092438,-0.0599047864369755,PN_LN5ZUTR3B67TTINWDTOBJEXE2YQFCDD7
3667_Ga8Nb4.cif,Ga8Nb4,Pnma,-0.3191380989813623,-3.829657187776348,PN_D3NMI5FYCR5Y4M26PRUAKHKZNSNIO7FW
3668_Ba3Sr.cif,Ba3Sr,Pmm2,0.0140121820406959,0.0560487281627839,PN_YZ4JMWAGZZXQI3PTSU5RZU5EQKYPEQSX
3669_Pd4As2.cif,Pd4As2,Cmcm,-0.2132849462625093,-1.279709677575056,PN_CL3B4OCQ6Q6CXF2SVOKM4W2WE4TNHVQM
3670_GaMo2.cif,GaMo2,P4/mmm,0.9061655129576126,2.718496538872838,PN_FJCCJ4LTOQBH3SNJXO22AR23GVXLI5JB
3671_AcNa.cif,AcNa,Pm-3m,0.2468821919774466,0.4937643839548933,PN_KJTGO7QQWAX7I6CHMVRNZID77KSDOUM4
3672_Na2Pt.cif,Na2Pt,I4/mmm,0.0048590077104702,0.0145770231314106,PN_NGDAZKZLZPK6TT4U4HV7PHGJEPSGYZ4A
3673_Cu4V2.cif,Cu4V2,Cmcm,0.1310439131075043,0.7862634786450258,PN_3VF4P2PUCF3KGBPLB22LAG2EADU7HZG5
3674_Au4Sb12.cif,Au4Sb12,Pnma,0.0816958115240025,1.3071329843840402,PN_QZPOKLXNPMFBW6AJVX4LG7FIA63EEKUH
3675_W2Sb6.cif,W2Sb6,Cmcm,0.3256841746554091,2.605473397243273,PN_Q6XSQ5NLCIEGK3XZCIA4EFO43JPQ6GYN
3676_AgP7.cif,AgP7,Fm-3m,0.7571528019389939,6.057222415511951,PN_YLEO744S7F4ATGXQE4LBYRBROZ7EELNT
3677_K2Ta.cif,K2Ta,P4/mmm,1.574859957444275,4.724579872332825,PN_6EQZ552QAJZB47KZQCVLD7OA32BFVSUT
3678_AuFe4.cif,AuFe4,I4/m,0.093735028143422,0.4686751407171101,PN_IK7W6YXTX2CXUDVEH5F7HXTD6CCV6DKK
3679_Pd4W2.cif,Pd4W2,I4/mcm,0.3204977384153148,1.922986430491889,PN_P5J6XSKGXR62NXVEBQEU7HY2YPWYYGFL
3680_Mn6Rh2.cif,Mn6Rh2,Pmmn,-0.0091769471865195,-0.0734155774921561,PN_AI6GI4TJNFCRQ35F5757TXCL4DE44UOC
3681_Al4Pt8.cif,Al4Pt8,Pnma,-0.8627738744258586,-10.353286493110303,PN_H7H4EE7ZELWOHQSRB7ZM6WGNUFCPBSWV
3682_Pd18As6.cif,Pd18As6,Pmmn,-0.2913676761221317,-6.9928242269311625,PN_OUODXIHVLPA3ODQZGCC6EC233VL743MC
3683_Al2Cu2.cif,Al2Cu2,P4/nmm,-0.0710479778351218,-0.2841919113404874,PN_7AKSOKNJ2QQUWTOB4YTZUIFKHGP67JUN
3685_Fe2Sr6.cif,Fe2Sr6,I4/mmm,0.615835199672778,4.926681597382224,PN_SDMELALGHHEM27PL75VKJKKVVQJX2ZYF
3686_Al2Pt.cif,Al2Pt,P4/mmm,-0.6005503292033859,-1.8016509876101576,PN_R4ACXNJYT3IACNKL55B72YHPKIR3R644
3687_Pd4Pt4.cif,Pd4Pt4,Imma,-0.032065831937813,-0.2565266555025047,PN_EUT56ASUBFXSRSZQH2RCPYIXYJOY3DTP
3688_GaK3.cif,GaK3,Pmm2,0.1886516453423525,0.7546065813694103,PN_LXTIOWXRIEOZQE7XAMIZRN63BCWLTSIH
3689_NpPb.cif,NpPb,F-43m,1.3011929922110452,2.6023859844220905,PN_3FXZLMP5JHI76KBLA5UFD6MVSEBRW6XO
3690_BaRh2.cif,BaRh2,I4/mmm,0.1387420418890942,0.4162261256672828,PN_5JG7PQY4XPZUF54KVHH7VS7IX6A74ZYT
3691_Al2Ta2.cif,Al2Ta2,I4_1/amd,0.0484771651687685,0.1939086606750741,PN_UAZFSNKUSXZOL6YZQBYALGAP3TILF32Z
3693_P2Br2.cif,P2Br2,Pmmn,0.1930605002183072,0.7722420008732289,PN_5IUYLOFTCSB2WRSLJJRPAIW2CTDXCFSE
3694_Cu2K2.cif,Cu2K2,Pmma,0.4746093749372502,1.8984374997490008,PN_YJLQ5GQ4PRF6NUM226NTRVHEV6XSQXDY
3695_Cr2Sb2.cif,Cr2Sb2,P6_3/mmc,-0.0563094461679325,-0.2252377846717301,PN_OSRZZRMWLXWPOCPOUODJP2SSJ7YR7LPU
3696_AlPt2.cif,AlPt2,I4/mmm,-0.8184847811437367,-4.91090868686242,PN_OEN6KI4YXASIO544MKGS6O27BIIMT65Z
3697_InW3.cif,InW3,Pmm2,0.5709071561380128,2.283628624552051,PN_YOKAILRTK6LWWI6TDVETDFOVBGXAPSUG
3698_Ag10Fe6.cif,Ag10Fe6,I4/mcm,0.5069376206385812,8.111001930217299,PN_67R4H3PBKW5XXFOCRMMVK7FL7F2EI5LU
3699_MoNb2.cif,MoNb2,I4/mmm,-0.0994430610731148,-0.5966583664386889,PN_F3CBFYIQXPRLSOVVUGPUZDS57CCYLU4D
3700_PbSr3.cif,PbSr3,I4/mmm,-0.2301207637119535,-0.9204830548478142,PN_CPF4I6UT3I4RJBIZRIT4VZ2K5EMQPPNW
3702_CuFe2.cif,CuFe2,Fmmm,0.079502949474796,0.238508848424388,PN_MJA3CSOVARRDWKH4DFBHRNFHZSONJRYK
3703_WBr.cif,WBr,Pm-3m,1.5888402903134065,3.177680580626813,PN_CXHSTHD7H2FHMWAYJT6N2BQ6EWIXLIHS
3705_BaPd5.cif,BaPd5,P6/mmm,-0.337024768245661,-2.022148609473966,PN_XEAB6RHRAZIKYIPSH6CO5WN7H7WUQKQ5
3706_EuGe2.cif,EuGe2,P-3m1,-0.9202436732756536,-2.760731019826961,PN_AOLU6CHGMI747N343XQ5ODBX32ZHWWFW
3707_Ni8Ge4.cif,Ni8Ge4,Pnma,-0.4454890874569628,-5.345869049483554,PN_H5DBI6LQYJOSHSNOOFQSOJWH3F2WJZJV
3708_Al4Ga2.cif,Al4Ga2,I4/mcm,0.1296503943423186,0.7779023660539117,PN_SUJQLIPMQH7BMIGBAK64AWDIBGVAQ2AC
3709_Al2K4.cif,Al2K4,I4/mcm,0.2315029424185904,1.389017654511543,PN_B5IY6FT4V7BQHA3KRELBJ5QJISJQR6LK
3711_Na5Pt.cif,Na5Pt,Cmmm,-0.0253459167581734,-0.1520755005490404,PN_BIJ44ZRVERMZJS6VB6FNNGSVDYA4IMMA
3712_Al2Br2.cif,Al2Br2,Fd-3m,0.0760864591054089,0.3043458364216356,PN_JVUNX53ZMJTE2RA4ZTQ3RZGWK6STTQFV
3715_RbI.cif,RbI,R-3m,-1.6018918268005236,-3.203783653601047,PN_GR6DTAOZCYA5CJTE4X7X4QGP4RQYJBYA
3716_Fe18Pb6.cif,Fe18Pb6,Pmmn,0.7481306957990626,17.9551366991775,PN_5DRCDLPYHBFZIBCGW4XEORCMVNBW3CSK
3718_Au3Fe4.cif,Au3Fe4,I4/mmm,0.1105281714746949,0.7736972003228644,PN_THN4PD25DF2PZSZ42RIIPMUKA2R7OM3W
3719_Ni3P.cif,Ni3P,P4/mmm,-0.1701341414636958,-0.6805365658547835,PN_QAGSYOHLXOVJGMJYM64DA54YRBFT53SQ
3720_BaPb3.cif,BaPb3,P4/mmm,-0.1589663600065693,-0.6358654400262775,PN_KHX5JDL5GPVSBQXFTSBHEAUSHQPH2JEA
3721_K2Pt.cif,K2Pt,I4/mmm,0.0839811861269848,0.2519435583809546,PN_ED73IIZHUQPJY6HVBGQJNJMZ5EIGN72N
3722_SnTh.cif,SnTh,P-6m2,-0.4789627998287056,-0.9579255996574112,PN_2OSTXRCLYS5YAQ2SZR5YH6OINYCFUWOU
3723_Fe5Pd.cif,Fe5Pd,Cmmm,0.0312070643968134,0.1872423863808805,PN_LRWHTFD4YYCH76CQQBEJNJQXADOV5R4K
3725_FeNi.cif,FeNi,P-6m2,-0.0363000949573359,-0.0726001899146719,PN_FCJQKOE36DDAXZ7UYYVMNFKLHQMO3DUA
3726_Cr3Sn.cif,Cr3Sn,I4/mmm,0.2386689885192066,0.9546759540768264,PN_34KTGCEJJ67XVYOWMDK4FX4ZM4HKCSAH
3727_NiRh.cif,NiRh,R-3m,0.0425965851684635,0.085193170336927,PN_QIYWNIZYODCRCJKPYTFH7EBQ22NMEHKR
3728_Ni8Pt4.cif,Ni8Pt4,Pnma,-0.0452248635459563,-0.5426983625514765,PN_5R5VH6EXG6GLQGSA3H4VUSD2XE5DV6MR
3729_Al2Cu.cif,Al2Cu,P4/mmm,-0.024514671381759,-0.073544014145277,PN_MY5J2F4RFCFOJMI7Y32Z572TBDLWADEA
3730_Cu2Sb6.cif,Cu2Sb6,Cmcm,0.2657594816528084,2.126075853222467,PN_HO7GZ3HUVKPRF3Q6RSX4XBIEU664IXD5
3731_AuSb2.cif,AuSb2,I4/mmm,0.1671950463491859,0.5015851390475579,PN_CPWSXGXBSOK276DOMDMNIE3IZTOJXNLA
3732_Ag5Pt7.cif,Ag5Pt7,Pmm2,-0.0030204133850902,-0.036244960621083,PN_CHJENEXSDTNQSMIKZJPBXUZRFDJTBPBK
3733_GaPt2.cif,GaPt2,I4/mmm,-0.4629662175507303,-1.3888986526521911,PN_HIOKJZVAS6DPK74QH73UZW5NKKKTB2AO
3734_Cs2Fe2.cif,Cs2Fe2,P6_3/mmc,1.6374434228893548,6.549773691557419,PN_ZVR2EXCKKEJ7DRTIMKEPIP4SJPVRWR5D
3735_Rh3Sb.cif,Rh3Sb,Imm2,-0.0768941101261564,-0.3075764405046257,PN_Q77V6J7CAP2XPJWNDWF4A5REFN7HJX5O
3736_CaP5.cif,CaP5,P4/mmm,0.1311372483648725,0.786823490189235,PN_724EDXHBPYJT4XAFCOTI5HQSQ3FPDBLI
3737_Ag2Nb2.cif,Ag2Nb2,Cmcm,0.2586238279425172,1.034495311770069,PN_K2CDWOAZMJFPSR3OOQS4OURRA6V5ISUW
3738_Ag2Nb.cif,Ag2Nb,Immm,0.3134987729553824,1.8809926377322943,PN_V3LT7DDABIO6YSEL6XUHOSWJDSEGY4Q7
3740_GaTa2.cif,GaTa2,I4/mmm,-0.1216311086354669,-0.3648933259064009,PN_OU47ELPRFRLODOU7XIYALSXK7I2FB7XD
3741_Al3K.cif,Al3K,P4/mmm,0.1977556432354683,0.7910225729418734,PN_4KRBNFGMEFPGH6AXZ4BOTTYPQOLSDQAU
3742_GaMo3.cif,GaMo3,Immm,-0.0075587913645431,-0.0302351654581727,PN_QSYIZ5XA337CZIQG3G3TSMKYP4SD5X3M
3743_FeI.cif,FeI,P-6m2,0.5974285370116457,1.194857074023291,PN_NHGQ65T4RH5GWT2XV7V7WTSSI37PGHS6
3745_CuIr2.cif,CuIr2,I4/mmm,0.258956206583683,0.776868619751049,PN_LVC6CRV5GOPKQUBEAB7TMFWMN2GURH65
3746_Nb3V4.cif,Nb3V4,I4/mmm,0.0366451192359237,0.2565158346514664,PN_MTYPYGHG4KKP4LWJUJ7OFXV3JLYQXZU6
3747_Au4Nb2.cif,Au4Nb2,C2/m,-0.0768398583593246,-0.4610391501559476,PN_LZQNYVU3XP2AB44FZQBFKTTYZRA244SJ
3748_MnNb.cif,MnNb,Fm-3m,0.6193162444871074,1.2386324889742149,PN_OUENHPHKVWMG5YKS3O7N4D6VWQORQ3IN
3749_Mn2Ge2.cif,Mn2Ge2,Cmcm,0.1626999725298628,0.6507998901194512,PN_YPOC4QXUK4OBGQETMG2XKMSXGDSZN6FL
3750_Ag8K4.cif,Ag8K4,P6_3/mmc,0.0051023062900457,0.0612276754805485,PN_QMBM6GATPGTPJ3A2S4FWO4ROYENJCFPO
3751_Al42Pd16.cif,Al42Pd16,I4_1/a,-0.5514900207285938,-31.98642120225844,PN_HPIEJQY2Q35FY2KDRV733YRIMUFNZIHF
3752_Pb3Sr.cif,Pb3Sr,I4/mmm,-0.3053776900756442,-1.2215107603025768,PN_6SMJ6E3UJCM6UCZYDKQAX5DIT7K6XR34
3753_Al3Cu2.cif,Al3Cu2,P-3m1,-0.1646769696389171,-0.8233848481945856,PN_YBHYX2NCW5K6B75EDLO347TFUJ3SRJEN
3754_PbGe.cif,PbGe,Fm-3m,0.1222864572366444,0.2445729144732888,PN_OZ7J5RE2WGGIY5DWEVKOUNHRVEFAQG3K
3755_Ir3W.cif,Ir3W,Cmmm,-0.1768983028315762,-0.707593211326305,PN_TFMPVC5TFETDH45535JLR4SQ4WMFZBE6
3756_Cr2Bi2.cif,Cr2Bi2,P6_3mc,0.7851509186435619,3.140603674574248,PN_VSYMY2TSI6ES3JGDHPZXAZ4UNN5WOUTR
3757_Eu3Pd.cif,Eu3Pd,Pm-3m,-0.3023895575627371,-1.2095582302509484,PN_E5PUIAZOCVYCDIATR25TKXN7PFHY7QAB
3758_NiRh5.cif,NiRh5,Pmmm,0.0241607385453797,0.1449644312722782,PN_CBUR4EB5QYGUGA6GZA7AX3JSUPEGUZDF
3771_Mo10Ge6.cif,Mo10Ge6,P6_3/mcm,-0.1450532842163383,-2.320852547461413,PN_Y5GBVUC7RXV6D3VLB6FL5K4LWGHEK6XL
3772_Ge2P2.cif,Ge2P2,C2/m,0.4919381840765435,1.9677527363061744,PN_HZILDRAWBQ2PUN6FNICP4XUG673WGVU6
3773_W4Sb2.cif,W4Sb2,Cmcm,0.5123617666159177,3.074170599695506,PN_QX7VXJLNW4QMGBG73JE3Z6YEF4HRXUIU
3774_Cu2I2.cif,Cu2I2,P6_3mc,-0.2441904427747188,-0.9767617710988752,PN_QGMRLGGMLV4MXLITJUPRDSHV24AQGL53
3776_Eu3Fe.cif,Eu3Fe,Fm-3m,0.4686251092821969,1.874500437128788,PN_M24N4AWKNUTT7LRVK7E5IH4HJKOJZNEI
3777_InMo.cif,InMo,R-3m,0.4716348834971979,0.943269766994396,PN_PFGJP7JPZQZEUOIYFZYTHIMJQLIEYFP5
3778_CaIr3.cif,CaIr3,Pm-3m,0.0305344814990053,0.1221379259960215,PN_TEX4NUBBB2YWZZKCVPYSKNEFDUAXU32O
3780_Nb6V10.cif,Nb6V10,I4/mcm,0.2635492415701748,4.216787865122797,PN_5R5UD4FD6DWG6J74R5E56IHWVET3N2ZC
3781_Ga6Sb2.cif,Ga6Sb2,Cmcm,0.2322455614496541,1.857964491597233,PN_64LZZZOPIVHZYX3LF2T74XQZY4LAFAMG
3782_GaSb3.cif,GaSb3,Immm,0.1770898010176713,0.7083592040706854,PN_5TLXBZ3R36WBHP5BDA2BL7PZLBIO5SII
3783_CuW2.cif,CuW2,Immm,0.532183823929414,3.193102943576484,PN_AFXES2DE74KY2JEJZKUWYXWJ5ILLPIVS
3784_Sb2Br.cif,Sb2Br,I4/mmm,0.0393010609795823,0.1179031829387469,PN_GDO2DAXIUCVERNZ6YE576WJIUA2IEBXK
3785_Ir2W2.cif,Ir2W2,P4/nmm,-0.1020307345904214,-0.4081229383616858,PN_MT37QF4YG4GAETQS4IJ5Z744HWRETWV6
3786_AuBr3.cif,AuBr3,Fm-3m,0.4834805601449372,1.933922240579749,PN_GFUA5PLP332WXEL5PQBZB4WHD3B5HCXD
3787_Cu12Pb12.cif,Cu12Pb12,Pbcm,0.2586636069044156,6.207926565705975,PN_MQY273XPIIXYTUXSYJE3FDEAPGZ7EAGX
3789_MnPd3.cif,MnPd3,Cmmm,-0.1677646712931579,-0.6710586851726319,PN_XBKGBB34XT6QBGTEDAXHQZUNUXE4YYXV
3790_Fe3Na.cif,Fe3Na,Pmmm,0.7118915968889912,2.8475663875559647,PN_L6SNXLELN6VQJINIRAR364QQFGAAZLVI
3792_NiPt3.cif,NiPt3,Pm-3m,-0.0873784347052497,-0.349513738820999,PN_Z4S4PAFXYTQ42HAVNHTTXOIJ3DQ4NSA2
3794_Ca3Ga.cif,Ca3Ga,P4/mmm,-0.0297621651322841,-0.1190486605291365,PN_6M6NWWUVHBTK4KRGJDTKPEQBJK2HFKZ6
3795_Cu3V.cif,Cu3V,Pm-3m,0.2278824626723592,0.9115298506894368,PN_GJG4PO6TLJWZF4AUZI2DF3LOGFIJ3ICS
3796_Au4Nb2.cif,Au4Nb2,Cm,0.0185439151225352,0.1112634907352116,PN_T65UNWKWAALCQBUXGI3WH5JSXP2Q7BW6
3797_Ga4Sr.cif,Ga4Sr,I4/mmm,-0.4463342416331709,-2.2316712081658547,PN_YJNNI7NHZDVKX7ABETE4KFTAJXKPPKJ3
3798_Ga2Ta6.cif,Ga2Ta6,Pmmn,-0.0167889698066012,-0.1343117584528101,PN_LZ7VAJV7O2BRQRFSVDT4TOAO5UELZXVL
3799_Pt3Bi.cif,Pt3Bi,I4/mmm,-0.0288814877431011,-0.1155259509724047,PN_FKIGLLM3AX64RWCLJCGHC6EKGCTFPHKR
3800_Na4P2.cif,Na4P2,I4/mcm,-0.2358167291925571,-1.4149003751553426,PN_V3XLRLLEB6GIYJFHP25HYHUFWHARBESZ
3802_K2Nb.cif,K2Nb,Immm,1.3750683807518378,4.125205142255513,PN_EAE7USNMDDYCXCBEG5OQACJ6GT5OHAT2
3803_InNb2.cif,InNb2,I4/mmm,0.0286794322683559,0.0860382968050679,PN_7C5YB6ZERK7BTQ4G522URWCZHV6FEB2G
3804_FeSn.cif,FeSn,R-3m,0.2022509167831438,0.4045018335662877,PN_4MYZBHJCHPC7M5KHN76OJDCZJUXLDFV5
3805_Ag4Pd6.cif,Ag4Pd6,Fdd2,0.0226663836828961,0.2266638368289619,PN_LWPWM27OU4JKBQZJ5GI5EIFJUBGLOINQ
3806_Pd6Sr2.cif,Pd6Sr2,Cmcm,-0.375023231360875,-3.000185850887,PN_DN3HDR2XF2ORFJFNVLIENEEXOXN2JNDX
3807_In3W.cif,In3W,C2/m,0.5152056352826531,2.0608225411306123,PN_CWXMFP3PDKQ3D3AWZOKYGO6U5YZN6OJX
3808_Ni2Sr2.cif,Ni2Sr2,Fd-3m,0.4626434563326298,1.8505738253305195,PN_D2AYQFYNU4HQM44LDWPQSL5WAH25QHY2
3809_AgMo3.cif,AgMo3,P4/mmm,0.4025494275119783,1.6101977100479132,PN_WXFALHOGZ762W5ZSO4QCSZI4SD2PEFY6
3810_Ag2Sn2.cif,Ag2Sn2,P4/nmm,0.0142127378141592,0.0568509512566368,PN_OSQQSBCYJYIF6STFWHGIBMZTL6HSYR4V
3812_Cu24As8.cif,Cu24As8,I-43d,0.0163710169351274,0.523872541924078,PN_Y4QCEGUUGAMFQJWZQ2EKGB5DZCEIVEXE
3814_FeMo3.cif,FeMo3,Immm,0.2095670596886858,0.8382682387547433,PN_7B5EKVIDNDL2QFJIA4VIBGWVUV3K4QXQ
3815_Mo2Na.cif,Mo2Na,I4/mmm,0.7765980918076991,2.3297942754230974,PN_J3GV5Z7E7P7MIICPTZ4FSBL6XRE3WM2K
3816_Na2Rh4.cif,Na2Rh4,Cmcm,0.2454819018463692,1.4728914110782156,PN_2B3VJGNBFPWHTTA4MTNXTA5GRCOFJXJG
3817_FeP5.cif,FeP5,Amm2,0.1148882220658234,0.6893293323949408,PN_XE4FDEIRYNMJGH25QTXAANS6N6WMFKEE
3818_P2As4.cif,P2As4,Cmcm,0.3096385535205896,1.857831321123537,PN_PI754NYKVGSLLFPDMQJDU5XYHO4KVC6E
3819_Al3Fe.cif,Al3Fe,I4/mmm,-0.1803985331203383,-0.7215941324813535,PN_O4ZQKKEIJVLVRFNPSYA56XS7CAFRTEAV
3820_InK2.cif,InK2,Fm-3m,0.1273937393592102,0.3821812180776307,PN_UG4FRFAF64W2U2HTD7PHT25YWJGZG6OP
3821_Mn6Ta10.cif,Mn6Ta10,I4/mcm,0.0135820767479337,0.2173132279669403,PN_324OF3BH7BDQ3REUG77FC266NA2QY7D6
3822_Ga2Pd2.cif,Ga2Pd2,Imma,-0.5766066931495129,-2.3064267725980514,PN_MHCKQRSBHCBR33RIEOZP7C5HJW74OJJA
3824_Ag2Nb4.cif,Ag2Nb4,Cmcm,0.2471166870868621,1.4827001225211731,PN_MB3UJ2WKT2NXYVX5CB5OFEZAD5NVPHWX
3825_CsSm.cif,CsSm,P-6m2,0.323942724359175,0.6478854487183501,PN_GOL7QSG6DURBCCXQOMMORRSO2V5T55HL
3826_Al2Pt2.cif,Al2Pt2,P4/nmm,-0.8915417961538017,-3.5661671846152068,PN_JNWSW233I4KHHPR77RQJHUP7UBRYPDKM
3827_Th6Bi8.cif,Th6Bi8,I-43d,-0.6813683766328101,-9.539157272859342,PN_HGU75ZQERXJ47WFLLF7FWWSDVY4G4WJO
3828_Ir6W4.cif,Ir6W4,Fdd2,-0.1336017606123633,-1.336017606123633,PN_IMJM5UUN34E46NM25FPPCST44ADDZN7L
3829_Mn6Br2.cif,Mn6Br2,Pmmn,0.6461421765977988,5.169137412782391,PN_5SKCLW62OLJ7XWL2KCJXQ4OPQCN5VOJS
3830_Na4P2.cif,Na4P2,P4_2/mnm,-0.1461563225130477,-0.8769379350782867,PN_ICS7PKLF73MOWY6JMP3QN7ZYNWOHDYG7
3831_CuPb3.cif,CuPb3,Immm,0.1775907872946192,0.7103631491784768,PN_K6JCVTDS5FCRGIY7VOTTN4FNUGLB22TP
3832_Ir3Na.cif,Ir3Na,Cmmm,0.3140965208008399,1.2563860832033598,PN_RBKROTQK63KX2D3VH7RVRJIPMQIBSLJG
3833_Ni5P.cif,Ni5P,P4/mmm,-0.0728238679233352,-0.4369432075400112,PN_N2YOOOLPV67P4F2E5TD6DWFYXBV46ZK2
3834_Fe2Br2.cif,Fe2Br2,Pmma,0.555203703580994,2.220814814323976,PN_CRJUWJCKBBUEIJQ5CNISBXSZJ7UQJT46
3836_In2W4.cif,In2W4,I4_1/amd,1.250886245647976,7.505317473887857,PN_SDQKMCFOKI32WWGHKUT6L2NDDLPHTP3F
3837_CrI2.cif,CrI2,C2/m,-0.4092368593035083,-1.2277105779105248,PN_46EH3EAAS2AQVPBUUTNBBNDANBIW27TK
3839_Al2In.cif,Al2In,I4/mmm,0.1387528894089046,0.416258668226714,PN_HCR7TZ5OIEII6HQJHNUYAMOTAUPGXF3O
3840_InTa4.cif,InTa4,Im-3m,1.5870665708125742,7.935332854062871,PN_XJVJH467UPWQW6LYQANSPBY4V5VSEJAZ
3841_MnP.cif,MnP,Pm-3m,-0.3775156260053043,-0.7550312520106086,PN_5LGTCTUPHDZST4R4EJLZXQ6GUMW6DZUJ
3842_Ir4Ta6.cif,Ir4Ta6,Fdd2,-0.344838574125113,-3.44838574125113,PN_6L4U3PIMON7ZJKLHLGQ7NQAAE3BJWACZ
3843_Al8Fe.cif,Al8Fe,I4/mmm,-0.0512620528078302,-0.4613584752704724,PN_CLY5C43U6CHD55QQZAWXORG22MKCYKR5
3844_P2Br4.cif,P2Br4,Cmcm,-0.0074376607961076,-0.044625964776646,PN_VS4JCKVUVOFWGRIFBGTPF7SAGLTSTIHQ
3845_CsP.cif,CsP,P-6m2,0.6036632273622891,1.207326454724578,PN_ZF66RJKTOHRWN72WKZN52S3T34GFBFIF
3846_W4Sb2.cif,W4Sb2,Pnnm,0.6877308191738637,4.126384915043182,PN_ATVDKOPY7UKFLQQDFIWVYLZ32T7V2LFK
3847_AlBr3.cif,AlBr3,Fm-3m,0.0587533733797673,0.2350134935190695,PN_3DCNDC2PG7T3H23GIL56VEKJ6JNG63WM
3848_SnSb.cif,SnSb,F-43m,-0.06644948616947,-0.13289897233894,PN_FV6LCX4KC2AOA5XDW77LOV5GATHKC45Z
3849_AgW.cif,AgW,Pm-3m,1.187984958539951,2.3759699170799014,PN_ROE6M6EIAOIARW5ZZQ3HQIM7VI5U7FMJ
3850_P12Br12.cif,P12Br12,Pbcm,0.0127132869675463,0.3051188872211128,PN_2RNJKVZYLEVOHR6UKMOO7YOZQX2WMRDU
3851_Ag4Mo.cif,Ag4Mo,I4/m,0.4949321417975973,2.474660708987986,PN_YVOKWBDJY2M6OATYBXPTBO5C7M3VAXPO
3852_Sn2P4.cif,Sn2P4,Pnnm,-0.056001519449877,-0.3360091166992625,PN_Z3A4CT2TCOCTF3WFGRULTU74BX2XYQEX
3853_AlPa.cif,AlPa,P4/mmm,-0.4550955889522443,-0.9101911779044888,PN_H23QOSKCRMHRELRGB7NOVOWSA23E2PL3
3854_CuSr3.cif,CuSr3,P4/mmm,0.0230810902990548,0.0923243611962192,PN_FRQZNSZKW6T3VSS6F6QLZ4L2LPKIAHAC
3855_Al2K.cif,Al2K,I4/mmm,0.2835629885431574,0.8506889656294723,PN_TITRVEXXGYKWYATJ3UGUFF5WDZL5KJ7J
3856_FeTh.cif,FeTh,Fm-3m,0.1559447648618688,0.3118895297237376,PN_ZNF33ALCBUVRQHS2PILGOQTCDNMFVQFG
3857_PI3.cif,PI3,Pm-3m,0.8190091040477483,3.276036416190993,PN_UG63U47TUWIR2F6GGRNZN5ZQULGKFMCQ
3858_Ir3W.cif,Ir3W,Pmm2,-0.2315256492044497,-0.9261025968177988,PN_ERXITABFY2NDG7WHBEUTA66LJ7E6IPN7
3859_IrP.cif,IrP,Pm-3m,0.1479387852015214,0.2958775704030429,PN_YS7QAG22A3JKWOLSVMYDRUWZEFMDU7Z2
3860_FeRb.cif,FeRb,Amm2,1.4476931142635006,2.895386228527001,PN_FTS5NZY2COYLG2ZQN2PYPKXBTDQQX4KV
3861_InP.cif,InP,R-3m,0.0171562093145318,0.0343124186290637,PN_C6F6BPF3GOSKTRIF6FLZBHK3JX4R73DU
3862_BaBr2.cif,BaBr2,Fmmm,-11.34664136590266,-34.03992409770798,PN_YZEPQX5M3T3J7SZ6WGWFTBAK4BJDG7H4
3863_AlSr3.cif,AlSr3,Pm-3m,0.0458020447738753,0.1832081790955015,PN_GYKMQLIZNSYCFA276I4LQVF4VJ4Y5Z2G
3864_CrU.cif,CrU,R-3m,0.4567240370276604,0.9134480740553208,PN_2MNZMC23HCKCOETRL2SV7S6BMHQOT5PZ
3865_FeAs.cif,FeAs,Pm-3m,0.1233376778550159,0.4933507114200637,PN_6XZO5ANJUNBVSNBVFBMJBH2RQOX2BHUP
3866_AuTa3.cif,AuTa3,Pm-3m,0.0237207956110818,0.0948831824443274,PN_KFFJ273S6ELTDQR76GRYUH4OT4LTCE6M
3867_Au16Yb20.cif,Au16Yb20,Pnma,-0.9813941101488048,-35.33018796535697,PN_3FQ4RLQY4AY7SISBXVUDDE775M5ZE64N
3868_NiPt.cif,NiPt,P4/mmm,-0.1186682531105658,-0.2373365062211316,PN_77BWRTPQR4CLXSSN65PTMGMABFNEJJVP
3869_FeGe.cif,FeGe,P-6m2,-0.1988810521886597,-0.3977621043773194,PN_KKYRLILTQP4DS5G7VAXD6IP2IVQ5HSRR
3870_Pb2V4.cif,Pb2V4,Cmcm,0.4576023331878953,2.745613999127372,PN_IJO3GSA6ULURSRDO26TEM5NIM56EX6MP
3871_P3Br.cif,P3Br,Pmmm,0.8758684315881653,3.503473726352661,PN_MXK55EXXGWNKLYPK65MVJITJXC5ZKBEB
3872_Cu2Ga2.cif,Cu2Ga2,P4/nmm,-0.0164941734962384,-0.0659766939849539,PN_OI5IRJBNZXBHDTFRAZFFT3AVLVS4CZDN
3873_Sn3As.cif,Sn3As,Pm-3m,-0.1805342987981388,-0.7221371951925555,PN_WTKQGCOH5MP5PCEBBNKAXT2PATDZMAI3
3874_In4K.cif,In4K,Im-3m,0.5600406304992827,2.800203152496413,PN_UBTCNT42LZ6LLWH42KFJZFX272ITG3KO
3875_Fe10Pb6.cif,Fe10Pb6,Cmcm,0.8850088092175019,14.16014094748003,PN_S5TJJCHLH4JGZYRNDDSZOBMEG7RQI7E7
3876_Cu4Pd6.cif,Cu4Pd6,Fdd2,-0.0477099033245785,-0.4770990332457856,PN_KV4ZSTO4UXE7IYBSTY4ZGZC6ST6A5MI2
3878_Cu2Ge2.cif,Cu2Ge2,Pmmn,0.1737348240279024,0.6949392961116097,PN_TD2UWDNQKVD4OVR26TBGFV5K67IQBGJE
3879_V2Ge2.cif,V2Ge2,P4/nmm,-0.2034460607797328,-0.8137842431189313,PN_R6WF4R3KPQJZ35UQKB2CITDQ2EBXLWLC
3881_KPd3.cif,KPd3,P4/mmm,0.2268438239013788,0.9073752956055152,PN_ZNRDVIE2QJLKMDTK3TVLWGMGYKWH4PER
3882_Pt2As.cif,Pt2As,P4/mmm,-0.1144511097708177,-0.3433533293124533,PN_FQIFK36RMWTMBDBKMPQ5FMOJOFBJZPRT
3883_As18Br6.cif,As18Br6,Pmmn,0.0226532074799372,0.5436769795184944,PN_4I2RIBOFCTLDHCCOPFYGREJ2UQ4GYBX3
3884_BaGe8.cif,BaGe8,I4/mmm,0.0751645538209276,0.6764809843883484,PN_JOXJZ5MDUTLP65SLIUUBSZ65NQXBH5OQ
3885_Pb6V2.cif,Pb6V2,Pmmn,0.613132292092458,4.905058336739664,PN_TH4P34RRHAZWV2DP4BX73TZSDIMMPHGL
3886_SmSb.cif,SmSb,R-3m,-1.5775718023941758,-3.155143604788352,PN_CH32GVPR3NMKZTT6JAMNQF4PKUQPSNIA
3887_FeP5.cif,FeP5,Cmmm,-0.1254662331799127,-0.7527973990794763,PN_FVODKCP6SZPWUFPT2TOI4HE4WMAL7OV2
3888_CuAs7.cif,CuAs7,Fm-3m,0.5110070369431146,4.0880562955449165,PN_QJJEGMLPIMJ42VVTT4RB6GCTNI2OGMME
3889_IrNi.cif,IrNi,Pm-3m,0.1231103774781239,0.2462207549562478,PN_2FB72BTFKHRB46DQJSRKMOJHWADDRPLW
3890_KP2.cif,KP2,Fmmm,-0.2278657130216874,-1.3671942781301247,PN_XU7KNENGJZ55U22RSZKC2TYL2NYIXZKV
3891_BaIn3.cif,BaIn3,C2/m,-0.1502425738916377,-0.600970295566551,PN_AEBOGGN7UQLEHBLT6DOFVK33FLYPKPSG
3892_NaPt3.cif,NaPt3,P4/mmm,-0.0319060318697372,-0.1276241274789491,PN_555PLCOST3PF2FQPUVZIQL4DBOXOKYZ5
3893_CaI3.cif,CaI3,Pm-3m,-0.787452079627013,-3.149808318508052,PN_QWC26BTVEYOP43X3BWDTCQMEPVYWZKPH
3894_Ni2Sn2.cif,Ni2Sn2,Pmmn,-0.1151318649780357,-0.4605274599121429,PN_UYMOJAKLTXUFOZ3RVIJMCBJHOX7I7SHO
3896_BaPb3.cif,BaPb3,Pmmm,-0.2594454125591254,-1.0377816502365018,PN_OY5JPWXKQHEJWT6CTNBITUKBCUGQM422
3897_Ag5Pt7.cif,Ag5Pt7,Imm2,0.0384508224427128,0.4614098693125541,PN_7I4N24PCYLQIAQVW4BPARSFVR3T73SFR
3898_Cu4Pd8.cif,Cu4Pd8,I4_1/amd,-0.0814270191338154,-0.9771242296057848,PN_WWJYDTNAOWCPVSYH7CNKF4W2G376OBSJ
3899_Eu2Ga4.cif,Eu2Ga4,Imma,-0.7244935671849531,-4.346961403109718,PN_DZXKBYDP4EO2DOLXV3JTPISLGL4FWX4F
3900_Ir8Sn.cif,Ir8Sn,I4/mmm,0.0672942381637192,0.6056481434734735,PN_5F5R3PWMIJR6LJ64GIT2ZFU7EEVHBXMS
3901_Ga4P3.cif,Ga4P3,I4/mmm,0.0203795103231487,0.1426565722620409,PN_JHTPHBEXWK4HP4RVXA3ZSBHSVLZJ45GC
3902_AlGa2.cif,AlGa2,I4/mmm,0.0353028648597616,0.1059085945792848,PN_IXASZ36EILZVLLFZFZET2EQLNR6Y2LCS
3903_NaPt5.cif,NaPt5,Cmmm,-0.0501648287347424,-0.3009889724084544,PN_EKUF7FS6EZSCJ4YQN5IJ3JD3NGITIRQW
3904_AlCe3.cif,AlCe3,Pm-3m,-0.1653339908128144,-0.6613359632512577,PN_YSPNP6NDXI4KOEKMMGMQIEIC6YX73UYM
3905_Al2Fe.cif,Al2Fe,I4/mmm,-0.36144122023592,-1.08432366070776,PN_OTKUSQIDK6YGG53MST6D4PBU7U25BPAN
3906_Nb4Sr16.cif,Nb4Sr16,I-43m,0.909109010293352,18.18218020586704,PN_S7T6YBQBGSAFELUXJYX2RIB52RCRCE4F
3907_Al2Fe4.cif,Al2Fe4,Fd-3m,-0.1664737846228483,-0.99884270773709,PN_BTP4I7JKXZW6AEKLXQE3533B6EJ2GTUS
3908_Ba2Ge.cif,Ba2Ge,I4/mmm,-0.2536671172700515,-1.5220027036203092,PN_NB55ZRBT3HKFPWLGZ4ZOCAZINQLRB7FB
3909_Nb2V4.cif,Nb2V4,I4/mcm,0.6313650377418986,3.788190226451391,PN_5KHYH2CQMCT6T6PWD7SNRMHF4YTO5RZS
3910_Fe4Ir.cif,Fe4Ir,I4/m,0.0552875162944161,0.2764375814720807,PN_YURLTP2HDPSLMDV7XBVBHXMX63SDVEJC
3911_P4Br2.cif,P4Br2,Cmcm,0.1837938368234185,1.102763020940511,PN_SRPDI25FDOO3BO3NYZLJL2V664W4V46J
3912_Cu7As.cif,Cu7As,Fm-3m,0.0252278097608709,0.2018224780869673,PN_KEZOTCBCKFNRZ3B2HXJHX7PJ4YEFRJ5J
3913_SbGe.cif,SbGe,Pm-3m,-0.0133631114332759,-0.0267262228665519,PN_ONC3ZAOI3O6SSPBKOMOBSB4HLJVWUBIT
3914_Cu8Ir16.cif,Cu8Ir16,Fd-3m,0.4563536858166645,10.952488459599948,PN_BXV3UWRXA7YY2LDUMGSAOHAVPTA6W47V
3915_CeIn.cif,CeIn,P-6m2,-0.2702256979151656,-0.5404513958303312,PN_TBJEMJPKVZBUKTMCWDWS3HRRCO43MHAV
3917_Ga3V.cif,Ga3V,P4/mmm,-0.0526355528457882,-0.210542211383153,PN_534MOEZRTSVEPMLY6C27NJOUAUMCCQYM
3918_KPt5.cif,KPt5,P4/mmm,0.1060495356641274,0.6362972139847649,PN_H7L6MYJTJK7YTCFH3GWE6P4P2TVZJB6B
3919_Ag3Mo.cif,Ag3Mo,P4/mmm,0.3129424275328398,1.2517697101313594,PN_VXNHKXLG6F27UM7MOEJSXHTCBAQQAABI
3920_Sb3Ge.cif,Sb3Ge,P4/mmm,0.2677004968112384,1.0708019872449537,PN_CZWIIP67ZH3DV4S7AGFKV2FXL6NV26SO
3921_Cu2Ir2.cif,Cu2Ir2,Fd-3m,0.2529828817891149,1.0119315271564595,PN_AFXMQSLYF73SWEJPD7N7JYJNHCH6FUWA
3922_Ca2Nb6.cif,Ca2Nb6,Cmcm,0.5114966910788024,4.091973528630419,PN_JDJ63FLS5W4WXQZQOVCSPNZ2DR3CZJIQ
3923_Al2Fe4.cif,Al2Fe4,I4/mcm,0.0479176586642762,0.2875059519856577,PN_DPB5XJER72TUI4PAMVWX74DCXBQQZ2AJ
3924_Na2Sn.cif,Na2Sn,I4/mmm,-0.1466331125119874,-0.4398993375359623,PN_ZDJHNFNISSJHZ6KYWQWVU7F7FFVUCOIS
3925_InW.cif,InW,P4/mmm,0.9132617318997428,1.8265234637994856,PN_GBVXVYLYV5IT7DFGVPCUTF4VY3BFLGF4
3926_CuIr3.cif,CuIr3,Pm-3m,0.2111150939396555,0.8444603757586222,PN_XK74D3IB7SRZFELSKQJVMZOBKQ3JPC62
3978_Ni3V.cif,Ni3V,I4/mmm,-0.2523763540864658,-1.0095054163458634,PN_B7SH6PEC7364QRZPR4NLOUDQBXAFGKRD
3979_SrI.cif,SrI,P-6m2,-1.1805649649666825,-2.361129929933365,PN_KCAFSMP3JZUOPY4ROGY5XJYMX37M5DGM
3980_CsBr.cif,CsBr,Fm-3m,-1.9532013368567016,-3.906402673713403,PN_ZXGQ2LUGQ4SNGXJYG3SAWO75ZVXYWLDI
3981_Cu2W2.cif,Cu2W2,Cmme,0.2190544733619734,0.8762178934478939,PN_JAQMPKFZ2Y3TROY2IQJN5R46HUHHTHWY
3982_AuCu.cif,AuCu,Pm-3m,-0.0659880698796522,-0.1319761397593044,PN_DSKPHWVNOJIGILDWSAE2N6GBNT7JOO3P
3983_Mo3Sn.cif,Mo3Sn,P4/mmm,0.2320871808682163,0.9283487234728652,PN_MHJIAGW77VV6X77R4BHUEOZTX2JT7O2W
3984_Au3Cu.cif,Au3Cu,Pm-3m,-0.0153363036812166,-0.0613452147248665,PN_Y5FQQHINK6KKCKJJXBA3NOV4YMZIOAQ4
3986_Cs8Sb8.cif,Cs8Sb8,P2_12_12_1,-0.6076108534631741,-9.721773655410786,PN_6UVJNUF7CIHQRCD2LFMLPVRKAF2V7AQL
3987_Ag4Ba2.cif,Ag4Ba2,Imma,-0.2866839690043905,-1.7201038140263432,PN_MA2XVD56G2ROVJDZ6AHVHHFCHH5KHRTN
3988_K3V.cif,K3V,Imm2,0.8662796318159853,3.4651185272639413,PN_LR5QAQBWAOFYXUIDXRDNXLABRJKLTEFF
3989_TaV3.cif,TaV3,Fm-3m,0.0534170211823017,0.2136680847292069,PN_FV453ZI2I5B7EWE6ZJI3MAE7PDEBSHZF
3990_CeAs.cif,CeAs,Fm-3m,-1.7374966219490622,-3.4749932438981244,PN_DQRODXDPCQ32XPUSJ5AMQFG7BKQ3IWZ7
3991_CaTa.cif,CaTa,Fm-3m,2.085022014389096,4.170044028778191,PN_V5DZFTF6SX3NSMUAALQHT5V6A52UAGGI
3992_Ag4Nb2.cif,Ag4Nb2,Fd-3m,0.5543828981923381,3.3262973891540284,PN_PBFBBT7B6XCC6K7YCMW55C6U35ESE2FH
3993_BaNi3.cif,BaNi3,P4mm,0.3882233707854299,1.5528934831417196,PN_GT6ISODG2SWPQHNNHKFKTOR2PFPYTGQ2
3994_CrSn.cif,CrSn,Pm-3m,0.2876573438924481,0.5753146877848963,PN_U4ZSJ3IK3GIG43LAY62L7BMPPGR55DHR
3995_Mo12W4.cif,Mo12W4,Pnma,0.2400632513012386,3.841012020819818,PN_NSKZOX4SAAEDVURVSJDPE5GSBATNBWLB
3996_Mn3Ta.cif,Mn3Ta,Immm,0.0642209454664826,0.2568837818659304,PN_JUDCRZHXN7OKY2S6M2PFIVOLADXBAP4O
3997_AgSr2.cif,AgSr2,I4/mmm,-0.1903265589472257,-1.1419593536833543,PN_R33OMHM2OGNYP33EYKOHJXTFNIL4ANTF
3998_GaAs3.cif,GaAs3,Imm2,0.3380044080014444,1.3520176320057775,PN_FXL5JVHBQYCAINNFBMYHWHLTBDL3YNVH
4000_KSr5.cif,KSr5,F-43m,0.1226925396156953,0.736155237694172,PN_2KPWDJFJF455GCGZHOG7I3NZP6HVHLRS
4001_NiAs.cif,NiAs,Fm-3m,-0.3012501129468337,-0.6025002258936674,PN_GB5JC75HMSPHH7CVBKPFFZHTKKMGKZAA
4002_Na4P20.cif,Na4P20,Pnma,-0.278409981598901,-6.681839558373625,PN_ST6MDDO6S3KWI4STWPRTTVRZ52BOB3AX
4003_Na12P4.cif,Na12P4,Pnma,-0.3687060882754256,-5.89929741240681,PN_CG4ED7BWFELJ6MHXUXHWADWGYSDEP4LB
4005_Ga3As.cif,Ga3As,Imm2,0.0935757977451485,0.3743031909805943,PN_O73ZCEFUW2SIGWDLRPM5FJJAPT5LTZOF
4006_Ni4Ge2.cif,Ni4Ge2,Pnnm,-0.1756610055196823,-1.053966033118094,PN_NX6MSP4IWAGX57OLYA3W7JMHZWHLZGCD
4007_V8As4.cif,V8As4,Pa-3,0.1239380017364091,1.4872560208369094,PN_CUNUWIYM5O6SFIBOE6RPXTVAAEJOZ344
4008_Ag2Ba2.cif,Ag2Ba2,Cmcm,-0.2761736007103255,-1.104694402841302,PN_N3LKVC4V6Q2VR335HBOJWBOVDIXK6GCV
4009_Fe3Ta.cif,Fe3Ta,P4/mmm,-0.1127685116032299,-0.4510740464129199,PN_JI37C5NDZCMC7J54QL7UHYL2X6EUCMJZ
4010_SrBr.cif,SrBr,Fm-3m,-1.3925750242942536,-2.7851500485885072,PN_6PYZOMI7SIHRAFUMCKGR7LOJIL2FOD45
4011_Na2Pd4.cif,Na2Pd4,Cmcm,-0.009570242687688,-0.0574214561261285,PN_ZRKEM7W3LPL3EGZB4HR5OCIQOXXIKV23
4012_MoRh2.cif,MoRh2,Immm,-0.1614324447944059,-0.9685946687664356,PN_B3F4ZSRWSFXFPOKQG6UHDVOFZO3ZNGXH
4013_Ta2P6.cif,Ta2P6,I4/mmm,-0.1821465687261643,-1.4571725498093144,PN_7Q6S4TDL4FX7EH7ECCCMWB35WOSXXZQG
4014_Ta5Sb4.cif,Ta5Sb4,I4/m,0.0942704375860425,0.8484339382743826,PN_VPLVQHZIWBG7IZDMO72MKUQPXZHJRUH6
4015_Cu17Nb12.cif,Cu17Nb12,I-43m,0.3728100275968739,10.811490800309343,PN_UM4GHPWKOAXBOH2Y24LLYLNFS5ANNCQW
4016_Cu8In.cif,Cu8In,I4/mmm,0.0159428749984079,0.1434858749856715,PN_W7MVZBJYRRLIQ4UJMJTZJIOWI4JYYU4F
4017_Na3Pd.cif,Na3Pd,Immm,-0.0141660341409721,-0.0566641365638886,PN_F4OU7NG6HQCTKBUNKWJVBTVE5LCIHROH
4020_CeMo.cif,CeMo,Fm-3m,1.5109984231473377,3.021996846294675,PN_VS2J73P2O3OIDCU6R5MK4NWJGXVOXE5S
4023_AuRh2.cif,AuRh2,Immm,0.1829427448860971,0.5488282346582913,PN_EQ6F23BWH2UKT2V6I6IBFREJ3V76F3CM
4024_Fe3W.cif,Fe3W,Immm,0.0411978976634284,0.1647915906537136,PN_SM4YH3HT7JLK2INZ3MIJOCZAIL2FESOA
4025_BaIn5.cif,BaIn5,P4/mmm,-0.1550668724833904,-0.9304012349003424,PN_KOG6JFGE43Y7XFT45E6L3L2VWG5ETJ5G
4026_Na2Sr2.cif,Na2Sr2,Fd-3m,0.1054436255100468,0.4217745020401873,PN_5YGARRWCKFWGXWYOWYUTQGRX5INLX4TG
4027_Au5Ni.cif,Au5Ni,Amm2,0.0825313759901096,0.4951882559406577,PN_KEG2SPQDAL4H2BSKCY5L6LCEZTBZR76Z
4028_VW5.cif,VW5,F-43m,0.4316567842693999,2.5899407056163994,PN_WB34ASPRDM7NPS4CROIHEUNUI5IPY7JY
4030_Mn4P2.cif,Mn4P2,Pnnm,-0.0374880990532998,-0.2249285943197989,PN_37KZJ2FAUNXCP2RTHDUVYSY2ZBWDUHRH
4031_K3P.cif,K3P,Pm-3m,-0.030217587200664,-0.1208703488026561,PN_3OGILMOTCASAHFWZ7LANLNVIHPK6TFK7
4032_Ni3Yb.cif,Ni3Yb,I4/mmm,-0.0804497372718122,-0.321798949087249,PN_D3TUVJJAL2VDLZOT2ZBK4S7UIZNLEFCN
4034_Al3In.cif,Al3In,Fm-3m,0.2005794903275313,0.8023179613101252,PN_GL5VDWAELYR7SEVDYF4SQD2GXC4UUVIZ
4035_Na6Pd2.cif,Na6Pd2,I4/mmm,-0.0136777169854349,-0.1094217358834797,PN_FNY4HTF7TF2X7JRXKVGE45X3JOAILIL7
4036_Ca8Br16.cif,Ca8Br16,Fd-3m,-1.8897337814623807,-45.35361075509714,PN_UST54PMXWTQCYK6UMR6FF44C3YAGV5S3
4037_Ga2K2.cif,Ga2K2,Fd-3m,0.085636318940012,0.342545275760048,PN_KKNBNGKLNPG44Z4SNAF6A5ZZ6XUBBTD2
4039_Na3V.cif,Na3V,Pmm2,0.63313957064004,2.53255828256016,PN_26V7P3SPLNYOSUM32I5NO7VZAVTD7EE2
4040_Pt5V.cif,Pt5V,F-43m,0.0882913873411747,0.5297483240470484,PN_FQBKYOLSDAUOA5LYXRM4QBPNY2SV24L3
4041_V4W8.cif,V4W8,Pa-3,1.3927489663079091,16.712987595694912,PN_F5LNNICXUZWR4ZIAS7BAZ65CA5HLHOAU
4042_AlBa5.cif,AlBa5,P4/mmm,-0.0042544079372278,-0.0255264476233669,PN_YW4TCXIWLCFWNFSWT4S7KQUBO37SQR2S
4043_Sr8Bi12.cif,Sr8Bi12,Pnna,-0.7505659320773692,-15.011318641547383,PN_YH24OVQX7GYE24HNNUQDYPZYFBKH75OJ
4044_AlAs3.cif,AlAs3,Fm-3m,0.3084391696072028,1.2337566784288114,PN_Q5JRXTWYRWCU2PFUFV33XMUE3BDQGTVU
4045_KSn3.cif,KSn3,Pm-3m,-0.0577894975721333,-0.2311579902885334,PN_CEMRRFWAZDOE6U5AKVMCYVSFFVO73Q6P
4047_Na4Rh16.cif,Na4Rh16,I23,0.5542941585464085,11.08588317092817,PN_KR3APQHN53QBHT7ZNBQOEZBE4NWGX3NN
4048_GaTh3.cif,GaTh3,Pm-3m,-0.1766899801972616,-0.7067599207890467,PN_LLBSWHNQETW2AZ76GPYEV27Z67YNMQAB
4049_Au3Ni.cif,Au3Ni,Cmmm,0.0700246573522385,0.280098629408954,PN_V5RG5AFSIDSX26HMVBQKIPXYN3VGHDVV
4050_Al8As4.cif,Al8As4,Pa-3,0.1096141093467484,1.315369312160982,PN_77TTOD7ZXEQIXS3QL7ANMRNKXK2OO6DH
4052_Mo18V6.cif,Mo18V6,Pmmn,0.2154315725919993,5.170357742207983,PN_SHPTOPJJAJF2566OUTGROKO4VQVE5D5S
4053_MnTa2.cif,MnTa2,Fmmm,0.0326198714318716,0.1957192285912299,PN_HIFOLGEVNTYXPM6TKROBP73P4RS3ANRB
4054_Al16As8.cif,Al16As8,Fd-3m,0.1657365845596465,3.977678029431516,PN_GKUYUHHXUVHTU44RDL5R2VIYFZVOFPMF
4055_Ni6As4.cif,Ni6As4,Fdd2,-0.1381767844322986,-1.3817678443229866,PN_3QHLVOTXP7S6NTMUXKSTEGLNEBRT4OTS
4056_Nb4Ni.cif,Nb4Ni,Im-3m,0.7399515162667611,3.699757581333806,PN_ZN47XUGNC5SKYHXGHJHW6G4CITTDXY76
4057_SrAs.cif,SrAs,P4/mmm,-0.862153859829148,-3.448615439316592,PN_4LZT2Q32BKM7SHPXJANHYUWMC43XFXLG
4058_Pb2P6.cif,Pb2P6,Pmmn,0.0608281721851131,0.4866253774809053,PN_VZ4UHZ3BIABHGRQ4PXDWJW2SHLK3IWME
4059_VAs5.cif,VAs5,Amm2,0.1273263648936259,0.7639581893617553,PN_LTGGBUCSYXCY3DJ5R4QQLRRLU3DRRWQB
4060_Mn5V.cif,Mn5V,Amm2,0.1339017868412367,0.8034107210474204,PN_JVCLF67JMWEPRZJ3ZRX2KGJYHRRYJXUR
4061_Cu4In16.cif,Cu4In16,I-43m,0.1786766166937521,3.5735323338750438,PN_R6Z4VRQC5BYPZIZK3JC7YVPNM226XZYJ
4062_Fe2Ta2.cif,Fe2Ta2,Imma,-0.0429836756126427,-0.1719347024505708,PN_MEDUBRYJHTU6KQR7ARDTN7U5GRXOWITD
4063_In5Mo.cif,In5Mo,Amm2,0.2891137401028671,1.7346824406172026,PN_W3J23EMGEDYAR5OT3PW4SGDQZJVLPCNJ
4064_Mo4Rh2.cif,Mo4Rh2,Pnnm,0.7288084832143985,4.372850899286391,PN_6UBOOHMKPWMNPJCADGM5TTNSFHAYVII7
4066_PdBi.cif,PdBi,Pm-3m,-0.3015815765160319,-0.6031631530320638,PN_LPP4HTXIQX6ZYMF2BXWDAX6YBZZJZ6TL
4067_Ni4Ge5.cif,Ni4Ge5,I4/mmm,0.1658968720271679,1.4930718482445116,PN_37RYPTMYZDM7ZIM6BTNR7EJQXLLMGQID
4068_Ba5P.cif,Ba5P,F-43m,0.3985963186882178,2.391577912129307,PN_6WTIJBUSDJ6IFL6GIUMWN6JZBYCE5XPE
4069_Mn2Sb2.cif,Mn2Sb2,Cmcm,0.2133661323603402,0.8534645294413608,PN_65ZYGL3CGFLJZVXFSWQL7JQRPECYPAIP
4070_Fe4As.cif,Fe4As,I4/mmm,0.4298662774482622,2.149331387241311,PN_V6HIDZU3Y2YEVGUE76X3N4KD23V2F4P5
4071_KPd5.cif,KPd5,Cmmm,0.2378287882718357,1.4269727296310144,PN_CGAR73FOWQLLMKNG35WOBE4CEVSMHYDZ
4072_Cu24In5.cif,Cu24In5,I-43m,0.0511636891329517,1.4837469848555995,PN_2LBCFEK5YH4DH63N6D6C5I46F6MHWWJN
4073_K2Mo2.cif,K2Mo2,Imma,1.1300388461502564,4.520155384601026,PN_ONIJNO7PUKHEWEY2QC4TZJMZA7PTSHMF
4074_GaPb3.cif,GaPb3,P4/mmm,0.0396178590203546,0.1584714360814185,PN_MWEYW6BZBEZ4KNSXG2SDIMIOUUD6LJ3D
4075_InSr.cif,InSr,Fm-3m,-0.1074781430223197,-0.2149562860446394,PN_4RUZVOXNKEDYNEJXU5OQ3CVWPVRQZQ7Z
4076_Mo4Rh8.cif,Mo4Rh8,I4_1/amd,-0.1778144107156573,-2.133772928587888,PN_5FMOIF2QKAFJ2HKXZ2G7J25WG4AZXXPO
4077_Cu16In4.cif,Cu16In4,I-43m,0.1568465307846374,3.136930615692748,PN_RFSEAIMDOCNNUCUHJXZU7HH2FLH63JPF
4078_Al2As.cif,Al2As,Fm-3m,0.2365133531478314,0.7095400594434942,PN_XR62OSB22CYHWF6E2TVAAW54ZI4INS67
4079_MoSn2.cif,MoSn2,I4/mmm,0.0805992023603892,0.2417976070811676,PN_2UZLJDQ275ZD3JTM6SWAPKDJZZAHBWVM
4080_BaIn.cif,BaIn,Pm-3m,-0.3934987706890727,-1.5739950827562907,PN_KWCXEOV643GEE4MDW3CU3OVCOW6MZOSZ
4081_Mo3W.cif,Mo3W,Cmmm,0.4366388836053136,1.7465555344212549,PN_F3W4WBSQJSNOMCM6JBP43TWBU4MFI56D
4082_Fe6Ta10.cif,Fe6Ta10,I4/mcm,-0.0784120095070566,-1.254592152112906,PN_NMDMDHXSOKBYJKOBLQ3SH7T2UPVQOG7N
4083_Ta2Sb4.cif,Ta2Sb4,Cmcm,0.0578058763603053,0.3468352581618319,PN_G4SUIX2KOAHPX4C5554RTHMUD7TC4LT2
4084_Ga2Mn4.cif,Ga2Mn4,I4_1/amd,0.4832637774343287,2.8995826646059726,PN_HJ52PVZCVL4GIPUW7WAG4EZYS4B5ORHG
4085_Sn8W4.cif,Sn8W4,I4_1/amd,0.4984100343295215,5.9809204119542585,PN_RVLYV5I3SKDIEDSLIRTZJDQNQAZQKQV3
4086_AuNi3.cif,AuNi3,Pmmm,0.0985591715563041,0.3942366862252164,PN_AWVRTYGIIDDQBTTSAU3QYFQFL3C7HUUE
4087_Fe7Ge.cif,Fe7Ge,Fm-3m,0.1567704748029283,1.254163798423427,PN_LTHF5TS5SOL7Z6AIIFAGCTTXMZSPJ3ME
4088_Al3Mo.cif,Al3Mo,Pmmm,-0.1944689772432752,-0.7778759089731011,PN_R7WUPK5WXB5BDNAURMKKSZ6XSLSOQ6ZR
4089_Cu2Sb2.cif,Cu2Sb2,P4/nmm,0.0947745338992556,0.3790981355970224,PN_NLPCGFOMCKGLQNGLWU6HAATUZNJQGTVZ
4090_Ca2Pd.cif,Ca2Pd,I4/mmm,-0.4987472775199446,-2.992483665119668,PN_NV7ZR56F72HG3RCNAKNDSRB6H77FUIQG
4091_Au6Pb10.cif,Au6Pb10,I4/mcm,-0.0606662388242571,-0.9706598211881144,PN_WMXC7W5L23HWZGOBHMGYQQFB73JTQFFK
4092_CaNb4.cif,CaNb4,Im-3m,2.0724527098289203,10.3622635491446,PN_VGNSZQM5OE6Q2BKR5WFTG222BBLQCX6G
4093_CaNp.cif,CaNp,Fm-3m,1.5151227075171736,3.030245415034347,PN_MXVMRMITWHSGGJZ5DKHRPR3A7BGADWK7
4094_Ir2Pb2.cif,Ir2Pb2,Cmcm,0.3368817978345504,1.3475271913382016,PN_JQ3XO2DWSOCEWZIY4PRHMH5EF34CJ2EM
4096_Mn3Sb.cif,Mn3Sb,Immm,0.2143725397026807,0.8574901588107231,PN_LFEBNJUHRIPAPT6NETAAFVZBLDZ5BSQ5
4097_Ca4W4.cif,Ca4W4,P2_13,1.7124751815438843,13.699801452351076,PN_UICZ4JX63OEVCBZKQOQF3Y4LXAOOUXYK
4098_CuW.cif,CuW,F-43m,2.2610068203752807,4.522013640750561,PN_4F5SMQIA7CC7ALODALHI3IXEZLLUNXXU
4099_Pt4V8.cif,Pt4V8,Pnma,-0.2722998168753759,-3.267597802504511,PN_DGGWRWAF47FCWTEB2JZ73WPZYLRWOPW5
4100_NiGe2.cif,NiGe2,I4/mmm,0.0045054710163607,0.0135164130490821,PN_IY3PQLJ26JHULXA2ZKKXPKJM4DBLOG72
4101_Fe2Mo2.cif,Fe2Mo2,P4/nmm,0.1543280102061235,0.6173120408244941,PN_3J45RLMUAT2UT4VMSU6SJFYI3CB55KNS
4102_AgMo.cif,AgMo,Pm-3m,0.9627148163233477,1.9254296326466955,PN_LGHAH62NONLXQCHRS5D7BZJMWR2U7XB4
4103_CaW3.cif,CaW3,Pm-3m,1.1974411247556669,4.789764499022667,PN_6PS6BOGPP2CA26SRCV6LG2F7QLMCSWRU
4104_CrIr.cif,CrIr,Fm-3m,0.71516585690547,1.43033171381094,PN_EU4LDPYODMR3NY6FYHX2QPOZEZZCQXC2
4105_Rh3As.cif,Rh3As,Pmmm,-0.0143576654625379,-0.0574306618501516,PN_5UAY5YYQDTNPQCD4T6FPIY3QEZK7Y5KZ
4106_Mn3W5.cif,Mn3W5,Cmmm,0.1556870506274474,1.2454964050195798,PN_ILUYM3325AKIFXY5Q24PLOCEH27Q4QZQ
4107_CuIn.cif,CuIn,Fm-3m,0.2413165592473523,0.4826331184947046,PN_4UZDLEUOLH6M72FGU2EOR3JO2QJJSPPF
4108_RbTa.cif,RbTa,P-6m2,1.5587009498917554,3.117401899783511,PN_IF2CAJZ3ZJ257EIUAJPZSCXADZ4N6EQQ
4109_Na2Pb2.cif,Na2Pb2,Imma,-0.1562603921855645,-0.6250415687422581,PN_XM27OXHIRFQFB5GV3IMPFSEDTMAXCUFF
4110_Ba5V.cif,Ba5V,Cm,0.5603798148423765,3.3622788890542594,PN_IOV62BZ54CT4IFAJVA5OCPZXN3BWUJJI
4111_Pd2Rb.cif,Pd2Rb,I4/mmm,0.1444467522241363,0.4333402566724089,PN_NPS3SKAT7DJOJUZPXPXHDGEFJVZ4JVLP
4112_Cu2Mo2.cif,Cu2Mo2,Pmmn,0.2552253731582725,1.0209014926330902,PN_BUKCYY6MC3PALY3OK36M4SIZ26AVKB3P
4114_Al2In.cif,Al2In,P4/mmm,0.2284985677949282,0.6854957033847846,PN_2FW6ISKDUUVJHRXCKKH4PSETX2BH6UJK
4116_CaGe3.cif,CaGe3,Fm-3m,-0.0378530245933212,-0.1514120983732851,PN_AIZDRKETN2CJTVZ6C64ZYIBLJJRUGFVT
4117_Mo2Nb2.cif,Mo2Nb2,Cmcm,0.3806547880258044,1.5226191521032175,PN_T754CHGTDODD6GNF57IBM5RN452MXUSW
4118_Al5K4.cif,Al5K4,I4/mmm,0.221806964842009,1.996262683578081,PN_2U22VSZXH2P53Y6LV2WECEZU6ICZZSV6
4119_Cu8Sb4.cif,Cu8Sb4,Pa-3,0.4144417011578489,4.9733004138941865,PN_42ZPOWCKUDREKYALXSABOBN4G6K7NL37
4120_NaP3.cif,NaP3,Cmmm,0.3117392660306839,1.2469570641227357,PN_6YUSHFJIMFKY6M5A366Y66RDO3Q37YUN
4121_Al2Sr6.cif,Al2Sr6,Pmmn,0.03583471460575,0.2866777168460004,PN_44DOL2774XAQNAOBV3EVZOLZF2NB4RDK
4122_Au2Pb4.cif,Au2Pb4,I4_1/amd,0.2124181947602489,1.2745091685614938,PN_HGE3Q4NM27C5SS3JOOB4HMWH64JEOTSX
4123_Al3Ta.cif,Al3Ta,I4/mmm,-0.3367066690608897,-1.346826676243559,PN_7JG6G2OU44KQEW65F7E6ZTUBVGNX45PY
4124_InRh4.cif,InRh4,Im-3m,1.09674590170157,5.4837295085078495,PN_SR6RHGWQ4NIYBOBYQOF3MUXN7ISZIUOV
4126_Ga2Th.cif,Ga2Th,P6/mmm,-0.6637851725451943,-1.9913555176355828,PN_MPIJBPN4VLQXSXAPUMVBJFHIBOFL67M4
4127_Mn8Sb4.cif,Mn8Sb4,Pnma,0.1912105869806796,2.294527043768156,PN_X6RDUKOHL3L2UNN2WTDQBBGTIYCJ22D3
4128_Al5Fe.cif,Al5Fe,Amm2,-0.0528174990306299,-0.3169049941837798,PN_YKGUWIUSHYY5CL3KMX6MVIICRIJI4V2M
4129_Au3Na.cif,Au3Na,P4/mmm,-0.1153779668336403,-0.4615118673345613,PN_XWQC7BXV2RPTSNCEORACIBRVWERZG7GF
4130_W3Sb.cif,W3Sb,Pmm2,0.5330850639774898,2.132340255909959,PN_K6HIACCPJZ2LVWNQ32CAJV7ICOMY2YBC
4131_AuV5.cif,AuV5,F-43m,0.1040210577935312,0.6241263467611873,PN_QAX23LQBCQMFHJ5EWX5LJ2MCC7UUHRLX
4132_Ir6Ta6.cif,Ir6Ta6,Pmma,-0.5934999130302536,-7.121998956363044,PN_O7LRYTUO6JI72ZYBL5BECSXPIK2LWDYD
4133_Sb4Ge2.cif,Sb4Ge2,I4/mcm,0.2734004992760119,1.6404029956560713,PN_EDXAZNLZX6R5X45CT7VIYZQASMPHMTEP
4135_CuYb.cif,CuYb,Pm-3m,-0.2513605341934943,-0.5027210683869887,PN_OTE52B5BCN3TYFHXDGWDDKVIWR5LEQ47
4136_Pb5P.cif,Pb5P,Amm2,0.1470081182557236,0.8820487095343417,PN_XEIQDBUF7TJYYJEVLDI4C5GKBUR7J3DA
4137_Na4P2.cif,Na4P2,Cmc2_1,-0.2091135756894007,-1.2546814541364046,PN_K4ISWHTXRRDVQAWK54UU7BCHI4N7DYSI
4138_Ag4Ba8.cif,Ag4Ba8,Pnma,-0.1623410645895558,-1.9480927750746704,PN_6BJ4RLVI6S6HEK4454LVW6TOX3NJZOX4
4139_In6Rh2.cif,In6Rh2,Pm-3n,-0.0876610181800892,-0.7012881454407136,PN_DSY37QPOJEFXJLVTRAUNPY4ZYL3HNJXS
4140_Ga8Pb.cif,Ga8Pb,I4/mmm,0.0497634616121622,0.4478711545094604,PN_LNWFS5EDCE2V7UJ5FXMJZHAQHGGLPQQR
4141_Au3As.cif,Au3As,Immm,0.1491817017053591,0.5967268068214366,PN_GEPILNB6JIE4UBUDD5JFPRWGKK65TMPZ
4142_Cu8In16.cif,Cu8In16,Fd-3m,0.0794970944309702,1.9079302663432856,PN_RBSMWLK7AQGRFLMRIJFKDU4626KJQDX6
4143_AuSb3.cif,AuSb3,Pm-3m,0.7712758898898024,3.08510355955921,PN_WKZPV7I3OH464LADZXHIEUSKQR35RONC
4144_Nb2As2.cif,Nb2As2,Cmcm,-0.4643435125399362,-1.8573740501597449,PN_3VGV2FM7PRFXSBIFI3M7EOXBSOXKAGGB
4145_Ir4Mn.cif,Ir4Mn,Im-3m,0.9132516606593768,4.566258303296884,PN_QZUPOEAX4FXFCNXXTLTWXLUH5QLHUXT2
4147_GeI.cif,GeI,Pm-3m,0.1217367740047419,0.2434735480094838,PN_53B54PQYUFPLMUMQFR4HJVGOOULN4NHZ
4148_Ba4Ni2.cif,Ba4Ni2,Cmcm,0.1227738676787139,0.7366432060722836,PN_Q7LALGGARLG4WUAJ3OP7ECR7IUL4QWE3
4149_Mo2Ni6.cif,Mo2Ni6,Pmmn,-0.1130121420144583,-0.9040971361156664,PN_24X5AW2JOZF3BI4TTHFKQC2R6ZNBQY7G
4150_AuSb3.cif,AuSb3,Fm-3m,0.22864339001835,0.9145735600734,PN_ZUIQVN2UHHVGC7RGFG3TAN4WSJED2ZS7
4151_MoP5.cif,MoP5,P4/mmm,0.2074013164390062,1.2444078986340372,PN_BPKDRMORHIC5MAS6NOWZOAXXQEYGOWOB
4152_Mo2Rh2.cif,Mo2Rh2,P4/nmm,-0.0742199523069722,-0.2968798092278888,PN_6DEMUK4FYIH6MVG7PDM7CJSLABPYFT4C
4153_Cu2Ni2.cif,Cu2Ni2,Pmmn,0.0196414447752104,0.0785657791008418,PN_XM2BKPVTV2IRCJI7QO6H6AZY5YMSIQMY
4154_CaK.cif,CaK,Fm-3m,0.4978925186275535,0.9957850372551073,PN_2N3A7JLMO2GNVNDBZDZ3CVEGQK5GIOE4
4155_Fe2Ga2.cif,Fe2Ga2,Cmcm,-0.0016789232952305,-0.0067156931809222,PN_UP7FXCMOZ2YZDEKRXHNL356UQER3KEII
4156_GaMn3.cif,GaMn3,Pm-3m,0.208263872388593,0.833055489554372,PN_XBWGQBJN62JKBW5DNFBMDLUTBH3TICIB
4157_Sn4W2.cif,Sn4W2,Cmcm,0.4186146885247837,2.511688131148702,PN_5RTIPOEKYM477ZBGYFOOAAJRKBTANSPS
4158_In4Mn2.cif,In4Mn2,Pnnm,0.3757935799507077,2.2547614797042463,PN_HRQBEDF4LGGGGIB6ATZV5ROC6B6P33L5
4159_InRh.cif,InRh,Pm-3m,-0.4304722861100893,-1.7218891444403577,PN_CH6CIEPKHGVHCJZFMYRZRD6PGDSFBZNR
4160_AuGe.cif,AuGe,P-6m2,-0.0203678673486198,-0.0407357346972396,PN_6IM4K3YYYT2MM2VEEYCYD6PZH3YUN6R6
4161_TaSb3.cif,TaSb3,P4/mmm,0.1410275166388412,0.5641100665553651,PN_NTN5HXRLKXTTE2SEGRPAS2U6NSI6Z3HG
4163_Sn2W4.cif,Sn2W4,Cmcm,0.550858656015072,3.305151936090432,PN_BRJVGUTY6KWGEDYELUCRAWTGYEVIOGY6
4165_Pb2Ta4.cif,Pb2Ta4,I4/mcm,0.7310696243836764,4.386417746302058,PN_TEYHY7R5YDX2N6HOVY744IYAYLYJLGU5
4166_Mn3Ta.cif,Mn3Ta,P4/mmm,0.0919242943004228,0.3676971772016912,PN_YHBQCVKKWBDD4QMBBR5ALCWE5QCZP33C
4167_Fe3Mo4.cif,Fe3Mo4,I4/mmm,0.2261068901686473,1.5827482311805312,PN_LSQWR7TCGDXMMPHOT53MAEGB6B6PE4ZW
4168_Al3Mn.cif,Al3Mn,Pm-3m,0.4621942741946689,1.848777096778676,PN_PZAAKAOXVUAQ5A7EOZDAJL4WWAUAZBPL
4169_Ni2Ta6.cif,Ni2Ta6,Pm-3n,-0.0830495279921201,-0.6643962239369614,PN_2YI4CDEYSUZV7LAPSYGS3KSTPKRMB62Q
4170_CaNb3.cif,CaNb3,Fm-3m,0.649534012542512,2.598136050170048,PN_7MKLROUX73VJ7X6AME37NSOGZFO2DZ6P
4171_Al5Mn24.cif,Al5Mn24,I-43m,-0.1477738051154592,-4.285440348348317,PN_UBHZZAE2GV4IXUGVGFGTVW7TKY3CWSF5
4172_PdP8.cif,PdP8,I4/mmm,0.4356433094713152,3.920789785241837,PN_MXSJB4ZVSLYF7OWDDT7GFV6Z2WW2BL4H
4173_Fe8Ge16.cif,Fe8Ge16,Cmce,-0.0145605955894048,-0.3494542941457155,PN_XO2TLCF2Q3HY6SYGTEDKQR3CHGV62DWY
4176_FePt3.cif,FePt3,Pmmm,0.0727994905894222,0.291197962357689,PN_7DGLXLLRVNKK7ZZHAB6W7GV64QECTRWH
4177_Ca2Sb4.cif,Ca2Sb4,Cmcm,-0.4487941170993181,-2.692764702595909,PN_XPQPQFCBQIC2E7VXY35WUEXQDNIBLFZK
4178_Rh4W2.cif,Rh4W2,I4/mcm,0.1744026382173255,1.0464158293039532,PN_YN6SZ3DWMHQRZV5BLHYNPL54FC6VV4FT
4179_Rh2Sb2.cif,Rh2Sb2,Cmme,-0.180140237805733,-0.7205609512229323,PN_PZVIEDFYFCQF7SHX4FZH6SNZYTHZEA4E
4180_Au6Sb2.cif,Au6Sb2,Pm-3n,0.1268491665292348,1.014793332233879,PN_GAQTEJSTTHLZ2TISEUBPV452WA4QT2K4
4181_TaV.cif,TaV,P-6m2,0.3810899222485702,0.7621798444971404,PN_K35L7B3QHIS7BMBJ52GF4YA2QJDQS6JC
4182_Au3Ta.cif,Au3Ta,I4/mmm,0.0805848578988808,0.3223394315955232,PN_4XWTTLE5OYHCTIRCSUM2X4SV647RNVDE
4183_SnW.cif,SnW,Cmmm,0.763816548221854,1.527633096443708,PN_LCD7D3RK7Y3N3AG64S7FRWS7NOORUX27
4184_Au4V16.cif,Au4V16,I23,0.4755917777020059,9.511835554040118,PN_2YTHL7RXN2GNAFYIAZSZLJGYKXLWVU4Z
4185_Pd3Rb.cif,Pd3Rb,P4/mmm,0.2028508952207026,0.8114035808828106,PN_B546CGU6N4SEAJZKQMXGHABG2SM6VRJX
4186_Na4Pb2.cif,Na4Pb2,Cmcm,-0.1531713600703626,-0.919028160422176,PN_JGXCGVKP5D3VVMP2MZKPFIXIAFMIMFZY
4187_Mn4Sb8.cif,Mn4Sb8,Pa-3,0.3833065550035227,4.599678660042272,PN_DJF4ANDLLW7OG6IBVQESX7FQQVXTEMZD
4188_Ag2Mo2.cif,Ag2Mo2,Pmma,0.5144999072780223,2.057999629112089,PN_GD2DONU25IJTVRJ42MLCI537XRPGEDEQ
4189_KSb3.cif,KSb3,Pmm2,-0.0872071987377549,-0.3488287949510198,PN_552BOCLWCESAJ5TP6TAVKKLHRKH2U7AR
4190_CeBi.cif,CeBi,Pm-3m,-20.51942767497456,-41.03885534994912,PN_RKK3FQOOQGJRWD57TC33G73OEPAICLEW
4191_NpYb.cif,NpYb,P4/mmm,0.5545692761840684,1.1091385523681367,PN_U5CQR5SBZC2OLRY5JCVU6PMIUPYT3R5S
4192_K6Pd2.cif,K6Pd2,Cmcm,0.0987713269920638,0.7901706159365105,PN_5OV4LTNKVFDCZQIOJBGVK77DRI4PRD3I
4193_PbTa3.cif,PbTa3,I4/mmm,0.3900547148183602,1.5602188592734407,PN_235WAXPH4HMXPFXXYZRL2KO5K3D5HWHY
4194_KBr.cif,KBr,Fm-3m,-1.9000790488547985,-3.800158097709597,PN_7DZEPC5U6DRDX3OBKMLU6ZY342JRFCIM
4195_Ni2Sr2.cif,Ni2Sr2,Pmma,0.1953395257108292,0.781358102843317,PN_H7KA3MWO7AJ623BHM6GKXNZCNDOC27LV
4196_Rh2As6.cif,Rh2As6,Pm-3n,0.2374773535485985,1.8998188283887885,PN_Z3DAH3IMV4R7DN4J7J2VSZRGAMDSSXOU
4197_Al5Fe.cif,Al5Fe,Cmmm,-0.0580412148693868,-0.3482472892163208,PN_WAZ7342N42766RNJECIY7TZ3HQ4H3GB5
4198_Sm4Sb8.cif,Sm4Sb8,Cmce,-1.2011228798766862,-14.413474558520235,PN_EZHNPTMURH4JVMETFPSIHTVG6CNHLZBX
4199_Sr3Br.cif,Sr3Br,Immm,-0.6682952205881987,-2.6731808823527947,PN_HBQGMKXNA7JW2BHNJAQRTDB5IB32BBHU
4200_NpSm.cif,NpSm,Pm-3m,0.2745112966388436,0.5490225932776873,PN_GZBCCG7P667D7RA2IKETJJBWKIFB7VVL
4201_V2Br2.cif,V2Br2,Imma,0.2049389206913092,0.819755682765237,PN_6IVKQZWBO7H7C5GRVMDJ2WURWDXFRAPR
4202_V4As2.cif,V4As2,Cmcm,-0.3354524045812148,-2.012714427487289,PN_IB66UJ5OKEOCLMKWIBAU7HO2JW2WAEP7
4203_Ag5Pt5.cif,Ag5Pt5,P1,0.037224391652122,0.3722439165212208,PN_GCK6GMEF7BVWD3H2JFNZHTGWTTD574JA
4204_MnRh3.cif,MnRh3,Pmmm,-0.0543841615570341,-0.2175366462281367,PN_OUWAOHMFGLSNT2U6TM6G2KZGYUX6LS6H
4205_PbSb3.cif,PbSb3,I4/mmm,0.2203488826656587,0.8813955306626351,PN_OLNVUW2ZU7NH7ZGJ6F3D326XN2NYHVPG
4207_Sb8P4.cif,Sb8P4,Pa-3,0.2323574671258956,2.788289605510748,PN_J5JOU32U2BOZIGHGVW3YYEXPG6KX75OP
4208_PdGe2.cif,PdGe2,Immm,-0.0960783464424916,-0.2882350393274748,PN_UTW4UP74QA6PKBQLDRAQG3IVQOKQODMD
4209_Mo2W4.cif,Mo2W4,Cmcm,-0.0028610466844322,-0.0171662801065934,PN_YO2SY7NX3V77Z3WERQHPU6ZCZRXB7JWQ
4210_AgSr3.cif,AgSr3,P4/mmm,-0.1333091971026072,-0.533236788410429,PN_H7JC63VBC2PK6PDCFVASCIB53Z2KPCCX
4211_Fe16W8.cif,Fe16W8,Fd-3m,0.5076754801286446,12.18421152308747,PN_YI46P5JLDINLIBQILE4QYV2ZT5HUQGI4
4213_Nb2W.cif,Nb2W,I4/mmm,-0.0367783325701296,-0.1103349977103889,PN_DA47GTICKB7J77HWYV5OB2LLJOK3NTI5
4214_EuNp.cif,EuNp,P4/mmm,0.5792944707898835,1.158588941579767,PN_WE4COSNGP6XVIQMYACO7VNJW4PURGUS2
4215_Pd2P.cif,Pd2P,I4/mmm,-0.2964587169428299,-0.8893761508284896,PN_BWT7HNF77Z4MLNX4AXWFFTA2DZTJN5AZ
4217_PbP3.cif,PbP3,P4/mmm,0.5421844827604634,2.168737931041853,PN_W7WFUNSSNIQ7Y5WMZA3LKWVS3OOJUIBC
4218_CeU.cif,CeU,Fm-3m,1.1508078708582277,2.3016157417164558,PN_MBNHGDP7M3IERD4R6NXNJ6LZDC4MJ4VE
4219_IrSm3.cif,IrSm3,I4/mmm,-0.5846968306787721,-2.3387873227150884,PN_ZZZ3I7CKU4RWWS5MZBMQRIL5Z6UHPQFB
4220_Au2Mn.cif,Au2Mn,I4/mmm,-0.089335500206479,-0.5360130012388744,PN_E233F6MEEA4WRWYOC7AG3WFO4LLTRHL7
4222_K8As8.cif,K8As8,P2_12_12_1,-0.713846988178084,-11.421551810849344,PN_YFFBZTXWF6Q4RSCGAFQKYMKXH32IQWQC
4223_FeMo2.cif,FeMo2,I4/mmm,0.1637340308112816,0.4912020924338449,PN_PXYKDFQMDXRV4ZFRRD5K4VYSX6UVYFXL
4224_CsMn.cif,CsMn,Fm-3m,1.377763715437709,2.755527430875418,PN_H5RELHGWLI2RN4XREREZFWTOFFRSEJVK
4225_Au2V6.cif,Au2V6,Pm-3n,-0.0374003777432081,-0.2992030219456651,PN_PCFTTKOUUEUDFFMDWRXQJFDQICUHTTGW
4226_Sn3Sb.cif,Sn3Sb,Immm,0.0335006972881908,0.1340027891527633,PN_UCCZEEYYAOO7EEOTF3CFSXLE6BPFOOM3
4227_Mo3Nb.cif,Mo3Nb,Immm,-0.0910283442660997,-0.3641133770643989,PN_IPQIYGWUTTXJ5NPSO6HCPVRGLWV5Y4K7
4228_MoP3.cif,MoP3,P4/mmm,-0.0003381909733004,-0.0013527638932018,PN_4UMFWFMERBBTOOYC2HZYCILGNPNWPVUE
4229_NbPd2.cif,NbPd2,P4/mmm,0.3503046510252652,1.0509139530757956,PN_5MOGD7KDTJ7ICJYFXMFDRZSLVQ6BFQ6M
4230_AuBa.cif,AuBa,Pm-3m,-0.7055677220240955,-1.411135444048191,PN_YIPVKVNR4PWD2IKONACRRXMUDNPZRVE7
4231_Fe2Bi6.cif,Fe2Bi6,P6_3/mmc,0.3530065572768315,2.824052458214652,PN_O6L34JGLLULJLQ7HABNJPVBOZ7KZMNNK
4232_Ir2Ni2.cif,Ir2Ni2,Imma,0.1240748108296081,0.4962992433184325,PN_6GEJDXKP52X32JGWKPRX2MN5LU6EFHMU
4233_CaW3.cif,CaW3,Fm-3m,0.877911644159294,3.511646576637176,PN_3LXZB4A7MUWNHBHNLR73OJICBTULSH7O
4234_Ag3Na5.cif,Ag3Na5,Cmmm,-0.0012180582987706,-0.0097444663901651,PN_LMPBIK2WD5BFFXXXC3G72W2YGXOMBZ34
4236_Mo3P.cif,Mo3P,P4/mmm,0.0348839204519695,0.1395356818078781,PN_PTUTPRWQQTI2ZBFTSO5BWUBHJN7MLH6J
4237_Mn3Sb.cif,Mn3Sb,Pm-3m,0.1085140340628285,0.4340561362513142,PN_5BD3AGGSYSDB4QFWZD2SGEFEO2ACPXBJ
4238_Sr3Ta.cif,Sr3Ta,I4/mmm,0.8742473959707291,3.4969895838829164,PN_MXRCV6Z7QB3HJZVRD7EORIVLN6YCACZA
4239_Fe2Nb2.cif,Fe2Nb2,Imma,0.0324283104462974,0.1297132417851898,PN_EDZI6SFYDQZ2F4CFC3RGG5YYGH7Y3MBX
4240_Au8Rh4.cif,Au8Rh4,Pnma,0.1711982711978444,2.0543792543741333,PN_WQSI7U6EOVNJ7VG7JTN5EIMKFUA2SPJE
4241_PtV5.cif,PtV5,F-43m,-0.0809234845314452,-0.4855409071886711,PN_SUXWLCESGK3UOAII2AF6YZN2B5FM24RS
4242_Ir3Ni.cif,Ir3Ni,Imm2,0.047391822307901,0.1895672892316042,PN_7TDPQLIJOISUZRYMARN62UY5D5JRIIFX
4243_AgIr3.cif,AgIr3,Pm-3m,3.4604658513367634,13.841863405347054,PN_ELILCPDEK2HYOZSZRCJUU3FLYAKFMWQ7
4244_Cu2Mn.cif,Cu2Mn,Immm,0.4952616009620237,2.9715696057721424,PN_QK2L2O3543XG6K5TCHCDVF5SF4BNDIZG
4245_AuW4.cif,AuW4,I4/m,0.4205974914697705,2.1029874573488527,PN_J4KARSFU7LD4UDJFYC7BRKZM5SRUA2GX
4246_MnRh3.cif,MnRh3,P4/mmm,0.0642769134889844,0.2571076539559378,PN_6O3A6QW7HWHM6P64G4ZJ36OAUJSGG2KJ
4247_Pt2V.cif,Pt2V,Immm,-0.5499976049611442,-3.2999856297668657,PN_2TNLEVDKPDGMACWBZLA64YZE72ZECM6T
4248_AuRh.cif,AuRh,Pm-3m,0.2785169400110483,0.5570338800220966,PN_YUQIFIROLSOKJICIDHXDRE5EONYTRABK
4249_Ba4Ca2.cif,Ba4Ca2,Cmcm,0.0320475488332038,0.1922852929992231,PN_VR27BED4J3FH36RWANN7Q2V5YKNG3N4Q
4251_AlCu3.cif,AlCu3,Imm2,-0.1649203732823112,-0.659681493129245,PN_IN4WEME2PUFTI5NUQGJDLR4N3RPL6LTP
4252_Au2Ge4.cif,Au2Ge4,I4/mcm,0.152505619377352,0.9150337162641122,PN_H5WYVLMZ7NWKHEL4B4GFSPVXPOG42MLG
4253_CaBi.cif,CaBi,P-6m2,-0.6500097699602416,-1.3000195399204832,PN_ZWHEBD6OHPQVRHYSMGDKW6W5NQZG5YKJ
4256_Fe2Sb2.cif,Fe2Sb2,Imma,0.4179474835499421,1.6717899341997686,PN_LFB4WLXCYM5KBA7AKQTPNVBHHDT5Q5LI
4257_Al5Ni.cif,Al5Ni,Amm2,-0.1007123025640458,-0.6042738153842748,PN_274JYG6ZKFTDHSBBWE7JGF65GS2C2A3D
4259_MoW.cif,MoW,Pm-3m,-0.0115632644363721,-0.0462530577454884,PN_SLTHCVETGHH62WOYHZYGFNPGLXSXYUEQ
4260_Mo4W16.cif,Mo4W16,I-43m,0.9989554266022864,19.97910853204573,PN_J4DX4AXOAQSIKMUISRHGH7Q3GRY5NKW6
4261_Ba2P.cif,Ba2P,I4/mmm,-0.7444133013472781,-2.2332399040418345,PN_XH2SKTNIUUWXBBEVIOGZDV3GCQOAPMXT
4262_Ag2Sr.cif,Ag2Sr,I4/mmm,-0.1945276093546164,-0.5835828280638493,PN_EE4XMSSY6OWIC726DI52WO3VDJZIPU4G
4263_MoBr3.cif,MoBr3,Imm2,-0.3920457264089467,-1.568182905635787,PN_2SFKWWB6EDSONFLSOZEJJLZTEZM2444Y
4264_Ba2Ni6.cif,Ba2Ni6,I4/mmm,0.6240558499667035,4.992446799733628,PN_LGKDLJOGGYNDXW7NJ2CBIMUSCJQ3XLGL
4265_IrMo3.cif,IrMo3,Cmmm,0.0075335950078798,0.0301343800315194,PN_7M7AIP7XERFXINP4MGEDYP322MSD2RLJ
4266_Ba3Ge.cif,Ba3Ge,P4/mmm,-0.2287610492721032,-0.9150441970884132,PN_M4TO54ZUKP67WAASBJ2BZK4ZVVDMFZ4R
4267_In4W8.cif,In4W8,Pnma,0.5404186690897484,6.485024029076982,PN_CSNXZIPU5QOJFWH7RKAXEQWEMP4ICLXH
4268_AuNi2.cif,AuNi2,Immm,0.1135973976274199,0.3407921928822599,PN_DT6QMJPQOASQDXHJDVRLBES2JZB46S2Z
4269_Mo2V6.cif,Mo2V6,Cmcm,-0.0734245459992521,-0.5873963679940175,PN_DQQCZO3BCOEQOOIEA575G5G3S6ZA2UB6
4270_MnBr2.cif,MnBr2,P-3m1,-0.985413620866448,-2.956240862599344,PN_LA5BVNWMRHC5U66MJUUU2YA6YTJLOCQC
4271_RbW.cif,RbW,F-43m,3.473318277164075,6.94663655432815,PN_D77AQY4FRQVW2HU35TP2LCWHVJT6MFBY
4273_Fe8W4.cif,Fe8W4,Pa-3,1.27481575434075,15.297789052089,PN_A7QS6WPIEZAJGTIAX4JQ6Q7BXIDVHTY5
4274_Ta2P4.cif,Ta2P4,I4/mcm,-0.5957414793266563,-3.5744488759599378,PN_SVMZ7NQ7SLRCR62BWP5WZGFEFYE5CPLN
4275_V8As16.cif,V8As16,Fd-3m,0.0624888650882127,1.4997327621171053,PN_K3CSYDLCHUJI4INLZF22A4OPZQUHLCV4
4276_ThBr.cif,ThBr,F-43m,-0.1704102825568485,-0.340820565113697,PN_JRF27EGBR3IOG22DKTIYSXK2KGM2LEVB
4277_CuTa3.cif,CuTa3,Immm,0.1501830417095071,0.6007321668380285,PN_PE7ELZFLJ7RIZEGGHRLMTA3PXJU3B7ON
4278_Fe4W2.cif,Fe4W2,Fd-3m,-0.0117364097206985,-0.0704184583241911,PN_RPMRFKPU6SABBE6MCQDRBNNDBDIRYSHH
4279_Al10Ta20.cif,Al10Ta20,P4_2/mnm,-0.0910167770230183,-2.730503310690551,PN_L7FYUBZZ7PHKCE6SI7UF6GHA4LQUKKDL
4281_AlSn.cif,AlSn,Fm-3m,0.0668889507328112,0.1337779014656224,PN_BVM2MLANGBPGBCXZB4BX7WVXLEFEEOHX
4283_MoW5.cif,MoW5,Cmmm,0.0012216927512819,0.0073301565076917,PN_AGCYGWDB7I3B3P2JPTVNXXC6UZIBNWZV
4284_In2Mn.cif,In2Mn,I4/mmm,0.2163870694935195,0.6491612084805585,PN_XWTHFLL7M4W5I6LEQNT44TYHJDVWFRTI
4285_AcBr.cif,AcBr,P-6m2,-1.339549648914408,-2.679099297828816,PN_7R6ETICAL4AKO4XTU4FTOEKB3UVRYDIO
4286_Ba4W2.cif,Ba4W2,Pnnm,1.4642914263667777,8.785748558200666,PN_SQ24GJM6XI2OCZA32QVBIHRWTP7XVOMN
4287_AuYb.cif,AuYb,Pm-3m,-1.0277863141157448,-2.0555726282314897,PN_5LI6P6QV5LLY6NAF3XLBI7Q6EGQNFPGV
4288_K32Ge32.cif,K32Ge32,P-43n,-0.2314262604501489,-14.81128066880953,PN_IL3SMRWMPTOYXM2YE5QB376C66AWVHRI
4289_Mo2W2.cif,Mo2W2,Fd-3m,-0.0119251779004159,-0.0477007116016636,PN_KZJDQRMHCUQRXIIOWV2NI45PTKNFKU5L
4290_MoBr.cif,MoBr,Cmmm,0.9804332898592608,1.9608665797185212,PN_GVCIOG2JKBU2W3TJ5DELX2QPUD5DMHGF
4291_Au6Mn2.cif,Au6Mn2,I4/mmm,-0.0405193873597822,-0.3241550988782578,PN_34UJ3OS74EV63IYTWIIA7L67OXYIQ27G
4292_KP2.cif,KP2,Fm-3m,1.0624264301844708,3.1872792905534126,PN_HKC6CKZOW3GJEERUVS5PW7LLWDPDWGVT
4293_Cr2As4.cif,Cr2As4,C2/m,-0.4620956065782605,-2.772573639469563,PN_PHWJQYP5RAJNUXHRDIK4E6OZLZ2UWMOE
4294_AuAs5.cif,AuAs5,Cmmm,0.4915406082243644,2.9492436493461867,PN_3CEKFBLETIWEF6632ZISJVWT2GQOOSMM
4295_Ba5Rh.cif,Ba5Rh,Cmmm,0.0985829817622795,0.5914978905736774,PN_4I6MTAYCSIVBUFZFO4ODN2NTSTQ2ZZ4U
4296_Ca2Br2.cif,Ca2Br2,Fd-3m,-0.6922187046404753,-2.768874818561901,PN_QD3BM46HCWCIUMO4AVKI4GGAQSEYAMYZ
4297_MoW5.cif,MoW5,F-43m,0.4405019749326466,2.6430118495958794,PN_MXZTZDGUWK7XMKRJ3LJNWCHF55XG7XEP
4298_Ga2Ge6.cif,Ga2Ge6,Pmmn,0.2415807844033328,1.9326462752266629,PN_3Z6BGOUJYSZUSUBSU3T4RGJBLCD4OU5N
4299_BaPa.cif,BaPa,Fm-3m,1.4410187630840787,2.882037526168157,PN_ZVAQRDXWQF32XTWOEQ7AP6FKM5BIBCBV
4300_RhW4.cif,RhW4,I4/mmm,1.1430705070741864,5.715352535370933,PN_LCCMVHBYZHR5JEM355ISNODYJNTAHGTJ
4301_Rh2As4.cif,Rh2As4,Cmcm,-0.1859461427662717,-1.1156768565976307,PN_XVDJMCEOVOIDXYCHJSPNEPTMLF5YBAI3
4302_AuRh3.cif,AuRh3,Pmmm,0.1418375503469873,0.5673502013879492,PN_R5WF4QADNW4SY4TCKNFTBUTGGW6ZVO77
4303_Mn2Rh2.cif,Mn2Rh2,P4/nmm,1.0151847718994276,4.06073908759771,PN_Y6K37OGC3WNJ3CNBCRE777VOMUFUT6TP
4304_InPd.cif,InPd,P-6m2,-0.4227868516602266,-0.8455737033204533,PN_YYDOFM6WEQE3KP3XCNKAHWWEY5CTPGYH
4305_K3V.cif,K3V,Pmm2,0.8623195553608953,3.4492782214435813,PN_LYT7ZKAGZ5JMSV2XS5MIG7SILAH22ZY5
4306_Au3Nb.cif,Au3Nb,C2/m,-0.0066006916361915,-0.0264027665447663,PN_7BQWQD6RVZEXT5FP4HZWQU4ZGQYFIOBK
4307_Al2Mn4.cif,Al2Mn4,I4_1/amd,0.3858038264970271,2.3148229589821625,PN_MVARNSI3UORAM3BBYHYHH4ZJUZOQ4LXF
4308_SrBr.cif,SrBr,P-6m2,-1.4833767957406825,-2.9667535914813645,PN_KXQJGMUX5LJG6LDNAYWYPSXXYHR7AT3J
4309_Ca2Mo2.cif,Ca2Mo2,Imma,0.4960835738562963,1.9843342954251848,PN_YXK2SEPMGYSPHQGTH2SVYNAGMUKHFFPD
4310_NaTa.cif,NaTa,P4/mmm,1.0824819908627168,2.1649639817254336,PN_2OY7X2J5JQYVGQFJFBWJ3ARJHJ5KUPOX
4311_CeSm.cif,CeSm,Fm-3m,0.2714352747135438,0.5428705494270876,PN_BBZDPIOIKOVGYSDMFRKAEYZVB2BMGH4B
4312_Rh3Ta.cif,Rh3Ta,Pmm2,-0.4051768741573873,-1.6207074966295494,PN_ARG6IVD2G6RGLK2TQXAF6XEKR5O3I6KX
4313_Ag2Al4.cif,Ag2Al4,Fd-3m,0.1908437062868871,1.1450622377213229,PN_3DLI5IMS5NA2ZSAB2W2V6FATEIPJCPXZ
4314_Mo3V.cif,Mo3V,Pm-3m,0.3792234579534757,1.5168938318139027,PN_PJ5QZKXU3GSONGAT6PZG42IJCYTI5XKM
4315_Cu3Ta.cif,Cu3Ta,Immm,0.2003392939363832,0.8013571757455331,PN_RJEXFCKBDSNXWWG2X42LAPMITLPGU4LT
4316_Ag4Nb2.cif,Ag4Nb2,Cm,0.2673313436111317,1.60398806166679,PN_XJ2ONVKD5ABIGEB6QVKQLVMMIDQWTCAJ
4317_AcNp.cif,AcNp,P-6m2,0.6797853292709606,1.3595706585419212,PN_XYDGIPTL5AM36PTSU7YPJ5JW5VWT2TRI
4318_Pd8Sn16.cif,Pd8Sn16,I4_1/acd,-0.5596961660742501,-13.432707985782002,PN_UADEO3FSARQPSAGVMTJKU7QGMVISKWMA
4319_TaSb3.cif,TaSb3,Cmmm,0.4794987944840185,1.9179951779360744,PN_B63LULYGIOA4QGPHR5EXBWGV2LYAEKJX
4320_MoW2.cif,MoW2,Immm,0.4640619945655662,1.3921859836966988,PN_5TL4346VPT4NO6IJGCEI2T7VAPARK33E
4321_K2Sn6.cif,K2Sn6,Pm-3n,0.0649611003597767,0.5196888028782141,PN_LFABJ6P3SLFSXG7X775PNXTA5FL77SBG
4322_Au4Na2.cif,Au4Na2,Fd-3m,-0.3609220344025997,-2.165532206415598,PN_KEDZU5ZK2ZH4HERQDW5YVZ47EBUOP4TG
4323_CaNb3.cif,CaNb3,Pm-3m,0.7504422563504267,3.001769025401707,PN_HPAHOS27DIGUVGZNFXENC7Z3KAJJGEVQ
4324_Au4Ba2.cif,Au4Ba2,Pnnm,-0.5351719339405504,-3.211031603643302,PN_J35J5UUO3TOU6QXBKQO3R3L37EWY7VJS
4325_VAs7.cif,VAs7,Fm-3m,0.4766247840716735,3.812998272573388,PN_45QA64OLSVFQCWP45WVJU4FTPXG5KILP
4326_Nb3Ni.cif,Nb3Ni,Fm-3m,0.0207120814794556,0.0828483259178227,PN_5CUQO7UR3YBPP66KN5FLAWDARK75C3FH
4328_Na5Pb.cif,Na5Pb,Cmmm,-0.0854004033022069,-0.5124024198132417,PN_WERVN6UPIPQDGE4TLPX7GL6RWCXTAVQL
4329_Mo2P.cif,Mo2P,I4/mmm,-0.2007091096885993,-0.602127329065798,PN_FA7RIOEUFFHF3JHCFTKWCZH3XIP2SOT3
4330_Rh3Ta.cif,Rh3Ta,Imm2,-0.3658550965484686,-1.4634203861938744,PN_AALGSWBNQML5C5IOUMNJ3FGTIZQLFMYR
4331_Fe3Ge.cif,Fe3Ge,Pm-3m,-0.1030593229876171,-0.4122372919504684,PN_EMVTA4BMCGC2P6KM4GNBAMH5ZL5NZAGX
4333_CuSb3.cif,CuSb3,P4/mmm,0.2871325776202331,1.1485303104809326,PN_DUH3H6EDYZ3L6MT3CNU625D4VZQD24LN
4334_Fe3K.cif,Fe3K,Fm-3m,1.8156021498517223,7.262408599406889,PN_YPZZIXZ7AMGC4MWIODRODQQDGH3R7JI6
4335_In16Sn4.cif,In16Sn4,I-43m,0.0915696363380483,1.831392726760967,PN_YMK5QQNFXFNR3UDH4DXVIG2JDGMNXN2M
4336_Al12As17.cif,Al12As17,I-43m,0.0631815920846978,1.8322661704562364,PN_5BMONQ23NICZ72WRMUUE7CXKGPPIOY5V
4337_VP3.cif,VP3,Pm-3m,0.3957803432569173,1.5831213730276694,PN_BABULJ3C2E7O2RCYUHN2AY55TWU5L6EA
4339_W2P2.cif,W2P2,I4_1/amd,0.2953934385766779,1.1815737543067115,PN_VENUASUODLPWVEVTYRYYDZZSQHDCWMII
4340_Mo12Rh12.cif,Mo12Rh12,Pbcm,-0.0368725320621348,-0.8849407694912372,PN_Q37POYUMPBNHO5H4FAZVQBWPJLMZH7R2
4341_InSn.cif,InSn,Pm-3m,-0.0829382529904796,-0.1658765059809592,PN_5HGPTTWCGGUZ5Y4CN4ZW6N3YAUB2F7OD
4343_FeNb.cif,FeNb,P-6m2,0.3091984780758707,0.6183969561517415,PN_RJ45ZHCKHMVHMMRQEQRJCHYGZX3XI5A5
4345_KV3.cif,KV3,Imm2,1.2695272567403224,5.07810902696129,PN_WGUIOAUCMPIJ7ZNHXKCMO3TAMGC6X2PL
4346_AuV.cif,AuV,P4/mmm,0.1783313605397838,0.3566627210795676,PN_I2DCCB3IGTTKJ7LSU4KPLPGLHPW3N4ND
4347_Cu3Br.cif,Cu3Br,Pmm2,0.1835211112072219,0.7340844448288877,PN_MTN7MZ4GKAUMIA3LJBVU4J2ZMRPIQPEC
4349_Au2Ni2.cif,Au2Ni2,Cmcm,0.1379700411721982,0.551880164688793,PN_FPG4DSJGEUT5D3T5PQ65VPW3C2SVCTW2
4350_BaRh3.cif,BaRh3,P4/mmm,0.3275921122123266,1.3103684488493066,PN_DDOEWGW7T7KTPTVPDL4BS6YAMLNSTVYF
4352_Ba7P.cif,Ba7P,Fm-3m,0.046327332024564,0.3706186561965126,PN_OMB7AHXU6JLMEWEHP6SEAHHUOD2TZKOS
4353_Fe3Bi.cif,Fe3Bi,Pm-3m,0.3277642144979555,1.3110568579918225,PN_6BOIJR5T4EPVVJEQNHTJ6O72PXUQFUGA
4354_Mo6Rh18.cif,Mo6Rh18,Pmmn,-0.182751220239588,-4.386029285750112,PN_MZ2QYAHGNE52KQZ2WPEAO67VND6BM2TI
4355_Fe5Sb3.cif,Fe5Sb3,Cmmm,0.3266920626745477,2.613536501396382,PN_LQATZ6TORX2VQHGXBNGXUTC32XFVLMWE
4356_Au2Fe2.cif,Au2Fe2,Pmmn,0.2273726575768231,0.9094906303072924,PN_3U7V4AQ23OJMEZRX3Y6ODE4A7C4SZTB3
4357_Cu4Ir.cif,Cu4Ir,I4/mmm,0.4572899932894181,2.2864499664470905,PN_VPXMQ2SI2HONSGSETS4YUZMFDY6M3Z3B
4358_MoPd.cif,MoPd,P4/mmm,0.0242015109187416,0.0968060436749667,PN_D7YLWGC5DYTXMOLN4KBI4QVMGW6MGXJ2
4359_Mn4W2.cif,Mn4W2,Cmcm,0.2035748244125805,1.2214489464754834,PN_JGMRXYQSDWOIGOWJPIB3G5J2SQOHLBBE
4360_EuNb.cif,EuNb,P-6m2,0.6517027106079185,1.303405421215837,PN_LX2GDE6UOBVHXALPIPNGCIG7Y2KUHFAG
4361_PbGe2.cif,PbGe2,I4/mmm,0.2158120200137189,0.6474360600411568,PN_JZSVXSJI4OKQQ7M7SEFCYQRQZRG3ZDX3
4363_Al3Ni.cif,Al3Ni,Imm2,-0.2242332681677492,-0.896933072670997,PN_Y6YVX75OYZGMMCX6CRXHIYXVNQCZYL26
4366_PbGe.cif,PbGe,P4/mmm,0.229419473115144,0.458838946230288,PN_L2LEEVQR26USKGERUAIDCPGXL3J5UGVI
4367_Mo17Pd12.cif,Mo17Pd12,I-43m,0.2563564100439517,7.4343358912746,PN_CJJAHL554BMMCURHIOZD5LMGGJ4Q43IF
4368_Rh4Ge2.cif,Rh4Ge2,Cmcm,-0.2143445395982084,-1.2860672375892506,PN_C3TYTAPO4U24VAQHCSKVAJXAER53UCA5
4369_Rh3Sb.cif,Rh3Sb,Immm,-0.2063562446620768,-0.8254249786483072,PN_UIN3MFTCOQ4YSQ5QD7N4AUPBJPVE7DGM
4370_Pb6Sb18.cif,Pb6Sb18,Pmmn,0.1200002632881756,2.880006318916216,PN_DBFAD7CMRE6X5C5BSQEZWL2AJ5R5QW6Z
4371_Au4Fe.cif,Au4Fe,I4/m,0.0940818174179668,0.4704090870898341,PN_74R4WQG4D74L246UBHLS5PY232MKESU2
4372_Ca2As6.cif,Ca2As6,P-1,-0.953861079987993,-7.630888639903944,PN_ZSLEFDX2TZPHP6Z3NEHEZJMWBKCVDK63
4373_Fe3W.cif,Fe3W,Fm-3m,0.042603553216491,0.170414212865964,PN_BXCXN7MPCYDYBKIIRCZ6TMEJZ4PPPED5
4374_BaAs.cif,BaAs,Fm-3m,-0.9919125426882248,-1.9838250853764492,PN_6ZUNZ43Z5JRI7WQC5KWLBNRVHGHFDGDZ
4375_Fe17Th2.cif,Fe17Th2,R-3m,-0.076958604803849,-1.4622134912731326,PN_5I7VAO6MQEMDABI5NW63RMALYZ3CWNXU
4376_MnPd3.cif,MnPd3,Imm2,-0.1615328336668762,-0.6461313346675048,PN_4HCUXHNVRVFAQ6NZLKRY5EHMUP4RMACJ
4377_Au2As4.cif,Au2As4,Pnnm,0.0144955617245739,0.0869733703474437,PN_BGTIPTN56GKQVOY5MB354NNOX47SYZHD
4378_Pt24W5.cif,Pt24W5,I-43m,0.0324795520625949,0.9419070098152532,PN_DSHLKBWTHJSGS5WPRYLLKW7FE7N5ZLRY
4379_Pt2As4.cif,Pt2As4,Pnnm,-0.4910888935308979,-2.946533361185388,PN_KFK4QZ4MIDBYLQEU3TXY6BPSUEHI7LSB
4380_MoPd4.cif,MoPd4,Im-3m,0.6319045285055118,3.159522642527559,PN_565RU7PH2ASBUE27ZQI3I445W5UFLLBO
4381_Ba3Ga5.cif,Ba3Ga5,Cmmm,-0.1704261584929725,-1.36340926794378,PN_BMOFMWD2245QQVA4CIBAJBCHIWTZZJCL
4382_V18W6.cif,V18W6,Pmmn,0.1444451908513369,3.466684580432087,PN_XL3H33APFRPHKDM563D7DRD7MNXXJLP4
4384_Al3Cs.cif,Al3Cs,Pm-3m,0.8151148327681543,3.2604593310726173,PN_DMGUQB7LFHFUTSLZABZN2LGFVXVTRZ3T
4385_Cu4K8.cif,Cu4K8,Pa-3,0.3554414266929508,4.2652971203154095,PN_MWAG4ZI6CIVLSAA6ADGN6V2ZKGQSUD2D
4386_AgSn3.cif,AgSn3,P4/mmm,0.00321990824178,0.0128796329671203,PN_N45X6KUZIVOYCMNHUXADGSYDW63DPWEN
4387_Nb2Ni4.cif,Nb2Ni4,I4_1/amd,0.0333005873831287,0.1998035242987725,PN_2SZAGIBCTUKG2XQJTUZG4GVHLM44LQBU
4388_CuBr3.cif,CuBr3,Pmm2,0.0078963335368147,0.0315853341472589,PN_AP425QELAPHENEAFRK35UV26K5ONP5UG
4389_Ni12Sr4.cif,Ni12Sr4,Pnma,0.0600111016735347,0.9601776267765558,PN_24TQZ5XCFGSJQ7IQAS532EWGRNWNMOWZ
4390_Ga13Nb5.cif,Ga13Nb5,Cmmm,-0.3496700897289181,-6.294061615120526,PN_H2Y42YEWUN6U7CG2F7WDU2KB6W5FSMOI
4391_Eu4I8.cif,Eu4I8,P2_1/c,-1.877240265112853,-22.52688318135424,PN_SOLVCMG7PB74N4QNWJIMRM2Z2IQEADKW
4392_V6W18.cif,V6W18,Pmmn,0.4443461860250674,10.664308464601618,PN_RWA6TN6EONL5QCVDOY47P2MB74VISCBW
4393_In5Sb.cif,In5Sb,P4/mmm,0.0245841235107479,0.1475047410644876,PN_CAJBG6W326GWXKBZYABLMTL2MAENTPFS
4394_In3Mn.cif,In3Mn,Cmmm,0.2284877334658102,0.9139509338632408,PN_T43TQGRCAWNDANSCFQ2XC7I2RBFTWKT2
4395_Au2Fe4.cif,Au2Fe4,I4/mcm,0.4657313841943183,2.79438830516591,PN_CCBQDFWMWJOUG7POSFHG7EJKQPGFONE2
4396_EuTa.cif,EuTa,Fm-3m,1.9821528238551585,3.964305647710317,PN_UPU4W4YXJJRMUJHEPWFANDJ6T2L7UCYS
4397_KGe3.cif,KGe3,Immm,0.2251137099133981,0.9004548396535927,PN_6AUCTW44DWLTIAPUQ2YLW7D5EZFTFF6N
4399_PdTa.cif,PdTa,P4/mmm,-0.2949298433654892,-1.1797193734619569,PN_KDWH4W7RPIPWCDEJJHJ5YXQVEHZ2L267
4400_Ag12P17.cif,Ag12P17,I-43m,0.120738424806306,3.5014143193828744,PN_UPSZI3BSPL3ZIDKZUGOE67C2YN2K6RZS
4401_BaP3.cif,BaP3,Pm-3m,1.7239127617203445,6.895651046881378,PN_RJ44AV7HTPOA3YTSFDQLGM2IMSZJ2PXR
4402_Ba4Rh2.cif,Ba4Rh2,Cmcm,-0.0327557695338812,-0.1965346172032873,PN_XIJGINGNP6QYBOGAK2F2WHYDQV2RFLKV
4403_Al2Cu4.cif,Al2Cu4,Cmcm,-0.0829668452392239,-0.4978010714353438,PN_P5MGHQOTFKF4Z7DQ6MXVRKTDQO4OPZYC
4404_FeGe3.cif,FeGe3,Pm-3m,0.5245141898888992,2.098056759555597,PN_GR4K7HHIDAUFG7GFDEOBD7QY57ENWGP4
4405_Al3Ca.cif,Al3Ca,Pm-3m,-0.1485498107579226,-0.5941992430316905,PN_VVHFIBVP7KLL7XKT562USHQ3BSIXSG3C
4406_Al17As12.cif,Al17As12,I-43m,0.0187716242959471,0.5443771045824661,PN_O5R5U522KHAEZB3GOQBXEGPT3F64VYNO
4407_Cu17In12.cif,Cu17In12,I-43m,0.2514156314578594,7.291053312277924,PN_XS73KASPVFXOPMXR7CWUZ6B4ASZRROCT
4409_CeCu5.cif,CeCu5,P6/mmm,-0.1502946904905435,-0.9017681429432614,PN_SKMMGELHHWFBIU7T7AVTRCVPVL4HFWAO
4410_Rh2W2.cif,Rh2W2,Pmma,-0.1634060966863391,-0.6536243867453564,PN_A7WFSHLW4WG7WIFB3XND5VVGS6UR3CUC
4412_MoW3.cif,MoW3,Pmm2,0.4838752111837507,1.935500844735003,PN_MUTN7PIQBCAWUPES3M2A4KU2XKBVRE53
4413_MoW2.cif,MoW2,I4/mmm,-0.0054168026914638,-0.0162504080743914,PN_KVGFN327EPUDHKCXS777PPWUW4XRNGNI
4414_Fe3Br.cif,Fe3Br,Pmmm,0.8483269798622297,3.393307919448919,PN_XBV354AQKXLQDKC7VPY2OLAEQIPGUXCI
4415_AlMo.cif,AlMo,Pm-3m,0.076944126559888,0.153888253119776,PN_IVWTLC6LGEYAFLHFW2J4JL6EFSVZ3VJ6
4416_Ca4Ge.cif,Ca4Ge,Im-3m,-0.1180823670313536,-0.5904118351567682,PN_MAP4C6TYXZYWHAJLNPWJIAEAA6QDPBCL
4417_Na4Sr.cif,Na4Sr,Im-3m,0.3768492047214097,1.8842460236070488,PN_KYPYIAAOXEBLLFRQV2BFNNWF5OCZF4H6
4418_Ag4Sr2.cif,Ag4Sr2,Fd-3m,-0.2252556994140283,-1.3515341964841705,PN_FI2XTCS4FZSHA5654GU3NWETH2CWDY6M
4419_Au3P4.cif,Au3P4,I4/mmm,0.0064831113172161,0.0453817792205129,PN_FGU6BUF6OO3KP4TVPVQNPLCWWFBWADAQ
4420_Ir2Mn44.cif,Ir2Mn44,Fd-3m,0.1065903814918346,4.903157548624392,PN_ZU6KDNUJTC5YNNGNBUJJSXLLEN6MTMNT
4421_PAs3.cif,PAs3,Immm,0.4020973050781125,1.60838922031245,PN_YCBQOZYHXDD2RYLUCBGD5UCVDBZ6CHYU
4423_Ni3P.cif,Ni3P,Immm,-0.3095052203257662,-1.2380208813030649,PN_HCGEZW6SRAKYFONS56W7J7P576WGU7IL
4424_Au2Sb2.cif,Au2Sb2,Fd-3m,0.2069522440366871,0.8278089761467484,PN_HISNHGLWVY45XNQXNC2WVKUGEUZ6JKYQ
4425_In2Nb.cif,In2Nb,Fm-3m,0.5931966225101638,7.118359470121966,PN_XTKHY27AAY76F2CJJRKRBM52G6Z6JJNR
4426_Pd6P2.cif,Pd6P2,Cmcm,-0.0517859647767435,-0.4142877182139486,PN_G76FXHS6GYLBVG52ZDN64WWIUC22FFMO
4427_FeMn5.cif,FeMn5,F-43m,0.1748406066285154,1.0490436397710925,PN_7QI2XUFK7KWYHXGSEKHK3FJFWMOUKOU5
4428_NaSb3.cif,NaSb3,Immm,-0.0525864033552427,-0.2103456134209711,PN_QA326HUN6WXIJLAPNUOMSMYGIC44LKFS
4429_MoYb.cif,MoYb,P4/mmm,0.5927353378973717,1.1854706757947433,PN_JTYQCFU7SIAUENMCMUEZZKWNJHCOSJDD
4430_Au2V2.cif,Au2V2,P4/nmm,0.0249428442236858,0.0997713768947434,PN_5EID3Y6U6BJWFACVKO6CWGNWIZ2ZAVZT
4431_In11Sr3.cif,In11Sr3,Immm,-0.3222818449235483,-4.511945828929676,PN_KQKKVLWETOZMOPDBMLOKNMDGH7YERROE
4432_BaIn3.cif,BaIn3,P4/mmm,-0.2974247195844026,-1.1896988783376106,PN_E3PNJDVDCSTSYAXBGUJALD6G3HZNDMLF
4433_BaW5.cif,BaW5,Amm2,0.8998810528593069,5.399286317155841,PN_YIJ2TQM46PIO6UWW3CSKBZ3MZMAOXHIG
4434_Na2Pd6.cif,Na2Pd6,I4/mmm,-0.0039800834452812,-0.0318406675622497,PN_ZN6VOXA3H27CKJJ2KJ4XPO23OBXB6TBV
4435_FeMn3.cif,FeMn3,Cmmm,0.100148581130357,0.4005943245214283,PN_OPPI4G4PEC6QJANQ7WKYMFMSSVDJMTDX
4436_Ga8Pt16.cif,Ga8Pt16,Pmma,-0.5462447081338079,-13.10987299521139,PN_G3SSEYVMEY5ZGBBBCAEDNECDXANTUK35
4437_AlFe3.cif,AlFe3,Immm,-0.1897415479368378,-0.7589661917473514,PN_KW6VUVOUDXUZZLN4MNKPZHHAPJ7YW4QE
4438_Mn12Sb12.cif,Mn12Sb12,Pbcm,0.1541555942751363,3.699734262603272,PN_JVQLQYP22J2626ZPOFOI5J2FTWOGWYL6
4439_Fe3Pd.cif,Fe3Pd,Cmmm,0.0872960532260496,0.3491842129041984,PN_SF3QXHDOEZMVGZ26KIL7AG4BJTANGCQQ
4440_Rh5As.cif,Rh5As,F-43m,0.4701166732585164,2.820700039551099,PN_XQO7E76NB5V6MNSKW3VSZDZOQPOSFCR5
4441_Mn2Ta4.cif,Mn2Ta4,I4/mcm,-0.0182772382291886,-0.1096634293751321,PN_YZBUOGCFLLQBZOZRV4XBAF6UJSD4F3PM
4442_Nb4V.cif,Nb4V,I4/mmm,0.8560605500979136,4.280302750489568,PN_RCVP6IYFDN4BL35B5JYDGUGXZ7GDEHFU
4443_Al4Ba3.cif,Al4Ba3,I4/mmm,0.0292033668084903,0.2044235676594326,PN_FP46HKCKVLLCEBYSGFTYG5DVPCVFM5X5
4444_Ca4Nb.cif,Ca4Nb,Im-3m,0.7438121018970222,3.719060509485111,PN_GBTSVBOHTQQQ74UXBVPFE5WRGMQBZJIT
4445_Sn8I32.cif,Sn8I32,Pa-3,-0.5442849740864955,-21.771398963459816,PN_2DOXDT7YTMF5CFXXGNAVD72DKGA4JYCH
4446_V12W4.cif,V12W4,Pnma,0.1295615667311391,2.0729850676982267,PN_627EOZBUXPMRXETUBN2OM4IM4PRVHH7A
4447_Al2Nb6.cif,Al2Nb6,P6_3/mmc,-0.0688869841256529,-0.5510958730052238,PN_NO5BDLRS4W2OU7YZ6Y3ROCK4UAAOZ2AW
4448_K3Pd.cif,K3Pd,Immm,0.0902629690702925,0.3610518762811701,PN_GT5GPS3SGZSNXRO7BXHQ7Y6GERS3G45V
4449_Al3Sb.cif,Al3Sb,P4/mmm,0.170681241367423,0.6827249654696921,PN_FFPQRAA6KSA4STZQGKUORL2YBQ5P5WMA
4450_Ca5Ge.cif,Ca5Ge,F-43m,0.2746564330536423,1.6479385983218542,PN_2XNK65BSOOTHEIPSHSELF6DFSLDLSRF2
4451_K2Pd4.cif,K2Pd4,Pnnm,0.958128436165806,5.748770616994836,PN_Y7M73KH5QVKABQ3JHGELV5D7WEOHJFTM
4452_Au3Sn.cif,Au3Sn,Fm-3m,-0.0548105807840317,-0.2192423231361271,PN_KFJPUAYU7SIGSRAVSVTNECPZF6LTFHWD
4454_NiGe5.cif,NiGe5,P4/mmm,0.1534593577210206,0.9207561463261236,PN_WDECVZPYHEBT5CUX43T7PJYXH6D6TXVN
4455_Ga4Mn8.cif,Ga4Mn8,Pa-3,0.8996624400047596,10.795949280057116,PN_ACUGDBMF66W2QMTYBVN7WCH3YOMEK3UX
4456_Ca3V.cif,Ca3V,P4/mmm,0.6160135411991172,2.464054164796469,PN_QLAEKMEOPDPR4PSVNSOGBGRQ4DPMYIAU
4457_Fe3Nb.cif,Fe3Nb,Fm-3m,-0.0722045087948419,-0.2888180351793679,PN_SUIVXJXHVIHALIG7K2JIMQDFEU3MQ4OC
4458_AcMo.cif,AcMo,Pm-3m,0.9356001187860984,1.8712002375721968,PN_ZK52RSYVDFZHIOQI5IU7DGLJHHKKGEGG
4460_Mo8Ni4.cif,Mo8Ni4,Pa-3,0.7993973341064257,9.592768009277108,PN_7PXQAX5LKEOEJT6ZW2WOPN62EU4Q6IWH
4461_Al3Pb.cif,Al3Pb,Pm-3m,0.2750512699404068,1.1002050797616274,PN_Q4KCH4SWHA5DTYORJJJ4TW43O6QR4VPN
4462_Mo6W2.cif,Mo6W2,Cmcm,0.4508075929566892,3.606460743653514,PN_EV47T3N5UZR5M4I4CQOSV7Z5SPKAQM7K
4463_CsYb.cif,CsYb,R-3m,0.2117052403539379,0.4234104807078758,PN_ZDFVBC5UOXRYUD62WRLKBUQ7XNG7MGCS
4464_Pd2P2.cif,Pd2P2,Cmme,-0.0748898037399525,-0.2995592149598103,PN_XJ46XEJJVA637DGL7I3FHBTLJRV2LQOH
4465_Ag5Pt6.cif,Ag5Pt6,P1,0.0378372249416071,0.4162094743576787,PN_67JTEHTPDBK76C4K645L7KDYSBZ4RQK2
4466_Ba4Fe2.cif,Ba4Fe2,C2/m,0.9680279891977884,5.808167935186731,PN_7NM6YML7TEBA4TO3YFX5TMMHBI7WA727
4467_PdSn2.cif,PdSn2,I4/mmm,-0.3196629277584938,-0.9589887832754816,PN_QFT4CCNTG5OQODGPJ2YZYWIBS3OCF423
4468_GeAs.cif,GeAs,Immm,0.208114042910724,0.832456171642896,PN_GLCKAJLE2XJSKLPUYYU33ZZKHCZXBLX3
4470_Cu2Pt6.cif,Cu2Pt6,I4/mmm,-0.1142671369682535,-0.9141370957460282,PN_E24DUBVV5NOITDTYRK5QRWWBNL3PSCA4
4471_MnSb2.cif,MnSb2,Immm,0.1504747922415295,0.4514243767245887,PN_Y2NBTYHHMPG5KZSYOA2HTETCRA26LTSS
4472_Ba4In.cif,Ba4In,Im-3m,0.1451732176930757,0.7258660884653789,PN_ZNXL27PYEMIQUHQGITRDXASKEPOMLBH3
4473_Ni4Ta16.cif,Ni4Ta16,I-43m,0.5509188345813755,11.018376691627507,PN_WBAKBOSN4MICQYITKGZSG75N4WKMYERX
4474_AlNi3.cif,AlNi3,Immm,-0.4056051678421566,-1.6224206713686264,PN_PF4TOQEUBLLQIT2Z6WIIYL4GUYEJ7XGW
4475_Ga3K.cif,Ga3K,Cmmm,0.3125029998473985,1.250011999389594,PN_SCTTX2CVQLQT6256KW7N2T6KWBLD5DIL
4476_Na2Pd.cif,Na2Pd,Immm,-0.059035687527869,-0.1771070625836071,PN_X2ZCQVWJOMO7UC5U3UYBANIS2IWGH7AL
4477_K3Ta.cif,K3Ta,Cmmm,1.1691466944339015,4.676586777735606,PN_MCYTK2ZDFVNILI24GNVRC2E4HEW3HKI6
4478_AlMn4.cif,AlMn4,Im-3m,1.008851761143592,5.044258805717959,PN_WI6HYZTZO62H5OLPTSFXYY6QCPJKXS7O
4479_Al3Ge.cif,Al3Ge,Fm-3m,0.0707607175218676,0.2830428700874705,PN_VGE5PG2M7R74SELHJIFXGJPBZOCBCLQA
4481_Ba2In4.cif,Ba2In4,Fd-3m,-0.4352745821380361,-2.611647492828217,PN_WHMUF3OKOMH6RZGO2KWTMB4CCOUXAJE4
4482_Ir2Mo.cif,Ir2Mo,Fmmm,3.5922447122469983,10.776734136740997,PN_447QCA2R5Y3UPXO66IXHNM3AKH62DWEK
4483_IrMo.cif,IrMo,Fm-3m,0.792264955653728,1.584529911307456,PN_QGQP6H42YIVRB4GDVWRYBYD4M2CE4R5C
4484_Na3Rh.cif,Na3Rh,Immm,0.3291477045577302,1.316590818230921,PN_ZCFHAMES2PPWEIOL3FJ4LI76VXAQYJSK
4485_Al4Ge8.cif,Al4Ge8,Pa-3,0.2644100296867571,3.172920356241086,PN_VC4T7YIYUJ3RYPBPPU5D6AXXUGU2BRJN
4486_Au6K2.cif,Au6K2,Pmmn,-0.1902402434086161,-1.521921947268929,PN_S3XVKLIKSN2BAGN7LA4CUACRR63ZC57X
4487_Al2V6.cif,Al2V6,I4/mmm,-0.0845296956554664,-0.6762375652437314,PN_3TZQR3FBQB6R3UKKX5VWNTGTWXTQX5KI
4488_EuNi.cif,EuNi,Fm-3m,-0.0301608271115529,-0.0603216542231059,PN_VH63E5G5IHOOCBEXDQ53IL5YX5P5EFHG
4489_KTa2.cif,KTa2,I4/mmm,1.054611953918965,3.163835861756894,PN_3UMIXYPQNH6XQH6IZ3EHJ5GYMRGHDFKO
4490_Cu2Pb.cif,Cu2Pb,I4/mmm,0.2598637746294485,0.7795913238883454,PN_R57QQWFGBN7JGQIQQKWIJJY3P4AAJW7R
4491_Ge4P2.cif,Ge4P2,C2/m,0.2094131892536352,1.2564791355218112,PN_DBNWYTHDLCJSM5QFD74KIZ4QVSEFQ3PV
4493_CuGa4.cif,CuGa4,I4/m,0.039402732975958,0.1970136648797904,PN_QQCFXE6B7MCHSCMG2J33A4VFC5RNYMV5
4494_AgSn2.cif,AgSn2,I4/mmm,-0.0007098658300653,-0.002129597490196,PN_GQZYNHDHFJJBIYUOBDKB3YOKILBRJAE4
4495_UBr.cif,UBr,Fm-3m,-0.3985207269096849,-0.7970414538193697,PN_4JR3F6WNSYE3FTPGTRCVSLEGBFKQCYSK
4497_Mo6V2.cif,Mo6V2,Cmcm,-0.0999753629379949,-0.7998029035039593,PN_DXI5ZL6TZCBQ7FQHJDDEXSZ5NGIWHSLL
4499_IrMo2.cif,IrMo2,Immm,-0.013815246551965,-0.0414457396558951,PN_JM2JE2HY3VTNBPVTUFLPNTG6QWJEOZZN
4501_Au3Sb.cif,Au3Sb,Pm-3m,0.4217477824387243,1.6869911297548974,PN_VFPUT6LB3OCEESE2XCYRTB6LWEQQPETG
4502_Pd5Sn.cif,Pd5Sn,P4/mmm,-0.2280325911464439,-1.3681955468786633,PN_BR4ZSBFYRTU22VV3NK3SCGSWZDVOGGJE
4503_CaV.cif,CaV,P-6m2,1.073180324298205,2.14636064859641,PN_76SRROGQNNHBWAZ2YVLRB4E67R2MIS47
4504_CuIr4.cif,CuIr4,I4/mmm,0.5356091929971001,2.6780459649855004,PN_MZA6RW43OZQ45A3CTRFBSTOD5U6YJYZ7
4505_Ba3In.cif,Ba3In,P4/mmm,-0.211620368678886,-0.846481474715544,PN_MWZUT5MBRBPIMGQAH5WADFZBU74UFRKE
4506_AcV3.cif,AcV3,I4/mmm,0.9571918969526044,3.828767587810418,PN_AJRCCDGG4MTZWJOKKRBATQVFYJEAWLHU
4507_Al16Mn4.cif,Al16Mn4,I-43m,0.301063565326821,6.02127130653642,PN_UODLSGINJDAXAIPRF4WHLXKGZQN4TQYX
4508_AuGa.cif,AuGa,P-6m2,-0.0783288279649321,-0.1566576559298642,PN_LPU3S242UZGLYGDJ3WUC3VS6SKVGXMGM
4509_Ca7Ge.cif,Ca7Ge,Fm-3m,-0.0143469796221094,-0.1147758369768752,PN_MEYYI35IVX2BIZJCIWSMZQ7OETLBTHPM
4510_Nb8Ni.cif,Nb8Ni,I4/mmm,-0.0214686129241575,-0.1932175163174179,PN_HF6N3P6CYTBUY433QY4C225WJI67M5HQ
4511_Au4V.cif,Au4V,Im-3m,0.5053051396209789,2.5265256981048942,PN_PW7G73FSGQ2SCRFQAOVFPRKFRTGFB42M
4512_In2Mo2.cif,In2Mo2,Pmma,0.4014679899582596,1.6058719598330384,PN_C6T4KSEIU5K2MJFHKHHW4KIXK7JAKKQP
4513_Al3Sn.cif,Al3Sn,Fm-3m,0.1452120532474441,0.5808482129897765,PN_TIWVXHTEKBIKLRIWL7BEPSMO5BFGFJ6E
4514_Ni24Ta5.cif,Ni24Ta5,I-43m,-0.1675005312947368,-4.857515407547368,PN_QYLFQNEW3Z72MHE3QXCK23T2IZC4MPON
4515_Ni2Ge4.cif,Ni2Ge4,Cmcm,0.1023729698401296,0.6142378190407776,PN_6PK7DM3HVRO23XTJJQ3YIEYSDQNNG55G
4516_Rh3Sb.cif,Rh3Sb,P4/mmm,0.0382249713464721,0.1528998853858887,PN_MY46D6MOKHPFT3BV7DB2UH6MBMLCKSXG
4518_Ir2Sb2.cif,Ir2Sb2,P4/nmm,0.1139587402132296,0.4558349608529184,PN_HUJVFZGBFFTIEHMSIDX476ZUYFF26UIA
4519_V8W4.cif,V8W4,Pnma,0.0528966610899613,0.6347599330795362,PN_SYBSQT4YMJ772CZ33WM7NVLV7GOT5R4F
4520_Ir8Mo22.cif,Ir8Mo22,P4_2/mnm,0.0019097001955458,0.0572910058663751,PN_GHYWW6HDQ5D2MNDN7SZIRCFV5KFRN7EC
4521_WBr.cif,WBr,Cmmm,1.302940009611793,2.6058800192235854,PN_XQPRPVT4M7TBG5BSKX44SULGKUSZ22IW
4522_Ga10V12.cif,Ga10V12,P6_3/mmc,-0.2051192851040197,-4.512624272288434,PN_XIIIWPT2GA7SCAYNJCZMAF6N7G54RDCX
4523_Au3Br.cif,Au3Br,Immm,0.2829069902830432,1.131627961132173,PN_BPYXALLWAZJ2RH3XEMFIN7GABKS7JJUS
4524_FePd3.cif,FePd3,Pmmm,-0.0949810401407154,-0.3799241605628616,PN_P75MHWEIWW62PBUSJ7NDVETUAFVA2VYH
4525_Fe8Ga4.cif,Fe8Ga4,Pnma,-0.1229566562214709,-1.4754798746576512,PN_WJ57AIUREA4SCR6JVZQBKTZUAXHXF23A
4526_AuNi.cif,AuNi,P-6m2,0.1788439408535893,0.3576878817071787,PN_IARNDFZMH5ESTSEMGYBUGVV5ZJIIGBS5
4528_Pd2Sm2.cif,Pd2Sm2,Cmcm,-1.1939658947664815,-4.775863579065927,PN_42L4H5C4WDKVOYSYNIIZZDB6DTB6PUP6
4529_RhSb.cif,RhSb,F-43m,-0.137426643434642,-0.2748532868692841,PN_F4R4YV4RIOOUIRXQMKJVDVVCBNGI7DKT
4530_InNi2.cif,InNi2,I4/mmm,-0.0206246987735809,-0.0618740963207429,PN_GVMXXFXX4TWYFSO4GZ45MZKHZPBL7VIE
4531_Rh3Ge.cif,Rh3Ge,Fm-3m,-0.1988314155642134,-0.7953256622568539,PN_QJTGK2QFRPFAMFTVPFSYZQUTXX724DFU
4532_Al2Fe2.cif,Al2Fe2,Cmcm,-0.1659621127138217,-0.6638484508552871,PN_7HJWMFI4TSQF4Y3JCKOFMR74CG7DY2GI
4533_K5Sr24.cif,K5Sr24,I-43m,0.1030625836751013,2.9888149265779376,PN_65NW6MDKUXJDO5DEFJBYVZLT244E24XP
4534_In2Mn6.cif,In2Mn6,I4/mmm,0.3305705497817044,2.6445643982536358,PN_3YAJLG7C5RXMIXGRX65HVFVT4USYXGTA
4535_Ba4In5.cif,Ba4In5,I4/mmm,-0.2514774306094741,-2.263296875485267,PN_JMBPMCPYFYADJAWZUGM3DFIO2KAZPYT4
4536_Al2Fe4.cif,Al2Fe4,Cmcm,-0.2272930246471259,-1.3637581478827556,PN_VVVRKAYNZJOGRZQ5XYMSJCOCQKWFXZ7B
4537_Ge5As3.cif,Ge5As3,Cmmm,0.3379859815522268,2.7038878524178145,PN_DBYLYTYGKTSVOOLEJS65P4NOHCYYJC4F
4538_Fe2Na6.cif,Fe2Na6,P6_3/mmc,0.6521293141597573,5.217034513278058,PN_MZFBZL6RO7FKPBPIMVLXFZ6JBWECIGPO
4539_Pd4Sb2.cif,Pd4Sb2,I4/mcm,-0.3088773544865653,-1.853264126919392,PN_3H7KMMK4N7RBPOQ4RAUJFLH2PGU3UGPM
4540_Ag2Sr.cif,Ag2Sr,Fm-3m,0.1312674073517152,0.3938022220551458,PN_V2ZLVHMAH5WGR4QSFTFPQFSNM33TJNXJ
4541_KGe3.cif,KGe3,Pm-3m,0.3174478618796499,1.2697914475185996,PN_VPTSE5XALXIJN4SDNRQXTKCMZHDZ6HXT
4542_Mo2Nb2.cif,Mo2Nb2,Imma,-0.1206156262690427,-0.482462505076171,PN_TQSQQOHLPW2LPXLIJXMPVRCV6XWNYCFX
4543_Ga12Ir6.cif,Ga12Ir6,Cmcm,-0.4391570030411695,-7.904826054741051,PN_HF6M5MQXXIXZQA35TAHHTG2IHGOIZC6Y
4544_Al4Mn.cif,Al4Mn,Im-3m,-0.072840510263844,-0.3642025513192202,PN_MD4IIT6RV2OR2HKROXXM2JP5EOFS7X3U
4545_PtRh7.cif,PtRh7,Fm-3m,0.003178418728682,0.0254273498294566,PN_JUEMLAC76HGRLT46G4S3CBERX2OGSLZL
4546_MoV3.cif,MoV3,Fm-3m,-0.0631905048546421,-0.2527620194185687,PN_ICCLSRBG7U6WDB2WZLTGGXX445IIOUFP
4547_SbP3.cif,SbP3,Cmmm,0.5203529482374165,2.081411792949666,PN_7ILFRX2NYTIXZ6UHQPLGZEQVABZYCIID
4548_Al2Mn4.cif,Al2Mn4,Fd-3m,-0.0478207925401304,-0.2869247552407827,PN_KHCVFLBAIIC44PCEPWA35VPA73OP4KZN
4549_NiTa4.cif,NiTa4,Im-3m,0.7637822265224969,3.818911132612485,PN_WBSK7P43YGOLILBWZLFPTTGV6AJCUEHP
4550_NbPd3.cif,NbPd3,I4/mmm,-0.4390642868602672,-1.7562571474410689,PN_A7OWNS6SJ6NLBICIDTJY6GGXFGWXDUWC
4551_Sn2Ta6.cif,Sn2Ta6,Pm-3n,-0.112248719472225,-0.8979897557778003,PN_ZZWWZWTKS4WA6HWYWQNJBHCIFWOZ6B3N
4552_InMo2.cif,InMo2,I4/mmm,0.1640907388659277,0.4922722165977831,PN_UDXJBFLGAGU6OKGUD64VT2P23ZPKRGFN
4553_NaSr.cif,NaSr,P4/mmm,0.024068302942102,0.0481366058842041,PN_VBBNYJUAFWKP3YQSDBLK4MGUHL4VWD53
4554_Fe2V6.cif,Fe2V6,P6_3/mmc,0.123355382997504,0.9868430639800324,PN_CBTD6JPJOMMYO65VTQLHINYW763HCXX4
4555_Au8Cu16.cif,Au8Cu16,Fd-3m,0.1460925404133319,3.5062209699199656,PN_GVQBBGNQUCOVMTT245I5AV7ZKLKLVKQY
4556_SnBr3.cif,SnBr3,Fm-3m,-0.2861192229211466,-1.1444768916845869,PN_WJU6CV6OJIQ2M2QPRXAJIREWQ44CIRWQ
4557_TaSb4.cif,TaSb4,I4/mmm,1.331670094197225,6.658350470986125,PN_SBJJ23VAIAX3VK4DV7KUKQJY776UFSWG
4559_CuW3.cif,CuW3,Pm-3m,3.1041706291605253,12.4166825166421,PN_OGPZ5AC2QUTE2DVCJ6YYVPOVU4DRDW4D
4560_BaBr.cif,BaBr,F-43m,-1.499596806424356,-2.999193612848712,PN_N7GVJHXSC5RBNXDU5XSSOF6GPWHQAP4F
4561_SbP2.cif,SbP2,I4/mmm,0.0828077510599977,0.2484232531799932,PN_ELM4I6ARXNVVZOWOAUQ3MSBHGZGE3JJ4
4562_AlP.cif,AlP,Fm-3m,-0.3691838408500709,-0.7383676817001419,PN_EFEEW7ARD4NDJS4NAO4MSZQKJ5HWESFK
4563_CaCr.cif,CaCr,Fm-3m,1.112240896363634,2.224481792727268,PN_6K5RCH7OS5PSGG5UZXNBSYRKRVYOVBCD
4564_CuIn7.cif,CuIn7,Fm-3m,0.1100149162863828,0.8801193302910626,PN_FJFTRY3JTYF6ZTHSNFIYZSWPB7W6L6UW
4565_PdYb.cif,PdYb,P-6m2,-0.6517078910153504,-1.3034157820307009,PN_Y3S5QPUHSAXZMK2DUGVTVWAYFGOTJ7KR
4566_Na2Rh4.cif,Na2Rh4,Fd-3m,0.2568463173101829,1.5410779038610976,PN_HHI3PMLRHPHEUWKHIO7DWGSRWGG47I7P
4567_Mn2Sb2.cif,Mn2Sb2,I4_1/amd,0.3028448297486399,1.2113793189945596,PN_AUS53RDJQ7OCIPTPWM4JHNABHCACQC2E
4568_Pb4P2.cif,Pb4P2,Cmcm,0.0598117949566413,0.3588707697398483,PN_LSXTNAJUC6FKXKN5N3KK4UN6JJ7WBUWS
4569_Ba2Ge6.cif,Ba2Ge6,I4/mmm,-0.0218457243890619,-0.1747657951124956,PN_5GWI74OHCXSOFHESNVZ2LMKWKWAH7S2C
4570_Fe4Pb4.cif,Fe4Pb4,Pnma,0.756893538735766,6.055148309886128,PN_WO36MHJ2ZTCM3S3KB5GASVAERYEO3D36
4571_TaP2.cif,TaP2,I4/mmm,-0.5639764310451021,-1.6919292931353065,PN_4O7Y7E3BX4OSC5KNYMMAMXT43PIQUCU5
4572_Mn6Pd2.cif,Mn6Pd2,Cmcm,0.1800065618612514,1.4400524948900113,PN_AWTROZIC3KPZRGNHYTU7YI4ED6MRP2Q4
4573_Pt2V2.cif,Pt2V2,Imma,-0.4415867327475009,-1.7663469309900035,PN_QZ4ACC2YEIBYROUTAU5M6VHZRY7VDV4N
4574_Cu8P4.cif,Cu8P4,I4_1/amd,0.0429996810381183,0.5159961724574202,PN_E34QUGHESU7HTSAURNMMDMHG45HRG3JS
4575_AcPb.cif,AcPb,P-6m2,-0.26554078945294,-0.53108157890588,PN_X6OQZ5JQC45LG4BI25PZH6THINE67WLJ
4577_AlFe2.cif,AlFe2,Fmmm,-0.1343440926625234,-0.4030322779875703,PN_YTGKNQP7VO5DSPHFTKLVTB2MVOAVUQER
4578_Pd2V2.cif,Pd2V2,Pmma,-0.1715385737955514,-0.6861542951822059,PN_7ZTJL3IZDHZFMA2RT5JX53PXTHOK2XG7
4579_Au10Ni6.cif,Au10Ni6,I4/mcm,0.1828234982158285,2.925175971453257,PN_RJRC3O6CBVFHWYESOXLMTTCOKOUOHDYK
4580_Ca3Nb.cif,Ca3Nb,Pm-3m,0.6314967539345484,2.5259870157381936,PN_MM5ZPD33D2YHDZTYZ4M5EYEESZT34XIU
4581_Pt4V12.cif,Pt4V12,Pnma,-0.1642023230585536,-2.6272371689368583,PN_SHKBHUOFOWYCLKT3UIXMD7KDIMNAXPK3
4583_Ag4Pt7.cif,Ag4Pt7,P1,0.0326727396703538,0.3594001363738925,PN_TQGRWNWJOVCXUNW6RVUKRALR65CCSBG5
4585_Ni3P.cif,Ni3P,Pmmm,-0.1897412135355365,-0.7589648541421461,PN_JY55D3AVFGMP7WGU7GGIAVOEM4MIWFKD
4586_InMo8.cif,InMo8,I4/mmm,0.3558672096246924,3.202804886622232,PN_KUBFXVQJNN4LVECA4BB5YAIGAABHSTLR
4587_Ag3Ni.cif,Ag3Ni,Pm-3m,0.1637136908782399,0.6548547635129598,PN_IQRBGXVNU3PDPMPZPBMX2CHNUE4E4GKK
4588_AuPb3.cif,AuPb3,Pmm2,0.0619014909753019,0.2476059639012078,PN_M6CZ3OZQQ6K6VTJUZWMO4MZB6VL5FXEL
4589_In2Br2.cif,In2Br2,P4/nmm,-0.7137914213078189,-2.855165685231276,PN_X6QPDNJFOB3OWJQXKIQC4T2VQGQ4I7LT
4590_Mo2Sn.cif,Mo2Sn,I4/mmm,0.1088356497885385,0.3265069493656156,PN_UW53ERRIJ2WDBZOKN3ACIP7NQ7MBKSLM
4591_In3Mn.cif,In3Mn,Imm2,0.2204623372783771,0.8818493491135087,PN_6SHE356EB77X6K3A332ONMMWQTTQBTGN
4592_K2Pd6.cif,K2Pd6,Pmmn,0.0709865784228007,0.5678926273824061,PN_VR5B4RTKU5KMNFJMBYA3Y6MPPJA7B6ZJ
4593_Ag4Ir2.cif,Ag4Ir2,Fd-3m,0.8181056146560977,4.908633687936586,PN_6IJ3G4QW625KHKQNUHHFV7BZU27ZCB26
4594_MnW3.cif,MnW3,Pmmm,0.3836572048518096,1.5346288194072386,PN_HMZFNBO5NZXTATLPXL52ZGPJHAE5MB26
4595_KGe.cif,KGe,Fm-3m,0.7538320179509621,1.5076640359019242,PN_3FXRWJAR6RDTPR752DVBL2OITSNDNLYF
4596_NiGe4.cif,NiGe4,I4/mmm,0.4805487365606581,2.4027436828032904,PN_6S2FU26K6CFUHFFPW3JKIKW6FVTJJEWQ
4597_Ni3Rh3.cif,Ni3Rh3,Cm,0.0590098443842267,0.3540590663053606,PN_SL5EEKS4GJSBZGZU6CLLQCCEGBVS7MXV
4598_AuNi3.cif,AuNi3,Imm2,0.1610918246717236,0.6443672986868947,PN_ZZAW5FECIRPFEX4XSYUH653NTAL5HXP2
4599_Sr8Br16.cif,Sr8Br16,Fd-3m,-2.052905570554053,-49.26973369329727,PN_XIJ7G5VUWS2YMW3TRZE252MAJO36BQUL
4601_Mo8W.cif,Mo8W,I4/mmm,0.4258541140077057,3.832687026069351,PN_GHRZ6MRJCSCXEJGCKWZREEBD2XU3HBLQ
4602_Cu2In6.cif,Cu2In6,Pm-3n,0.2063896272875793,1.651117018300635,PN_WFGLPIPRKLMA3YDKTI7NRGZMHYZCZTYG
4603_Ba2As4.cif,Ba2As4,Cmcm,-0.6748860622830364,-4.049316373698218,PN_4Q7EFWROXZQ62HYH7KG635QZGOWFESN4
4604_Cu6Ir2.cif,Cu6Ir2,I4/mmm,0.1147352875377123,0.9178823003016988,PN_4KN3WMFO4NVK4LRH6QYOQEZIJB7MYWRW
4605_MoNb5.cif,MoNb5,Cmmm,-0.0388477886636107,-0.2330867319816647,PN_6OZWSJUVWD4ZFEPNI7USNF5KC4KVD5IJ
4606_In4Mo.cif,In4Mo,I4/m,0.3040013113251668,1.5200065566258338,PN_QGAKP5VLUD2TRXMLX2D7TGG27KT2XDL5
4607_Mn2Rh.cif,Mn2Rh,I4/mmm,0.0660991104519356,0.1982973313558069,PN_E7SK6FZVYMAMJNLCA7HGSCMLQVLAIGYC
4608_Ni2P2.cif,Ni2P2,Cmcm,-0.2444295353290506,-0.9777181413162026,PN_QTLYPJKJJJPQ2AUDWWJ7CTMGW633GJEB
4609_BaNb3.cif,BaNb3,Immm,1.0103358666597488,4.041343466638995,PN_GLBMZ76MLRZCB72SQ4BDF3DSRHSGBQXK
4610_Sn3V.cif,Sn3V,Cmmm,0.3710273258378747,1.4841093033514987,PN_3NWS5SKYZXXUEXUG5KWJW3UI7A6MLU7D
4611_IrK.cif,IrK,Fm-3m,2.116775691776342,4.233551383552684,PN_A55UPHSXTYOXC4RKNIDZLH3U42MLN5YT
4612_In3Mo5.cif,In3Mo5,Cmmm,0.3843984287084891,3.0751874296679134,PN_UZBC6O4YJPRPRWWNFCX6CC7UULVJU2WL
4613_Al2K4.cif,Al2K4,Pnnm,0.4108101513743062,2.464860908245837,PN_IAPY2KVMH7XKV3TYBZXJG27SCLHEPILT
4615_Pt3V5.cif,Pt3V5,Cmmm,-0.4058848760908624,-3.2470790087268995,PN_JOVOSLK4MR2UDT6C2MUZLYC27MLOH5DX
4617_PtBi3.cif,PtBi3,Pm-3m,0.1193074796349371,0.4772299185397486,PN_A7FJBXTXHSXN4FXOP4E6QPSLEN3XILI2
4618_Ba2In4.cif,Ba2In4,C2/m,-0.3853485588517111,-2.312091353110267,PN_7YMBWVZYBRGA3OWUJYGEESCBCMU4L2LT
4619_UBi.cif,UBi,F-43m,0.7371019309004163,1.4742038618008326,PN_KFFXBICG4FPPNG7H5KRELNIN42B3DG64
4620_NaP3.cif,NaP3,Imm2,0.1460175172211837,0.5840700688847349,PN_T7M4FI2TLT7ARO5V3ZXMZO4Y5L67IA5M
4622_AgGa5.cif,AgGa5,Amm2,0.0301596591030233,0.1809579546181403,PN_KZULCVJYVPZPVI2TIS42F6IIGN2YOPDP
4623_Sn4W2.cif,Sn4W2,I4/mcm,0.1627192610009006,0.976315566005404,PN_O2FOWFNSBNSPVIMWZB7K75YRY3IAIITX
4624_Ba4P.cif,Ba4P,Im-3m,-0.3524857490659137,-1.7624287453295686,PN_4PKYRMKOVWEKUEEDNGPHBDVVIHESEPBX
4625_AgAu3.cif,AgAu3,Pmm2,-0.0264467700055792,-0.105787080022317,PN_FIGCFWGSY6UU3KDAAOFBLJPSOR74NHAL
4626_Cu2Mn2.cif,Cu2Mn2,Cmcm,0.3182716405481285,1.273086562192514,PN_MNZF67TJAZKCOSXKTWZF7Z3HZU6M2RPV
4627_Pt16Rb8.cif,Pt16Rb8,Fd-3m,0.3706217301882806,8.894921524518736,PN_MRBZ2Q77XILOS7BI7CN5WIE22D4NQGOO
4628_Pd3V.cif,Pd3V,Pmmm,-0.2222188597370307,-0.8888754389481228,PN_6FAAWTV6UTK2L76KLUNP2LRPYG674ZYV
4629_Nb2V4.cif,Nb2V4,I4_1/amd,0.4616743501136291,2.7700461006817747,PN_MIQZYV6R2QJF6A2HJSHNOSXRSWLTYSH6
4631_Al5K.cif,Al5K,P4/mmm,0.1562076988746348,0.9372461932478088,PN_HYIVQFTJZ4O4ZAXNZXKTURB5RPXVGH3O
4632_Au5Sb.cif,Au5Sb,Amm2,0.0592267831128546,0.3553606986771278,PN_R6BZ5X2H2NMWQG56J2VWQJ54UK3XEBTU
4633_Cu16Ir8.cif,Cu16Ir8,Fd-3m,0.4219933363345654,10.12784007202957,PN_G64OCSMK26M4SFADPZONGVCTOYUJIUWR
4634_Fe6Ta4.cif,Fe6Ta4,Fdd2,-0.0447040189155075,-0.447040189155075,PN_XW7OINGHFUOY4U3G6CMENC3OWTOZT3VU
4635_Ag6Pt6.cif,Ag6Pt6,Cmcm,0.0261640127670741,0.3139681532048897,PN_LIDR7UYEVGPLBVLABLSYIR4APADPFOKN
4636_Na4P.cif,Na4P,I4/mmm,0.2007152095016753,1.0035760475083766,PN_O6G7X3KYOIIXNKUS6SFS7NVIZZZPWAH5
4637_PdSr.cif,PdSr,R-3m,-0.3796195866085003,-0.7592391732170007,PN_I746STOMMGQAQ567NSQVCSLROSEXPPTA
4638_CrNi.cif,CrNi,R-3m,0.1338070737599874,0.2676141475199749,PN_DQT55PV5SNELFO27C2UGZGWQ4OXAHNOJ
4639_Fe4As2.cif,Fe4As2,Fd-3m,0.288011546750063,1.728069280500378,PN_NPLNKHBBR2Z7I3GOYTB3Y57PD3ULSZ3D
4640_CuV3.cif,CuV3,Fm-3m,0.1548210464828159,0.6192841859312637,PN_UHKCNZLXZ6SO3T7A42YNRB7BB7KB6H53
4641_AgSr.cif,AgSr,P-6m2,-0.1351962930203547,-0.2703925860407095,PN_3YU7QEITHEEA4EUTSSCIVQ5JOJEL6VPS
4642_PdV3.cif,PdV3,Cmmm,-0.1064366261083087,-0.4257465044332349,PN_Y5DAFWUPRCUAEVPNWZQMB3RFGUFNTQPU
4643_PbPt3.cif,PbPt3,Pm-3m,-0.104670332191489,-0.4186813287659561,PN_DR3ECE5DFS7XNKL5OUMRZNLIUVGZEBPM
4644_Na2P2.cif,Na2P2,P4/nmm,-0.0555534054562691,-0.2222136218250767,PN_O2GNGEECCLWMULUTHXZUWQ6T4PRGA42M
4700_Fe8Ta4.cif,Fe8Ta4,I4_1/amd,-0.0433940220525492,-0.5207282646305913,PN_VBAYYHWJLYJSP5K4WDHQAACZPJ7U2V2E
4701_AlPb8.cif,AlPb8,I4/mmm,0.0781345707423987,0.7032111366815883,PN_VFFFVFM55LHT5AER3DLEYMGEUP5ODHM6
4702_Sr4Br2.cif,Sr4Br2,Cmcm,-0.8965013603840285,-5.379008162304171,PN_SVYKUNO2XOVCJUPK37RRLJJXJTBWWRA7
4703_Pa3Bi.cif,Pa3Bi,Pm-3m,-0.5498134152665202,-2.1992536610660807,PN_NGJJEGVD22FRICY66GLDKZGH576WF7WY
4709_Mn2V2.cif,Mn2V2,Imma,-0.1878639363857122,-0.7514557455428488,PN_DUJM6KFX3YGMFFOZ7UUNVIBLWJ3ECTOB
4710_Fe3Mn.cif,Fe3Mn,I4/mmm,0.0871804571518044,0.3487218286072178,PN_JLVTWNAUEKGHU4DMA7JHB3TOHA2NPLKV
4711_Fe6Nb2.cif,Fe6Nb2,I4/mmm,0.0127559507396668,0.1020476059173347,PN_AXPTJYZ4APEJPWSHXXOC5DIZZ4XDHU5U
4712_Al2Ba4.cif,Al2Ba4,I4/mcm,-0.01645350904803,-0.0987210542881804,PN_K5FV27Y4CXU4J6U3VM2HCWHPQH46DWFU
4713_MoNp.cif,MoNp,P-6m2,0.5651364072757925,1.130272814551585,PN_3LBO2EFO6YSCAH22BOS7ZZWYT4OD5OK5
4714_CeU3.cif,CeU3,I4/mmm,0.443366399591083,1.7734655983643322,PN_66ZQ2TE3C43QZKKEPVM3UU36XPPYGP74
4715_SrBi.cif,SrBi,P4/mmm,-0.5781677096715216,-1.1563354193430433,PN_CDGWHBVI5QTTX36ZIM4NMTMSIQB6WXEN
4716_PaP.cif,PaP,Pm-3m,-1.3069884492665382,-2.6139768985330765,PN_URU3GM2HOGALTKUPRIIU6CZGTQRP4JH7
4717_AgIn3.cif,AgIn3,Pmm2,0.0519812957642829,0.2079251830571316,PN_GM27T5S5RDUD57Q5WCVOXOBPHZSUOR6C
4718_Ir10Rh6.cif,Ir10Rh6,I4/mcm,0.3974173345042455,6.358677352067929,PN_ZHZWOW2A4ZPMHNX4DGEXIRB7LZYBKPU6
4719_Cr6Pt2.cif,Cr6Pt2,Pm-3n,-0.0260007174240968,-0.2080057393927745,PN_XWRRPI6USHBZUO7R4STRZKZODTW7V44O
4720_UP.cif,UP,Fm-3m,-1.1736912481073958,-2.347382496214792,PN_NTVUFJQQVRMFCBIIV4ILTX7QUDTWGWNW
4721_Ba2Pb.cif,Ba2Pb,Immm,-0.4676688865764706,-2.806013319458824,PN_264NCUTPRZDZBF5EMQLOF2SFIRDZBVSH
4722_PaGe.cif,PaGe,F-43m,0.1012972852143612,0.2025945704287224,PN_QKTWXWCH7NCUCDXFGLTCESRFO7IHDTYT
4723_Cu3W.cif,Cu3W,Cmmm,0.1954342356596488,0.7817369426385952,PN_YJYYT4QBFJJOA6ZX2KL77QOFXHZURZLH
4724_TaP5.cif,TaP5,P4/mmm,0.3120509520027319,1.8723057120163915,PN_4MDKFGA6PN7QLGPLLHBTZ3YPW32TYOIF
4725_AlK.cif,AlK,Pm-3m,0.5512967988077919,1.1025935976155838,PN_5AXIHKEQWT2ERA5CYC72KOHMMKZH4SPB
4726_FeNa3.cif,FeNa3,P4/mmm,0.953419922791528,3.813679691166112,PN_BSYQXJWTW5SRU6J5DT62EOOY7ZHPLTO4
4727_Au2Nb3.cif,Au2Nb3,C2/m,-0.0708677776626018,-0.3543388883130092,PN_CUEIKO7GBYI2KZENJJMXZXYY457GKXFP
4728_Mn2V2.cif,Mn2V2,Cmcm,0.1160297069715028,0.4641188278860113,PN_45AJXRLNESMFOCYSHGNSVJ2LO7S2HXCZ
4729_Au3Ba5.cif,Au3Ba5,Cmmm,-0.440568201391275,-3.5245456111302005,PN_RGSBXN7TX45RRK6Z2DQ3EFMN2J3YJVV5
4730_MoBr3.cif,MoBr3,Pmm2,0.04303350203143,0.1721340081257203,PN_M5FRFG3SOTI55WT2MBZ7BAJKHGG5GKEF
4731_MoSn4.cif,MoSn4,Im-3m,0.1970626607332569,0.9853133036662848,PN_NOQKT5ZRD5ASDQGK2BGEYBJNABJXFIQJ
4732_K6Br18.cif,K6Br18,Pmmn,-0.7936805794907835,-19.048333907778805,PN_NZXSRC52JX6PKMVW6VB3GWPB7DF25RMK
4733_Fe4Pd6.cif,Fe4Pd6,Fdd2,-0.0234736291717496,-0.2347362917174962,PN_YX36IB62BHHSPVGUOABAPRYPECWNFNL4
4734_V26W2.cif,V26W2,Fm-3c,0.413087493103449,11.566449806896571,PN_ZIYGDM3A2SK4IVUKJFXDPVF3KQXPD6M7
4735_Rh6W2.cif,Rh6W2,P6_3/mmc,-0.2931200597782641,-2.3449604782261133,PN_P567DMSGTFSMOIJPEM32W3ZXHBBETTEZ
4736_Fe2Nb4.cif,Fe2Nb4,Pnnm,0.5006599812850503,3.0039598877103018,PN_65DIGIX65WW63EYQGJDANI4IZ7IODUUU
4737_Pd2Sb.cif,Pd2Sb,I4/mmm,-0.390415799050519,-1.1712473971515571,PN_RXMDAYO2UNG6F6EFUW5APPQQES5FWXLL
4738_Ir16Mo14.cif,Ir16Mo14,P4_2/mnm,0.0130681067903537,0.3920432037106138,PN_Q5R4P5HPQ4GBXYORGTANGJM6STRFPFMA
4739_Mn2Na4.cif,Mn2Na4,C2/m,0.5916767438931417,3.55006046335885,PN_SR66OYSGDIDS75F4QPHOFVU7UTPZTZ73
4740_Ni2Ge4.cif,Ni2Ge4,Pnnm,-0.1418782318798713,-0.851269391279228,PN_TGHUOR33ISW62YSENJZNNSPYJQWBMKTC
4741_Ge5As.cif,Ge5As,Cmmm,0.328977437833131,1.973864626998786,PN_GCSAMJAVB2D3MAAUGONRNTT2QH4AM4T3
4743_AuW8.cif,AuW8,I4/mmm,0.4000832382714839,3.6007491444433555,PN_MA5DZRIFLP5TIHW65VD56GOB5RXMYSZT
4744_Ba5Pb.cif,Ba5Pb,Cmmm,-0.1592093732859284,-0.9552562397155704,PN_4A3BDKOTVMUHL6LBD7YTV2W3AKAPS37A
4746_BaW3.cif,BaW3,Pmm2,1.139329181823605,4.55731672729442,PN_7TRYL725W276JTSN4BHNPDCWDGRW5LEQ
4747_AcTh3.cif,AcTh3,Pm-3m,0.1089293596587035,0.4357174386348141,PN_KCJLQL5ZB5FU6V5ZGPBIXHYIWG6MP3QP
4748_K6Rh2.cif,K6Rh2,I4/mmm,0.6040952700919129,4.832762160735303,PN_WBMX3X5YHOIG57DLECECHNQBDCQ6N5FC
4749_Al2Pd6.cif,Al2Pd6,Cmcm,-0.3512329465345525,-2.80986357227642,PN_3HAGJWXRZLPJLEVKPYM2R3Q23JS3VDOW
4751_CaAs3.cif,CaAs3,Immm,-0.3502374894930931,-1.4009499579723723,PN_HMOGIHSCEXVXB362ZUH6LPRPRKPEZ56X
4752_Cu4Ta4.cif,Cu4Ta4,P2_13,0.3145868356134906,2.5166946849079253,PN_5CS4WRJYEAD5JX4JIHS6YPW2AH757DOY
4753_Au2Ba6.cif,Au2Ba6,Pmmn,-0.2617753895589199,-2.094203116471359,PN_BTCAGSYD56KGGW5UQNDJM3NWLQ76UYUG
4754_AuAs3.cif,AuAs3,Immm,0.3577655840683733,1.431062336273493,PN_AB5OEAKRWERKN4I4KLUSKKERZE4H5HL3
4756_InBr.cif,InBr,Fm-3m,-0.7175140965916014,-1.4350281931832027,PN_NYQ4COQEJN6OCO5P3CQ3SFZZKHWVBNB7
4757_Mo4Nb12.cif,Mo4Nb12,Pnma,0.1846768396038225,2.9548294336611605,PN_V27V2DYJ53JXDMD33H3SCOWE2HKPMJ6E
4758_Au4Ni8.cif,Au4Ni8,Pnma,0.1137680593830878,1.3652167125970536,PN_LLUAWGGWVBD62VR62UE67B4AE5OSHIYJ
4759_Mn4Ta5.cif,Mn4Ta5,I4/mmm,0.1391875726000301,1.2526881534002712,PN_MEGHCTGOLHEORDERLG6ZVRCAXHSFO2IL
4760_Fe4Ga4.cif,Fe4Ga4,Pnma,0.0308050240268382,0.2464401922147061,PN_FGVN6NLL45R6CEXAWPX3WPSXIVJZX4NG
4761_Fe3Sb.cif,Fe3Sb,Imm2,0.4414744564171062,1.765897825668425,PN_QWFPSXZ3MTGOB4J4PIRKMUEEPFT7FKM7
4762_InMo5.cif,InMo5,P4/mmm,0.1573142325687998,0.9438853954127993,PN_ZRJJ6IFPUM2HK6BDFD6D4WB5OP5KFMJ6
4763_PtSm.cif,PtSm,F-43m,-0.7978809406773015,-1.595761881354603,PN_J67B3WEQVNN7YDV3XOWLIPJDINOSSW3E
4764_Mo3W.cif,Mo3W,Pmm2,0.4530177667841109,1.8120710671364435,PN_3COPOFAWS7MSACD6SI4CMHP2QV622UVL
4765_Au2Mn2.cif,Au2Mn2,P4/nmm,0.6149682153648515,2.459872861459406,PN_WXQEKSHWEO6HG3SEU33CP24TM3N6GNRW
4766_Sn4W8.cif,Sn4W8,Pnma,0.5256381582876166,6.307657899451399,PN_ZY4ROC73LUJETT6VPOIZDOZBOCIT62CN
4767_Pb6P2.cif,Pb6P2,I4/mmm,0.2162553450890172,1.7300427607121378,PN_O5OLQ5ZYPFWYDMIORNIB6N5PSJFJPCN3
4768_Sr2Br6.cif,Sr2Br6,Pmmn,-1.6828241395262955,-13.462593116210364,PN_PY4JBDILQ6YLHN2AB2BIOROVXRR3TL6P
4769_Cu8Ta4.cif,Cu8Ta4,Pa-3,1.1517740039267264,13.821288047120715,PN_KLL7TUVCNHFKQJ3PW6ASZXTY7PRPVNUO
4770_EuSb.cif,EuSb,P-6m2,-0.9332170063572685,-1.866434012714537,PN_6DQOZWBXCOFXZR56IL655XKQ675SGPJS
4771_Ba4Ta2.cif,Ba4Ta2,Cmcm,0.900999325810084,5.405995954860504,PN_WD6TBREJLWRDVCFVOAHWQWEHEBLAIVDR
4772_NaPt.cif,NaPt,P-6m2,-0.1967208568508054,-0.3934417137016108,PN_LJHPBQEP475AV7PCT3S5SXCOU2A3Y5KA
4773_PtGe.cif,PtGe,Fm-3m,-0.3937912816358704,-0.7875825632717408,PN_ODGX44VVXUVYNJUDG4OQDAOFNXJEQDCG
4774_Mo4P8.cif,Mo4P8,I4_1/amd,0.1065608358772536,1.2787300305270437,PN_HXF4GXNR6NTDWZCBDTQBVGEWI65ORDW6
4775_Ni2Ge6.cif,Ni2Ge6,Pmmn,0.0800920653913639,0.6407365231309115,PN_LA6AKSBLO6QZV3FJUOFDOSHEZI3QPD4D
4777_MnRh5.cif,MnRh5,Amm2,-0.0331173025082295,-0.1987038150493774,PN_X4QGNECALHL3GYXGA2HMSHEX2K4WOPWT
4778_MoW.cif,MoW,P-6m2,0.4723990886009801,0.9447981772019602,PN_A5FZYKPRBAUS43J6XCFT3TMD53DE7EPN
4779_Pb4P.cif,Pb4P,I4/mmm,0.4434886753329195,2.2174433766645976,PN_25NCYA5LRNUBUSWMS6FI3KPKM7J6BWYS
4780_NpTa.cif,NpTa,P4/mmm,0.4344771260857758,0.8689542521715516,PN_J3FXH437TUQOPRAP2A4HWRHAV5QUEH2D
4781_Sr4Br.cif,Sr4Br,Im-3m,-0.2378610234737603,-1.1893051173688018,PN_RU5W4YAFQMBPXZD62ERNQ5YJNRHE3X3U
4782_Ag24Al5.cif,Ag24Al5,I-43m,0.068669406625523,1.9914127921401672,PN_L7YE6NAKDMHKG4J6QYZ33SA4IJDL75A7
4783_Ni4Rh2.cif,Ni4Rh2,C2/m,0.046255102906335,0.2775306174380105,PN_IB4WMKQRTKBZXNUIQMNJXMU6OOUYZDET
4784_Mo2Nb.cif,Mo2Nb,Fmmm,-0.0745787488592076,-0.2237362465776229,PN_4XICKVGTRW5FON6M6XDUHDE4TOAHT2LI
4786_Cu2Ni2.cif,Cu2Ni2,Cmcm,0.0822911971003383,0.3291647884013535,PN_T4XXV73E6V4XCI6V2EFCAUNW3B2Z6WES
4787_Mo2Pb2.cif,Mo2Pb2,Cmme,0.4939748205054668,1.9758992820218677,PN_VITORRFPNJYRD6JIXZQQMBXJX744Y7GJ
4788_Na2Pb.cif,Na2Pb,Immm,-0.1529461556916516,-0.4588384670749548,PN_4X7ZKLTNR6DCAFRIH6H4CX3NTV7XVC27
4789_Ba5W.cif,Ba5W,Amm2,0.8487297015357887,5.092378209214733,PN_KD27U7OLRQNSJXEEP2O5YAISEWYZZ5G4
4790_NaP3.cif,NaP3,Immm,0.076200731217769,0.3048029248710762,PN_PPIPZRQJY6BXKU7FA2HZMV5BPWNT7F7D
4791_Ni2Yb2.cif,Ni2Yb2,Pmma,-0.24160819968451,-0.9664327987380404,PN_T4NEWD6FJ7JH4R6VOFMLNM6WY7GK7GSL
4792_AlTa.cif,AlTa,Fm-3m,0.4693485286782328,0.9386970573564656,PN_B2RBDWTZFRLHVQRHEPPBUXM7KWEV4SCZ
4794_FeW7.cif,FeW7,Fm-3m,0.4130573151942798,3.3044585215542384,PN_L7YQGMHCSNB36ROKQMB2BD62LGXT7NOZ
4796_Pt3V.cif,Pt3V,Pm-3m,-0.4451178454651243,-1.7804713818604974,PN_KUF2KGBCTX2PABKTISXFBOI2FRRXIKAP
4797_SnBr4.cif,SnBr4,Im-3m,-0.2659943161222486,-1.329971580611243,PN_37PNKIE2XQTXOULBFN7IZ3RHH4TEXZB3
4798_Ba3In3.cif,Ba3In3,Cm,-0.3259496805371166,-1.9556980832227,PN_JSYSMX4XQW7XXZPXO2PMVAMP37H3UDON
4799_Nb3Br5.cif,Nb3Br5,Cmmm,-0.0615081050359869,-0.4920648402878953,PN_66M6B5VFWJXCFIVX254MVYBE5GXWRGIX
4800_Ir2Rh4.cif,Ir2Rh4,I4_1/amd,0.3085144192754955,1.8510865156529728,PN_UWCTM5X52S62NYPGIRZA235G2ZZR7XLN
4801_K4Pd2.cif,K4Pd2,Pnnm,0.0954286081191586,0.5725716487149519,PN_M2DAR3LJLUK25RHBM52UNDPR7FICTJQ6
4802_Mo5W.cif,Mo5W,Cmmm,0.0032439918025867,0.0194639508155205,PN_JKXZ6SHL2PYG4HBIGM3IDOYAW2ES6QDR
4803_Ca2P.cif,Ca2P,I4/mmm,-0.7301065161364099,-2.1903195484092297,PN_TP2CTBZLN4OMO2T4JSCWH4TFBQVRP7SM
4805_Rh2As.cif,Rh2As,Fm-3m,-0.4713601768918624,-1.4140805306755873,PN_ZFSKWL3ALFTRIYJKR5G7DL3JYX4NP64I
4806_GaIn.cif,GaIn,Pm-3m,0.0465300307790692,0.0930600615581385,PN_JZRJKW7MAMOUHDLR76AMNJR4PFV6XT4Q
4807_Nb5Br3.cif,Nb5Br3,Cmmm,0.5808076985533646,4.6464615884269165,PN_IPLGE5KSK562N7GZMBKUAT26YM7IBTLJ
4808_Mn6W2.cif,Mn6W2,Pmmn,0.2104745956342277,1.683796765073822,PN_YFEPQEGCNJY6E5XTVTGEUX7LAQDIJLNA
4809_CeNi3.cif,CeNi3,Pm-3m,-0.0086891208885537,-0.0347564835542151,PN_IQZBGDVMB4ZBGJBORDSTAPMNDC4NUYCE
4810_CuIn3.cif,CuIn3,Fm-3m,0.2076251569604519,0.8305006278418077,PN_JPOUOT4ZMMIDGGJ3K6Q36JO5WNVDIL4Y
4811_Ba3W.cif,Ba3W,Pmm2,1.2293632028874226,4.9174528115496905,PN_BKUGZ4WX2IZHI6YYP23T5ORYJJD3B6BT
4813_Pd4V4.cif,Pd4V4,Pnma,-0.0948595768377771,-0.758876614702217,PN_4J4LQD3FGV5QX4ZH667LCCN3N7ERZGW3
4814_Nb4Ni2.cif,Nb4Ni2,I4/mcm,-0.1679453503596638,-1.0076721021579829,PN_4ODSJHIOKRDO7OCLHV7RGVIHHZNFGCN6
4815_Ba2Sb2.cif,Ba2Sb2,Cmcm,-0.8338671201122385,-3.335468480448954,PN_MU4LGL5NZ246IO6E5JIGH6BGRRZEB2KY
4816_AgNb3.cif,AgNb3,Pmm2,0.2869369947378839,1.1477479789515357,PN_I5K7PSF7NLWH5HOKLUTWYHHKQGUHD2FA
4817_AgW2.cif,AgW2,I4/mmm,0.6495468493854482,1.9486405481563445,PN_WENOLKNNH4MHS2AGPWMJG3G2WFWHUBQK
4818_NaSr.cif,NaSr,Pm-3m,0.0196509155200732,0.0393018310401465,PN_2E2XDASSJMJHHNBJS2UD3VOQODZZAKQE
4819_V2W.cif,V2W,Fm-3m,0.870102745832483,2.610308237497449,PN_IXFIXFMHTHRXHEOV6NYZDTBMJYACVEPS
4820_Ag3Nb3.cif,Ag3Nb3,Cm,0.2345844547757055,1.4075067286542335,PN_VTNDQY53RRWJGO5EDI4MST44MBHKCID2
4821_Al6Br2.cif,Al6Br2,Cmcm,-0.078349820865998,-0.6267985669279845,PN_C5WAR43YJU3YEP44U7SY7HZXISJBP45O
4822_CuSb3.cif,CuSb3,I4/mmm,0.3994996801531401,1.5979987206125603,PN_PYMHZIKNG7YOEFREHHRFOADENOPH6ZFF
4823_Al6Mn2.cif,Al6Mn2,Pm-3n,-0.1138396464069968,-0.9107171712559748,PN_6E2ET6NCR7P3XKPFFADCJGJJGKU47Q4I
4826_Mo2Pd.cif,Mo2Pd,Fm-3m,1.0351696748078811,3.105509024423643,PN_JLCYKBJLC7VGRWNTBKR27WEIPJC4CJH5
4828_Fe2Ta6.cif,Fe2Ta6,P6_3/mmc,0.2474721246249149,1.97977699699932,PN_HKZKOQVRFV3TREEEK4XAKOFUZTW6UYPN
4829_Fe2As.cif,Fe2As,I4/mmm,0.0120831969950868,0.0724991819705209,PN_DS6OSA6FDNL52EDDTVSYKPIUVPOMSXY6
4830_Al4V2.cif,Al4V2,I4_1/amd,0.2737093218978603,1.6422559313871616,PN_GS6KG5JRM6DMXFHWQ52RIJVAYXPOUMVO
4831_Pt2Sb2.cif,Pt2Sb2,Imma,-0.0642017293861929,-0.2568069175447718,PN_WYVUOGDHKCWIQTPJ7262Q2ADNUZOJZMG
4832_Mn2Nb.cif,Mn2Nb,I4/mmm,0.1324247635487564,0.3972742906462692,PN_YCS6HVYTEICKUXI35QBWD25UUFTYJX22
4833_In3V.cif,In3V,I4/mmm,0.2276268100656002,0.910507240262401,PN_N4KT7KGPOW57OVEZADNA3ICNSDWJVS4I
4834_CaGa.cif,CaGa,Pm-3m,-0.4281546413302104,-0.8563092826604208,PN_YQ6IJCQMYBUKSXMJPAKC5HENN62YR63X
4835_NiSr.cif,NiSr,Pm-3m,0.1471746751052132,0.2943493502104264,PN_RJ4PYEPAZY4TVRTVH25OG3UCJ2W6ZXNC
4836_Ag6Fe2.cif,Ag6Fe2,P6_3/mmc,0.3145756984875691,2.5166055879005533,PN_VODC5EC4TZMFMPEAO2P7HSUCFYNX27DA
4837_FeU3.cif,FeU3,Pm-3m,0.212649488992918,0.8505979559716721,PN_W3Z7EUTOLQY3MLEC7RXPGLCHNQN726HN
4838_Fe2Sb6.cif,Fe2Sb6,P6_3/mmc,0.1168711655218608,0.9349693241748868,PN_4XQVBT5LDP5Z4ADTGNP2LH4EFN4NVA5K
4841_CaCu.cif,CaCu,P4/mmm,0.4393169567324375,0.8786339134648751,PN_3C3WIZTWZVPL3T4D3FWR4VW6ECXTTIGR
4842_CrSm.cif,CrSm,Fm-3m,0.5526842695973091,1.1053685391946182,PN_4FBGSRL4FPFU2BQHE46COH2AH47KLJEX
4844_VP4.cif,VP4,Im-3m,0.1480949914869519,0.7404749574347598,PN_XFTGRX6DEXP2WAVA6DUWPDYXRXERX34W
4846_Nb10Ni6.cif,Nb10Ni6,I4/mcm,-0.0928714235969963,-1.4859427775519407,PN_YI2ZFC2CRXEFDEBABKMB36VCAADQBXJ5
4847_AgSn8.cif,AgSn8,I4/mmm,0.018971326515688,0.1707419386411928,PN_MMJMJRCVLQ2ELYY6EG4ZUW2ZBID6LPTU
4848_Sn4Br4.cif,Sn4Br4,P2_13,-0.3749848258403285,-2.9998786067226284,PN_KAZ3NEQ7X6A36YUSTULRKETIKCRO5IZC
4849_Mn3Pd.cif,Mn3Pd,Pmm2,0.1965186180139397,0.7860744720557591,PN_LULQCXJYD4ULGH6CEFYYZK5YSWA6GXMX
4850_NbRh3.cif,NbRh3,I4/mmm,-0.4288553189376305,-1.715421275750522,PN_W7L4KKFTBXOJRDTLV3LCADQFQ3MHZ4NN
4851_GaMn2.cif,GaMn2,Fm-3m,0.8850172981825631,2.655051894547689,PN_ZKKVXJQDMTWUAKFFNVDSUS3FJ3UWR2WO
4852_Au3V.cif,Au3V,Pm-3m,0.0919731410731934,0.3678925642927737,PN_EZXGEPOLRV6TUF3K6OVGEFV42BQPMVOY
4853_Ag4Pt7.cif,Ag4Pt7,P-1,0.0311257725487666,0.3423834980364333,PN_KESCFNXD4VPCP6KOEFFNLQI4NJMSU6L4
4854_K3P4.cif,K3P4,I4/mmm,-0.139473519418894,-0.9763146359322584,PN_TLRRC7KXJCXSXCZZVCAWFWLXYDTO6PCA
4855_Al4Ni4.cif,Al4Ni4,Pnma,-0.5654812568977841,-4.5238500551822725,PN_B7MCKPTRR77L2U7ZYLBSV3MBJTQGI5VY
4856_Ag2P2.cif,Ag2P2,Imma,0.215945692610235,0.86378277044094,PN_6AOEUBQ5Y4FRNF4K3BVV5XI6VV7I27VW
4857_TaW3.cif,TaW3,I4/mmm,0.275062910855949,1.100251643423796,PN_SV3V3EBYB7T5K3AQJGZWKQZW5FXWMFZU
4858_Mo3Rh.cif,Mo3Rh,I4/mmm,0.1017876729739253,0.4071506918957013,PN_3J46EZULROFFFPGSPLWHD65SEESHRWTB
4859_KMo3.cif,KMo3,Pmmm,0.8846373431271548,3.5385493725086192,PN_BQ2T2YWJBX3B2LESTLHLXC6XQABJ4RMX
4860_NbNi2.cif,NbNi2,I4/mmm,-0.2625785314750324,-0.7877355944250972,PN_PC3ICUFXZSAMF53MGIWBTHHGJZFTZBEU
4861_FeGe.cif,FeGe,Pm-3m,0.0022779541582638,0.0045559083165276,PN_TQEYHVNRUJKFLLPUFGXS6TVPEGJFLSEM
4862_AlBa2.cif,AlBa2,I4/mmm,-0.0728546199252759,-0.4371277195516558,PN_WITH4KKLWEMOBSTAEOQQAZVAB2CQBKVV
4863_K2Mo.cif,K2Mo,Fmmm,4.81669369363701,14.45008108091103,PN_VAKOTEIGFLUGKHDRFGSETBU4C5UZGHGP
4864_Ag2Ga.cif,Ag2Ga,Immm,-0.0137227884469162,-0.0411683653407486,PN_GCFWCCMBOOOY7DNXZLIKUQFD22NN3IT4
4867_AgSr3.cif,AgSr3,Fm-3m,0.0908131573419157,0.363252629367663,PN_EZHDLA2STETTB3UHDEQ6MMCA4L3VQ54S
4868_AuSn7.cif,AuSn7,Fm-3m,0.0055408770330904,0.0443270162647237,PN_OKSMYL5ECCOHI57Z5BP6TDW5II6IBBSF
4869_AlV.cif,AlV,Fm-3m,0.4851956900377718,0.9703913800755436,PN_CSR6TDJPS7DOLHMCNUAUTKAHLDOB33JM
4870_AuV.cif,AuV,F-43m,1.0465552052656977,2.093110410531395,PN_WAC6A3X2VCFIPMQMTBXHKBP3VIEMUDYM
4872_Ba4V2.cif,Ba4V2,C2/m,0.6654282184353768,3.992569310612261,PN_4Q6BNNJEGM7GT7W3XODLXJR56XFMD2Y3
4873_Ga5Nb3.cif,Ga5Nb3,Cmmm,-0.2383261687443578,-1.9066093499548629,PN_D52QZ4ZLU5PGWZHIS5BXP4UZYTNGC6CE
4874_Sn2W4.cif,Sn2W4,I4/mcm,0.8958564563297932,5.375138737978759,PN_CXQRYCYSDSISRP6FXJFCSP7HUMPGEYBH
4875_GeAs.cif,GeAs,P-6m2,-0.0428850132941525,-0.085770026588305,PN_VYEDTCBOLU6K2XNBKVZRQ2LIMYZVD37I
4876_Al2Ni2.cif,Al2Ni2,Pmmn,-0.4553764697931735,-1.821505879172694,PN_5KYGJU3FUIBBWJPBBU2HOUE432C5A6C7
4877_EuTh.cif,EuTh,Fm-3m,1.0038452161781577,2.0076904323563154,PN_ZZQKHV4GLFRUQQ373NVXSPPW6FBFPBDN
4878_InPb2.cif,InPb2,I4/mmm,0.0110441219397922,0.0331323658193767,PN_NEOHCWSMCYAXJUXO2B77NGV5KNVVWCMH
4879_AlBa3.cif,AlBa3,I4/mmm,0.0921476397973015,0.3685905591892062,PN_CDLQU65YV5SHXVGARL2466GNUVYII5T4
4880_Pd8V4.cif,Pd8V4,Pnma,-0.2238081572333025,-2.6856978867996304,PN_M2JBDY7LBY5LRL5WJ6KGHTOPMNXW7HFX
4881_Cu4Ge4.cif,Cu4Ge4,Pnma,0.1401491838090569,1.1211934704724555,PN_AQQ3QUQYT5VITEPJHFEQXDNAN36XJB7R
4882_Mo6Rh2.cif,Mo6Rh2,I4/mmm,0.0748557648128329,0.5988461185026637,PN_HRKLFYSA65JSPCQXBEVGRBPWGH47D57X
4884_AsI.cif,AsI,P-6m2,0.2784186072773007,0.5568372145546014,PN_V3ESRLUJSSXYBV6WBMULOCSVLFK2VZVP
4885_Al2Br2.cif,Al2Br2,Pmmn,-0.2130247291300895,-0.8520989165203581,PN_5LQT3F5Y5GQ5YNLIAZY7S4NNF5RPJ2BJ
4887_Pt4Rb16.cif,Pt4Rb16,I-43m,0.1918663905530667,3.837327811061336,PN_SLSBLTNHMXQ7NX47JPL67TDQVZK3G4XK
4888_Au12Sb4.cif,Au12Sb4,Pnma,0.0309741185759158,0.4955858972146529,PN_MWVC7T4CCPI33Y7LBMNOHMSJL3QXJRB5
4889_Ga4Nb6.cif,Ga4Nb6,Fdd2,-0.1469157667423914,-1.4691576674239144,PN_SBSV7EPZG72ZMYNJAQUXN5WU3ZZ2BIQK
4890_Nb4Sr2.cif,Nb4Sr2,Cm,0.664300873104402,3.985805238626412,PN_ZQJBKXXPNJ5VVU3FEYUA72B6QP5L6OXR
4891_Mn2Rh4.cif,Mn2Rh4,Cmcm,0.0094144196852769,0.0564865181116616,PN_DH7UNUQ7BI4QHXEW55K2WSHO4VBWFIWZ
4892_FeNi.cif,FeNi,Fm-3m,0.5900486215904728,1.1800972431809456,PN_WZOF2AL6ZEAJV54JONTAPCD6YYVDZWE2
4893_AgSr.cif,AgSr,Pm-3m,-0.0336765836214314,-0.0673531672428628,PN_7RYZVJEUYYLUGF4ETX4H3HSFNBEUCGNJ
4895_Al5As24.cif,Al5As24,I-43m,0.2029142958536346,5.884514579755404,PN_6PERFOE44W46QROV4LLQSL4QTQWNHBBL
4896_CaSn.cif,CaSn,Pm-3m,-0.6047923086631299,-2.41916923465252,PN_HHZMCENN23BBMD6EKL7HZ5Q24JAZTE7I
4897_Al2Au.cif,Al2Au,I4/mmm,-0.4116197583822245,-2.469718550293347,PN_BFC2XTWA6ZRASS746JXBHIAG72IKXXZZ
4898_InW3.cif,InW3,P2/m,0.4483106890783048,1.7932427563132194,PN_OR3J25XP42JGQRT4X3CDDSYBTFYW5DDN
4899_Ca2Sr.cif,Ca2Sr,I4/mmm,0.0145876839698736,0.0437630519096208,PN_X467KYCCGFXSNY3RYHAYTCKC57BKWMTC
4900_Rh2Sb4.cif,Rh2Sb4,Fd-3m,0.8924790440338496,5.354874264203097,PN_L4TFGBTCYNSBVOIHJV53O62ZVQWBQ3LQ
4901_AgGa5.cif,AgGa5,Cmmm,0.0345835753718712,0.2075014522312273,PN_JEYLDXTST6FQUGDWJBDQRXVMNUZ43SQV
4902_Mn3Sr.cif,Mn3Sr,Pm-3m,0.8495298385172907,3.3981193540691628,PN_2KFNIPVYHA5AYK2C452TROQCRJIFFF5K
4903_Pt2W2.cif,Pt2W2,Fd-3m,0.0916570637141021,0.3666282548564084,PN_DPTHP4GJHUES4UECW4XI6PBROH5AP57F
4904_Cu4K16.cif,Cu4K16,I-43m,0.388446705850454,7.768934117009081,PN_QQAPJDTTXCE4TDQ2VFN3NJAX442OOI4N
4905_Rh6Sb4.cif,Rh6Sb4,Fdd2,-0.0479862950624436,-0.4798629506244367,PN_246SPKXVL2CNYAYBZXAR5RNOCF3JISSP
4906_Rh2Ta4.cif,Rh2Ta4,I4/mcm,-0.2997070499201785,-1.7982422995210712,PN_QZFYHJPQCX2SY2S7TUHJEUH6SMJFSIML
4907_Mo2Ta2.cif,Mo2Ta2,Cmcm,0.3511306459887429,1.4045225839549715,PN_3TULU5QWDOLWR7NBUCPGU762CA72YZDU
4908_InMn5.cif,InMn5,Amm2,0.348006162550855,2.0880369753051298,PN_F64SYYQTKAYJ3LVTPFPGCDV5RXXDZ7IX
4910_NiPd3.cif,NiPd3,Pm-3m,0.0067054398745094,0.0268217594980377,PN_VDN5DHLYLQCDUDOTSWUKUMGOX3Y3H4ZC
4911_NaBr3.cif,NaBr3,Cmmm,-0.6094928308533563,-2.437971323413425,PN_TWRSYVQTH3J3R6MT4NG3P5AHDQJH37VF
4914_Cu2Rh6.cif,Cu2Rh6,Pmmn,0.06766825202389,0.5413460161911203,PN_P7CBPVSZ725XJDMIWLPPGE3XB67XATZX
4915_SbP3.cif,SbP3,Im-3m,0.2084703715605291,0.8338814862421167,PN_LYIDHFTP6XOCOBKJKO4AF3KUZNDADU5E
4916_In2Pd2.cif,In2Pd2,P4/nmm,-0.4115068745040471,-1.6460274980161884,PN_BOXPXR4JV7ZSDIH34ACQN4TFMNWBEMJL
4918_EuGa.cif,EuGa,Pm-3m,-0.5421530171607336,-1.0843060343214672,PN_TYTACFMQPBAKWKLKQBKMYGOR5YUSL57A
4919_PbAs3.cif,PbAs3,P4/mmm,0.3092709550260926,1.2370838201043703,PN_U4LMKVJV3WN5XCYIHVZIJVUUJSNEEAVC
4920_NaP.cif,NaP,Cmmm,-0.0973361816196645,-0.389344726478658,PN_KYFJMUW2RVTOVCIZXDYFJHQ7OITKM3KK
4923_Al2Sb4.cif,Al2Sb4,I4_1/amd,0.1593734761924174,0.9562408571545048,PN_KYBCRHLSC37T3FKVOKCJG7LY7IXWF2SO
4924_AuPa.cif,AuPa,P-6m2,-0.460915026643784,-0.921830053287568,PN_SZIAEUTIBR7QGLRDSNFQSWYUMLOQZAAI
4925_PdU.cif,PdU,P-6m2,-0.2230211790884499,-0.4460423581768999,PN_C52SEMARX5S2YFH5QBRY3W3F4SFY2KM5
4926_Ag3Pb.cif,Ag3Pb,Imm2,0.0971226535759504,0.3884906143038016,PN_MAWHK2VU3ELGGS245CY3JCDXS5AJSYVK
4927_Ba2Mn2.cif,Ba2Mn2,P4/nmm,0.8169081951931902,3.267632780772761,PN_BFEQSBZ73RAVSV6BFGHBCO2LL45UHQXF
4928_Ag3Au.cif,Ag3Au,Cmmm,-0.0315943423557443,-0.1263773694229772,PN_HFG5CEK7A5WYKUYGX2E46AJJE57KK2XC
4929_Cu4Yb2.cif,Cu4Yb2,Imma,-0.293062360656964,-1.7583741639417845,PN_A7ROUITBRX7FLO5HB37JEV6UQ2OHQCXM
4930_Pb4As3.cif,Pb4As3,I4/mmm,0.1430533531112188,1.001373471778532,PN_2XK7M5DSZZSAXQ5VR2APF2NR5ASNYPRB
4931_Al4Bi2.cif,Al4Bi2,P4_2/mnm,0.889244536310505,5.33546721786303,PN_KX7FY7M2SXILYOTM5KKEQHMDJIMLXPKW
4933_Mn3Pb.cif,Mn3Pb,Pm-3m,0.454647138983935,1.81858855593574,PN_2JDONPVTOJDLULXCLN2AA442QLE5JG6Z
4934_InPt.cif,InPt,Pm-3m,-0.3954266898175138,-0.7908533796350277,PN_5GL4FPJFEMBLMN724EN2HVEEESUKNMIK
4935_Pb3As.cif,Pb3As,Fm-3m,0.158233633628551,0.6329345345142041,PN_B6VNDNNOZT7ZGA6STGTOOLXQFZEYO4ZI
4936_Fe2As.cif,Fe2As,P4/mmm,0.2919286981624853,0.8757860944874558,PN_SY5CX25BJOSU3KYMPXLOO23XNIRMY3LS
4938_Ir4Nb8.cif,Ir4Nb8,Pa-3,0.298080597835078,3.576967174020936,PN_5IGJ2JVXI7SKND3JDUZO7DVQ3S7YSKU3
4941_PtW2.cif,PtW2,Fmmm,-0.0631971670452789,-0.1895915011358369,PN_22CRH3DSSUQVMY7UPVZMSSE4J5PHA2L3
4942_InK.cif,InK,R-3m,0.0734591574714023,0.1469183149428046,PN_GGED6LXT44B5YD3NBSYWYESZ6FOI2XL7
4943_PBr3.cif,PBr3,Fm-3m,0.6417892177990348,2.567156871196139,PN_SRV3TUFPIEDOZZHLY473FM7UYHCCA4U7
4944_Al3Br.cif,Al3Br,I4/mmm,0.273000563654906,1.092002254619624,PN_S6IT3CQHBF7TPSVOOXJQTGWDCUMM6XCZ
4945_Rh2W2.cif,Rh2W2,Pmmn,-0.0488505645361634,-0.1954022581446537,PN_RNVMSRSCHAECKS3KW62Q6ZCPD4SH6MHB
4946_Pd2W4.cif,Pd2W4,I4/mcm,0.4230582713403805,2.5383496280422837,PN_YK23FJK6LH3KI6P23BIDO7FBEQRVEXAE
4947_SmW.cif,SmW,P-6m2,0.6281554503118381,1.256310900623676,PN_MHVIIGWNM2SC4MHVWTUNWHWJSVTB5UOH
4948_AgCu8.cif,AgCu8,I4/mmm,0.8151936839697029,7.336743155727326,PN_6SUQCYTBWFSBQYXFGL7D6B7Y76VZQYGY
4949_CuMn2.cif,CuMn2,I4/mmm,0.291305059286478,0.8739151778594341,PN_QVJPXZP7BTYVQFNBMPVEFWZYFFTN5BX6
4951_Pd2W.cif,Pd2W,I4/mmm,0.0837341889231855,0.2512025667695567,PN_S6LSBSF5OUFHJDFPMNJVMC4YKLLNHWSW
4952_SnSb.cif,SnSb,Pm-3m,0.0903802482941573,0.1807604965883147,PN_HWQ2DBTFM26GVUJ35EF2JPHTZEWY3TIC
4953_Ni2V4.cif,Ni2V4,Cmcm,-0.0308948681763017,-0.1853692090578107,PN_IFMAXBXZHGUSLEGWORVTXC7TPTFVKMGM
4954_Fe2Br2.cif,Fe2Br2,Imma,0.554255786528496,2.217023146113984,PN_Q5MQJKHA7XRNOKJ636XXZGGZQM7BCLON
4956_IrTa5.cif,IrTa5,Cmmm,-0.263741136245784,-1.582446817474704,PN_LF26RRCJBS6LUALH4RMXAE766GT2FV6Q
4957_Ba2Ge2.cif,Ba2Ge2,P4/nmm,-0.1778758672158011,-0.7115034688632047,PN_DHYECK2MXDE252TNOZYUVDE7BREMI74N
4959_Sn6Sb2.cif,Sn6Sb2,Pm-3n,0.1037218500945518,0.8297748007564145,PN_OCAKV7R25L7TSYW2ARJTJVNXILB33N2T
4960_IrNa3.cif,IrNa3,Pmm2,0.3740963947163251,1.4963855788653009,PN_M5S3DJ2YHY47DFIQUXWGEFOGIX5PSZLU
4961_Ge2P4.cif,Ge2P4,C2/m,0.0137601105489194,0.0825606632935169,PN_VTV2YERFGCRNZAE5W636ENSDMNYFTKTX
4963_Cu3Na5.cif,Cu3Na5,Cmmm,0.2736034573217432,2.188827658573945,PN_6UJUGDUBVG745S3E4G5NKKEBZBEVSXME
4964_Fe4Pd2.cif,Fe4Pd2,Pnnm,0.8623138115758214,5.173882869454928,PN_NYJ34N6YTAA5HCATN2PKWVH37HGODMOC
4966_PtYb.cif,PtYb,R-3m,-0.881391785368073,-1.762783570736146,PN_OSLBBDI4UHDY33K2JHGJTLJEUUK5B66L
4967_Al4Pt2.cif,Al4Pt2,Cmcm,-0.5791034507663954,-3.4746207045983724,PN_75H7NBHKBKE7CEMHGQ5HXWVUFGU73U3H
4968_PtP3.cif,PtP3,Pmmm,0.399243288113225,1.5969731524529005,PN_322M5XD7TYK2ZXJMO3WRBQQEY36T4HA4
4969_PdAs.cif,PdAs,Cmmm,-0.138616894546411,-0.277233789092822,PN_52K65RFSAI257BI67PT7IEZABIW26HMV
4970_Ni2Sb4.cif,Ni2Sb4,Pnnm,-0.3743846982243711,-2.2463081893462267,PN_ARBOW6UAH6HKTAVWUG3IH6RHGXDVXWTJ
4971_Fe4Mn4.cif,Fe4Mn4,Pnma,0.0404711306334171,0.3237690450673369,PN_AUBTH5XPTROC5HK22BQDLZTDJBHRXBZQ
4972_Pb4V4.cif,Pb4V4,Pnma,0.4396753374186346,3.517402699349077,PN_MNXWX5BFKDUUMIH4XVXD26RKVYXGFABQ
4973_SmYb.cif,SmYb,P-6m2,-0.3023586934686482,-0.6047173869372964,PN_32XEYPGWWY4UHAFU3UAVSDYS5QH72OZT
4974_AlRb.cif,AlRb,P4/mmm,0.6302057448982932,1.2604114897965863,PN_QTES5UE2QLBHJVI5EHPVERHTEKVJVHFJ
4975_Rh3Ta.cif,Rh3Ta,I4/mmm,-0.4835740124948469,-1.9342960499793875,PN_5IKK64NFD2AJLIQ7JY7SOQ2QXUM6WXZ6
4977_Sn3Br.cif,Sn3Br,P4/mmm,-0.1491318265327392,-0.5965273061309571,PN_ZDHU4W2HFXCK3KF7QSRLKK7IZO5IGAKK
4978_RhSb.cif,RhSb,Pm-3m,-0.1756178771276877,-0.3512357542553754,PN_Q4UMRJAL5NU7JTCKWS7RM6P6ZF7LE5LD
4979_Rh6P4.cif,Rh6P4,Fdd2,-0.4949304186620736,-4.949304186620736,PN_AAQG6JTCOBL3ABQNLBI4I4JKBYPKLNZD
4981_Ga3Nb.cif,Ga3Nb,I4/mmm,-0.3381442933782557,-1.3525771735130228,PN_MLDGSYTQSXKOPMR4KD7OXMPJG7LY46KG
4982_Ba4Ca2.cif,Ba4Ca2,I4_1/amd,0.1024221370404016,0.6145328222424098,PN_AUFA7VZJKLEJ34YSIXC3PE3PYKC3QKW7
4983_Na4Pd.cif,Na4Pd,I4/m,-0.0258741763051297,-0.1293708815256486,PN_FMQKOU4CUEOFC6ID2RZPQQCVPHMCGU3O
4984_Cu5Mn.cif,Cu5Mn,F-43m,0.1331142964003463,0.7986857784020778,PN_WBKDGLXZQTXE3NNKTJ4VHH6KB4ASRVOX
4985_Pb2Sr2.cif,Pb2Sr2,Pmma,-0.6056881541202612,-2.422752616481045,PN_4QTT7UWYDBVIUJX5FOVPQBVLLA6QMYCU
4986_In3W.cif,In3W,Fm-3m,0.8934791810267129,3.5739167241068515,PN_7DLDBYVNZUTNBSCRYSBSIFE4R5PHYVNB
4987_FeYb3.cif,FeYb3,Pm-3m,0.337279709129779,1.349118836519116,PN_WPY25VVLGCISX4EQJC4XG3Y3HJEX4GZQ
4988_Cu12Ge12.cif,Cu12Ge12,Pbcm,0.159939611134894,3.838550667237456,PN_ZNRADZ53SQRBVNY65XQJJXIFO6WNRIVE
4990_Cu2W.cif,Cu2W,Immm,0.4542508312631017,2.72550498757861,PN_G2UCKGHAVQE4P75WPPF56HJPPJPA4M5K
4991_Ag4Al2.cif,Ag4Al2,Cmcm,-0.06928288901308,-0.4156973340784802,PN_HONKWOZF4SL4XM27MTXHPOTWF3AKINEF
4994_Au2Sb2.cif,Au2Sb2,Cmcm,-0.0255928153431068,-0.1023712613724274,PN_34JGLNT2Z3A2BPXMP4OG3PA7PGTCUU7V
4995_Al2In2.cif,Al2In2,P4/nmm,0.1980946123949709,0.7923784495798838,PN_2YMUTPDQH423FO23R4F6Y2JPTLFW54DF
4996_Ag3Br.cif,Ag3Br,P4/mmm,-0.0466270446590901,-0.1865081786363607,PN_GGP4J67ICWQHYNTSDBZQJFBJKFHKP2TY
4997_Al16Ge8.cif,Al16Ge8,Fd-3m,0.200161422863711,4.803874148729065,PN_HZ6TO4YLVA2K7PWWHZJRSFEAYOZLE3WF
4998_Pt2Th2.cif,Pt2Th2,Cmcm,-1.2350655038663056,-4.940262015465223,PN_5CPW22CGT4NOR6246BCGTZUO2UMDXXWI
4999_Ga5Sr.cif,Ga5Sr,Cmmm,-0.1824981728377247,-1.0949890370263482,PN_Y33JSPVMM6O4AYYYNR2LHUUT5WFVXJJC
5000_MoSr3.cif,MoSr3,Pmm2,0.9291439460161364,3.7165757840645455,PN_QR4LU3SKZJE3QZHFUUQPYZMJH44JYUG6
