file_name,value_per_atom,structural_complexity
3001_Cu8Ta4,0.1459014699692117,19.019550008653873
970_Nb4W8,0.124329705043389,19.019550008653873
3682_Al4Pt8,-0.8627738744258586,19.019550008653873
2960_Cu4Mn8,0.3612515646588257,19.019550008653873
2949_Al4Cu8,-0.1947568048805603,19.019550008653873
3729_Ni8Pt4,-0.0452248635459563,19.019550008653873
2919_Ag8Au4,-0.0441376497046051,19.019550008653873
2240_Fe4Pb8,0.8179783771490255,19.019550008653873
2286_Fe8Sb4,0.3155557497340489,19.019550008653873
2838_Nb4Sn8,-0.3024282431053073,19.019550008653873
3708_Ni8Ge4,-0.4454890874569628,19.019550008653873
643_Al4Pb8,0.190216711141165,19.019550008653873
1352_Fe4Pt8,-0.2230040031542503,19.019550008653873
1063_Pb8Sb4,0.0237348567169709,19.019550008653873
2030_Cr8Rh4,0.0901796025136161,19.019550008653873
786_Al8Ta4,-0.2256334324555962,19.019550008653873
3118_Mo4Ge8,-0.387930767527448,19.019550008653873
3609_Fe4Pd8,-0.0967366215483439,19.019550008653873
2592_Cu8Sn4,0.0782940927330499,19.019550008653873
1218_Ba4Cu8,0.2957104055890719,19.019550008653873
4128_Mn8Sb4,0.1912105869806796,19.019550008653873
1623_Cr8Pb4,0.6935188602294282,19.019550008653873
3899_Cu4Pd8,-0.0814270191338154,19.019550008653873
398_Nb2V4,0.4809952880147084,19.019550008653873
4701_Fe8Ta4,-0.0433940220525492,19.019550008653873
4392_Eu4I8,-1.877240265112853,19.019550008653873
4775_Mo4P8,0.1065608358772536,19.019550008653873
1461_Pd2Ge4,0.1011663982781095,19.019550008653873
4520_V8W4,0.0528966610899613,19.019550008653873
198_K8P4,-0.0861383471739086,19.019550008653873
196_Au8Mn4,-0.0326742680376834,19.019550008653873
193_Eu8Ge4,-0.8865988076880225,19.019550008653873
4526_Fe8Ga4,-0.1229566562214709,19.019550008653873
4767_Sn4W8,0.5256381582876166,19.019550008653873
4759_Au4Ni8,0.1137680593830878,19.019550008653873
1730_Cr4Sn8,-0.0265927506534436,19.019550008653873
1694_Ba4P8,-0.6301452926437984,19.019550008653873
4575_Cu8P4,0.0429996810381183,19.019550008653873
1943_Al4Ga8,0.0662554584094277,19.019550008653873
4077_Mo4Rh8,-0.1778144107156573,19.019550008653873
4881_Pd8V4,-0.2238081572333025,19.019550008653873
322_Nb4V8,0.1597620642543861,19.019550008653873
4241_Au8Rh4,0.1711982711978444,19.019550008653873
4139_Ag4Ba8,-0.1623410645895558,19.019550008653873
1579_Nb4V8,0.1587140476625173,19.019550008653873
1577_Cr4Sn8,-0.0258652017659611,19.019550008653873
1487_Fe8W4,0.106739363251543,19.019550008653873
346_Ni4Rh8,0.0535778871675454,19.019550008653873
1605_Ge8P4,0.2090046404551131,19.019550008653873
4199_Sm4Sb8,-1.2011228798766862,19.019550008653873
4100_Pt4V8,-0.2722998168753759,19.019550008653873
4268_In4W8,0.5404186690897484,19.019550008653873
135_Pt8Sn4,-0.3379489042611444,19.019550008653873
35_Ag4Sn8,0.0393953092254234,19.019550008653873
4086_Sn8W4,0.4984100343295215,19.019550008653873
34_Nb4W8,0.1253886633291424,19.019550008653873
2118_Ge5P3,0.4001806940265355,18.0
3357_Ir3Ta5,-0.3663745186503728,18.0
4616_Pt3V5,-0.4058848760908624,18.0
4613_In3Mo5,0.3843984287084891,18.0
3333_Al3Pt5,-0.915859397452909,18.0
4538_Ge5As3,0.3379859815522268,18.0
2076_K5P3,0.0229123948438667,18.0
4356_Fe5Sb3,0.3266920626745477,18.0
2998_Ta3Sb5,0.3737763057917291,18.0
3018_Cu5Br3,0.2481934826088245,18.0
286_Ca3P5,-0.4401060503561709,18.0
834_Ag5Sn3,0.0055465449788667,18.0
4107_Mn3W5,0.1556870506274474,18.0
4382_Ba3Ga5,-0.1704261584929725,18.0
3374_Rh5W3,-0.1680544947770705,18.0
808_In5Ta3,0.274984929722831,18.0
3179_Ge3As5,0.3617212920548871,18.0
3061_Rh5W3,-0.1732244838902854,18.0
624_Fe5As3,0.0406293060694071,18.0
4235_Ag3Na5,-0.0012180582987706,18.0
994_Ga3Pt5,-0.561520434446523,18.0
1971_Ca5Cu3,-0.0565900669884098,18.0
1195_Ag5Al3,-0.0629852474614018,18.0
49_Al3Sb5,0.2406565035847956,18.0
1999_Sb3Ge5,0.279852167525032,18.0
4964_Cu3Na5,0.2736034573217432,18.0
4808_Nb5Br3,0.5808076985533646,18.0
1444_Au5Nb3,0.0112431867626598,18.0
4800_Nb3Br5,-0.0615081050359869,18.0
2423_Al3Sn5,0.1306375382299589,18.0
1246_Al3Cu5,-0.2072909856782967,18.0
1633_Ba5Sn3,-0.4833400665952947,18.0
2419_Ag5Al3,-2.339860029082108,18.0
4874_Ga5Nb3,-0.2383261687443578,18.0
1198_Ag5Al3,-0.0362252790731596,18.0
4730_Au3Ba5,-0.440568201391275,18.0
2368_Ga5Br3,-0.2414670257688573,18.0
1697_Ca5Ga3,-0.1228295982076836,18.0
2396_Ca5P3,-0.9491693569273068,18.0
1959_Pb5Sb3,0.0442930198409401,18.0
3751_Ag8K4,0.0051023062900457,17.509775004326936
3379_K4Na8,-0.0243008570655279,17.509775004326936
2468_Fe6P3,-0.5281060693301955,17.019550008653873
724_Mo2W6,0.3719728802045488,16.0
4292_Au6Mn2,-0.0405193873597822,16.0
288_As2Br6,0.3046454324844947,16.0
4883_Mo6Rh2,0.0748557648128329,16.0
690_Ag6Al2,-0.0033059475086609,16.0
1856_Cu4Pt4,-0.1205808597847024,16.0
2440_Cu2Ge6,0.3005277198815186,16.0
1229_Nb2V6,0.1581114690204579,16.0
3448_Ag2Br6,-0.1108622604289462,16.0
2386_K6P2,-0.1084430645371972,16.0
4265_Ba2Ni6,0.6240558499667035,16.0
1186_Ag6Al2,-0.0471502445581117,16.0
4981_Ag2Br6,-0.0441878178169319,16.0
1867_Cr6Sr2,1.4466103641065455,16.0
1876_Ca6Cr2,0.8731378962099527,16.0
4712_Fe6Nb2,0.0127559507396668,16.0
3236_Mn2Sb6,0.5913991960011264,16.0
4373_Ca2As6,-0.953861079987993,16.0
1660_V6W2,0.1271767347920729,16.0
2801_Al6Sb2,0.1692057428212972,16.0
2920_Fe2Mo6,0.279591567029124,16.0
4605_Cu6Ir2,0.1147352875377123,16.0
3519_Ga2Ni6,-0.310124810305747,16.0
2950_Ca6Ta2,0.7325548895312664,16.0
4570_Ba2Ge6,-0.0218457243890619,16.0
2793_Mo2Rh6,-0.1970149649820438,16.0
4749_K6Rh2,0.6040952700919129,16.0
2780_Nb6Rh2,-0.0742120441850051,16.0
4535_In2Mn6,0.3305705497817044,16.0
4768_Pb6P2,0.2162553450890172,16.0
2655_Ag4Al4,-0.0168922985582784,16.0
3021_Ir2Rh6,0.0023693738483077,16.0
2642_Ag4Al4,-0.0290568165324929,16.0
2330_Ag4Al4,-0.015127320994988,16.0
1096_Ga2W6,0.2772853612739112,16.0
2180_Mn2V6,0.0301983632533797,16.0
4488_Al2V6,-0.0845296956554664,16.0
4471_Cu2Pt6,-0.1142671369682535,16.0
2124_Fe6Ir2,0.0352644097519831,16.0
1668_Ba6As2,-0.3480596932121238,16.0
832_Ni6P2,-0.3125298444586937,16.0
4435_Na2Pd6,-0.0039800834452812,16.0
79_Ag2Al6,0.0341048023002974,16.0
2112_Ag6Al2,-0.0362782632402982,16.0
152_Ni2As6,0.2952248090641767,16.0
266_Ag4Al4,-0.0171242730527843,16.0
224_K2As6,0.0183152754736446,16.0
2017_Mn6Sn2,0.2060444772109209,16.0
589_Ni2P6,0.3413307033604384,16.0
4036_Na6Pd2,-0.0136777169854349,16.0
1416_Cu2Ge6,0.2952457794634711,16.0
1425_Mn6Sb2,0.1532675726229939,16.0
3585_Pt6As2,-0.0470132012798281,16.0
3686_Fe2Sr6,0.615835199672778,16.0
1478_Ta2Ge6,0.1118716085629225,16.0
2041_Pt6Sn2,-0.3247850276886179,16.0
3688_Pd4Pt4,-0.032065831937813,16.0
3714_Fe2Sr6,0.8647008501467695,16.0
4014_Ta2P6,-0.1821465687261643,16.0
4909_InMn5,0.348006162550855,15.509775004326936
3092_Al4Sn2,0.1378266215590902,15.509775004326936
4598_Ni3Rh3,0.0590098443842267,15.509775004326936
2524_K5Ni,0.4523238413744102,15.509775004326936
2794_Ga5Pt,-0.1300824104031785,15.509775004326936
518_CaPb5,-0.1095779331682044,15.509775004326936
4891_Nb4Sr2,0.664300873104402,15.509775004326936
2493_In5Br,-0.128083791964323,15.509775004326936
2649_Ba5Sn,-0.1835240422710799,15.509775004326936
925_In5Sn,0.0071618832732151,15.509775004326936
4258_Al5Ni,-0.1007123025640458,15.509775004326936
583_InBr5,-0.2712177359377226,15.509775004326936
4778_MnRh5,-0.0331173025082295,15.509775004326936
3571_Fe5Mn,0.0476466478093809,15.509775004326936
2940_AsBr5,0.0282342964256434,15.509775004326936
4064_In5Mo,0.2891137401028671,15.509775004326936
2922_AuNi5,0.1243812841000172,15.509775004326936
276_K5Ge,0.1171544290501849,15.509775004326936
2877_W5Sb,0.3221849244437298,15.509775004326936
2332_Ir5Na,0.3068927250645951,15.509775004326936
4821_Ag3Nb3,0.2345844547757055,15.509775004326936
4790_Ba5W,0.8487297015357887,15.509775004326936
4349_Ir3Ta3,-0.4347810583230007,15.509775004326936
1833_Ga5Br,-0.0006488106114813,15.509775004326936
3314_PtBr5,-0.0871835685459364,15.509775004326936
4623_AgGa5,0.0301596591030233,15.509775004326936
3129_Sn5W,0.3710214703773496,15.509775004326936
2577_Cr5Na,0.694440626891898,15.509775004326936
4061_Mn5V,0.1339017868412367,15.509775004326936
4317_Ag4Nb2,0.2673313436111317,15.509775004326936
1864_Fe5W,0.1370840131538635,15.509775004326936
2902_Cu5Mn,0.19009826311848,15.509775004326936
2907_Au5Sb,0.0529373901265829,15.509775004326936
2345_KP5,0.0256133907113328,15.509775004326936
3797_Au4Nb2,0.0185439151225352,15.509775004326936
4295_AuAs5,0.4915406082243644,15.509775004326936
41_TaV5,0.0285429832034746,15.509775004326936
4799_Ba3In3,-0.3259496805371166,15.509775004326936
2095_GeP5,0.2502946082764126,15.509775004326936
2969_Au3Nb3,-0.0151428426324133,15.509775004326936
4129_Al5Fe,-0.0528174990306299,15.509775004326936
718_AgGe5,0.2757923473918933,15.509775004326936
963_Pb5As,0.0730055359613004,15.509775004326936
3559_Mo2Pb4,0.4545479546314854,15.509775004326936
2792_AlNi5,-0.2226364434127994,15.509775004326936
1203_BaCu5,0.1611099610981305,15.509775004326936
4138_Na4P2,-0.2091135756894007,15.509775004326936
4137_Pb5P,0.1470081182557236,15.509775004326936
1891_Au5Mn,-0.0340198901622936,15.509775004326936
1222_K5Ge,0.115353885773028,15.509775004326936
18_InSn5,-0.0004405329807042,15.509775004326936
3011_IrTa5,-0.2895005288566518,15.509775004326936
1536_Ta5V,0.0288458920268771,15.509775004326936
1452_In3Br3,-0.617555666652034,15.509775004326936
12_InSn5,0.0003555562973946,15.509775004326936
11_Mo3W3,-0.0006663757429568,15.509775004326936
3019_Ir3Ta3,-0.4363903598925691,15.509775004326936
4742_Ge5As,0.328977437833131,15.509775004326936
4111_Ba5V,0.5603798148423765,15.509775004326936
4028_Au5Ni,0.0825313759901096,15.509775004326936
5000_Ga5Sr,-0.1824981728377247,15.509775004326936
1521_InBr5,-0.2827377903090093,15.509775004326936
471_Mo3W3,-0.0025435217114875,15.509775004326936
3232_Al5Pt,-0.2573612978127588,15.509775004326936
3053_W5As,0.2297891868005095,15.509775004326936
4434_BaW5,0.8998810528593069,15.509775004326936
3818_FeP5,0.1148882220658234,15.509775004326936
1175_Ba5Pd,-0.0416080374204114,15.509775004326936
935_BaPd5,-0.0742184407992028,15.509775004326936
1426_In4Sn2,0.003060684052329,15.509775004326936
1485_BaCu5,0.2562033384073583,15.509775004326936
3078_Al3Sn3,0.125480888915901,15.509775004326936
1181_MoPb5,0.463974806041629,15.509775004326936
3417_Ba5Fe,0.4972811038738764,15.509775004326936
794_Sb5Ge,0.1763970050717992,15.509775004326936
30_In5Br,-0.1449179659511769,15.509775004326936
703_Pb5As,0.0742787194289308,15.509775004326936
4060_VAs5,0.1273263648936259,15.509775004326936
944_Sb5Ge,0.3160109171990714,15.509775004326936
4633_Au5Sb,0.0592267831128546,15.509775004326936
1095_Cr4Ta6,0.2239742892993831,15.219280948873621
2850_Pd6Ge4,-0.3925074452225566,15.219280948873621
3157_Rh6W4,-0.0594009968145442,15.219280948873621
4734_Fe4Pd6,-0.0234736291717496,15.219280948873621
4056_Ni6As4,-0.1381767844322986,15.219280948873621
497_Al4Th6,-0.2419117160556957,15.219280948873621
2840_Al6Ca4,-0.188409806197005,15.219280948873621
2778_Sn6W4,0.676190720559454,15.219280948873621
1085_Fe4As6,0.0774651105346301,15.219280948873621
3806_Ag4Pd6,0.0226663836828961,15.219280948873621
4635_Fe6Ta4,-0.0447040189155075,15.219280948873621
4906_Rh6Sb4,-0.0479862950624436,15.219280948873621
3843_Ir4Ta6,-0.344838574125113,15.219280948873621
1596_Ag4Ge6,1.1126645576840708,15.219280948873621
3504_Al4Pt6,-0.8428913653579073,15.219280948873621
3829_Ir6W4,-0.1336017606123633,15.219280948873621
3877_Cu4Pd6,-0.0477099033245785,15.219280948873621
4980_Rh6P4,-0.4949304186620736,15.219280948873621
706_Ta4V6,0.1993984094369878,15.219280948873621
3567_P4Br6,0.2069360492629879,15.219280948873621
3097_Ag4Ba6,-0.0507589651294985,15.219280948873621
4923_Rh6W4,-0.0562816004779008,15.219280948873621
1162_Fe6V4,-0.0192158893058021,15.219280948873621
1944_Th6Ge4,-0.8316474113878478,15.219280948873621
3622_Al6Pt4,-0.7048057370949273,15.219280948873621
4890_Ga4Nb6,-0.1469157667423914,15.219280948873621
2107_K6Ni4,1.1132662060029634,15.219280948873621
1122_Au4Mn6,0.1804851735896761,15.219280948873621
923_Ca4P6,-0.7364136415173135,15.219280948873621
2935_Fe6Pd4,0.0475907069499314,15.219280948873621
3309_Fe4Pb6,1.1952070005445747,15.219280948873621
2895_Al4Pd6,-0.7730897825502033,15.219280948873621
1828_Ir4Sn16,-0.249447746255101,14.438561897747245
2026_Sr8Bi6,-0.9292699023510173,13.793193904479521
3828_Th6Bi8,-0.6813683766328101,13.793193904479521
2011_Ba8Bi6,-0.952543718522009,13.793193904479521
218_Ag5Al2,-0.0047721081775178,13.651484454403228
157_Ag3Al4,0.003962790239954,13.651484454403228
2028_Ag3Al4,-0.0070739792168131,13.651484454403228
205_Ir3Mn4,0.0216022662820246,13.651484454403226
2900_Mn4Ta3,0.0413758628793833,13.651484454403226
1941_Nb3P4,-0.7612680442137554,13.651484454403226
253_Cu3Ge4,0.2297082476966535,13.651484454403226
4444_Al4Ba3,0.0292033668084903,13.651484454403226
3719_Au3Fe4,0.1105281714746949,13.651484454403226
3020_Au4Ni3,0.0763955927040973,13.651484454403226
4420_Au3P4,0.0064831113172161,13.651484454403226
3262_In4Rh3,-0.1529194983569896,13.651484454403226
4168_Fe3Mo4,0.2261068901686473,13.651484454403226
561_Ag4Al3,-0.0150315622136787,13.651484454403226
4931_Pb4As3,0.1430533531112188,13.651484454403226
2351_Ni4Sb3,-0.0920022587204028,13.651484454403226
734_Fe3Ir4,0.3829532302239989,13.651484454403226
2034_Fe3Ga4,0.078311859130354,13.651484454403226
4855_K3P4,-0.139473519418894,13.651484454403226
3326_W4P3,-0.2027034634468054,13.651484454403226
1130_Ir4Mn3,0.1284928555570275,13.651484454403226
3902_Ga4P3,0.0203795103231487,13.651484454403226
1118_Ag4Al3,-0.0526194813139255,13.651484454403226
3273_Fe3V4,-0.0739615341255576,13.651484454403226
744_V4W3,-0.0694999846588128,13.651484454403226
3747_Nb3V4,0.0366451192359237,13.651484454403226
1748_Ag4Al3,-0.0356463121095568,13.651484454403226
560_Ir4As12,-0.42536219858306,12.980449991346125
3088_Rh4As12,-0.4381732386554331,12.980449991346125
1543_Cu5Pb4,0.2302710594214126,12.52932501298081
4587_InMo8,0.3558672096246924,12.52932501298081
2012_Au8In,-0.0480099525897463,12.52932501298081
4949_AgCu8,0.8151936839697029,12.52932501298081
4015_Ta5Sb4,0.0942704375860425,12.52932501298081
2448_Au8In,-0.056373013667435,12.52932501298081
525_MnBr8,0.0470076085075885,12.52932501298081
4963_Cu8In,0.0245764029035318,12.52932501298081
4017_Cu8In,0.0159428749984079,12.52932501298081
1524_KAs8,0.2680072295464981,12.52932501298081
974_AgMn8,0.3058372083905188,12.52932501298081
1989_Ba8P,-0.1316894719354589,12.52932501298081
4702_AlPb8,0.0781345707423987,12.52932501298081
1187_AsBr8,0.0085100131908456,12.52932501298081
554_K8As,-0.0518674954251389,12.52932501298081
4536_Ba4In5,-0.2514774306094741,12.52932501298081
27_Cr4Sr5,0.8411270269282158,12.52932501298081
2188_Al4Ta5,-0.1559804665586502,12.52932501298081
1194_MnSb8,0.1924240153271862,12.52932501298081
3885_BaGe8,0.0751645538209276,12.52932501298081
2358_As5Br4,0.0661734483483273,12.52932501298081
2405_Cu8Sn,0.0168007235782425,12.52932501298081
9_Mn8Sb,0.1088367267697947,12.52932501298081
544_Mn4Sb5,0.6126234421869883,12.52932501298081
4760_Mn4Ta5,0.1391875726000301,12.52932501298081
989_Cr5Sr4,0.8622231105534092,12.52932501298081
498_Ge4Br5,0.2780708243690522,12.52932501298081
3901_Ir8Sn,0.0672942381637192,12.52932501298081
1677_Fe8Ir,0.0635756256994726,12.52932501298081
2000_AlTa8,-0.0389980449255236,12.52932501298081
2861_Nb5W4,-0.0496318712627438,12.52932501298081
2556_Au5Cr4,0.3412211310621565,12.52932501298081
578_Cu5Ge4,0.1404388175606143,12.52932501298081
1019_Cr5Rh4,0.0433450957045522,12.52932501298081
2548_K4As5,-0.1427758941465594,12.52932501298081
2611_FeIr8,0.0056338130923955,12.52932501298081
1015_Cr8Rh,0.4020511085975929,12.52932501298081
80_Ag4Al5,0.0050849121442403,12.52932501298081
1542_BaAs8,0.1090165162356824,12.52932501298081
4848_AgSn8,0.018971326515688,12.52932501298081
1128_Ni5Sb4,-0.0100013788182309,12.52932501298081
2303_Fe5Ga4,-0.0626809731139369,12.52932501298081
1534_Cu8Sn,0.0012890280471198,12.52932501298081
1131_Cu8Ge,-0.0100629725513914,12.52932501298081
2339_Mn5Sb4,0.1789847373485137,12.52932501298081
75_Fe8Pt,-0.0521674073461721,12.52932501298081
1041_Fe5Ir4,0.021654189741767,12.52932501298081
4744_AuW8,0.4000832382714839,12.52932501298081
4602_Mo8W,0.4258541140077057,12.52932501298081
2806_K5P4,0.2907193213798378,12.52932501298081
1139_AuIn8,-0.0204696799148749,12.52932501298081
1140_CrRh8,0.4461490079536613,12.52932501298081
2804_W8Br,0.7470870496898164,12.52932501298081
4119_Al5K4,0.221806964842009,12.52932501298081
2971_Ca5Sb4,-0.541558037310753,12.52932501298081
3844_Al8Fe,-0.0512620528078302,12.52932501298081
4173_PdP8,0.4356433094713152,12.52932501298081
3645_Al4K5,0.2492645665704687,12.52932501298081
1880_Al4Ta5,-0.155074501972327,12.52932501298081
3382_Pd5Rb4,0.2655793852662308,12.52932501298081
3247_GaPb8,0.0253117476819279,12.52932501298081
1741_Pt8V,-0.2749647122994219,12.52932501298081
1861_AsBr8,0.0996156429798001,12.52932501298081
3659_Nb4As5,0.0399136352688995,12.52932501298081
216_Cr5Rh4,0.043413251064886,12.52932501298081
217_Ge8Br,0.2846492762005539,12.52932501298081
770_Cr4Sr5,0.8423494786280783,12.52932501298081
3291_RhSr8,0.0602316093634118,12.52932501298081
2152_Fe5Ir4,0.0052237297287357,12.52932501298081
1898_Cr8Sn,0.3679512322402697,12.52932501298081
3290_Cu4Ga5,0.0654526913839102,12.52932501298081
2156_Na4Pt5,0.0008579267341291,12.52932501298081
3660_Cu5P4,0.1356729049497344,12.52932501298081
3167_AlBa8,0.0339744709387872,12.52932501298081
220_Cr8Rh,0.215390972454407,12.52932501298081
2056_Pd4Rh5,0.0900570939895841,12.52932501298081
3224_TaSb8,0.3092628586948807,12.52932501298081
4068_Ni4Ge5,0.1658968720271679,12.52932501298081
3520_Mn5Nb4,0.0655003863898523,12.52932501298081
363_Nb8P,-0.147451398258034,12.52932501298081
4141_Ga8Pb,0.0497634616121622,12.52932501298081
2023_Mn4Mo5,0.160447881363546,12.52932501298081
3316_Ta5Br4,0.1965072939432378,12.52932501298081
1743_Na5Pt4,-0.0063450382886319,12.52932501298081
814_Ag8Mn,0.1166144529993648,12.52932501298081
4511_Nb8Ni,-0.0214686129241575,12.52932501298081
669_Cr8Nb,0.2756917005872579,12.52932501298081
375_Cu4Sn5,0.2151247137357125,12.52932501298081
2574_Cr6Ta2,0.052600936998294,12.0
4809_Mn6W2,0.2104745956342277,12.0
1243_Ag2Ge6,0.2741174677480242,12.0
4822_Al6Br2,-0.078349820865998,12.0
3782_Ga6Sb2,0.2322455614496541,12.0
82_Al2Sn6,0.0934787482373256,12.0
2734_Al6Sr2,-0.1886478219166454,12.0
777_Al2Cu6,-0.1611115337218152,12.0
4776_Ni2Ge6,0.0800920653913639,12.0
1825_Pb2Sb6,0.173259380384851,12.0
2618_Al6In2,0.1591287652795423,12.0
616_Mo2Nb2,-0.0860738262660874,12.0
2732_Ba2Cu6,-0.0339271808305898,12.0
3242_K2Nb6,1.0406142192645351,12.0
2759_P2As6,0.278215754448178,12.0
4754_Au2Ba6,-0.2617753895589199,12.0
3923_Ca2Nb6,0.5114966910788024,12.0
4750_Al2Pd6,-0.3512329465345525,12.0
2788_Rh6Sb2,-0.1057183546171485,12.0
4059_Pb2P6,0.0608281721851131,12.0
1499_Fe6Sb2,0.3131206590505275,12.0
1138_Au2Mn6,0.3285969933139405,12.0
2540_Al2Sb6,0.0763948358588573,12.0
1188_Ca6P2,-0.6035213080755142,12.0
3814_W2Sb6,0.6963800044215294,12.0
4915_Cu2Rh6,0.06766825202389,12.0
4193_K6Pd2,0.0987713269920638,12.0
3566_Cu6Rh2,0.0420879414142643,12.0
3886_Pb6V2,0.613132292092458,12.0
3424_W2Sb6,0.694428265919723,12.0
4150_Mo2Ni6,-0.1130121420144583,12.0
1479_Fe6Sb2,0.2828788980736254,12.0
29_Nb2W6,0.3700803438589179,12.0
697_Ge2P6,0.3548940576013857,12.0
3443_Ga6Sb2,0.0666863054200095,12.0
3830_Mn6Br2,0.6461421765977988,12.0
1206_K2Ge6,0.180561388428706,12.0
4122_Al2Sr6,0.03583471460575,12.0
726_Ca2Pb6,0.109675289575164,12.0
3375_Ga2Sr6,0.09042512494865,12.0
310_Ba6Sn2,-0.1445053251641583,12.0
2522_Sb6Ge2,0.1649034019475364,12.0
3327_Pt2W2,0.091684772560035,12.0
1492_K6Sn2,-0.0242253265418126,12.0
4299_Ga2Ge6,0.2415807844033328,12.0
1134_Fe2Pb6,0.7930030037002895,12.0
390_Pb6As2,0.28922667106808,12.0
3731_Cu2Sb6,0.2657594816528084,12.0
1659_Cu2Fe2,0.1809816039781348,12.0
54_Ba2Sn6,-0.2436607623660132,12.0
71_Au6Mn2,0.0028625383247353,12.0
3799_Ga2Ta6,-0.0167889698066012,12.0
4270_Mo2V6,-0.0734245459992521,12.0
3807_Pd6Sr2,-0.375023231360875,12.0
2494_Sb6Ge2,0.2654197661846105,12.0
1626_Ir6Na2,0.4922952696608815,12.0
1053_Cr2Ta6,0.0611923339509843,12.0
3681_Mn6Rh2,-0.0091769471865195,12.0
4769_Sr2Br6,-1.6828241395262955,12.0
186_Ir2Mo6,0.0459888007119957,12.0
1523_Ga2Br6,-0.4421051503954034,12.0
4498_Mo6V2,-0.0999753629379949,12.0
841_Pb2As6,0.0647045201800651,12.0
3534_Mn2Ge6,0.4868770529645303,12.0
4487_Au6K2,-0.1902402434086161,12.0
3147_Pt6As2,-0.073531221889179,12.0
2204_Al2Cu6,-0.2033060160153859,12.0
239_Pb2Sb6,0.156305874512693,12.0
1713_Ba6Ga2,-0.0995503976400025,12.0
2948_Au6Ba2,-0.526886487717174,12.0
1299_Cr2Na6,0.6015848251485396,12.0
4593_K2Pd6,0.0709865784228007,12.0
2277_Ir2Ta6,-0.1797791506566746,12.0
1740_Al2Sr6,0.0682416433704053,12.0
2871_Fe6Ga2,-0.1224709915662174,12.0
1272_Ba6Ga2,-0.07673025911448,12.0
1454_Al2Sn6,0.1020939395614122,12.0
2144_Al6Cu2,-0.0017060816812031,12.0
4463_Mo6W2,0.4508075929566892,12.0
2117_Au6Nb2,-0.0529283902520871,12.0
4573_Mn6Pd2,0.1800065618612514,12.0
2817_Ir2Ni6,0.0250427970848559,12.0
2189_Sb6Ge2,0.1905762873380529,12.0
971_Cr6Ta2,0.3273652456195499,12.0
1735_Ba6Sn2,-0.1304743003915054,12.0
3676_W2Sb6,0.3256841746554091,12.0
4427_Pd6P2,-0.0517859647767435,12.0
3171_Sn6W2,0.4786639913277879,12.0
953_Al2In6,0.1239297719224783,12.0
325_Fe5Ir,0.1523481086559973,11.509775004326936
2205_GaMn5,-0.0046963599806891,11.509775004326936
1274_Al5Sr,0.0170560447700485,11.509775004326936
3802_NaBr5,-0.4678710658109493,11.509775004326936
1409_Cu5Br,0.2437103675173967,11.509775004326936
4026_BaIn5,-0.1550668724833904,11.509775004326936
490_Cu5Ge,0.0655166744716565,11.509775004326936
4284_MoW5,0.0012216927512819,11.509775004326936
991_Ni4Rh2,0.0388150810912032,11.509775004326936
3116_Ba5Ca,0.0248819269326171,11.509775004326936
4606_MoNb5,-0.0388477886636107,11.509775004326936
1491_AsBr5,0.239346255118716,11.509775004326936
4296_Ba5Rh,0.0985829817622795,11.509775004326936
3712_Na5Pt,-0.0253459167581734,11.509775004326936
2911_VBr5,-0.2841827606207943,11.509775004326936
3028_Cu5W,0.3101269911022661,11.509775004326936
1554_Ba5P,0.243126367836548,11.509775004326936
3524_AgAu5,-0.0147197676914275,11.509775004326936
4329_Na5Pb,-0.0854004033022069,11.509775004326936
3591_NaBr5,-0.4681310095885373,11.509775004326936
1934_BaV5,0.4324695998630012,11.509775004326936
3834_Ni5P,-0.0728238679233352,11.509775004326936
3570_GaNb5,-0.0994785567814749,11.509775004326936
4152_MoP5,0.2074013164390062,11.509775004326936
1283_CaNi5,-0.1108199941880911,11.509775004326936
3414_PbGe5,0.2853134562152644,11.509775004326936
3888_FeP5,-0.1254662331799127,11.509775004326936
4957_IrTa5,-0.263741136245784,11.509775004326936
3403_BaCa5,0.0209200169999936,11.509775004326936
4198_Al5Fe,-0.0580412148693868,11.509775004326936
1230_Mo5W,0.4296285247493069,11.509775004326936
2460_Ni5Rh,0.0230299346090584,11.509775004326936
1617_AlSr5,0.0473004984587275,11.509775004326936
1291_Al5Sb,0.1330706441740492,11.509775004326936
4503_Pd5Sn,-0.2280325911464439,11.509775004326936
658_AgAl5,-0.0043263235933051,11.509775004326936
2042_K5As,-0.0434061296714644,11.509775004326936
1896_Cr5Nb,0.0783894885691474,11.509775004326936
2070_In5Sn,-0.0015679249820171,11.509775004326936
4910_AgGa5,0.0338377283785996,11.509775004326936
2397_Ba5V,0.532105161076012,11.509775004326936
1897_Cr5Nb,0.0850460954363327,11.509775004326936
4902_AgGa5,0.0345835753718712,11.509775004326936
2335_Ag5Al,-0.0271560507896306,11.509775004326936
502_In5Sn,-0.006264214339336,11.509775004326936
1949_AlNb5,0.0075439416549656,11.509775004326936
1266_Mn5Sb,0.3337874259315647,11.509775004326936
4384_AlK5,0.1901957953294963,11.509775004326936
3759_NiRh5,0.0241607385453797,11.509775004326936
2029_GaPt5,-0.2771613896486968,11.509775004326936
3737_CaP5,0.1311372483648725,11.509775004326936
2606_BaSn5,-0.2591177009516817,11.509775004326936
2109_BaCu5,0.2499063164877467,11.509775004326936
2815_Na5Pd,-0.0216217788593574,11.509775004326936
3249_Ni2Rh4,0.0462443337260178,11.509775004326936
3724_Fe5Pd,0.0312070643968134,11.509775004326936
2315_CuGe5,0.365069372252232,11.509775004326936
790_Ba5V,0.5349305232872368,11.509775004326936
304_AlCu5,-0.1362652104227132,11.509775004326936
826_BaSn5,-0.2592371020090927,11.509775004326936
825_IrV5,-0.2488146422955945,11.509775004326936
2323_Fe5Sb,0.1871788563843329,11.509775004326936
2743_Al5Sb,0.1278443781347231,11.509775004326936
4394_In5Sb,0.0245841235107479,11.509775004326936
244_Ni4Rh2,0.1668692690605411,11.509775004326936
3919_KPt5,0.1060495356641274,11.509775004326936
4725_TaP5,0.3120509520027319,11.509775004326936
4763_InMo5,0.1573142325687998,11.509775004326936
2278_Ag5In,0.0114862417119632,11.509775004326936
4455_NiGe5,0.1534593577210206,11.509775004326936
3628_CuPb5,0.1710939179905928,11.509775004326936
4803_Mo5W,0.0032439918025867,11.509775004326936
133_AlNb5,0.0071761993991602,11.509775004326936
1662_TaGe5,0.202469743993633,11.509775004326936
234_Ag5In,0.0038147416913586,11.509775004326936
4072_KPd5,0.2378287882718357,11.509775004326936
4043_AlBa5,-0.0042544079372278,11.509775004326936
1850_Au5Nb,0.048939849058281,11.509775004326936
4745_Ba5Pb,-0.1592093732859284,11.509775004326936
4632_Al5K,0.1562076988746348,11.509775004326936
3904_NaPt5,-0.0501648287347424,11.509775004326936
2745_NbV5,0.0327356929548846,11.509775004326936
2558_AlK5,0.188813268262128,11.509775004326936
3170_Pd5Rb,0.153967332672618,11.509775004326936
1916_Cr5Rh,0.0637703554591707,11.509775004326936
2875_FeV5,-0.0874449707715629,11.509775004326936
2068_Ba2Ir,-0.0891605456993988,11.019550008653875
4120_Cu8Sb4,0.4144417011578489,11.019550008653875
2378_As8Br4,0.4426724631388452,11.019550008653875
2758_Al2Mn,0.2460087241998335,11.019550008653875
3047_Sr2Br,-0.9625135229918774,11.019550008653875
3479_Fe8As4,0.3710105528520332,11.019550008653875
1509_Fe4Na8,1.6118337303855472,11.019550008653875
2816_Pt4As8,-0.8481429737237084,11.019550008653875
25_Fe4Na8,1.6371448910768656,11.019550008653875
812_V4W2,0.4559703031640971,11.019550008653875
3068_Pt4Rh8,0.7665586897212068,11.019550008653875
3176_Sn4Br8,-0.8643235854753722,11.019550008653875
4051_Al8As4,0.1096141093467484,11.019550008653875
2805_Pb8As4,0.0584784500907259,11.019550008653875
3456_Au8Na4,0.3405145718810456,11.019550008653875
2993_Ba8Cu4,0.0528366697050458,11.019550008653875
3197_Cu4W8,1.2660410542214962,11.019550008653875
3215_K8W4,2.0775030196961777,11.019550008653875
1956_Sr8W4,1.5620329569499674,11.019550008653875
4426_In2Nb,0.5931966225101638,11.019550008653875
4461_Mo8Ni4,0.7993973341064257,11.019550008653875
1482_Cr8P4,0.095169955832033,11.019550008653875
2476_Fe4Mo8,0.7435948269752863,11.019550008653875
4456_Ga4Mn8,0.8996624400047596,11.019550008653875
2215_Fe4Pb8,0.6140265799270838,11.019550008653875
2914_Ni4Ta8,0.4475267590898551,11.019550008653875
2105_Ag8Ta4,1.3870426358454473,11.019550008653875
4042_V4W8,1.3927489663079091,11.019550008653875
4274_Fe8W4,1.27481575434075,11.019550008653875
1146_Fe8Pb4,1.0841797110529658,11.019550008653875
921_Cr4P8,0.1722750167158722,11.019550008653875
2568_P4As8,0.1960957518537416,11.019550008653875
651_Mo4P8,0.2062202022958482,11.019550008653875
708_Fe4Pd8,0.8340075111538189,11.019550008653875
4386_Cu4K8,0.3554414266929508,11.019550008653875
4486_Al4Ge8,0.2644100296867571,11.019550008653875
4208_Sb8P4,0.2323574671258956,11.019550008653875
1937_Fe8Pb4,1.127174672553231,11.019550008653875
353_Fe8Pd4,0.8325658894387308,11.019550008653875
2744_Al4Mn8,0.7432819175377622,11.019550008653875
4188_Mn4Sb8,0.3833065550035227,11.019550008653875
1292_CrNb2,0.6005480090209071,11.019550008653875
3248_In2Rh,-0.3115683777988701,11.019550008653875
1462_P4Br8,0.1761227743372254,11.019550008653875
4939_Ir4Nb8,0.298080597835078,11.019550008653875
145_Cu4Fe8,0.9290346282517644,11.019550008653875
4770_Cu8Ta4,1.1517740039267264,11.019550008653875
4008_V8As4,0.1239380017364091,11.019550008653875
2276_Ag4Al6,0.2770130587326555,9.709505944546686
2313_Ac4Bi6,-0.3278292763649915,9.709505944546686
2064_Cr3Br2,0.6807631171727635,9.709505944546686
1832_Ni4U6,2.4319144975516,9.709505944546686
2_Ni4Ta6,0.1017402497441466,9.709505944546686
1023_Ac4I6,-1.1254737931145116,9.709505944546686
3836_Ac4Br6,-1.462273354981305,9.709505944546686
3200_Nb6Br4,0.4888282317326585,9.709505944546686
993_Ba4Ni6,0.4805433521371796,9.709505944546686
3512_Pt6Br4,0.4733610672594047,9.709505944546686
3429_Al4Pd6,-0.5849627395921765,9.709505944546686
587_Ac4Br6,-1.476718120044118,9.709505944546686
1115_Ba4Ni6,0.4894772677785376,9.709505944546686
20_Sr6Br4,-1.1928946056775946,9.709505944546686
16_Ac4I6,-1.145669893512698,9.709505944546686
3380_Pd6I4,-0.004287555210886,9.709505944546686
3394_Cu4Fe6,0.6946488182658911,9.709505944546686
515_Ni4U6,0.0729580915631913,9.709505944546686
7_Sr6Br4,-1.1913767863029878,9.709505944546686
4302_Rh2As4,-0.1859461427662717,9.509775004326936
2081_Nb2Pb4,0.5324324151474708,9.509775004326936
695_In4Br2,-0.3554943725237409,9.509775004326936
293_Mo4Pb2,0.5902547794711998,9.509775004326936
4360_Mn4W2,0.2035748244125805,9.509775004326936
4352_Mn2Rh4,0.0299697213341948,9.509775004326936
1863_Fe4W2,0.1247923180939961,9.509775004326936
4369_Rh4Ge2,-0.2143445395982084,9.509775004326936
701_Fe2W4,0.1736369429963483,9.509775004326936
4221_Au2Mn,-0.089335500206479,9.509775004326936
4210_Mo2W4,-0.0028610466844322,9.509775004326936
2047_Mo2Pb4,0.836551452064942,9.509775004326936
1820_In2Br4,-0.649103872879229,9.509775004326936
797_Al2K4,0.155120108336991,9.509775004326936
2046_Ba2Pd4,-0.351981708479304,9.509775004326936
4294_Cr2As4,-0.4620956065782605,9.509775004326936
3411_Cu4As2,-0.1525581951790394,9.509775004326936
750_Cr2As4,0.1067575780174448,9.509775004326936
3253_Sr4V2,0.7019037388563749,9.509775004326936
3338_Ba4In2,-0.2546404354869868,9.509775004326936
3353_Rb2Sb4,-0.4917014117046919,9.509775004326936
732_AgSn2,-0.0005459262697555,9.509775004326936
3328_Ag2Ga4,0.0340333516807961,9.509775004326936
3294_Al4Mo2,0.0716738620601376,9.509775004326936
2097_Nb2Pb,0.2498373527304996,9.509775004326936
3293_Na4Pd2,0.0142338250281968,9.509775004326936
3384_Pd2As4,-0.1253413229392096,9.509775004326936
279_Ba2Cu4,0.1679982061833745,9.509775004326936
3388_Pt2Br4,-0.1790273019413776,9.509775004326936
3547_Rh4Sr2,0.1572920891605817,9.509775004326936
1389_Cu2Ga4,0.0349927688044265,9.509775004326936
1390_Ga2Pt4,-0.3798569394426714,9.509775004326936
3409_Sr4Bi2,-0.788333228094911,9.509775004326936
2088_Nb4Pb2,0.2068769972852896,9.509775004326936
4203_V4As2,-0.3354524045812148,9.509775004326936
1217_Pt4Sr2,-0.413395828067897,9.509775004326936
4187_Na4Pb2,-0.1531713600703626,9.509775004326936
1977_Fe4W2,0.1000496737824505,9.509775004326936
3817_Na2Rh4,0.2454819018463692,9.509775004326936
564_Ba2As4,-0.7628909404239513,9.509775004326936
3819_P2As4,0.3096385535205896,9.509775004326936
562_Mo2W4,-0.0005864744588208,9.509775004326936
3825_Ag2Nb4,0.2471166870868621,9.509775004326936
1985_In4Br2,-0.3372741578598444,9.509775004326936
4020_Pt2V4,-0.1754896770449102,9.509775004326936
1982_Fe2V4,-0.1378910599604251,9.509775004326936
555_In2Sn4,0.0015668598982495,9.509775004326936
3578_Ba4In2,-0.239736009939115,9.509775004326936
4012_Na2Pd4,-0.009570242687688,9.509775004326936
3845_P2Br4,-0.0074376607961076,9.509775004326936
3998_AgSr2,-0.1903265589472257,9.509775004326936
3871_Pb2V4,0.4576023331878953,9.509775004326936
1457_Au2Nb4,0.045874804663016,9.509775004326936
3878_Ag2Nb4,0.3485341284425303,9.509775004326936
507_Ba2Pd4,-0.2163654657637609,9.509775004326936
524_In2Sn4,-0.0003308860237745,9.509775004326936
3789_Mn4Rh2,0.0155560353019161,9.509775004326936
579_K4As2,-0.1232630861551378,9.509775004326936
3774_W4Sb2,0.5123617666159177,9.509775004326936
3748_Au4Nb2,-0.0768398583593246,9.509775004326936
654_Al2In4,0.1587686536238752,9.509775004326936
3603_Mo2Nb,-0.1171227482251945,9.509775004326936
4164_Sn2W4,0.550858656015072,9.509775004326936
4158_Sn4W2,0.4186146885247837,9.509775004326936
381_Sb4Ge2,0.2403865894397162,9.509775004326936
3649_Cu2Ge4,0.2520284133880294,9.509775004326936
385_IrPb2,0.2257577188972366,9.509775004326936
3670_Pd4As2,-0.2132849462625093,9.509775004326936
3674_Cu4V2,0.1310439131075043,9.509775004326936
2024_K2Sn4,-0.1484137375559336,9.509775004326936
4084_Ta2Sb4,0.0578058763603053,9.509775004326936
1915_K2Sn4,-0.1488476600167298,9.509775004326936
4066_NbPt2,-0.7148850414863522,9.509775004326936
2402_Mn2Sb4,0.2167492963155422,9.509775004326936
4054_MnTa2,0.0326198714318716,9.509775004326936
590_Sb4Ge2,0.2864570294892138,9.509775004326936
1435_Ni4Sb2,0.1844372324256843,9.509775004326936
4403_Ba4Rh2,-0.0327557695338812,9.509775004326936
3912_P4Br2,0.1837938368234185,9.509775004326936
3173_Al4Cu2,-0.0344383852028453,9.509775004326936
1049_Fe4V2,0.1077950162773397,9.509775004326936
2331_Ba2Cu,0.0283396572121373,9.509775004326936
1564_Fe4W2,0.2982040333764632,9.509775004326936
2739_As4Br2,-0.1734847560270319,9.509775004326936
4892_Mn2Rh4,0.0094144196852769,9.509775004326936
58_Na2Pt4,-0.0507407090270112,9.509775004326936
4873_Ba4V2,0.6654282184353768,9.509775004326936
2790_Al4Sb2,0.2113444936483244,9.509775004326936
2314_Sn2W,0.362958406227379,9.509775004326936
4863_AlBa2,-0.0728546199252759,9.509775004326936
3163_Mn2W4,0.151803291726362,9.509775004326936
1674_Pb2As4,0.0357977154458121,9.509775004326936
1546_Mo2Pb4,0.5704802408949945,9.509775004326936
4784_Ni4Rh2,0.046255102906335,9.509775004326936
1680_Na4Pt2,-0.127379207660755,9.509775004326936
4772_Ba4Ta2,0.900999325810084,9.509775004326936
1026_Ge2P4,0.2497538444960133,9.509775004326936
1264_Sb4Ge2,0.1172749535292852,9.509775004326936
2865_Pt2V4,-0.3704538090648259,9.509775004326936
1105_Al4In2,0.1216467440318395,9.509775004326936
4962_Ge2P4,0.0137601105489194,9.509775004326936
4968_Al4Pt2,-0.5791034507663954,9.509775004326936
21_In2Sn4,0.0010884922752308,9.509775004326936
2403_Mo4W2,-0.0009316232710124,9.509775004326936
2404_Cu2Ga4,0.0213130779137458,9.509775004326936
4993_Ag4Al2,-0.0484234267756432,9.509775004326936
2361_K4Ge2,0.1993859881267337,9.509775004326936
2411_Mn4Sn2,0.0705537836800094,9.509775004326936
1190_Pd2Sb4,-0.2272682943687858,9.509775004326936
1182_Nb2Pb4,0.5336396650961781,9.509775004326936
2449_Ca4Mo2,0.4331016662409007,9.509775004326936
1164_Ba4Cu2,0.0391115110717175,9.509775004326936
4992_Ag4Al2,-0.06928288901308,9.509775004326936
2498_Au4Nb2,-0.0576491557010866,9.509775004326936
2502_NbV2,0.0419119029857265,9.509775004326936
2503_Sn4W2,0.7151859784880076,9.509775004326936
2530_Ni4Rh2,0.1190964767898267,9.509775004326936
4990_Au2Nb4,0.0519236670651916,9.509775004326936
19_In4Sn2,0.0058372774279457,9.509775004326936
2539_Nb2V,0.0510641711335715,9.509775004326936
2866_Mn4Ta2,-0.023585609806472,9.509775004326936
2878_Al2Ni4,-0.4666516932421451,9.509775004326936
2885_Ag4Ba2,-0.1205356433118159,9.509775004326936
3073_Mn4Rh2,0.0161174144536886,9.509775004326936
3085_Au2Nb4,0.0528566404423867,9.509775004326936
4516_Ni2Ge4,0.1023729698401296,9.509775004326936
4492_Ge4P2,0.2094131892536352,9.509775004326936
930_Ba4Pd2,-0.3112198981691587,9.509775004326936
1518_Mo2Pb4,0.5624454406346094,9.509775004326936
3103_Al2Sn4,0.0887452480367532,9.509775004326936
2159_Al4Rh2,-0.3845005338222644,9.509775004326936
1516_Ge2P4,0.2592394888634833,9.509775004326936
4467_Ba4Fe2,0.9680279891977884,9.509775004326936
3111_Al4Ir2,-0.45446727995319,9.509775004326936
844_Au2Nb4,0.066589382172116,9.509775004326936
2143_VW2,-0.0950786444838437,9.509775004326936
3119_Al2Ba4,-0.0110277973225484,9.509775004326936
227_Ir2Na4,0.2310379275124135,9.509775004326936
1308_Ba2Sn4,-0.5594160073734505,9.509775004326936
3133_Au4As2,0.1079734153082032,9.509775004326936
4404_Al2Cu4,-0.0829668452392239,9.509775004326936
3076_Cu2Ta4,0.1639079811589283,9.509775004326936
4537_Al2Fe4,-0.2272930246471259,9.509775004326936
2887_Rh4Ge2,-0.2105813852974674,9.509775004326936
3032_Ag2Nb4,0.2099083340294889,9.509775004326936
4751_Mn4W2,0.1197822458971262,9.509775004326936
4740_Mn2Na4,0.5916767438931417,9.509775004326936
4703_Sr4Br2,-0.8965013603840285,9.509775004326936
2945_Ir2Ni4,0.0603663610725782,9.509775004326936
4619_Ba2In4,-0.3853485588517111,9.509775004326936
2201_TaV2,0.0641019182028337,9.509775004326936
2965_Ni2P4,-0.0100394529238236,9.509775004326936
2194_Ba2Sn4,-0.4998577665251904,9.509775004326936
2972_Ag4Br2,-0.1915446980856871,9.509775004326936
2974_Pt4V2,-0.3127411383683641,9.509775004326936
4604_Ba2As4,-0.6748860622830364,9.509775004326936
2984_W2As4,0.3283533195803396,9.509775004326936
4569_Pb4P2,0.0598117949566413,9.509775004326936
966_Ag2Ca,-0.2523950355557402,9.509775004326936
1286_Ta2V4,0.0447167169141889,9.509775004326936
960_In2Br4,-0.4657886603656829,9.509775004326936
3023_Ca4Sb2,-0.5586557175776031,9.509775004326936
4410_CeCu5,-0.1502946904905435,8.754887502163468
3706_BaPd5,-0.337024768245661,8.754887502163468
1237_CaNi5,-0.1309344261631579,8.754887502163468
2798_Pd5Sr,-0.3878520724166066,8.754887502163468
3913_Cu7As,0.0252278097608709,8.490224995673064
3455_FeGe7,0.4406868157201442,8.490224995673064
3508_Al7Ge,0.0486894881177044,8.490224995673064
4510_Ca7Ge,-0.0143469796221094,8.490224995673064
2857_NiTa7,0.2031672938550635,8.490224995673064
1494_Fe7Pb,0.3180355931039793,8.490224995673064
4869_AuSn7,0.0055408770330904,8.490224995673064
221_Mo7Nb,0.4178278478907451,8.490224995673064
4326_VAs7,0.4766247840716735,8.490224995673064
2299_AgTa7,0.2645234306889392,8.490224995673064
4353_Ba7P,0.046327332024564,8.490224995673064
3542_BaSr7,0.0035132338114711,8.490224995673064
693_Mo7P,0.2919101955614458,8.490224995673064
4795_FeW7,0.4130573151942798,8.490224995673064
2820_Cu7In,0.0432744772338304,8.490224995673064
3272_Au7Sb,0.0363614110297692,8.490224995673064
4844_CuIn7,0.0132383724315321,8.490224995673064
267_CrP7,0.6510238187764203,8.490224995673064
242_Ag7Ta,0.3318113890532039,8.490224995673064
1315_P7As,0.7665221907047712,8.490224995673064
2051_GaP7,0.6729407778305001,8.490224995673064
1077_AgTa7,0.265534970245266,8.490224995673064
3677_AgP7,0.7571528019389939,8.490224995673064
603_CrP7,0.6510238187764203,8.490224995673064
3565_CuK7,0.2138562995320674,8.490224995673064
2636_Pt7Sb,-0.1405445786563701,8.490224995673064
2939_CuW7,0.3854280871898492,8.490224995673064
3889_CuAs7,0.5110070369431146,8.490224995673064
4546_PtRh7,0.003178418728682,8.490224995673064
4565_CuIn7,0.1100149162863828,8.490224995673064
1232_Pt7Sb,-0.1560119826484634,8.490224995673064
1935_Na7Pt,0.0551020299561471,8.490224995673064
4088_Fe7Ge,0.1567704748029283,8.490224995673064
1881_IrPd7,0.0597201569160912,8.490224995673064
174_PbSr7,-0.030999434316967,8.490224995673064
2982_VW7,0.4516883622280989,8.490224995673064
4747_BaW3,1.139329181823605,8.0
1691_AuNb3,0.1032244784768927,8.0
4814_Pd4V4,-0.0948595768377771,8.0
2918_V4P4,-0.7870895311130237,8.0
4753_Cu4Ta4,0.3145868356134906,8.0
4761_Fe4Ga4,0.0308050240268382,8.0
4765_Mo3W,0.4530177667841109,8.0
2297_FePb3,0.5456989985477598,8.0
2863_Au3As,0.1371121399493331,8.0
4812_Ba3W,1.2293632028874226,8.0
4856_Al4Ni4,-0.5654812568977841,8.0
4817_AgNb3,0.2869369947378839,8.0
4972_Fe4Mn4,0.0404711306334171,8.0
2367_Fe4Na4,1.7236679830938106,8.0
2406_Pb4V4,0.5249129675022628,8.0
2341_Ga4Pt4,-0.6357998298661194,8.0
1601_IrV3,-0.3769391857983084,8.0
2340_Ir4Ta4,-0.5676369964440191,8.0
2534_Ag3Ni,0.1945696901642204,8.0
2549_Ag4Ge4,0.2566176701607023,8.0
4978_Sn3Br,-0.1491318265327392,8.0
4973_Pb4V4,0.4396753374186346,8.0
2550_AgSn,0.0423152505418444,8.0
4840_Al4Pd4,-0.7824189350264472,8.0
2562_Nb3W,0.3688451667137702,8.0
4961_IrNa3,0.3740963947163251,8.0
2760_Cu4Nb4,0.305104841116413,8.0
4882_Cu4Ge4,0.1401491838090569,8.0
2779_Nb3Br,0.4093369088389451,8.0
1656_Au3P,0.2589385795723418,8.0
4731_MoBr3,0.04303350203143,8.0
4850_Mn3Pd,0.1965186180139397,8.0
4849_Sn4Br4,-0.3749848258403285,8.0
2926_Ga4In4,0.0605925755307299,8.0
3036_Al4Mo4,-0.1782901372976288,8.0
4718_AgIn3,0.0519812957642829,8.0
2066_Fe2Ga2,-0.0240492364425461,8.0
3502_Ca4Mn4,0.6361592220111758,8.0
2057_BaFe3,0.8829292337864798,8.0
4190_KSb3,-0.0872071987377549,8.0
3620_Ga3K,-0.0110621706509679,8.0
1889_Ca3As,-0.4199362387130616,8.0
3641_MnPd3,-0.1628683062001306,8.0
4131_W3Sb,0.5330850639774898,8.0
3648_PdAs3,-0.0502398700533159,8.0
4098_Ca4W4,1.7124751815438843,8.0
3669_Ba3Sr,0.0140121820406959,8.0
1904_In4Mn4,0.2530961970805325,8.0
3689_GaK3,0.1886516453423525,8.0
3698_InW3,0.5709071561380128,8.0
4040_Na3V,0.63313957064004,8.0
1983_Pb4V4,0.5410168853053765,8.0
4019_Mo4W4,0.4015146948815431,8.0
1963_Mo4P4,-0.5185167056942248,8.0
3859_Ir3W,-0.2315256492044497,8.0
3994_BaNi3,0.3882233707854299,8.0
4306_K3V,0.8623195553608953,8.0
4313_Rh3Ta,-0.4051768741573873,8.0
4626_AgAu3,-0.0264467700055792,8.0
4333_MoSr3,0.9261985218621888,8.0
2963_AuSb,-0.0501351230650959,8.0
4589_AuPb3,0.0619014909753019,8.0
1714_Ba3Ga,-0.0058325030941168,8.0
4571_Fe4Pb4,0.756893538735766,8.0
2991_Al4Pd4,-0.7855255843605562,8.0
3091_Mo4W4,0.380614293590968,8.0
2173_Au3P,0.2584710753037122,8.0
3095_PtSr,-0.6136797126464031,8.0
3108_In3Mo,0.3379385834494242,8.0
2153_Cr4Nb4,0.3954713383290649,8.0
3123_Au3K,-0.0583983529578526,8.0
4413_MoW3,0.4838752111837507,8.0
3143_AuNa3,-0.1684955919688151,8.0
3145_In3Mn,0.2544290912213443,8.0
3245_Ba4W4,1.0878871809741997,8.0
4389_CuBr3,0.0078963335368147,8.0
2101_Mo4Nb4,0.2752814592945132,8.0
3447_NbSb3,0.2761555592913893,8.0
4348_Cu3Br,0.1835211112072219,8.0
1587_Nb4W4,0.3120608256959514,8.0
5001_MoSr3,0.9291439460161364,8.0
397_AuNb3,0.0958726177621862,8.0
1575_AuP3,0.0329340208447916,8.0
600_Ni4Ta4,0.0027783047602145,8.0
350_FeAs3,0.2431374712098151,8.0
1415_Mo4Pb4,0.9888519019726364,8.0
1316_TaGe3,0.2141826952026813,8.0
1311_FeW,0.1734095909487258,8.0
1034_Cr3W,0.070083144452175,8.0
978_AlIn3,0.1314761879387154,8.0
72_Ni4Ge4,-0.3244859129136115,8.0
1155_Ca3Pb,-0.3742175042414386,8.0
745_CaCr3,0.7852050754029234,8.0
1552_Pd4Sn4,-0.3934178880777548,8.0
275_V4W4,0.2378765211926374,8.0
1381_Mo4Pb4,0.986165049405022,8.0
926_Nb4Pb4,0.5735621749519426,8.0
1517_Na4Pt4,0.2332110155064155,8.0
307_NbW3,0.4627843224115704,8.0
1184_Ca3Pb,-0.1979178734946765,8.0
839_Pb4As4,0.0962067827938515,8.0
538_As3Br,0.0974852308422016,8.0
773_InTa3,0.2223334662506904,8.0
636_Pd3Sb,-0.3289871844330214,8.0
1207_Ce4Ge4,-0.9901764428373054,8.0
1284_Cr4Nb4,0.3977030851031742,8.0
1505_Ce4Cu4,-0.1497641612650788,8.0
2125_AgSn4,0.2672076135465829,7.6096404744368105
2122_CaGa4,-0.4087614125768802,7.6096404744368105
4777_Al4Ba,-0.2379211242006079,7.6096404744368105
110_Cr4Rh,0.6478040969868033,7.6096404744368105
1303_Ga4W,0.4929919372029175,7.6096404744368105
2444_AuAs4,0.3674009336266358,7.6096404744368105
77_Au4Mn,-0.0475317577619271,7.6096404744368105
4780_Pb4P,0.4434886753329195,7.6096404744368105
2013_MoV4,0.5719330538235908,7.6096404744368105
3754_Al3Cu2,-0.1646769696389171,7.6096404744368105
3798_Ga4Sr,-0.4463342416331709,7.6096404744368105
1255_Ga4W,0.5111326559478918,7.6096404744368105
1472_SnW4,0.8177328976757025,7.6096404744368105
4071_Fe4As,0.4298662774482622,7.6096404744368105
1899_Cr4Rh,0.6346711220946574,7.6096404744368105
1888_AuGa4,0.091451306531556,7.6096404744368105
546_As4Br,0.0467358917197771,7.6096404744368105
473_Ba4Br,-0.1948690422078861,7.6096404744368105
1717_Au4Ga,0.0781698024577743,7.6096404744368105
4940_IrW4,1.2397460964890954,7.6096404744368105
4728_Au2Nb3,-0.0708677776626018,7.6096404744368105
3583_AlK4,0.4481500084409727,7.6096404744368105
2376_Ag2Al3,-0.0040974382584245,7.6096404744368105
1020_MoV4,0.5635547788826841,7.6096404744368105
4343_AlK4,0.4386963169198887,7.6096404744368105
3274_Al4In,0.1408628166853951,7.6096404744368105
3276_IrW4,1.243275384063176,7.6096404744368105
324_BaGa4,-0.469580045886774,7.6096404744368105
4358_Cu4Ir,0.4572899932894181,7.6096404744368105
327_Au2Nb3,-0.1809541178163854,7.6096404744368105
3113_Ag4W,1.0330159394192733,7.6096404744368105
3109_Al4Ba,-0.2379211242006079,7.6096404744368105
948_Al4Ce,-0.3289075421692565,7.6096404744368105
3332_Nb4Br,0.819528878927396,7.6096404744368105
972_NiP4,0.2320048088897643,7.6096404744368105
975_GaW4,0.957071096951836,7.6096404744368105
4443_Nb4V,0.8560605500979136,7.6096404744368105
1007_CrRh4,0.4467363132556045,7.6096404744368105
3428_Fe4Ni,0.5846093848012615,7.6096404744368105
4637_Na4P,0.2007152095016753,7.6096404744368105
1042_Fe4Pb,0.5180408792710665,7.6096404744368105
4505_CuIr4,0.5356091929971001,7.6096404744368105
4558_TaSb4,1.331670094197225,7.6096404744368105
3523_AlRh4,0.1490114095620938,7.6096404744368105
1104_PdRh4,0.401449417497561,7.6096404744368105
3538_Ga4Na,-0.1346281103334927,7.6096404744368105
1127_AgAl4,0.2037868935858093,7.6096404744368105
3551_Ag4Sn,0.1467271739098009,7.6096404744368105
2514_FePb4,1.191631646347414,7.6096404744368105
1148_As4Br,0.0474093206841274,7.6096404744368105
4597_NiGe4,0.4805487365606581,7.6096404744368105
3584_Cu4V,0.0402390247492668,7.6096404744368105
1202_PdTa4,0.7824558231776578,7.6096404744368105
1209_Ag4Al,-0.0270003615448651,7.6096404744368105
1695_Al4Ce,-0.3227036842435439,7.6096404744368105
4301_RhW4,1.1430705070741864,7.6096404744368105
1588_Ag2Al3,-0.0310931534378596,7.6096404744368105
10_Ba2Bi3,-0.8094130623309983,7.6096404744368105
4001_KSr5,0.1226925396156953,7.5097750043269365
1980_Ir5As,0.7876346656538438,7.5097750043269365
2901_AlMn5,0.0325080423492979,7.5097750043269365
1984_CuNi5,0.1978016568543837,7.5097750043269365
774_W5Sb,0.6439930759214031,7.5097750043269365
2001_FeMo5,0.546571882198973,7.5097750043269365
1022_SmGe5,-0.6336399568411982,7.5097750043269365
2830_Cu5W,0.3803622766868185,7.5097750043269365
4242_PtV5,-0.0809234845314452,7.5097750043269365
2799_AlIn5,0.2243869260860869,7.5097750043269365
3172_PtRb5,0.4503096521275971,7.5097750043269365
2775_Au5Sb,0.1474496383974006,7.5097750043269365
3450_KW5,1.1809571108084664,7.5097750043269365
1070_Ni5Ta,-0.2416319823883223,7.5097750043269365
1709_Mn5W,0.0518166976176933,7.5097750043269365
3386_Ag5P,0.3444536904378221,7.5097750043269365
4451_Ca5Ge,0.2746564330536423,7.5097750043269365
1530_NiTa5,0.4665004146776101,7.5097750043269365
4441_Rh5As,0.4701166732585164,7.5097750043269365
836_MnW5,0.637096752327229,7.5097750043269365
1930_W5P,0.760492533042194,7.5097750043269365
4428_FeMn5,0.1748406066285154,7.5097750043269365
2994_Ir5Mn,0.755012571259782,7.5097750043269365
4041_Pt5V,0.0882913873411747,7.5097750043269365
289_P5As,0.7837244693717675,7.5097750043269365
1592_BaIr5,0.6484048012314467,7.5097750043269365
3347_CuIn5,0.3415053973082337,7.5097750043269365
4069_Ba5P,0.3985963186882178,7.5097750043269365
258_Cr5Nb,0.1469112927238486,7.5097750043269365
1887_Fe5Pd,0.2336302647298455,7.5097750043269365
757_W5P,0.7596371541010379,7.5097750043269365
1502_Fe5Mo,0.1221333189670185,7.5097750043269365
3268_Al5Mn,0.1800210855609935,7.5097750043269365
1503_FeMo5,0.5453663357175754,7.5097750043269365
2481_Ir5As,0.7889308042601991,7.5097750043269365
1701_Na5Pt,0.1710178720096715,7.5097750043269365
1177_PAs5,0.7699399335684985,7.5097750043269365
2132_P5As,0.7834809435520972,7.5097750043269365
4298_MoW5,0.4405019749326466,7.5097750043269365
4985_Cu5Mn,0.1331142964003463,7.5097750043269365
4029_VW5,0.4316567842693999,7.5097750043269365
2576_Ni5U,-0.3401739438410741,7.5097750043269365
4132_AuV5,0.1040210577935312,7.5097750043269365
140_CrNb5,0.4547293105615727,7.5097750043269365
1113_IrAs5,0.915548865946659,7.5097750043269365
3630_Cu5V,0.1966226874632391,7.5097750043269365
1841_Pd2Sn8,-0.2912838041090353,7.219280948873623
1466_Fe6Na2,1.2328789781487774,6.490224995673063
4170_Ni2Ta6,-0.0830495279921201,6.490224995673063
393_Mn6W2,0.1746507393824732,6.490224995673063
4603_Cu2In6,0.2063896272875793,6.490224995673063
2973_Pt6V2,-0.2525866931293699,6.490224995673063
4140_In6Rh2,-0.0876610181800892,6.490224995673063
4839_Fe2Sb6,0.1168711655218608,6.490224995673063
4837_Ag6Fe2,0.3145756984875691,6.490224995673063
4736_Rh6W2,-0.2931200597782641,6.490224995673063
3501_P2Br6,0.644935418993847,6.490224995673063
1171_Mo2P6,0.0578274049284992,6.490224995673063
1257_Ba6Ir2,0.3878091569580264,6.490224995673063
741_Cr6Ge2,-0.2224477129566402,6.490224995673063
4448_Al2Nb6,-0.0688869841256529,6.490224995673063
2327_Cu6Fe2,0.2644123682040105,6.490224995673063
3595_Mn6P2,-0.2087209704508552,6.490224995673063
36_Nb6Pt2,-0.4193485824946332,6.490224995673063
3324_Cs2Ni6,0.6204138322765402,6.490224995673063
3322_Al6Ge2,0.0256641957364984,6.490224995673063
3058_Ca2K6,0.1668564868052322,6.490224995673063
4960_Sn6Sb2,0.1037218500945518,6.490224995673063
3317_Fe2Nb6,-0.0258574124033366,6.490224995673063
1227_Mn2W6,0.1105672566669202,6.490224995673063
4720_Cr6Pt2,-0.0260007174240968,6.490224995673063
2511_Al2V6,-0.1365881299866016,6.490224995673063
2915_Ce2Br6,-2.11548569156943,6.490224995673063
4555_Fe2V6,0.123355382997504,6.490224995673063
3492_Ir2Mn6,0.0123537499260386,6.490224995673063
4197_Rh2As6,0.2374773535485985,6.490224995673063
2737_Al6Rb2,0.1995774915215715,6.490224995673063
1091_W2Sb6,0.7422411538439109,6.490224995673063
4539_Fe2Na6,0.6521293141597573,6.490224995673063
2749_Al2Ca6,-0.1204313542762798,6.490224995673063
1398_Ga2Nb6,-0.1994136748875981,6.490224995673063
3507_Pb6As2,0.1701053573248594,6.490224995673063
4552_Sn2Ta6,-0.112248719472225,6.490224995673063
2769_Ba2Br6,-1.669242551351272,6.490224995673063
1306_Na6Pb2,-0.1263341472736097,6.490224995673063
2050_Mo2Nb6,0.0541671401782277,6.490224995673063
3511_Fe2Sr6,0.5452398911895373,6.490224995673063
2490_Ag6P2,0.2600994596241142,6.490224995673063
4226_Au2V6,-0.0374003777432081,6.490224995673063
2595_As2Br6,0.3903767788982994,6.490224995673063
359_As6Br2,0.7613573160563023,6.490224995673063
4232_Fe2Bi6,0.3530065572768315,6.490224995673063
2870_Al2Mo6,0.0022474617600725,6.490224995673063
182_Cu6Ni2,0.1032142976761845,6.490224995673063
4181_Au6Sb2,0.1268491665292348,6.490224995673063
2879_Ca6Nb2,0.6537715933229715,6.490224995673063
4824_Al6Mn2,-0.1138396464069968,6.490224995673063
4829_Fe2Ta6,0.2474721246249149,6.490224995673063
2183_Na6Pb2,-0.1099520900951809,6.490224995673063
2130_Cr2Nb6,0.1085546089350248,6.490224995673063
2781_Ac2Al6,-0.3916821840667923,6.490224995673063
3615_Al6Ba2,-0.1768863718932234,6.490224995673063
3301_Ni2Pt6,-0.015469801680668,6.490224995673063
1556_Fe6Mo2,0.0530397565109037,6.490224995673063
1522_Cu6Ni2,0.1060776691267886,6.490224995673063
1548_Ni2Br6,0.5173969276250716,6.490224995673063
3283_Al6Ge2,0.1712366775517884,6.490224995673063
3136_Ca2Cu6,0.1121861645523587,6.490224995673063
1716_Mn6W2,0.1763066696193256,6.490224995673063
4322_K2Sn6,0.0649611003597767,6.490224995673063
493_Fe3Na,1.1195761482720776,6.0
2596_FeV3,-0.1430951792579371,6.0
2593_FeBi3,0.5157329205029795,6.0
319_GaNa3,0.0242168552505561,6.0
3199_NbBr3,-0.5853608179005412,6.0
4331_Rh3Ta,-0.3658550965484686,6.0
2601_AlSr3,0.0081842561815732,6.0
2603_Ir3Ni,0.3806097119806306,6.0
2604_PbAs3,0.2533125639682092,6.0
784_AuCr3,0.2856037948833716,6.0
680_EuGa3,-0.4397634530988226,6.0
3101_Al3Ba,-0.0367778075288356,6.0
4551_NbPd3,-0.4390642868602672,6.0
1093_BaTa3,0.5966542786171853,6.0
3198_Ga3Rh,-0.2169885340034145,6.0
681_Pt3V,-0.4605299601087775,6.0
3505_Cu3Br,0.4183911709454029,6.0
4334_CuSb3,0.2871325776202331,6.0
683_Cr3Na,0.5610182583884997,6.0
4335_Fe3K,1.8156021498517223,6.0
305_Au3Ga,-0.0390593413436333,6.0
303_Sb3Ge,0.2660213422478197,6.0
4548_SbP3,0.5203529482374165,6.0
2624_Ca3Rh,-0.2192584044008989,6.0
3514_AgP3,0.4904018901239348,6.0
2586_Al3Pt,-0.48119704804955,6.0
4327_Nb3Ni,0.0207120814794556,6.0
3529_Ba3W,1.0842347237129757,6.0
3209_PtRh3,-0.0067502684002151,6.0
1112_Cr3Ta,0.054785266293079,6.0
3539_VBr3,-0.2218910264533509,6.0
1615_CuP3,0.1581477937523514,6.0
1109_As3Br,0.4961707944660891,6.0
3537_V3Sb,-0.0930840734466427,6.0
176_In3K,-0.0780771556712189,6.0
3536_Fe3Yb,0.3191566587744008,6.0
318_Sb3Ge,0.2645231169142601,6.0
4183_Au3Ta,0.0805848578988808,6.0
3531_Ga3Sr,-0.1438987980865582,6.0
3984_Mo3Sn,0.2320871808682163,6.0
4557_SnBr3,-0.2861192229211466,6.0
673_Fe3Ga,-0.1088279660592226,6.0
2571_Ba3V,0.5185583514696126,6.0
3522_Pd3As,-0.2758033828431498,6.0
1103_NbP3,-0.1665362972477222,6.0
3521_InRh3,-0.0126030187117507,6.0
787_Al3I,0.4000964545887084,6.0
4186_Pd3Rb,0.2028508952207026,6.0
675_AlRh3,-0.4132671229453981,6.0
4559_Al3Ba,-0.0382474331130611,6.0
1612_SnW3,0.5070538116518577,6.0
1090_Al3K,0.3997707114694173,6.0
4547_MoV3,-0.0631905048546421,6.0
2629_Mn3Ni,0.0623150700545078,6.0
4194_PbTa3,0.3900547148183602,6.0
4177_FePt3,0.0727994905894222,6.0
3477_AlYb3,-0.1302088707657951,6.0
341_PtV3,-0.2432882618193055,6.0
3999_GaAs3,0.3380044080014444,6.0
4205_MnRh3,-0.0543841615570341,6.0
4206_PbSb3,0.2203488826656587,6.0
2747_AuBr3,0.2885409983907767,6.0
4532_Rh3Ge,-0.1988314155642134,6.0
4345_MoP3,0.3445089633266329,6.0
687_In3Ni,0.2402447399500977,6.0
3182_SnW3,0.3813266833695365,6.0
2753_IrTa3,-0.314894706077121,6.0
3460_Ir3As,0.2958400086988613,6.0
4211_AgSr3,-0.1333091971026072,6.0
3181_Mn3Rh,0.0538139994731174,6.0
192_Ir3V,-0.0203825605630481,6.0
1068_Ca3Ni,0.2013279866958397,6.0
2761_AuK3,-0.1330414285429428,6.0
3453_Nb3Bi,0.2577617338898896,6.0
4525_FePd3,-0.0949810401407154,6.0
4346_KV3,1.2695272567403224,6.0
4524_Au3Br,0.2829069902830432,6.0
4217_Mo3Nb,-0.0921436769856338,6.0
4218_PbP3,0.5421844827604634,6.0
809_PbAs3,0.3753619279989451,6.0
694_AsBr3,0.507192221287605,6.0
3187_Al3Br,0.1113996489438839,6.0
2736_PtGe3,0.1019580613747619,6.0
1083_Ba3Ta,0.8554577806908497,6.0
3491_Al3Pt,-0.4834220380422467,6.0
183_AgP3,0.6377887469169732,6.0
2631_MoSr3,0.8337843536027552,6.0
3499_Fe3As,0.0172060819869557,6.0
3497_FeIr3,-0.0557801795417685,6.0
3496_V3P,-0.4864401960416202,6.0
2638_InBr3,-0.5575545409714322,6.0
3495_AlBr3,-0.2381826702708811,6.0
3493_Rh3Sb,-0.0427092390285475,6.0
320_AuGa3,-0.044392137011382,6.0
184_W3Sb,0.6142879079802093,6.0
2645_KP3,0.0362569796913732,6.0
2647_KP3,0.0464841365445432,6.0
342_Ag3Ge,0.0800694173601241,6.0
2648_KP3,0.391278674206243,6.0
3188_AuSb3,0.227695155440879,6.0
2651_Ag3V,0.339459105536597,6.0
344_Nb3W,-0.0274865342817491,6.0
343_TaGe3,0.210347076036002,6.0
2654_Cu3Na,0.197974552952445,6.0
1084_Fe3Pb,0.4081851932579479,6.0
3485_Al3Na,0.1641406444576083,6.0
4200_Sr3Br,-0.6682952205881987,6.0
2727_V3Sb,-0.0929562358923776,6.0
3483_MnGe3,0.2612476874954641,6.0
175_Fe3As,0.0166827533278075,6.0
4586_Ni3P,-0.1897412135355365,6.0
2543_Ba3Ta,0.8543729953738324,6.0
2454_V3Ge,-0.2244572057801619,6.0
4307_Au3Nb,-0.0066006916361915,6.0
2415_Ir3Ta,-0.3949713315041503,6.0
2416_Cs3Fe,0.7934928922294131,6.0
1189_CuBr3,-0.1813563709530927,6.0
3979_Ni3V,-0.2523763540864658,6.0
155_NiAs3,0.142732757003877,6.0
789_AuP3,0.4511237559475161,6.0
4622_Na3Pd,-0.0037423943346612,6.0
4621_NaP3,0.1460175172211837,6.0
1183_K3Sn,-0.0495743689624823,6.0
1180_Mo3W,-0.0004325140166905,6.0
3233_WAs3,0.1306941151796659,6.0
2433_Fe3As,0.1791333723670165,6.0
2434_PtAs3,0.2011017476524212,6.0
4162_TaSb3,0.1410275166388412,6.0
3252_Mn3Nb,0.0587387417979776,6.0
4163_AlBa3,-0.0290267904209771,6.0
357_CeGa3,-0.2983194587045221,6.0
3587_AuSb3,0.2293286939166487,6.0
2442_V3Ge,-0.1837031005204537,6.0
3246_Al3Rh,-0.4172590044019131,6.0
2445_Pd3Ta,-0.2675461896751736,6.0
2447_Al3Cs,0.6241376151474332,6.0
3581_Ba3Sr,0.0026527436349885,6.0
2452_Ca3Mo,0.8021335068030071,6.0
153_Al3V,-0.2967745434488575,6.0
4629_Pd3V,-0.2222188597370307,6.0
1197_KGe3,0.2462290881116402,6.0
2382_VBr3,0.1166554523062841,6.0
2365_PdW3,0.0769891150981809,6.0
1225_FePd3,-0.0160473646052743,6.0
4303_AuRh3,0.1418375503469873,6.0
1224_Na3Pt,-0.0569240620067024,6.0
4643_PdV3,-0.1064366261083087,6.0
2372_Cr3W,0.0722511074597704,6.0
4641_CuV3,0.1548210464828159,6.0
1221_Mo3Pb,0.507330070879302,6.0
646_Al3Sb,0.1732711125575723,6.0
3608_AlK3,0.3006512908502217,6.0
2381_IrMn3,0.0321110700647029,6.0
1215_Ag3Mn,0.1560579519535476,6.0
3598_Pb3V,0.4395690890623331,6.0
1214_GaW3,0.2057357064825211,6.0
3241_InGe3,0.2659420410108755,6.0
314_Mo3Ta,-0.1259140954870599,6.0
3604_Al3Pt,-0.4549920345578195,6.0
2390_VBr3,0.285611698004943,6.0
3601_Cu3Ge,0.0652571573942939,6.0
3239_Pb3V,0.3814954916460991,6.0
484_Mn3Sn,0.2206086726667848,6.0
1627_Al3Sb,0.1942464372407792,6.0
2399_FeGa3,0.0656673040268174,6.0
2400_CrW3,0.0477118599784649,6.0
4611_Sn3V,0.3710273258378747,6.0
4610_BaNb3,1.0103358666597488,6.0
2772_CaMn3,0.6933934960880848,6.0
4167_Mn3Ta,0.0919242943004228,6.0
1153_AuCu3,-0.0003989963805692,6.0
664_Al3Pd,-0.4002240771260617,6.0
354_CaCr3,0.7352797838408138,6.0
3562_Fe3Ir,-0.0256111017813136,6.0
4595_MnW3,0.3836572048518096,6.0
1619_Fe3V,-0.1830790839423262,6.0
3561_Ag3Mn,0.2350035309251792,6.0
3560_PdPt3,0.0656485356757095,6.0
666_Ag3Ta,0.4492187079928644,6.0
3558_Pt3As,-0.0049831231664407,6.0
2509_AuIr3,0.3788525787842882,6.0
352_AuP3,0.5236402867825065,6.0
4320_TaSb3,0.4794987944840185,6.0
4987_In3W,0.8934791810267129,6.0
4592_In3Mn,0.2204623372783771,6.0
3553_NbSr3,0.7270039404560236,6.0
1142_InTa3,0.0484760350798882,6.0
2523_K3As,-0.4298841623548879,6.0
3549_NbAs3,-0.0959467948461227,6.0
2527_BaTa3,1.2182724806159069,6.0
169_Cu3Ta,0.0786238311665679,6.0
2532_FeBi3,0.514264870042636,6.0
1132_FePt3,-0.1780280041811845,6.0
3211_AuV3,0.1333038841847544,6.0
3546_GaRh3,-0.2569407674469,6.0
355_Cr3Sr,0.6730755965588244,6.0
3218_Sn3W,0.2896653718213491,6.0
4599_AuNi3,0.1610918246717236,6.0
799_Ba3In,-0.2065075990659131,6.0
356_Ag3Ca,-0.1590576046828498,6.0
4316_Cu3Ta,0.2003392939363832,6.0
162_FeAs3,0.0881821666677709,6.0
163_As3Br,0.2126619543483046,6.0
2464_Ir3V,-0.0227992056291768,6.0
1170_NbP3,-0.1655885277068263,6.0
3574_P3Br,1.0780590886319557,6.0
1166_As3Br,0.2125235734648201,6.0
1163_Mo3W,-0.0041970000888422,6.0
788_CrTa3,0.0310400462610473,6.0
2469_AlCs3,0.3680687156468609,6.0
2472_IrBr3,1.0878837307028393,6.0
2488_AgMn3,0.3029489061237731,6.0
660_Al3Ca,-0.0211971321280866,6.0
311_Fe3Pd,0.0705064552450434,6.0
1160_Fe3As,0.1806419260128855,6.0
3221_Al3Cu,0.0063965280789801,6.0
2477_Fe3Pa,-0.1268434717063442,6.0
164_Mo3P,0.0756003152457989,6.0
3219_KNa3,0.0155194455850997,6.0
2482_Ac3Mn,-53.62881943695404,6.0
1159_SnW3,0.5108634037715429,6.0
4171_CaNb3,0.649534012542512,6.0
1665_Ba3Ta,0.904670441205412,6.0
3446_Au3K,-0.0419299927417968,6.0
2777_Ga3Rh,-0.1772789533942713,6.0
4518_AlMo3,-0.0996964259999515,6.0
2937_Fe3Na,1.1327794966990163,6.0
4424_Ni3P,-0.3095052203257662,6.0
2979_Ir3Pb,0.5577657850855182,6.0
737_NiBi3,0.3715862485464503,6.0
4422_PAs3,0.4020973050781125,6.0
976_InNa3,-0.0468242476688618,6.0
2983_FePt3,0.1121834255869433,6.0
1602_IrPb3,0.2292775848969874,6.0
2987_CuW3,0.2052802225342738,6.0
4252_AlCu3,-0.1649203732823112,6.0
3127_PtW3,0.267051153241173,6.0
3350_Al3Pt,-0.4537269625614808,6.0
4415_Fe3Br,0.8483269798622297,6.0
968_IrV3,-0.2177500932741018,6.0
3124_Pd3Ta,-0.4789615722321567,6.0
3122_MnPt3,-0.0789690976316901,6.0
3346_SnSb3,0.1632144741154624,6.0
3344_AgGa3,0.0312642882724012,6.0
3004_Sn3W,0.4237881929144711,6.0
285_MoPb3,0.5025277881857404,6.0
3006_FeTa3,-0.0214997259267128,6.0
3120_Au3Pb,0.0421634035992708,6.0
3342_KP3,0.015246017205297,6.0
965_Cr3Sr,0.7469061432395261,6.0
4370_Rh3Sb,-0.2063562446620768,6.0
3012_Sr3Sb,-0.5052053612735352,6.0
1603_Au3Sr,-0.4641703289192604,6.0
979_AuNb3,0.040060795731776,6.0
766_Au3Ga,-0.0407151590716394,6.0
2956_Cu3Mo,0.22920652430816,6.0
997_Ga3W,0.2291023504900202,6.0
4436_FeMn3,0.100148581130357,6.0
2941_Au3As,0.1334911726647583,6.0
3372_Ni3Ta,-0.2058836724948634,6.0
992_K3Na,0.0077935929563961,6.0
3132_Ca3Ga,-0.0609181530119942,6.0
4433_BaIn3,-0.2974247195844026,6.0
988_W3As,0.4255188202761601,6.0
2952_AuP3,0.4551556780531776,6.0
735_CrSr3,0.4019539081751229,6.0
2955_Ni3Sr,0.5203327610247177,6.0
2957_Sm3W,0.0631950852148808,6.0
981_AlMo3,-0.0073852883437464,6.0
2958_Na3Ge,0.0413320232122367,6.0
4364_Al3Ni,-0.2242332681677492,6.0
4429_NaSb3,-0.0525864033552427,6.0
985_BaIr3,1.048165124383834,6.0
3130_CuPb3,0.2602826834094367,6.0
2962_Ta3Sb,0.0115760029382396,6.0
984_IrV3,-0.3727588195176974,6.0
501_FeSb3,0.3358709608334767,6.0
3364_FeBr3,-0.13506335506495,6.0
3362_Mn3Ge,0.0354328238165058,6.0
4247_MnRh3,0.0642769134889844,6.0
3017_K3P,-0.1935027218734912,6.0
261_Fe3Na,1.127116443806946,6.0
262_BaBr3,-1.4692358460725734,6.0
3083_Pd3P,-0.2245172311260823,6.0
4273_AgSr3,-0.1419343204578349,6.0
3299_KNb3,1.1284974674227355,6.0
3070_Au3Mn,-0.0381126143200756,6.0
3104_Mn3Rh,-0.0283859479505466,6.0
3072_CaSb3,-0.2721827868377766,6.0
4266_IrMo3,0.0075335950078798,6.0
4267_Ba3Ge,-0.2287610492721032,6.0
3077_Au3Mn,-0.0557070756025801,6.0
3079_AlPt3,-0.5888720165519494,6.0
3081_GeAs3,0.4621237117053614,6.0
3308_Fe3Br,0.6181349230431623,6.0
936_FeAs3,0.0897481398296129,6.0
3062_CaW3,0.9853804914505152,6.0
3303_Rh3Sr,0.2050868898288982,6.0
280_K3P,0.1089889412197191,6.0
763_PbAs3,0.2528127421578459,6.0
3090_PdSb3,-0.0258166454470663,6.0
4377_MnPd3,-0.1615328336668762,6.0
4374_Fe3W,0.042603553216491,6.0
3093_AlBa3,-0.0289368508473417,6.0
929_GeP3,0.3912980832327397,6.0
3096_Rh3As,0.1899546984508608,6.0
928_CaMo3,0.7670388591526027,6.0
3098_AlSn3,0.1044766819611391,6.0
4264_MoBr3,-0.3920457264089467,6.0
754_Ba3Sn,-0.322119701814052,6.0
958_Al3In,0.1618625852910868,6.0
751_Ca3Ir,-0.046826592853308,6.0
957_BaBr3,-1.4934390696260131,6.0
747_Mo3Ta,-0.1285233832042944,6.0
3335_FeMo3,0.1101955142401873,6.0
843_SbGe3,0.3111828316428111,6.0
3334_Al3Br,0.3122945690795773,6.0
955_V3Br,0.2451158130539417,6.0
1583_Ag3Br,0.1583920348366088,6.0
3030_PdP3,0.298335614350143,6.0
4398_KGe3,0.2251137099133981,6.0
4395_In3Mn,0.2284877334658102,6.0
950_Sb3Ge,0.2281014348942531,6.0
3325_Na3Rh,0.3123486508330413,6.0
847_Fe3Pb,0.8418246784643095,6.0
845_Ni3Sb,-0.2230025413726162,6.0
269_SnP3,0.5314056150159168,6.0
492_MoW3,-0.0002471644391786,6.0
3115_RhW3,0.1259991021727291,6.0
272_NbPb3,0.5071251497625129,6.0
4387_AgSn3,0.00321990824178,6.0
3055_AlPb3,0.2026536934610288,6.0
273_Ba3Br,-0.6944199402649203,6.0
3057_AgNb3,0.2892068832617926,6.0
4006_Ga3As,0.0935757977451485,6.0
3060_Mo3V,-0.1013005671636602,6.0
3373_MoTa3,-0.1069536017678007,6.0
4438_AlFe3,-0.1897415479368378,6.0
3099_Al3Ir,-0.4499672468645164,6.0
730_Ni3Ta,-0.1871286724374261,6.0
2818_SbP3,0.2787830215630311,6.0
699_NbW3,-0.0676890586603047,6.0
818_Ga3W,0.2579364782583191,6.0
2823_IrRh3,0.4006388397466267,6.0
2826_BaW3,1.4553623349381706,6.0
2827_PtAs3,0.1837744748839611,6.0
4351_BaRh3,0.3275921122123266,6.0
4227_Sn3Sb,0.0335006972881908,6.0
2832_AlMo3,-0.0993333449440783,6.0
3422_BaCa3,0.0343718308017577,6.0
2835_PbTa3,0.3831692982889105,6.0
3420_Ca3Mn,0.3640246657770225,6.0
3419_PdAs3,0.0839645199551011,6.0
707_Pd3Sb,-0.3760822909045904,6.0
4485_Na3Rh,0.3291477045577302,6.0
4228_Mo3Nb,-0.0910283442660997,6.0
3415_Ag3K,0.1557467317868135,6.0
2844_Mn3Sb,0.4534544957012665,6.0
4229_MoP3,-0.0003381909733004,6.0
2848_Ca3W,0.8837096676666336,6.0
4480_Al3Ge,0.0707607175218676,6.0
2852_Al3Th,-0.0522207345958483,6.0
4478_K3Ta,1.1691466944339015,6.0
819_Au3Nb,-0.0370355227978214,6.0
1029_AlNb3,-0.1644287196143619,6.0
1037_AlCa3,-0.0462830051008067,6.0
336_KP3,0.0163658427781863,6.0
2814_AlNp3,0.1203439799043923,6.0
207_CrRh3,-0.0699913797349944,6.0
1065_Cr3Rh,0.0961999135035913,6.0
4517_Rh3Sb,0.0382249713464721,6.0
3174_Ga3Pd,-0.2564353314449885,6.0
2782_W3P,0.3408790440879965,6.0
3444_Pt3Rh,-0.0087007843058684,6.0
202_K3Na,0.0175885883206032,6.0
203_NaPb3,-0.0546219459481367,6.0
4514_Al3Sn,0.1452120532474441,6.0
696_Ag3Ge,0.087668262499847,6.0
4220_IrSm3,-0.5846968306787721,6.0
204_Ni3Sb,-0.1361405822875303,6.0
4507_AcV3,0.9571918969526044,6.0
2813_InRh3,-0.0658287898524747,6.0
4506_Ba3In,-0.211620368678886,6.0
299_NbW3,0.4719516784127222,6.0
4010_Fe3Ta,-0.1127685116032299,6.0
1581_FeV3,-0.1426573123202441,6.0
2800_AlNi3,-0.4061829382830826,6.0
3436_In3Sr,-0.2040066123664181,6.0
1045_VGe3,0.1847011190133702,6.0
3435_NbBr3,-0.3850672075571144,6.0
4499_Ta3Sb,-0.0251829081044103,6.0
2808_SnW3,0.4164088525385239,6.0
3433_Au3Br,0.3171197310725695,6.0
4475_AlNi3,-0.4056051678421566,6.0
712_PtSb3,0.0037757119550514,6.0
2860_V3Br,0.280716863032258,6.0
4449_K3Pd,0.0902629690702925,6.0
232_Ta3Ge,-0.1070394710213111,6.0
235_PAs3,0.5081874789383827,6.0
2906_BaW3,1.471400623829652,6.0
4453_Au3Sn,-0.0548105807840317,6.0
721_AgMn3,0.5190592754356258,6.0
2910_PtV3,-0.305222935404382,6.0
3989_K3V,0.8662796318159853,6.0
835_Ag3Br,0.1339256805882671,6.0
3142_In3Sn,0.005615596659696,6.0
772_PbGe3,0.1001123730519051,6.0
4450_Al3Sb,0.170681241367423,6.0
3138_AlNa3,0.1518605936468804,6.0
4457_Ca3V,0.6160135411991172,6.0
4243_Ir3Ni,0.047391822307901,6.0
2923_Ga3Pb,0.0530431986566251,6.0
3378_Fe3Br,0.5931622489733952,6.0
728_FeBr3,0.3130408727754359,6.0
3137_PbP3,0.759440252156609,6.0
3376_PbAs3,0.3915886817129497,6.0
3990_TaV3,0.0534170211823017,6.0
2930_Mn3Nb,0.0610968797625979,6.0
999_K3Na,0.01417873513989,6.0
3135_Nb3W,-0.0205970724341408,6.0
4440_Fe3Pd,0.0872960532260496,6.0
833_Sb3Ge,0.2674849223565756,6.0
3289_AlSr3,0.057116047106092,6.0
3408_Ac3Fe,0.7177510127247606,6.0
335_Cu3Sb,0.1292163677066637,6.0
2867_Ba3In,-0.2121527880530078,6.0
2868_InBr3,-0.2723892605766789,6.0
298_PtV3,-0.2900346358635062,6.0
4278_CuTa3,0.1501830417095071,6.0
4234_CaW3,0.877911644159294,6.0
827_Nb3V,0.3420509693834646,6.0
3400_BaRh3,0.2943309062598329,6.0
1021_Ni3Sb,0.032134307323318,6.0
1018_AlPd3,-0.5908285954344459,6.0
3151_Pt3V,-0.4207377805033276,6.0
2880_SnTa3,0.0049675381907032,6.0
228_Ge3P,0.4028421099060848,6.0
829_Fe3Pb,0.8221365150147326,6.0
4237_Mo3P,0.0348839204519695,6.0
2886_CaNa3,0.064918145731448,6.0
3395_IrP3,0.3209887184886195,6.0
719_BaV3,0.6593841522437529,6.0
231_Ba3Ir,0.3315548688782104,6.0
4239_Sr3Ta,0.8742473959707291,6.0
4997_Ag3Br,-0.0466270446590901,6.0
2897_AlRh3,-0.4401970084474111,6.0
3997_Mn3Ta,0.0642209454664826,6.0
4458_Fe3Nb,-0.0722045087948419,6.0
1010_Cr3W,0.0656147205161872,6.0
4476_Ga3K,0.3125029998473985,6.0
1567_AgIn3,0.0414522576685278,6.0
4097_Mn3Sb,0.2143725397026807,6.0
1639_V3W,-0.0312432122397954,6.0
68_FePb3,0.7885119954880766,6.0
67_Ac3Yb,0.0483534304371855,6.0
1481_Fe3V,0.0116175512059566,6.0
1890_CrNa3,0.8515193684396225,6.0
1314_Ta3V,0.2921233851410409,6.0
4121_NaP3,0.3117392660306839,6.0
39_CrTa3,0.0265847358564226,6.0
1312_PtSb3,0.0018055570048129,6.0
377_Au3Nb,-0.0381561659350113,6.0
378_CaW3,0.7728979899659549,6.0
2121_AlK3,0.2818258477525277,6.0
4880_AlBa3,0.0921476397973015,6.0
508_Ba3Sb,-0.4907969730717179,6.0
4762_Fe3Sb,0.4414744564171062,6.0
1636_NiP3,0.3806580164047135,6.0
611_BaTa3,1.209436450673138,6.0
4124_Al3Ta,-0.3367066690608897,6.0
400_Ga3Na,-0.0132315287682867,6.0
1354_V3Br,0.2459976949128535,6.0
379_P3As,0.6037013122326167,6.0
4884_PdV3,0.0416317142825679,6.0
2094_Al3Sn,0.1655793976137554,6.0
2087_IrNa3,0.4171477206495835,6.0
101_CrW3,0.0537844050765876,6.0
4117_CaGe3,-0.0378530245933212,6.0
566_NaPd3,0.0354355352941269,6.0
1908_CuGe3,0.2343947773578127,6.0
1384_VBr3,0.6187073980676105,6.0
70_Al3Nb,-0.4241836065132585,6.0
3820_Al3Fe,-0.1803985331203383,6.0
1383_CrPt3,-0.0451815759747766,6.0
105_Cr3W,0.0703150051877337,6.0
1903_CrNb3,0.0724017543079593,6.0
1476_Ni3Ta,-0.1899694483609204,6.0
3921_Sb3Ge,0.2677004968112384,6.0
1365_FePb3,0.9185793676251812,6.0
2100_Pd3Sb,-0.3754922119956188,6.0
4868_AgSr3,0.0908131573419157,6.0
3701_PbSr3,-0.2301207637119535,6.0
2102_BaCu3,0.2453032477954502,6.0
111_AgAl3,-0.0152064934718052,6.0
2136_Cu3Sn,0.0639751215637698,6.0
3848_AlBr3,0.0587533733797673,6.0
539_FePt3,0.1689510602908326,6.0
4752_CaAs3,-0.3502374894930931,6.0
376_Mo3Sr,0.7041883060347418,6.0
4130_Au3Na,-0.1153779668336403,6.0
404_Au3P,0.2363162278525057,6.0
2164_MoSr3,0.8728761706255601,6.0
625_AsBr3,0.1837854807495578,6.0
369_Ba3Sn,-0.3223431693894989,6.0
1849_AlSb3,0.1501559370777596,6.0
2170_Al3Ta,-0.1025082671477601,6.0
2158_Pt3V,-0.4267483757291694,6.0
2172_V3W,-0.0355875914198176,6.0
1295_Pt3Sb,-0.1219302696641104,6.0
2174_Au3Cr,0.0820446152069775,6.0
124_PbV3,0.3868962014052073,6.0
2176_Ag3Sn,0.0184298694863218,6.0
1294_Au3Ga,-0.0748055552389126,6.0
1293_Au3Ir,0.3039893633854751,6.0
1843_Cu3Sn,0.0759635169361603,6.0
2160_SbGe3,0.3209652310163591,6.0
403_Ag3Mn,0.2277962190790639,6.0
2137_IrBr3,1.0903733890113694,6.0
60_CuMn3,0.2690644181336781,6.0
3832_CuPb3,0.1775907872946192,6.0
2138_Mo3Sr,0.7152137656734343,6.0
2139_Fe3Ir,-0.0482504948414277,6.0
112_VBr3,-0.2619159193614142,6.0
617_PaGe3,-0.3479441991654255,6.0
3833_Ir3Na,0.3140965208008399,6.0
547_AgAl3,0.032289277011491,6.0
1869_AlIn3,0.1166018305890035,6.0
1490_PbSb3,0.1251027141729275,6.0
402_GaNa3,0.0194563733445729,6.0
2147_WAs3,0.23299682616069,6.0
621_V3Br,0.5547448324913553,6.0
4755_AuAs3,0.3577655840683733,6.0
401_AlGa3,0.0361313760628045,6.0
1992_CaGe3,-0.2835520166753325,6.0
1635_Mn3V,-0.0531336093233463,6.0
4899_InW3,0.4483106890783048,6.0
114_CrNb3,0.0723080494381864,6.0
100_Ge3Br,0.1809122110204661,6.0
4860_KMo3,0.8846373431271548,6.0
3920_Ag3Mo,0.3129424275328398,6.0
384_CrAs3,0.5987397938903678,6.0
1970_FePb3,0.4816714178581449,6.0
3742_Al3K,0.1977556432354683,6.0
1969_AcAl3,-0.0241113388268203,6.0
4811_CuIn3,0.2076251569604519,6.0
577_Ba3Ir,0.338428116950626,6.0
91_V3Br,0.5709922328291892,6.0
1429_Ga3Br,-0.0668485881833467,6.0
1966_NaPt3,0.1237963514291218,6.0
4834_In3V,0.2276268100656002,6.0
1973_Fe3V,-0.0559529631309843,6.0
1427_Ni3Sb,-0.1358773065812233,6.0
1423_SnW3,0.5193271044310759,6.0
1453_Na3Pd,-0.0211022296641258,6.0
3783_GaSb3,0.1770898010176713,6.0
3787_AuBr3,0.4834805601449372,6.0
4082_Mo3W,0.4366388836053136,6.0
3736_Rh3Sb,-0.0768941101261564,6.0
3790_MnPd3,-0.1677646712931579,6.0
3743_GaMo3,-0.0075587913645431,6.0
3777_Eu3Fe,0.4686251092821969,6.0
1643_Ca3Ni,0.2530239250171147,6.0
1987_Ag3K,0.2102714975918522,6.0
4823_CuSb3,0.3994996801531401,6.0
581_BaPd3,-0.1696675891449359,6.0
3756_Ir3W,-0.1768983028315762,6.0
1441_BaCu3,0.4070886445157522,6.0
1988_PbGe3,0.1050826939614646,6.0
4087_AuNi3,0.0985591715563041,6.0
1439_PbTa3,0.2290332506804056,6.0
4976_Rh3Ta,-0.4835740124948469,6.0
3753_Pb3Sr,-0.3053776900756442,6.0
509_Pt3As,-0.0044009473790387,6.0
2004_AsBr3,0.5071995218617864,6.0
1438_KNa3,0.0243309260970867,6.0
584_Ba3Fe,0.912948127235126,6.0
4089_Al3Mo,-0.1944689772432752,6.0
388_IrBr3,0.6300865230216401,6.0
87_AuMn3,0.2960059875718608,6.0
1448_PtV3,-0.2197814555382198,6.0
1981_As3Br,0.2125740824372881,6.0
3791_Fe3Na,0.7118915968889912,6.0
3795_Ca3Ga,-0.0297621651322841,6.0
573_Fe3Ga,-0.081774550841752,6.0
4969_PtP3,0.399243288113225,6.0
2062_WP3,0.3904898621671568,6.0
3720_Ni3P,-0.1701341414636958,6.0
1920_FePt3,0.0189147301200076,6.0
1919_NiSb3,0.438097995862682,6.0
1644_FeV3,-0.1424462107173667,6.0
1918_Ba3Cu,0.0394702967897684,6.0
2067_VBr3,-0.2722658008667262,6.0
1404_Al3Pd,-0.3980137157838905,6.0
1403_Ba3Br,-0.6963803494486649,6.0
1648_Ir3Br,0.9638165529735652,6.0
97_Ag3Al,-0.0385368658765874,6.0
567_K3Na,0.0088293019136178,6.0
98_Cr3Sn,0.4386852445490596,6.0
601_VGe3,0.1048692303345815,6.0
3815_FeMo3,0.2095670596886858,6.0
1914_Ba3Cu,0.0483975189046881,6.0
4858_TaW3,0.275062910855949,6.0
4859_Mo3Rh,0.1017876729739253,6.0
3721_BaPb3,-0.1589663600065693,6.0
3810_AgMo3,0.4025494275119783,6.0
2059_KNi3,0.7556957670325106,6.0
4851_NbRh3,-0.4288553189376305,6.0
3800_Pt3Bi,-0.0288814877431011,6.0
1940_Al3Cr,-0.1551539401644879,6.0
4796_Ni3P,-0.174271319347592,6.0
4106_Rh3As,-0.0143576654625379,6.0
1645_Ag3In,0.0056007404912765,6.0
1939_CaCr3,1.0513220301705486,6.0
3727_Cr3Sn,0.2386689885192066,6.0
1468_Cr3P,-0.1446743340815022,6.0
1936_WP3,0.3893691915278054,6.0
392_FePd3,-0.0230776675298578,6.0
1932_AgTa3,0.3187596400493717,6.0
4075_GaPb3,0.0396178590203546,6.0
3808_In3W,0.5152056352826531,6.0
4791_NaP3,0.076200731217769,6.0
1650_Eu3As,-0.6824294872306971,6.0
96_Mn3Sn,0.1853687985945038,6.0
3725_Ga3Sr,-0.2500555671844617,6.0
1842_AcAl3,-0.0211706250433376,6.0
2151_Ba3Ta,0.8496433783953377,6.0
4982_Ga3Nb,-0.3381442933782557,6.0
4929_Ag3Au,-0.0315943423557443,6.0
4927_Ag3Pb,0.0971226535759504,6.0
529_AlPd3,-0.60903041698508,6.0
443_Cr3Nb,0.0969227978575446,6.0
1260_KP3,0.5600689693530976,6.0
2298_KNa3,0.0147303260218272,6.0
528_IrTa3,-0.316739098636301,6.0
1259_VW3,-0.0783489245455051,6.0
1258_AgBr3,0.0322776735988974,6.0
1726_AuGa3,-0.0481767646676423,6.0
1720_FeIr3,0.5584776160701406,6.0
3640_Fe3P,-0.1983662193815236,6.0
1632_InBr3,-0.5535261041398845,6.0
1719_Al3Ga,0.0275824749523612,6.0
4035_Al3In,0.2005794903275313,6.0
4727_FeNa3,0.953419922791528,6.0
4018_Na3Pd,-0.0141660341409721,6.0
3918_Ga3V,-0.0526355528457882,6.0
3643_VGe3,0.1074684072566141,6.0
531_Pb3Ta,0.7059161694290506,6.0
4920_PbAs3,0.3092709550260926,6.0
3656_Ge3Br,0.0465995518350488,6.0
1271_GaMn3,0.0619946859989424,6.0
367_Al3Rh,-0.5352493491958317,6.0
366_NiAs3,0.0077896201439395,6.0
2217_Ir3V,-0.2390413103018538,6.0
1736_CrSr3,0.3991310186583723,6.0
2219_KP3,0.5613300460352102,6.0
1734_AgGe3,0.2660237849399345,6.0
3644_Fe3P,-0.1958156787846761,6.0
1269_PdSn3,-0.2541301370193132,6.0
3881_VBr3,-0.044573140622091,6.0
4922_NbAs3,0.1966417168765444,6.0
3882_KPd3,0.2268438239013788,6.0
1728_Fe3Ir,-0.0421983063443285,6.0
1268_Ca3W,0.735085956096504,6.0
2279_IrNa3,0.3875730521386757,6.0
3637_K3Pt,0.1227777550677848,6.0
1715_Cr3Ta,0.1301554515644412,6.0
527_Ca3Pb,-0.2743955233667527,6.0
1679_KAs3,0.2951061834844219,6.0
1690_Nb3P,-0.13740513486802,6.0
2334_InTa3,0.1709225003421419,6.0
4715_CeU3,0.443366399591083,6.0
2336_KNa3,0.0129009296420767,6.0
1240_VW3,-0.0782328929197611,6.0
474_KAs3,0.0965459569694791,6.0
1681_Cr3Nb,0.0781401406249067,6.0
4025_Fe3W,0.0411978976634284,6.0
1253_AgBr3,0.0367241133058517,6.0
4711_Fe3Mn,0.0871804571518044,6.0
1234_SbGe3,0.3208394111207813,6.0
4951_Pd3Rb,0.2062061691088219,6.0
645_CaBr3,-1.3581370482902582,6.0
360_Au3Cr,0.0727205118778444,6.0
1670_InBr3,-0.5579910152995953,6.0
4151_AuSb3,0.22864339001835,6.0
4945_Al3Br,0.273000563654906,6.0
1242_CrAs3,0.6062406563238731,6.0
3631_Pb3As,0.1116338261116278,6.0
1692_As3Br,0.4963062451191149,6.0
137_Au3P,0.2305156716459713,6.0
4724_Cu3W,0.1954342356596488,6.0
4142_Au3As,0.1491817017053591,6.0
4033_Ni3Yb,-0.0804497372718122,6.0
4936_Pb3As,0.158233633628551,6.0
1249_AuNb3,-0.0157210614419369,6.0
3892_BaIn3,-0.1502425738916377,6.0
1531_AuCu3,-0.0241945328699291,6.0
3893_NaPt3,-0.0319060318697372,6.0
1663_TaGe3,0.1374193903641964,6.0
2326_Cr3W,0.0566739523358883,6.0
1696_Cr3Na,0.9098419704397562,6.0
482_MnMo3,0.3761156942213759,6.0
3897_BaPb3,-0.2594454125591254,6.0
4944_PBr3,0.6417892177990348,6.0
4959_GaNa3,0.0112123224602209,6.0
582_InBr3,-0.5541793780190627,6.0
4135_Sm3W,0.0611845420881635,6.0
1835_Ca3Pb,-0.2709615632900624,6.0
445_CrW3,0.0467321429249381,6.0
368_CaW3,0.7743857544767856,6.0
463_Ni3Sb,0.0449342540232127,6.0
1822_Ca3Mo,0.7116405846471903,6.0
2192_Ga3Na,-0.0249882809222263,6.0
4912_NaBr3,-0.6094928308533563,6.0
2202_Cr3Sr,2.343766949356529,6.0
536_KSn3,-0.1798566029982073,6.0
1277_PtSb3,0.2069259494686512,6.0
2200_Al3Sn,0.1862588865298473,6.0
1754_Au3Cr,0.0798392217555257,6.0
3855_CuSr3,0.0230810902990548,6.0
4913_Na3Rh,0.3103064652176819,6.0
22_RhGe3,-0.0905160589754983,6.0
1755_V3W,-0.0340694370188607,6.0
2198_CrNa3,0.5423186726893348,6.0
4050_Au3Ni,0.0700246573522385,6.0
2197_SbGe3,0.3134360038520034,6.0
2185_Pb3Sb,0.0527710928808438,6.0
46_Cr3Sr,0.7330921242841102,6.0
1276_Mn3W,0.0958503255778993,6.0
1278_CrNb3,0.2586689314898542,6.0
3872_P3Br,0.8758684315881653,6.0
1288_FeIr3,0.5584664826945129,6.0
2181_Pb3As,0.0508391896890603,6.0
1824_Cu3Ga,-0.0800573082827607,6.0
4045_AlAs3,0.3084391696072028,6.0
2182_Ir3V,-0.3980924594769846,6.0
3664_FeSr3,0.6208096359060029,6.0
1557_CuGe3,0.2349109754561507,6.0
3801_Na4P2,-0.2358167291925571,5.509775004326937
3366_Al4As2,0.202797994810151,5.509775004326937
389_Cr2As4,0.0834798005825246,5.509775004326937
1846_VW2,0.8396076707660759,5.509775004326937
937_V4Br2,0.602972819729254,5.509775004326937
3993_Ag4Nb2,0.5543828981923381,5.509775004326937
4323_Au4Na2,-0.3609220344025997,5.509775004326937
4245_Cu2Mn,0.4952616009620237,5.509775004326937
545_Ba2Pd4,-0.4201277691933628,5.509775004326937
3784_CuW2,0.532183823929414,5.509775004326937
3381_Mo4Ta2,1.4117438118955663,5.509775004326937
733_Pt2Sb,-0.1835536045961205,5.509775004326937
3105_Sb2As4,0.1155331115355782,5.509775004326937
1000_Fe2Ga4,0.1881841721178313,5.509775004326937
247_Ba4Ir2,1.2154619112347849,5.509775004326937
4380_Pt2As4,-0.4910888935308979,5.509775004326937
3792_Cu2W,0.7723792866705873,5.509775004326937
78_Ni4Sb2,0.1770521249294952,5.509775004326937
1464_Ir2Mo,0.0889698773702368,5.509775004326937
995_Cu2Ge4,0.1934571634987148,5.509775004326937
236_VW2,0.4517394004088544,5.509775004326937
1951_Ag4Na2,0.0165116819565905,5.509775004326937
762_Na2Pt4,0.3152627011305847,5.509775004326937
4031_Mn4P2,-0.0374880990532998,5.509775004326937
4325_Au4Ba2,-0.5351719339405504,5.509775004326937
52_Ca4Ta2,0.53492339105963,5.509775004326937
1688_VW2,-0.0940328855695398,5.509775004326937
4442_Mn2Ta4,-0.0182772382291886,5.509775004326937
1456_Ir4Na2,0.7132981850153968,5.509775004326937
934_Nb2Pb4,0.527916409969278,5.509775004326937
723_Mo2Sr4,0.7615178657666704,5.509775004326937
1687_CrTa2,-0.0129322637731329,5.509775004326937
4954_Ni2V4,-0.0308948681763017,5.509775004326937
798_Ba2Sn4,-0.4831717141879193,5.509775004326937
2898_Ga2Mn4,0.2055565894426033,5.509775004326937
4830_Fe2As,0.0120831969950868,5.509775004326937
3387_MoNb2,0.4546345631098004,5.509775004326937
2894_Rh4W2,-0.0352169931060544,5.509775004326937
4314_Ag2Al4,0.1908437062868871,5.509775004326937
3909_Ba2Ge,-0.2536671172700515,5.509775004326937
4308_Al2Mn4,0.3858038264970271,5.509775004326937
1672_Al2P4,-0.069489045227011,5.509775004326937
3216_Ta2P,-0.2863519570587295,5.509775004326937
3847_W4Sb2,0.6877308191738637,5.509775004326937
1671_Al2In4,0.1496605006122985,5.509775004326937
3910_Nb2V4,0.6313650377418986,5.509775004326937
3392_Fe2Mn4,0.2141786033866128,5.509775004326937
48_Pb4As2,0.0885945378502513,5.509775004326937
2888_AgFe2,0.355599325778184,5.509775004326937
516_Ba2Cu4,0.1950184329572829,5.509775004326937
3244_Al4Eu2,0.6089629541792144,5.509775004326937
4907_Rh2Ta4,-0.2997070499201785,5.509775004326937
317_Fe4W2,0.6376702269705253,5.509775004326937
4831_Al4V2,0.2737093218978603,5.509775004326937
3776_Cu4K2,0.3419753359349879,5.509775004326937
3900_Eu2Ga4,-0.7244935671849531,5.509775004326937
4947_Pd2W4,0.4230582713403805,5.509775004326937
3220_Pd2Rb4,0.1455347177912755,5.509775004326937
1967_Ag2In4,-0.0368942050166865,5.509775004326937
3254_Ir2W4,0.0504986066526266,5.509775004326937
3304_Sn2P4,0.4229429072671393,5.509775004326937
312_Nb2W4,0.1948479195466153,5.509775004326937
3853_Sn2P4,-0.056001519449877,5.509775004326937
4378_Au2As4,0.0144955617245739,5.509775004326937
2912_K2Br4,-1.0890156947304026,5.509775004326937
4085_Ga2Mn4,0.4832637774343287,5.509775004326937
4452_K2Pd4,0.958128436165806,5.509775004326937
3908_Al2Fe4,-0.1664737846228483,5.509775004326937
3229_Al2Ni4,-0.4528155467130901,5.509775004326937
1975_Ta2Ge,-0.1709796290019044,5.509775004326937
3251_Ni2Sr4,0.208795066472381,5.509775004326937
1976_Ag2Na4,0.1008943952187406,5.509775004326937
3264_Sn2Br4,0.2584199160717686,5.509775004326937
736_Cr2Nb4,0.7428867004486825,5.509775004326937
4971_Ni2Sb4,-0.3743846982243711,5.509775004326937
472_Ca4P2,-0.8954120405437109,5.509775004326937
1749_Au2Ga4,-0.0790314973956759,5.509775004326937
3049_Ca2Sb,-0.608186648123708,5.509775004326937
4991_Cu2W,0.4542508312631017,5.509775004326937
743_Al4P2,0.1063656280243972,5.509775004326937
1895_Ag2Al4,0.0460584207708614,5.509775004326937
4924_Al2Sb4,0.1593734761924174,5.509775004326937
3052_Ag2Ir4,0.5584920547057214,5.509775004326937
4388_Nb2Ni4,0.0333005873831287,5.509775004326937
3010_IrNi2,0.1371037863756683,5.509775004326937
3022_Pb2P4,0.1152849570185339,5.509775004326937
824_Nb2W,0.4045436001845151,5.509775004326937
4914_Fe2As,0.011960028974741,5.509775004326937
4965_Fe4Pd2,0.8623138115758214,5.509775004326937
3007_Ca2Cu4,0.1830056481666944,5.509775004326937
742_SnW2,0.4336866222469631,5.509775004326937
4279_Fe4W2,-0.0117364097206985,5.509775004326937
1652_Ta2Ge4,0.2489534098761604,5.509775004326937
4253_Au2Ge4,0.152505619377352,5.509775004326937
1874_Au4Sr2,-0.7626116234560195,5.509775004326937
1875_Al2Sb4,0.0339020113510422,5.509775004326937
43_Ir2Ta4,-0.0336096433566623,5.509775004326937
1737_Na4Pb2,-0.0059604221131216,5.509775004326937
771_Al2Pt4,-0.6594769920454873,5.509775004326937
65_Al4P2,0.0048209866646065,5.509775004326937
1519_Cr2Ta4,0.758102563824084,5.509775004326937
4396_Au2Fe4,0.4657313841943183,5.509775004326937
556_Ir4Ta2,-0.1360535071058433,5.509775004326937
3141_Cu2K4,0.7106508718075055,5.509775004326937
4399_NbNi2,-0.2620564037436684,5.509775004326937
952_Pb2As4,0.1364370872739471,5.509775004326937
1883_Cu4Ge2,0.1403253897507686,5.509775004326937
1483_Fe2Pb4,0.655256511776629,5.509775004326937
4065_Mo4Rh2,0.7288084832143985,5.509775004326937
753_Ir2V4,-0.1734783621908313,5.509775004326937
1511_V2W,0.1508598416056431,5.509775004326937
4875_Sn2W4,0.8958564563297932,5.509775004326937
3831_Na4P2,-0.1461563225130477,5.509775004326937
3323_Sr4As2,-0.8694510745793492,5.509775004326937
3025_Ag2Nb4,0.5705474645153797,5.509775004326937
3144_Ni2Rh4,0.5717800781255763,5.509775004326937
3282_Ca4W2,1.7641017660772362,5.509775004326937
779_As4Br2,0.4452598407995474,5.509775004326937
3164_Pb4Ta2,0.3486914174797857,5.509775004326937
2970_Mo2W4,0.7285978333137137,5.509775004326937
4930_Cu4Yb2,-0.293062360656964,5.509775004326937
4901_Rh2Sb4,0.8924790440338496,5.509775004326937
4248_Pt2V,-0.5499976049611442,5.509775004326937
1500_Ag2Al4,0.0457588772121333,5.509775004326937
4932_Al4Bi2,0.889244536310505,5.509775004326937
4275_Ta2P4,-0.5957414793266563,5.509775004326937
3183_Al4Sr2,0.2872414261810381,5.509775004326937
4034_Au2Na4,0.066824322316533,5.509775004326937
3074_Ag2Mn,0.2038998473890263,5.509775004326937
3059_Ba4P2,-0.7354421307758674,5.509775004326937
1855_Ag2Ge4,0.297839306357804,5.509775004326937
4363_Al4Sr2,0.2809149352770609,5.509775004326937
3891_KP2,-0.2278657130216874,5.509775004326937
3311_K4Mo2,0.930444831662508,5.509775004326937
2966_Au2Na4,0.0511408221620793,5.509775004326937
1507_Ge2As4,0.1162548416320869,5.509775004326937
4938_Ni2Sb4,-0.3996609011663068,5.509775004326937
4007_Ni4Ge2,-0.1756610055196823,5.509775004326937
2978_Mo2P4,-0.3509871447025444,5.509775004326937
1823_Mo2W4,0.6720921408779242,5.509775004326937
300_Ag2Ca4,-0.2481122537202737,5.509775004326937
1860_Nb2W4,0.1061049533559928,5.509775004326937
462_Fe2Pb4,0.4720998800685994,5.509775004326937
3351_Ga4Mn2,0.6176953518909775,5.509775004326937
3165_Na2Rh4,0.4923615386228531,5.509775004326937
3837_In2W4,1.250886245647976,5.509775004326937
4419_Ag4Sr2,-0.2252556994140283,5.509775004326937
1574_Al4Sn2,0.3032474216993517,5.509775004326937
739_Ag2Ta4,0.5628349412683527,5.509775004326937
4251_Pd2P,-0.2900332965915086,5.509775004326937
4250_Ba4Ca2,0.0320475488332038,5.509775004326937
3356_Pd4Ta2,-0.0058051799035148,5.509775004326937
2985_AgMo2,0.4600579596531962,5.509775004326937
3063_Mn4P2,-0.0298668646526903,5.509775004326937
842_Na4Pt2,-0.1813541043859411,5.509775004326937
3064_Al4Br2,-0.1377962558375311,5.509775004326937
4287_Ba4W2,1.4642914263667777,5.509775004326937
4898_Al2Au,-0.4116197583822245,5.509775004326937
3067_K4Ta2,1.1322507917836984,5.509775004326937
282_V2W,0.1508598416056431,5.509775004326937
3613_Au4V2,0.0171157944692872,5.509775004326937
1993_K4Sn2,0.0381415247835024,5.509775004326937
3697_AlPt2,-0.8184847811437367,5.509775004326937
1571_Ca2Rh4,-0.1264421561850426,5.509775004326937
672_Ba2Ta4,0.787986574164344,5.509775004326937
4743_CaW2,0.6443813081220485,5.509775004326937
4179_Rh4W2,0.1744026382173255,5.509775004326937
4178_Ca2Sb4,-0.4487941170993181,5.509775004326937
670_Nb2P4,-0.6739997459086903,5.509775004326937
1124_Ge4Br2,0.1319228939049175,5.509775004326937
3543_Al4Pt2,-0.6948453370551823,5.509775004326937
2179_Mn2V,-0.0706521015275285,5.509775004326937
2542_Ir2Ta,-0.4492346500800235,5.509775004326937
1129_Al2Pb4,0.2678257974993154,5.509775004326937
4741_Ni2Ge4,-0.1418782318798713,5.509775004326937
2533_Ga2P4,0.3961177066651302,5.509775004326937
1133_Mn2Sn4,-0.0217938214707539,5.509775004326937
2529_Al4Th2,-0.4217686015761224,5.509775004326937
1285_Ga4As2,0.1240833690026974,5.509775004326937
2190_Al2Cu4,-0.0342056402310759,5.509775004326937
1570_Ge4As2,0.2483039054601121,5.509775004326937
1145_Ba2Ir4,-0.006348404294106,5.509775004326937
2191_Ba4In2,-0.2699715745953493,5.509775004326937
3554_Mo4Nb2,0.5445260246281526,5.509775004326937
126_Ta4Ge2,0.5502794154585248,5.509775004326937
2513_Ca2Rh4,0.1469112543875018,5.509775004326937
2512_Ag4Mn2,0.3955711120956877,5.509775004326937
2196_Ca4Cr2,0.5590748155391374,5.509775004326937
2199_Al2Ta4,0.5322056089761146,5.509775004326937
4594_Ag4Ir2,0.8181056146560977,5.509775004326937
166_K4Sn2,0.0339120821430973,5.509775004326937
2496_Al2Sn4,0.1387351463467692,5.509775004326937
2575_AlCu2,-0.1952456041573492,5.509775004326937
1300_Al4P2,0.0048209866646065,5.509775004326937
4567_Na2Rh4,0.2568463173101829,5.509775004326937
2614_Ba2V,0.6647159440825513,5.509775004326937
1086_Al2Rh,-0.7934654617387066,5.509775004326937
2111_Ag2P,0.1479457399151679,5.509775004326937
1640_Ag2Ca4,-0.2512035885165782,5.509775004326937
3494_KTa2,0.8032727114000338,5.509775004326937
2640_Fe2W4,0.0600058327174698,5.509775004326937
2637_Ga4Na2,0.1822552724839135,5.509775004326937
2633_Cu4K2,0.3710968213036061,5.509775004326937
2123_V4W2,0.5373678233111873,5.509775004326937
1310_Ag4Mn2,0.5553655597303203,5.509775004326937
4123_Au2Pb4,0.2124181947602489,5.509775004326937
2621_Ag2Sn4,0.0132880567558094,5.509775004326937
2619_Ag2Mn4,0.8210633157813625,5.509775004326937
4549_Al2Mn4,-0.0478207925401304,5.509775004326937
2612_Au2Nb4,0.0545237198894454,5.509775004326937
2579_VW2,0.4517394004088544,5.509775004326937
2610_Mn2V,-0.0787711534141972,5.509775004326937
4126_Ba4Cu2,0.0315725948119934,5.509775004326937
1309_Al2Cu,-0.1656155871266828,5.509775004326937
2602_Ba4Ta2,1.243786268910301,5.509775004326937
3680_Pd4W2,0.3204977384153148,5.509775004326937
3509_Fe4Na2,0.9275578196026,5.509775004326937
679_GaMn2,-0.0545106711907668,5.509775004326937
1611_Na4Pt2,0.2613324801413122,5.509775004326937
1302_Ir2Pb4,0.1596593003387981,5.509775004326937
2585_Ag4Br2,0.0107206331644696,5.509775004326937
3517_Al2Pt4,-0.6582483570815411,5.509775004326937
1301_Al2Sb4,0.0344713044585702,5.509775004326937
3_Mn4Sb2,0.4959808317815088,5.509775004326937
2495_Au2In4,-0.1523262669381715,5.509775004326937
127_Ge4As2,0.2688744583085179,5.509775004326937
4134_Sb4Ge2,0.2734004992760119,5.509775004326937
4713_Al2Ba4,-0.01645350904803,5.509775004326937
3594_Ni2V,-0.2072508566888669,5.509775004326937
2417_Pb2Sr4,0.2314095017362637,5.509775004326937
3634_In2Ge4,0.3237670822118061,5.509775004326937
2414_Au4In2,0.0693486325170589,5.509775004326937
2413_Cu2Ge4,0.1874929360863107,5.509775004326937
1196_Ba4Sb2,-0.7672871561808551,5.509775004326937
4159_In4Mn2,0.3757935799507077,5.509775004326937
2407_Na4Pt2,0.243680765189211,5.509775004326937
138_Ge2As4,0.1196947121736281,5.509775004326937
1200_K4Ni2,0.6744503580154383,5.509775004326937
1563_Ag2Na4,0.0735529798504162,5.509775004326937
4630_Nb2V4,0.4616743501136291,5.509775004326937
2398_AgAl2,0.0748750121599464,5.509775004326937
3600_Ag4Sn2,0.1840775408030524,5.509775004326937
4624_Sn4W2,0.1627192610009006,5.509775004326937
151_Ir2Mo4,0.2558778878110732,5.509775004326937
2391_Pb2V4,0.4200073863920721,5.509775004326937
2342_Cu4Ge2,0.2769073934222099,5.509775004326937
2343_Ni2Sn4,0.2186553103016327,5.509775004326937
1236_Ag2Ge4,0.2981145380044309,5.509775004326937
3605_Ir4Nb2,0.2248753745019461,5.509775004326937
4640_Fe4As2,0.288011546750063,5.509775004326937
2379_Sn2W4,0.8977808676823535,5.509775004326937
3924_Al2Fe4,0.0479176586642762,5.509775004326937
4149_Ba4Ni2,0.1227738676787139,5.509775004326937
1223_Al2Cu,-0.1791318434967745,5.509775004326937
2359_Ba2V4,1.311242249239284,5.509775004326937
2360_Ir4Na2,0.7113253348531856,5.509775004326937
2324_IrTa2,-0.3511913424291061,5.509775004326937
2421_Ag4Al2,0.1584953971325919,5.509775004326937
662_AgAl2,0.0076579922915721,5.509775004326937
132_Au2In4,-0.1418995868927499,5.509775004326937
2487_AlRh2,-0.6362167693245576,5.509775004326937
1273_Ag2Mn4,0.6947248627524445,5.509775004326937
1157_Cr4Nb2,-0.047242148869607,5.509775004326937
3569_Mn2Ta4,0.5994460916093445,5.509775004326937
634_Al2Th4,-0.2472460955980153,5.509775004326937
2475_Al2P4,-0.0696435490452103,5.509775004326937
4737_Fe2Nb4,0.5006599812850503,5.509775004326937
2258_Cr2Nb4,0.691069255071028,5.509775004326937
2259_Cr4Nb2,0.2767052758592463,5.509775004326937
128_As4Br2,0.1886815862388336,5.509775004326937
3575_K2Pt4,0.8712168740128341,5.509775004326937
1263_Ni2P4,0.0238628367824442,5.509775004326937
161_Ni2Ta4,0.6395073564584782,5.509775004326937
2294_Ba4Cu2,0.0304039929029062,5.509775004326937
2422_Cr2Ta4,0.5251773362111992,5.509775004326937
4166_Pb2Ta4,0.7310696243836764,5.509775004326937
2295_Ag2Al4,0.2396434909959482,5.509775004326937
3580_In4Pb2,0.0253351892478015,5.509775004326937
4614_Al2K4,0.4108101513743062,5.509775004326937
4013_MoRh2,-0.1614324447944059,5.509775004326937
2439_Mo2W,-0.0033045165627877,5.509775004326937
3636_Fe2Br4,-0.1272779419185526,5.509775004326937
4983_Ba4Ca2,0.1024221370404016,5.509775004326937
1179_As4Br2,0.4407940179014631,5.509775004326937
4722_Ba2Pb,-0.4676688865764706,5.509775004326937
158_Cu2Ge4,0.1885786881460269,5.509775004326937
2320_Ir2As4,1.0017580786940574,5.509775004326937
2322_Ag2Na4,-0.0503517501025424,5.509775004326937
1353_Ni2Sb4,0.0233909646702888,5.509775004326937
2154_Ba4In2,-0.2700885921319666,5.509775004326937
3486_Pb4Sb2,0.0692095082417735,5.509775004326937
599_Ag2Na,-0.0121683720273303,5.509775004326937
212_Fe2Ga4,-0.1746195386096053,5.509775004326937
3739_Ag2Nb,0.3134987729553824,5.509775004326937
4805_Sn2Br4,0.258251974530042,5.509775004326937
2055_Fe2As4,-0.2726784974914693,5.509775004326937
2027_Mn2Mo4,0.148827009312118,5.509775004326937
1408_Au4As2,0.3492469345038422,5.509775004326937
3421_Al4I2,0.7168983581645406,5.509775004326937
2025_Al2Pb4,0.2598910134384138,5.509775004326937
380_MoTa2,-0.1507586219781795,5.509775004326937
1066_Ag2Na4,-0.0624964469345152,5.509775004326937
2856_Au2W4,0.6953492150178905,5.509775004326937
4482_Ba2In4,-0.4352745821380361,5.509775004326937
2776_Al4Ce2,0.5630563836845214,5.509775004326937
219_Ag4Al2,0.0373786797866924,5.509775004326937
2849_Pd4As2,-0.294235139561233,5.509775004326937
3445_Sr2As4,-0.5606790033731818,5.509775004326937
4114_Ag2Nb,0.3134987729553824,5.509775004326937
604_Cu4Ni2,0.2141543813091626,5.509775004326937
3710_Al2K4,0.2315029424185904,5.509775004326937
2079_Fe2Ga4,-0.0040748238131603,5.509775004326937
1058_V4W2,0.6447502404714527,5.509775004326937
1411_Mo2W4,0.6719375937229822,5.509775004326937
4802_K4Pd2,0.0954286081191586,5.509775004326937
2795_Al4Br2,0.438326157140616,5.509775004326937
1419_Fe2Pb4,0.4720998800685994,5.509775004326937
593_Ba2Br4,-2.1866423000315485,5.509775004326937
4222_Ag4Na2,0.0165116819565905,5.509775004326937
1418_Ag4Al2,0.0167224435327266,5.509775004326937
2037_Al4Pd2,-0.2908299967509844,5.509775004326937
2036_AgAl2,0.0454910328131704,5.509775004326937
2035_V2Br4,0.0156110111199486,5.509775004326937
1608_Ag4Sn2,0.0827211942524138,5.509775004326937
3434_Al4Np2,1.5255108361972465,5.509775004326937
1607_K2Na4,0.0638998573109968,5.509775004326937
4497_Fe2Sb4,0.4788135614246241,5.509775004326937
1044_Fe2Mo4,0.7116753557152222,5.509775004326937
2803_Al4Cr2,0.4176790432707804,5.509775004326937
4493_Na4Pd2,-0.0597792815661713,5.509775004326937
3425_In4Nb2,0.1166725944878296,5.509775004326937
4801_Ir2Rh4,0.3085144192754955,5.509775004326937
2048_Ca4P2,-0.8955902962299666,5.509775004326937
1047_K2Na4,0.0428438262803355,5.509775004326937
2049_Ba4Ir2,1.2092215221026048,5.509775004326937
3709_Al4Ga2,0.1296503943423186,5.509775004326937
3988_Ag4Ba2,-0.2866839690043905,5.509775004326937
4091_Ca2Pd,-0.4987472775199446,5.509775004326937
2741_Nb2Rh4,-0.1700100294107696,5.509775004326937
686_Cu4Ge2,0.1101341585813073,5.509775004326937
1382_In2Mn4,1.087186877735301,5.509775004326937
3464_Mo2Nb,-0.1180241041157141,5.509775004326937
3406_Fe2Sb4,0.1960877187219457,5.509775004326937
499_Cu2Ga4,0.0312333231286986,5.509775004326937
4815_Nb4Ni2,-0.1679453503596638,5.509775004326937
1606_Ba2In4,-0.4937894542599756,5.509775004326937
4207_K4Pd2,0.0843341938906068,5.509775004326937
1024_Fe4Ga2,0.0881069186662758,5.509775004326937
2092_K2Ge4,0.2058314233855368,5.509775004326937
225_AlPd2,-0.7917135539533374,5.509775004326937
4540_Pd4Sb2,-0.3088773544865653,5.509775004326937
3454_Rh4Sm2,-0.9147207188694786,5.509775004326937
2728_Pd2V4,0.4185596658639869,5.509775004326937
226_Al4Pb2,0.4596315211143362,5.509775004326937
3700_MoNb2,-0.0994430610731148,5.509775004326937
2020_AlPd2,-0.0943717988913158,4.754887502163468
3786_Ir2W2,-0.1020307345904214,4.0
3626_Nb2Sr2,0.8231238151646618,4.0
489_In2Br2,-0.8172334018909813,4.0
3277_Mn2Sb2,0.2208059199903882,4.0
3639_V2Sb2,0.2042057005244544,4.0
4233_Ir2Ni2,0.1240748108296081,4.0
3582_Pd2Rh2,0.1426459089233844,4.0
4153_Mo2Rh2,-0.0742199523069722,4.0
4005_Mn2Sb2,0.1044043826542004,4.0
644_Al2Pt2,-0.9206056344885516,4.0
729_CrNb,0.0704811032511401,4.0
3399_Al2Br2,-0.3345127740137723,4.0
3572_In2Pb2,-0.0006363025444038,4.0
3757_Cr2Bi2,0.7851509186435619,4.0
3773_Ge2P2,0.4919381840765435,4.0
635_CrNb,0.0400403641248559,4.0
3611_Ni2Pb2,0.6257644555964119,4.0
3610_Ga2Rh2,-0.4851140473666762,4.0
3642_Ca2Nb2,0.3719830160017174,4.0
4147_AgSn,0.0310844222511628,4.0
3391_Ni2V2,-0.1546616339452162,4.0
4283_Cu2Mn2,0.2471525421194602,4.0
4081_BaIn,-0.3934987706890727,4.0
3278_InMn,0.2268852581227722,4.0
4297_Ca2Br2,-0.6922187046404753,4.0
3738_Ag2Nb2,0.2586238279425172,4.0
639_Ni2P2,-0.165174269500933,4.0
4145_Nb2As2,-0.4643435125399362,4.0
4165_Ba2W2,0.7883000138159826,4.0
702_Al2K2,0.2122518133412239,4.0
3638_Cu2Fe2,0.2020980547607358,4.0
3646_Mo2Na2,0.5780009365550232,4.0
3896_K2P2,0.1540928379601198,4.0
783_Fe2Ir2,0.0966810213421247,4.0
3255_MoRh,-0.178031266937797,4.0
3261_Al2In2,0.179782887200552,4.0
3775_Cu2I2,-0.2441904427747188,4.0
3780_AgBa,-0.2376321169705488,4.0
4095_Ir2Pb2,0.3368817978345504,4.0
638_Ta2V2,0.3131622498215911,4.0
710_K2Ge2,-0.1416724648632179,4.0
4156_Fe2Ga2,-0.0016789232952305,4.0
3745_Ca2Cu2,-0.1472054650268024,4.0
3256_Ga2Ge2,0.1807988408540439,4.0
4090_Cu2Sb2,0.0947745338992556,4.0
386_Na2Pt2,-0.0678347584527458,4.0
711_CrNb,0.0374160302242572,4.0
3413_Al2Sb2,0.0747185115180317,4.0
3750_Mn2Ge2,0.1626999725298628,4.0
4290_Mo2W2,-0.0119251779004159,4.0
3265_CuMn,0.3284417554150183,4.0
3271_Pt2Sb2,-0.3033767802065705,4.0
3270_K2Sr2,0.1337180092551744,4.0
4240_Fe2Nb2,0.0324283104462974,4.0
4160_InRh,-0.4304722861100893,4.0
4154_Cu2Ni2,0.0196414447752104,4.0
4027_Na2Sr2,0.1054436255100468,4.0
715_Mo2Sr2,0.547790505542185,4.0
3593_K2Sb2,-0.3844806039214687,4.0
3269_Ir2Pb2,0.5037811192586714,4.0
3602_Al2Cu2,-0.1291277482368524,4.0
520_V2Br2,0.6952620889988701,4.0
3418_Fe2As2,-0.0034891794196232,4.0
3267_AlMn,-0.0462419779947644,4.0
3614_Pb2V2,0.2658984600832914,4.0
3629_Na2Sn2,-0.2116591017251918,4.0
3895_Ni2Sn2,-0.1151318649780357,4.0
4102_Fe2Mo2,0.1543280102061235,4.0
3735_Cs2Fe2,1.6374434228893548,4.0
365_In2Na2,-0.095822273802697,4.0
682_Fe2Ga2,-0.0545204992194774,4.0
3684_Al2Cu2,-0.0710479778351218,4.0
340_Ag2Ge2,0.1739586116285205,4.0
395_Ir2Pb2,0.3738050343011903,4.0
3705_Fe2Pd2,0.054175898367049,4.0
4213_CaSb,-0.8106477564381542,4.0
619_Pd2Rh2,0.0335179686465618,4.0
4189_Ag2Mo2,0.5144999072780223,4.0
620_K2As2,0.3860607131950981,4.0
3835_Fe2Br2,0.555203703580994,4.0
349_Ga2As2,0.2211742613306651,4.0
4116_BaIn,-0.3942991436374097,4.0
3516_Ca2Sb2,-0.8103366219678154,4.0
4236_Pd2Sm2,-1.1902433094897784,4.0
756_Fe2Ir2,0.095469058522756,4.0
3452_Ag2Au2,0.0062231319415904,4.0
622_Fe2Pb2,1.216375423914755,4.0
602_W2As2,0.3709171496726551,4.0
3713_Al2Br2,0.0760864591054089,4.0
4113_Cu2Mo2,0.2552253731582725,4.0
623_K2As2,-0.3857350325807225,4.0
3474_Ta2P2,-0.0397634335946133,4.0
3685_AlAs,-0.1401830677239841,4.0
4063_Fe2Ta2,-0.0429836756126427,4.0
3827_Al2Pt2,-0.8915417961538017,4.0
3337_K2Nb2,1.3984264495015708,4.0
399_Au2Nb2,-0.0960918000005977,4.0
3696_Cr2Sb2,-0.0563094461679325,4.0
4202_V2Br2,0.2049389206913092,4.0
3695_Cu2K2,0.4746093749372502,4.0
3694_P2Br2,0.1930605002183072,4.0
685_Pt2Sn2,-0.2274748906173247,4.0
3478_Ba2In2,-0.3880134217732007,4.0
3823_Ga2Pd2,-0.5766066931495129,4.0
3692_Al2Ta2,0.0484771651687685,4.0
396_Au2Nb2,-0.1082128533063704,4.0
4009_Ag2Ba2,-0.2761736007103255,4.0
4196_Ni2Sr2,0.1953395257108292,4.0
333_K2P2,-0.4201608338771931,4.0
4260_MoW,-0.0115632644363721,4.0
3922_Cu2Ir2,0.2529828817891149,4.0
4070_Mn2Sb2,0.2133661323603402,4.0
3702_Ni2P2,-0.2510017772277049,4.0
4118_Mo2Nb2,0.3806547880258044,4.0
752_Ba2Ga2,-0.1956373653855494,4.0
3525_Cu2Ge2,0.1181708539907431,4.0
3526_FeGe,0.0018767926074065,4.0
4058_SrAs,-0.862153859829148,4.0
3368_Pt2Sb2,-0.3461532795250575,4.0
3440_Ba2Ir2,-0.0424457808078875,4.0
3556_SrAs,-0.8153866816487305,4.0
3866_FeAs,0.1233376778550159,4.0
3439_Pb2Sr2,-0.552749920594013,4.0
3438_Al2Pt2,-0.8734821357839673,4.0
595_Fe2Ga2,0.0474305641048955,4.0
3662_Sb2Ge2,0.2920265700266515,4.0
765_K2As2,-0.1608951117004919,4.0
3982_Cu2W2,0.2190544733619734,4.0
4257_Fe2Sb2,0.4179474835499421,4.0
3552_W2As2,0.1099817999318233,4.0
3873_Cu2Ga2,-0.0164941734962384,4.0
534_Ni2Sb2,-0.0458101554117664,4.0
4038_Ga2K2,0.085636318940012,4.0
3879_Cu2Ge2,0.1737348240279024,4.0
3658_Al2Ta2,1.0984819167369944,4.0
3657_In2Ta2,0.5123786104406642,4.0
3371_Fe2Br2,0.546021311397265,4.0
572_Ni2Sn2,-0.0386517674134507,4.0
3880_V2Ge2,-0.2034460607797328,4.0
3365_Al2U2,1.3398043001924131,4.0
3297_Na2Pb2,-0.1047916292313502,4.0
3528_Nb2As2,-0.5484444669754387,4.0
3545_Ga2Sr2,-0.3373286017251207,4.0
3667_Cu2Ga2,-0.0149761966092438,4.0
3666_Ba2Na2,0.0068428781838612,4.0
4180_Rh2Sb2,-0.180140237805733,4.0
3718_Na2Pt2,0.0585098008897602,4.0
3358_Ir2W2,-0.1446439260649494,4.0
3812_AgSn,0.0299293164035243,4.0
3811_Ag2Sn2,0.0142127378141592,4.0
3665_Na2P2,0.1266276353560829,4.0
598_K2Ge2,-0.1488017230705125,4.0
491_Ag2Al2,-0.0136965697181792,4.0
570_Cr2Ta2,0.0133151772221342,4.0
4176_Mo2W2,0.4080368590916485,4.0
4110_Na2Pb2,-0.1562603921855645,4.0
3548_In2Mn2,0.2256218912605403,4.0
537_Fe2Ga2,0.124064853796499,4.0
3809_Ni2Sr2,0.4626434563326298,4.0
764_Al2K2,0.2428604531726903,4.0
3550_Ta2Sb2,0.0257373142077632,4.0
4074_K2Mo2,1.1300388461502564,4.0
461_Nb2Pt2,-0.6457401466596764,4.0
4023_Pb2P2,0.3564752675865845,4.0
1582_Ga2Pt2,-0.2834445013076179,4.0
4304_Mn2Rh2,1.0151847718994276,4.0
4788_Mo2Pb2,0.4939748205054668,4.0
187_Ta2Ge2,0.1017352688524066,4.0
2053_Pd2Rh2,0.0410224113616495,4.0
1075_Sr2W2,1.388439071506709,4.0
4792_Ni2Yb2,-0.24160819968451,4.0
4533_Al2Fe2,-0.1659621127138217,4.0
1413_Nb2Pb2,0.4433461486233714,4.0
2751_Ga2P2,-0.0559402271293123,4.0
2044_Pd2Ta2,-0.2980566242829212,4.0
95_Cr2W2,0.0864102135558599,4.0
2040_FePb,0.8426981996656657,4.0
2347_Na2Pt2,-0.0139597554174071,4.0
94_Al2Pd2,-0.7411901811862194,4.0
2018_Au2Mn2,0.0127753186422383,4.0
1072_Fe2Pb2,0.2930038543888518,4.0
4529_Pd2Sm2,-1.1939658947664815,4.0
1430_BaCu,0.1183265687375136,4.0
2756_Ni2Np2,-0.1482799245317068,4.0
185_AgSn,0.0542811791472521,4.0
4787_Cu2Ni2,0.0822911971003383,4.0
99_Al2Pd2,-0.7471028637113477,4.0
2738_Ni2Sr2,0.34235089547228,4.0
2641_Nb2V2,0.0611039957532941,4.0
1087_Fe2Pb2,0.2934461841775402,4.0
2080_SnP,-0.0944015208122417,4.0
4543_Mo2Nb2,-0.1206156262690427,4.0
2078_V2Br2,-0.1457084697899882,4.0
2426_Sn2W2,0.3048238265149621,4.0
1401_Ir2Na2,0.2327297864083446,4.0
2075_Ir2Mn2,-0.0091856610615099,4.0
2074_Ca2In2,-0.458801559172195,4.0
2072_Ga2Br2,-0.5777253611313591,4.0
2069_Pt2As2,-0.1098590302761417,4.0
2729_Rh2Sr2,0.0519912715488652,4.0
1406_Cu2Br2,0.0045894584552015,4.0
2730_Ir2Nb2,-0.1578713088821608,4.0
2731_Ga2Ge2,0.1628796890350323,4.0
1407_BaAs,-0.8248225062646046,4.0
2063_Fe2Pt2,0.0783132292381125,4.0
2016_Ba2Ge2,-0.242087032344104,4.0
89_Ba2Ge2,-0.1168555505437622,4.0
154_Pd2Ta2,-0.3618708831950421,4.0
1432_Pb2Ta2,0.3806331488239092,4.0
4832_Pt2Sb2,-0.0642017293861929,4.0
1039_Nb2P2,-0.0587182743692746,4.0
143_Ba2Pt2,-0.4142137698980046,4.0
1962_K2As2,-0.1601061421490177,4.0
1961_AuSr,-0.7420538966163632,4.0
1958_Ba2Fe2,1.432824894896533,4.0
4841_Mo2Sr2,0.6658938067199829,4.0
2825_Pt2Rh2,-0.0205890368021455,4.0
1033_Ir2Mn2,-0.0092013547958025,4.0
1952_Ba2V2,1.4341046655489045,4.0
2833_Nb2As2,-0.2267729929139426,4.0
2834_Sn2W2,0.380831521925705,4.0
1233_Ba2Ga2,-0.0618128052502804,4.0
1465_BaAs,-0.8242589244395955,4.0
213_Mn2Sn2,0.1906174282030415,4.0
1470_Ir2Na2,0.4811204745271373,4.0
2843_In2P2,0.0519244250414705,4.0
1972_Ga2Pt2,-0.2900444828879625,4.0
1974_BaAs,-0.8242741931404591,4.0
4627_Cu2Mn2,0.3182716405481285,4.0
2774_Ca2Cu2,-0.159069105587382,4.0
2763_Pd2V2,-0.0781333125878909,4.0
88_Ag2Al2,-0.0094356971058457,4.0
1067_CuGe,0.1859997211468114,4.0
4816_Ba2Sb2,-0.8338671201122385,4.0
2007_W2Sb2,0.9266181348642304,4.0
2003_Ba2V2,0.7014600764628796,4.0
4519_Ir2Sb2,0.1139587402132296,4.0
2783_Pd2Rb2,0.1182580533488639,4.0
1979_Fe2Pb2,0.5712586162799171,4.0
4513_In2Mo2,0.4014679899582596,4.0
2002_Sr2W2,1.3964235494759736,4.0
86_Ni2Sb2,-0.0582208439969926,4.0
4825_Cu2Sb2,0.09306332431475,4.0
2797_Al2Na2,0.1064447917505271,4.0
4826_Au2V2,0.027181270273112,4.0
1447_Fe2Pb2,0.2944677495223846,4.0
4310_Ca2Mo2,0.4960835738562963,4.0
102_Cr2Sn2,0.2075312870777024,4.0
4609_Ni2P2,-0.2444295353290506,4.0
2508_Fe2Pb2,0.6902663060867562,4.0
2515_Ni2As2,-0.1077266675684649,4.0
2443_Ag2In2,0.0208346111162605,4.0
2216_Ga2As2,0.2016376448000651,4.0
1270_Cu2Sn2,0.0571521049419954,4.0
2212_P2As2,0.5730281592022672,4.0
1143_Au2As2,0.2329993076058523,4.0
4590_In2Br2,-0.7137914213078189,4.0
2525_CrTa,0.1368525732847381,4.0
1247_Ba2Ga2,-0.3509398047293142,4.0
2209_Ag2Mn2,0.2805958573946263,4.0
2207_Ca2Cr2,0.7767976291677305,4.0
4583_Na2Pt2,-0.0653840123712798,4.0
1275_Ca2W2,0.4891521987122589,4.0
2203_Ba2Sn2,-0.7239831978783742,4.0
1290_Ag2Br2,-0.4427062432956123,4.0
2551_Ba2Fe2,1.4615896422081454,4.0
4579_Pd2V2,-0.1715385737955514,4.0
1147_K2P2,-0.4137983534760199,4.0
2218_Ag2Ge2,0.1888974565500993,4.0
1364_Ca2In2,-0.1173949604676822,4.0
2505_Ag2Mn2,0.2806231820436764,4.0
1256_Ag2Ge2,0.1947644454814843,4.0
2309_AgAl,-0.0019810858099353,4.0
2462_WSb,0.6432706149340781,4.0
2308_K2P2,0.247621916405853,4.0
160_Ba2Pt2,-0.4579160620289459,4.0
2470_Fe2W2,0.2298041388097988,4.0
2471_Au2Nb2,-0.0631656503998696,4.0
2304_In2Br2,-0.8192525431939348,4.0
4729_Mn2V2,0.1160297069715028,4.0
2281_Pd2W2,-0.0015386510129893,4.0
2491_Cu2Ta2,0.0510309410200644,4.0
4615_Nb2As2,-0.1086178026551314,4.0
1152_K2P2,-0.4163686881296446,4.0
1267_Al2Rh2,-0.8673376400270163,4.0
2325_SnP,-0.094533133663428,4.0
1248_Pd2Sn2,-0.4222715211301207,4.0
2504_Cr2As2,0.00771246407571,4.0
2169_Pt2V2,-0.4021971048022354,4.0
4746_Au2Ni2,0.2424296367895184,4.0
2166_As2Br2,0.4243112390513999,4.0
116_Ba2Ge2,-0.5915835598114554,4.0
2346_Fe2Pt2,23.193570485481807,4.0
1098_Pt2Sn2,-0.0398088134136793,4.0
1097_Pb2Sb2,0.0613678890081708,4.0
2594_Al2Rh2,-0.7783706628848774,4.0
2597_Al2K2,0.2086908182733893,4.0
2598_Mo2Nb2,-0.0888018466548317,4.0
2436_WP,-0.1643606055072712,4.0
108_Fe2Pb2,0.4067883133950829,4.0
1092_AsBr,0.2720832940127895,4.0
2613_Ta2Ge2,-0.062803501917342,4.0
1361_Pt2Sb2,-0.5598253645688853,4.0
2616_Cr2As2,0.1704696047224638,4.0
4766_Au2Mn2,0.6149682153648515,4.0
2620_Ta2V2,0.0268457363837892,4.0
2622_Cr2As2,0.007682049183618,4.0
1089_MoP,-0.4032645725072434,4.0
107_Cr2Sn2,0.2026693071890291,4.0
2587_Ir2V2,-0.4387310756536209,4.0
109_V2Br2,-0.1510803872846198,4.0
2119_WSb,0.635789304038278,4.0
2565_Mo2Sr2,0.5575013792903318,4.0
2559_Ca2Ga2,-0.4668428153569959,4.0
4574_Pt2V2,-0.4415867327475009,4.0
2561_Ag2Mn2,0.2864868382129435,4.0
4756_K2Sn2,-0.0014499690382616,4.0
2148_Sn2W2,0.7094631933980757,4.0
1239_Ba2Sn2,-0.6111419105514235,4.0
2564_In2I2,-0.5589380872856298,4.0
2145_Ag2Ge2,0.1908003162076452,4.0
2120_Mo2Sr2,0.5498863203754158,4.0
1238_Cr2Ta2,0.0607414872424509,4.0
2135_Sn2W2,0.7018631931675055,4.0
1176_Mo2W2,-0.0002653883724654,4.0
180_Pd2Rh2,0.0643234389585014,4.0
2437_Na2Pt2,-0.0138098961311601,4.0
4568_Mn2Sb2,0.3028448297486399,4.0
2126_Na2Pt2,0.0149535110750544,4.0
2846_Mo2Sr2,0.6730201296964244,4.0
2847_Ba2W2,1.0372039623020664,4.0
1933_Ni2Rh2,0.2229648259063426,4.0
1527_Ba2Br2,-1.6453708263697826,4.0
1700_Fe2V2,-0.078264600413517,4.0
3089_Sn2W2,0.6135059614810894,4.0
1699_Ag2Ge2,0.1769106188002136,4.0
3100_Na2Sb2,-0.1595024621703382,4.0
4946_Rh2W2,-0.0488505645361634,4.0
2377_Cu2Ge2,0.1932333650639117,4.0
927_Pb2Sb2,0.0600887634065325,4.0
1544_Mn2Sb2,0.2537435629950586,4.0
1228_Mn2V2,0.0580102388124679,4.0
4955_Fe2Br2,0.554255786528496,4.0
846_In2Ta2,0.2468565124577857,4.0
4645_Na2P2,-0.0555534054562691,4.0
3114_Ag2Ge2,0.1973839765043421,4.0
4958_Ba2Ge2,-0.1778758672158011,4.0
4365_Ba2W2,1.030850390101512,4.0
837_Mn2W2,0.151687813937281,4.0
1661_Na2Pt2,0.0208329909888398,4.0
1708_K2As2,-0.1594136726871555,4.0
1718_Ba2Sn2,-0.6119471538828103,4.0
3146_Ba2W2,0.8228393727936236,4.0
4928_Ba2Mn2,0.8169081951931902,4.0
1751_Al2P2,0.1711348282914704,4.0
2353_Cr2Sn2,0.937295597133363,4.0
3042_In2Sn2,0.024598304626076,4.0
1745_Fe2Pd2,0.0600193354461096,4.0
3044_Mo2W2,0.4147867774643377,4.0
3046_Al2Fe2,-0.1400259878698495,4.0
1744_Na2Pt2,0.0178433983610966,4.0
4917_In2Pd2,-0.4115068745040471,4.0
4921_NaP,-0.0973361816196645,4.0
1725_CrNb,0.0447298304455507,4.0
3065_Mo2V2,-0.0680563425467291,4.0
942_Cu2Ga2,-0.0384632138339466,4.0
3069_Fe2Na2,0.4438350170722662,4.0
3071_Mo2Rh2,-0.0447398362324946,4.0
4710_Mn2V2,-0.1878639363857122,4.0
277_Ba2Cu2,-0.0169725723717149,4.0
939_In2Sn2,0.0072557806581281,4.0
4359_MoPd,0.0242015109187416,4.0
3148_Al2Pt2,-0.935620107858214,4.0
1931_Cr2Nb2,0.1344305427950498,4.0
3190_Sn2W2,0.4676484999730883,4.0
1572_Ba2Ta2,0.9726660089722784,4.0
806_Al2Cu2,-0.1881961713948934,4.0
1573_Al2Nb2,-0.2448142268345599,4.0
805_Ca2Cu2,0.0082695203874965,4.0
306_Na2Pt2,0.0534883309573936,4.0
4994_Ba2Ir2,0.5409645036856263,4.0
4995_Au2Sb2,-0.0255928153431068,4.0
3207_Na2P2,-0.3693177276301007,4.0
1593_W2As2,0.6139095757248487,4.0
1591_Ag2Sn2,0.0140750344839628,4.0
4996_Al2In2,0.1980946123949709,4.0
1580_Ag2Br2,-0.4266515631149774,4.0
3226_MoRh,-0.1753282368478412,4.0
4999_Pt2Th2,-1.2350655038663056,4.0
3230_Ba2Ca2,0.0406486469655449,4.0
4_Ir2Na2,0.4721300324400452,4.0
313_AgSn,0.0409468929222187,4.0
14_Pd2Ta2,-0.3572595305178883,4.0
1610_Cu2Ga2,0.0515306965752166,4.0
3150_IrRh,0.0007016676852913,4.0
4340_W2P2,0.2953934385766779,4.0
4357_Au2Fe2,0.2273726575768231,4.0
1646_AuP,0.1982375973905634,4.0
3156_Ba2Ir2,0.5449168595334992,4.0
296_Ag2Ge2,0.173659045568022,4.0
4977_Fe2Ir2,0.0103466912544032,4.0
1641_Pb2As2,0.0840475302337555,4.0
24_Cu2Ga2,-0.0461503759196872,4.0
1637_MoNb,-0.1295801188152356,4.0
2364_Fe2Pt2,0.0726527165458259,4.0
1628_Nb2W2,0.333740593282716,4.0
4350_Au2Ni2,0.1379700411721982,4.0
1565_In2Br2,-0.7314480474795149,4.0
4986_Pb2Sr2,-0.6056881541202612,4.0
1621_FePb,0.8402487620204404,4.0
1616_Al2K2,0.2424803932814523,4.0
3177_Pt2V2,-0.4011110193829674,4.0
3178_Pt2P2,0.0154463285845389,4.0
1752_Nb2V2,0.0562843441936919,4.0
3035_Pd2Rb2,0.8660587344426816,4.0
3034_Ba2Rh2,0.1303739087458275,4.0
1210_In2Ge2,0.1434853874473254,4.0
1011_Cr2Rh2,0.0194575353109609,4.0
1885_Sb2Ge2,0.2790129490215403,4.0
4877_Al2Ni2,-0.4553764697931735,4.0
63_Cr2Sr2,0.7446481806535772,4.0
1489_Ge2P2,0.1221786004450189,4.0
2908_Pd2W2,0.1123978174485955,4.0
2913_Pb2P2,0.1636887776688462,4.0
1005_Cu2Ge2,0.1451743152793989,4.0
2921_Pb2V2,0.4928501595522814,4.0
1873_Al2Sb2,0.181921935434036,4.0
1872_Cr2As2,0.0077630930576173,4.0
2924_Pt2V2,-0.4276230445207822,4.0
4886_Al2Br2,-0.2130247291300895,4.0
2927_K2Sn2,-0.2445203437210175,4.0
2929_K2Sn2,-0.1301163509892293,4.0
1865_Al2K2,0.2493481884250021,4.0
55_AgMn,0.829020340298344,4.0
4460_SbP,0.0811624920790903,4.0
1892_Cu2Ge2,0.1863597944661306,4.0
1480_Fe2Pb2,0.7151422050452814,4.0
1910_KSn,0.0318888405176593,4.0
1929_Pb2Sb2,0.0611476891897284,4.0
2859_Ga2In2,0.0462965949196285,4.0
1928_K2Na2,0.0232163659383157,4.0
1471_CuGe,0.1994466412303577,4.0
2395_Nb2Pt2,-0.6457328310843167,4.0
4857_Ag2P2,0.215945692610235,4.0
1474_Ge2Br2,0.1309502640754578,4.0
1475_Ca2P2,-0.816929871768715,4.0
4866_Pt2V2,-0.4276564521482502,4.0
4469_GeAs,0.208114042910724,4.0
1902_Ni2Sb2,-0.0576973778270293,4.0
1016_FePt,0.1046782928175824,4.0
2883_Pd2W2,0.2024888479961362,4.0
4465_Pd2P2,-0.0748898037399525,4.0
1013_Ge2Br2,-0.3539225105654191,4.0
229_Pd2Rh2,0.0413431690888472,4.0
4400_PdTa,-0.2949298433654892,4.0
4897_CaSn,-0.6047923086631299,4.0
987_Cr2Na2,0.9853560370272048,4.0
47_Na2Pt2,-0.0622927350794983,4.0
2388_CaP,-0.8147897059473337,4.0
1839_Al2Th2,-0.3294962269685841,4.0
3002_Ir2Rh2,-0.0085060714919453,4.0
1836_Mo2W2,0.4529627299555354,4.0
3003_Na2P2,-0.3394175410175988,4.0
4411_Rh2W2,-0.1634060966863391,4.0
1219_Pd2Ta2,-0.2982261976196536,4.0
259_K2As2,-0.160004924188351,4.0
251_Ba2Ni2,0.597629677831121,4.0
3014_Ni2Ge2,-0.0762614153655016,4.0
1831_Fe2Ga2,-0.0316817679816612,4.0
1506_Ba2Pd2,-0.5512698825241915,4.0
3024_Mo2Rh2,-0.0590279724766471,4.0
1508_Na2Pd2,-0.0727240279877157,4.0
263_Fe2Pb2,1.224709304364091,4.0
2380_K2Ni2,1.102450928894866,4.0
2999_Ta2Sb2,0.3728647878519764,4.0
4908_Mo2Ta2,0.3511306459887429,4.0
1844_Ni2Pb2,0.0508002978802686,4.0
2352_Au2Mn2,0.1242328596392612,4.0
4431_Au2V2,0.0249428442236858,4.0
2953_MoV,-0.126784531445768,4.0
2954_Mo2P2,0.0616187149853217,4.0
4631_V2Ge2,-0.1990215627984675,4.0
1501_Au2Nb2,-0.0823842144160345,4.0
4904_Pt2W2,0.0916570637141021,4.0
2967_V2W2,0.5402600457808884,4.0
2968_Fe2Pt2,-0.1192493888161649,4.0
982_Cr2Na2,0.6053910532536468,4.0
980_CrTa,0.1363227916180687,4.0
4425_Au2Sb2,0.2069522440366871,4.0
4423_Al2Pt2,-0.9410388965392072,4.0
255_Mo2Pb2,0.5946080176813062,4.0
973_MnW,0.1476485737560633,4.0
2989_AlAs,-0.2077627777841586,4.0
51_Ag2Br2,-0.4385558393715043,4.0
2319_Cr2Rh2,0.0220272874187692,4.0
1231_AgMn4,0.4837143497390969,3.6096404744368114
4146_Ir4Mn,0.9132516606593768,3.6096404744368114
1964_SrW4,3.29538982431248,3.6096404744368114
2306_CrSn4,0.4307053984440863,3.6096404744368114
3852_Ag4Mo,0.4949321417975973,3.6096404744368114
1926_BaAs4,-0.2218057127435329,3.6096404744368114
568_AsBr4,0.0827368421497677,3.6096404744368114
1858_AlTa4,-0.0452718545750741,3.6096404744368114
3841_InTa4,1.5870665708125742,3.6096404744368114
4057_Nb4Ni,0.7399515162667611,3.6096404744368114
406_As4Br,0.8804043387066216,3.6096404744368114
1510_CrNb4,0.0650732219279987,3.6096404744368114
4732_MoSn4,0.1970626607332569,3.6096404744368114
3875_In4K,0.5600406304992827,3.6096404744368114
1723_Ag4Sn,-0.0197127183807911,3.6096404744368114
519_Ag4Al,-0.0485466401328874,3.6096404744368114
1545_Ca4In,-0.0793600515693867,3.6096404744368114
3911_Fe4Ir,0.0552875162944161,3.6096404744368114
4984_Na4Pd,-0.0258741763051297,3.6096404744368114
1467_GaPt4,0.129965552129088,3.6096404744368114
4845_VP4,0.1480949914869519,3.6096404744368114
1450_Pb4V,0.3160382440149568,3.6096404744368114
4093_CaNb4,2.0724527098289203,3.6096404744368114
4798_SnBr4,-0.2659943161222486,3.6096404744368114
2077_Sn4P,0.1624301464290653,3.6096404744368114
4782_Sr4Br,-0.2378610234737603,3.6096404744368114
2113_PAs4,0.4778014059865242,3.6096404744368114
1313_Sn4W,0.4976734814005475,3.6096404744368114
610_CuNi4,0.8709995730334945,3.6096404744368114
4125_InRh4,1.09674590170157,3.6096404744368114
618_TaGe4,0.177546213788969,3.6096404744368114
3679_AuFe4,0.093735028143422,3.6096404744368114
2211_CuK4,0.2236390669345606,3.6096404744368114
630_P4As,0.812091334973811,3.6096404744368114
3647_In4Pt,-0.109899875488567,3.6096404744368114
2250_SnP4,0.9161730438708098,3.6096404744368114
1226_Ag4Al,-0.0484028888270259,3.6096404744368114
2864_V4P,0.3322994564390953,3.6096404744368114
144_CaRh4,-0.0123593460472001,3.6096404744368114
2600_Ag4Al,-0.0423248287951611,3.6096404744368114
1088_NaPt4,0.9276235444384432,3.6096404744368114
4246_AuW4,0.4205974914697705,3.6096404744368114
2990_MoSn4,0.1971744835279807,3.6096404744368114
4418_Na4Sr,0.3768492047214097,3.6096404744368114
2634_CuK4,0.2296230775695573,3.6096404744368114
4417_Ca4Ge,-0.1180823670313536,3.6096404744368114
4550_NiTa4,0.7637822265224969,3.6096404744368114
2590_NaPb4,0.224980428430975,3.6096404744368114
3555_PBr4,0.274910942903859,3.6096404744368114
2584_PdRh4,0.0594367766285841,3.6096404744368114
264_Cr4P,0.722891464014863,3.6096404744368114
1108_WSb4,0.6132872102765802,3.6096404744368114
938_Ca4In,-0.0816027239527812,3.6096404744368114
4381_MoPd4,0.6319045285055118,3.6096404744368114
3305_Cu4Fe,0.1124787343126072,3.6096404744368114
1126_Mn4Sn,0.2246010467999781,3.6096404744368114
4545_Al4Mn,-0.072840510263844,3.6096404744368114
2942_IrRh4,-0.0017556820822136,3.6096404744368114
2652_Fe4Pb,1.4306924841850814,3.6096404744368114
3487_Cu4Mn,0.0374399811596923,3.6096404744368114
2810_NaPd4,-0.0089418085954619,3.6096404744368114
191_Mo4Nb,1.5855713652165122,3.6096404744368114
4494_CuGa4,0.039402732975958,3.6096404744368114
2836_CaW4,2.8311244584186808,3.6096404744368114
4479_AlMn4,1.008851761143592,3.6096404744368114
3410_SrAs4,-0.3109020440592161,3.6096404744368114
4473_Ba4In,0.1451732176930757,3.6096404744368114
2750_SnGe4,0.6338323741281734,3.6096404744368114
2873_FePd4,0.4780438335531506,3.6096404744368114
2892_Ir4Rh,-0.0051127541117537,3.6096404744368114
720_GaPt4,0.1320540703884518,3.6096404744368114
2896_Ni4Ta,0.8417830391894328,3.6096404744368114
1082_Pb4V,0.3152668653469838,3.6096404744368114
3482_Nb4Sn,1.2860597229982376,3.6096404744368114
4445_Ca4Nb,0.7438121018970222,3.6096404744368114
4372_Au4Fe,0.0940818174179668,3.6096404744368114
2567_BaFe4,0.6684947662822196,3.6096404744368114
4512_Au4V,0.5053051396209789,3.6096404744368114
3159_K4Sn,-0.046379581696436,3.6096404744368114
4607_In4Mo,0.3040013113251668,3.6096404744368114
813_Cr4As,0.0144065940607106,3.6096404744368114
815_Pd4Rh,0.0493545376730246,3.6096404744368114
1173_GaP4,0.6351338889906983,3.6096404744368114
652_AlP4,0.0369338508014443,3.6096404744368114
2441_AgNa4,0.0076326242964114,3.6096404744368114
665_AsBr4,0.0831803890341781,3.6096404744368114
1174_PbV4,1.736418693171305,3.6096404744368114
3590_Ag4Fe,0.253723311022955,3.6096404744368114
3193_Ni4Sr,0.3530060754889405,3.6096404744368114
4625_Ba4P,-0.3524857490659137,3.6096404744368114
2401_Mo4P,0.7103721713880631,3.6096404744368114
308_Na4Pb,-0.0642697687374035,3.6096404744368114
1220_Ba4As,-0.4649167621253038,3.6096404744368114
3110_Ba4Cu,0.1763109246350126,3.6096404744368114
3228_Al4In,0.6381890727771047,3.6096404744368114
2925_Ag3Sr,-0.0453551621271102,3.2451124978365313
3779_CaIr3,0.0305344814990053,3.2451124978365313
2903_AlMn3,0.0044625280412473,3.2451124978365313
2811_K3W,1.6473001131057847,3.2451124978365313
4315_Mo3V,0.3792234579534757,3.2451124978365313
4244_AgIr3,3.4604658513367634,3.2451124978365313
4338_VP3,0.3957803432569173,3.2451124978365313
3426_NiPb3,0.3375171003002992,3.2451124978365313
243_FePb3,0.4786018239383995,3.2451124978365313
3985_Au3Cu,-0.0153363036812166,3.2451124978365313
337_SmYb3,-0.1239708918231743,3.2451124978365313
4502_Au3Sb,0.4217477824387243,3.2451124978365313
1055_SrW3,1.6994325432565986,3.2451124978365313
2946_Ga3Th,-0.5055789219036146,3.2451124978365313
3758_Eu3Pd,-0.3023895575627371,3.2451124978365313
2812_PaSb3,-0.6304449468362288,3.2451124978365313
3616_PtV3,-0.234975318016616,3.2451124978365313
4462_Al3Pb,0.2750512699404068,3.2451124978365313
4238_Mn3Sb,0.1085140340628285,3.2451124978365313
800_Fe3Pd,0.0678074179691172,3.2451124978365313
3793_NiPt3,-0.0873784347052497,3.2451124978365313
1948_Mo3Nb,0.412866896468083,3.2451124978365313
3796_Cu3V,0.2278824626723592,3.2451124978365313
4846_Al3Mn,-0.1379675077832951,3.2451124978365313
1938_Al3Cr,-0.1119193373167286,3.2451124978365313
4324_CaNb3,0.7504422563504267,3.2451124978365313
2822_AuCu3,1.091933621721732,3.2451124978365313
4838_FeU3,0.212649488992918,3.2451124978365313
4903_Mn3Sr,0.8495298385172907,3.2451124978365313
4332_Fe3Ge,-0.1030593229876171,3.2451124978365313
4853_Au3V,0.0919731410731934,3.2451124978365313
3404_Fe3Mn,0.066990186712136,3.2451124978365313
2872_IrMn3,-0.0410910127053369,3.2451124978365313
1599_Eu3Sm,-0.1120561147407701,3.2451124978365313
2961_Ac3I,-0.2343629998585519,3.2451124978365313
1683_WSb3,0.990997905753166,3.2451124978365313
4988_FeYb3,0.337279709129779,3.2451124978365313
330_FePd3,1.3101389883025163,3.2451124978365313
4916_SbP3,0.2084703715605291,3.2451124978365313
3874_Sn3As,-0.1805342987981388,3.2451124978365313
3041_Ag3Th,0.1393382812825816,3.2451124978365313
1513_CrP3,0.4691332273700528,3.2451124978365313
4918_PI3,0.8204711590365552,3.2451124978365313
4385_Al3Cs,0.8151148327681543,3.2451124978365313
1727_MoNb3,0.3686160886970704,3.2451124978365313
3158_K3P,-0.0328119937475128,3.2451124978365313
1549_Ga3P,0.1349100492576389,3.2451124978365313
3080_Ag3Al,-0.0439969828079953,3.2451124978365313
1540_Ag3P,0.1704723993172554,3.2451124978365313
1711_Fe3Pb,3.1602556276759275,3.2451124978365313
4934_Mn3Pb,0.454647138983935,3.2451124978365313
3894_CaI3,-0.787452079627013,3.2451124978365313
283_Fe3Pb,0.3868168751662972,3.2451124978365313
3106_AuCu3,1.1107217943881529,3.2451124978365313
1698_Al3Sm,-0.5776724548870158,3.2451124978365313
4032_K3P,-0.030217587200664,3.2451124978365313
3905_AlCe3,-0.1653339908128144,3.2451124978365313
1539_Ir3As,0.1955133881348913,3.2451124978365313
1747_Fe3Pb,0.3962023583228786,3.2451124978365313
1756_FePb3,0.9449279199060578,3.2451124978365313
3029_CuRb3,0.3439376052650318,3.2451124978365313
3867_AuTa3,0.0237207956110818,3.2451124978365313
1625_In3Sm,-0.6863031035524711,3.2451124978365313
2995_CaBr3,-1.1215024322719191,3.2451124978365313
3927_CuIr3,0.2111150939396555,3.2451124978365313
3345_MoNi3,0.0846750970911083,3.2451124978365313
817_SmI3,-0.8819491333694671,3.2451124978365313
1504_FeNa3,1.3762284436560104,3.2451124978365313
297_FePd3,-0.1061349423812592,3.2451124978365313
4354_Fe3Bi,0.3277642144979555,3.2451124978365313
4406_Al3Ca,-0.1485498107579226,3.2451124978365313
4049_GaTh3,-0.1766899801972616,3.2451124978365313
3858_PI3,0.8190091040477483,3.2451124978365313
1830_SnP3,0.113431214348977,3.2451124978365313
1829_FeNa3,1.3916807839633634,3.2451124978365313
4047_Au3Cu,0.80561609820449,3.2451124978365313
4405_FeGe3,0.5245141898888992,3.2451124978365313
3864_AlSr3,0.0458020447738753,3.2451124978365313
3442_Ir3P,0.15142946223893,3.2451124978365313
4911_NiPd3,0.0067054398745094,3.2451124978365313
4402_BaP3,1.7239127617203445,3.2451124978365313
810_Cu3K,0.7647491590705378,3.2451124978365313
1954_AgP3,0.6993426805573235,3.2451124978365313
4618_PtBi3,0.1193074796349371,3.2451124978365313
2545_Fe3Mo,0.0828215338106606,3.2451124978365313
2635_P3Br,1.0989733360115088,3.2451124978365313
606_Ni3Np,0.1401342863873935,3.2451124978365313
2643_MnW3,2.350156780098427,3.2451124978365313
2210_Na3Sn,-0.1740065553992373,3.2451124978365313
4542_KGe3,0.3174478618796499,3.2451124978365313
4588_Ag3Ni,0.1637136908782399,3.2451124978365313
2653_Cs3Sm,-1.2968397139977947,3.2451124978365313
1144_Ce3Sn,-0.5155391190107332,3.2451124978365313
2656_SnYb3,-0.5960435130812347,3.2451124978365313
2518_P3Br,1.917565214745004,3.2451124978365313
2726_PtRb3,0.0920366423174874,3.2451124978365313
167_Al3P,0.1003177873692511,3.2451124978365313
2735_Rh3P,-0.1920001455727336,3.2451124978365313
2061_AsBr3,0.5177541344689449,3.2451124978365313
3651_AlGe3,0.249991609029232,3.2451124978365313
1081_Fe3Na,0.7214530138825488,3.2451124978365313
2221_Na3Pb,0.1518851080749097,3.2451124978365313
2096_CrNb3,1.7503015790430183,3.2451124978365313
2632_P3Br,0.5398507092120761,3.2451124978365313
3466_Ir3Sr,0.4561107350422215,3.2451124978365313
3503_Ir3I,0.9992646734241646,3.2451124978365313
177_Au3Sr,0.7382655086643606,3.2451124978365313
2146_Fe3Pd,0.0574203385382343,3.2451124978365313
4748_AcTh3,0.1089293596587035,3.2451124978365313
3530_P3Br,1.926129210792646,3.2451124978365313
351_Cr3Rh,0.1470079694940231,3.2451124978365313
1304_SrAs3,-0.6826751140489415,3.2451124978365313
2140_FePd3,-0.1114107298153808,3.2451124978365313
2134_Mn3W,0.1922058763221663,3.2451124978365313
2131_Cr3Nb,2.842053501474326,3.2451124978365313
2129_P3As,0.7466427268971589,3.2451124978365313
2572_Ba3Rh,0.2455132468116114,3.2451124978365313
2770_AcBi3,-0.604258182904803,3.2451124978365313
4560_CuW3,3.1041706291605253,3.2451124978365313
676_AgTa3,3.185028116001336,3.2451124978365313
4581_Ca3Nb,0.6314967539345484,3.2451124978365313
1287_Nb3Sn,-0.1626790395041961,3.2451124978365313
1279_MnW3,0.4059069997705169,3.2451124978365313
3470_Ba3Pt,-0.0461319682219438,3.2451124978365313
3475_CrSb3,0.2056924724572182,3.2451124978365313
1107_Pb3V,0.414796380719622,3.2451124978365313
383_Ni3Sm,-0.3299709059681639,3.2451124978365313
3463_Fe3Pd,0.0064362337017787,3.2451124978365313
4797_Pt3V,-0.4451178454651243,3.2451124978365313
2473_GaPt3,-0.4367495941875665,3.2451124978365313
4601_K3P,-0.0201667510898992,3.2451124978365313
4813_Ca3Nb,0.6282818560868297,3.2451124978365313
1261_FePb3,0.8225211552662088,3.2451124978365313
2762_Nb3Pb,0.1764308310655042,3.2451124978365313
4169_Al3Mn,0.4621942741946689,3.2451124978365313
1167_AgTa3,3.130992588674295,3.2451124978365313
689_In3Sr,-0.3304793817924882,3.2451124978365313
1154_BaIr3,0.8991729438340785,3.2451124978365313
1151_NbBi3,0.471062909762173,3.2451124978365313
3465_Pb3Sr,-0.372066137539123,3.2451124978365313
1205_PAs3,0.6237256083686127,3.2451124978365313
3576_NpPa3,-0.3460640993861492,3.2451124978365313
4157_GaMn3,0.208263872388593,3.2451124978365313
2767_AuBr3,-0.0229078991777886,3.2451124978365313
3607_Fe3As,1.3052704991518975,3.2451124978365313
4104_CaW3,1.1974411247556669,3.2451124978365313
4704_Pa3Bi,-0.5498134152665202,3.2451124978365313
1150_GaPt3,-0.4503010499927162,3.2451124978365313
4644_PbPt3,-0.104670332191489,3.2451124978365313
4810_CeNi3,-0.0086891208885537,3.2451124978365313
4144_AuSb3,0.7712758898898024,3.2451124978365313
3624_Ba3P,-0.2539164227109487,3.2451124978365313
13_Ga2Sr,-0.533854310311091,2.7548875021634687
4578_AlFe2,-0.1343440926625234,2.7548875021634687
4293_KP2,1.0624264301844708,2.7548875021634687
122_Na2Pt,-0.1094687629154324,2.7548875021634687
4339_AlCu2,-0.20682742671996,2.7548875021634687
4577_In2Pt,-0.491304117124633,2.7548875021634687
4330_Mo2P,-0.2007091096885993,2.7548875021634687
149_PdRh2,0.0679740127382568,2.7548875021634687
331_VW2,-0.0937538236216634,2.7548875021634687
4321_MoW2,0.4640619945655662,2.7548875021634687
4263_Ag2Sr,-0.1945276093546164,2.7548875021634687
45_CaRh2,-0.0716643596461175,2.7548875021634687
117_Mn2Sn,0.2038638021403187,2.7548875021634687
370_WAs2,0.570508179759018,2.7548875021634687
4617_PbGe2,0.3009133831301203,2.7548875021634687
295_Fe2Pb,1.38281204978178,2.7548875021634687
4937_Fe2As,0.2919286981624853,2.7548875021634687
4269_AuNi2,0.1135973976274199,2.7548875021634687
4366_NbV2,0.0481065601878126,2.7548875021634687
483_Fe2Ga,-0.1236527609692442,2.7548875021634687
40_Al2Rh,-0.7879958682286438,2.7548875021634687
4956_AlSb2,0.1444806532237414,2.7548875021634687
4024_AuRh2,0.1829427448860971,2.7548875021634687
328_Ba2In,-0.3119255525568878,2.7548875021634687
364_Ca2Sn,-0.4536710840000347,2.7548875021634687
4952_Pd2W,0.0837341889231855,2.7548875021634687
4738_Pd2Sb,-0.390415799050519,2.7548875021634687
4262_Ba2P,-0.7444133013472781,2.7548875021634687
4950_CuMn2,0.291305059286478,2.7548875021634687
4281_NiGe2,0.066839860205236,2.7548875021634687
165_Ni2Sn,-0.1054898433116857,2.7548875021634687
4271_MnBr2,-0.985413620866448,2.7548875021634687
42_Au2P,0.3033008734032615,2.7548875021634687
4591_Mo2Sn,0.1088356497885385,2.7548875021634687
488_Ga2Sr,-0.531548045592905,2.7548875021634687
4285_In2Mn,0.2163870694935195,2.7548875021634687
4942_PtW2,-0.0631971670452789,2.7548875021634687
4362_PbGe2,0.2158120200137189,2.7548875021634687
173_Ba2V,0.6621519240922341,2.7548875021634687
4608_Mn2Rh,0.0660991104519356,2.7548875021634687
361_AlTa2,0.6240335894659429,2.7548875021634687
170_AlTa2,-0.109572504407905,2.7548875021634687
4820_V2W,0.870102745832483,2.7548875021634687
271_PtV2,-0.3400272227183064,2.7548875021634687
4531_InNi2,-0.0206246987735809,2.7548875021634687
4209_PdGe2,-0.0960783464424916,2.7548875021634687
4080_MoSn2,0.0805992023603892,2.7548875021634687
4101_NiGe2,0.0045054710163607,2.7548875021634687
81_Mo2As,0.430459223416058,2.7548875021634687
4490_KTa2,1.054611953918965,2.7548875021634687
215_AgAl2,0.1927638806395458,2.7548875021634687
4079_Al2As,0.2365133531478314,2.7548875021634687
4491_Cu2Pb,0.2598637746294485,2.7548875021634687
4483_Ir2Mo,3.5922447122469983,2.7548875021634687
4477_Na2Pd,-0.059035687527869,2.7548875021634687
222_BaIr2,1.7617864823163814,2.7548875021634687
4472_MnSb2,0.1504747922415295,2.7548875021634687
4852_GaMn2,0.8850172981825631,2.7548875021634687
382_AuNb2,0.0519616767212696,2.7548875021634687
83_IrMn2,-0.0004295886141948,2.7548875021634687
4804_Ca2P,-0.7301065161364099,2.7548875021634687
4230_NbPd2,0.3503046510252652,2.7548875021634687
4500_IrMo2,-0.013815246551965,2.7548875021634687
85_Ni2Sb,0.1209554596631837,2.7548875021634687
4818_AgW2,0.6495468493854482,2.7548875021634687
199_Al2V,3.021478292177701,2.7548875021634687
4827_Mo2Pd,1.0351696748078811,2.7548875021634687
4216_Pd2P,-0.2964587169428299,2.7548875021634687
4501_AlSb2,0.1450680860912729,2.7548875021634687
4214_Nb2W,-0.0367783325701296,2.7548875021634687
4806_Rh2As,-0.4713601768918624,2.7548875021634687
4833_Mn2Nb,0.1324247635487564,2.7548875021634687
4224_FeMo2,0.1637340308112816,2.7548875021634687
4495_AgSn2,-0.0007098658300653,2.7548875021634687
338_Nb2V,0.0503705615820422,2.7548875021634687
391_Ga2Na,-0.0480496307103811,2.7548875021634687
339_Na2Pt,0.0049673128952048,2.7548875021634687
73_NiSb2,-0.0025785561335673,2.7548875021634687
4470_Al2In,0.1566495902955118,2.7548875021634687
268_FeW2,0.3111246762356288,2.7548875021634687
4553_InMo2,0.1640907388659277,2.7548875021634687
104_KSn2,-0.1852067996178531,2.7548875021634687
4414_MoW2,-0.0054168026914638,2.7548875021634687
4412_NbNi2,-0.2972245130050706,2.7548875021634687
4409_Au2Br,0.2718252220490837,2.7548875021634687
4255_Au2Mn,-0.0971041462008267,2.7548875021634687
444_Al2Pd,-0.5890005074909356,2.7548875021634687
179_Al2Rh,-0.6991817297737448,2.7548875021634687
4115_Al2In,0.2284985677949282,2.7548875021634687
452_AgAl2,0.0093127224340404,2.7548875021634687
178_SrW2,3.2276063672278554,2.7548875021634687
332_FePd2,0.637573661042404,2.7548875021634687
4127_Ga2Th,-0.6637851725451943,2.7548875021634687
4572_TaP2,-0.5639764310451021,2.7548875021634687
115_CrRh2,-0.0464562337250219,2.7548875021634687
103_Fe2Pt,0.98433841365906,2.7548875021634687
254_NbP2,-0.6493615298102936,2.7548875021634687
189_CaW2,0.6406378987075527,2.7548875021634687
4112_Pd2Rb,0.1444467522241363,2.7548875021634687
4861_NbNi2,-0.2625785314750324,2.7548875021634687
4864_K2Mo,4.81669369363701,2.7548875021634687
4865_Ag2Ga,-0.0137227884469162,2.7548875021634687
4789_Na2Pb,-0.1529461556916516,2.7548875021634687
4468_PdSn2,-0.3196629277584938,2.7548875021634687
4867_Fe2Ir,-0.0278560975141021,2.7548875021634687
4879_InPb2,0.0110441219397922,2.7548875021634687
4900_Ca2Sr,0.0145876839698736,2.7548875021634687
4785_Mo2Nb,-0.0745787488592076,2.7548875021634687
62_FeIr2,0.0148692361136006,2.7548875021634687
334_Ba2Cu,0.0233477096016647,2.7548875021634687
4541_Ag2Sr,0.1312674073517152,2.7548875021634687
57_Ga2Np,-0.2534501835418178,2.7548875021634687
245_AlRh2,-0.637019060757113,2.7548875021634687
4562_SbP2,0.0828077510599977,2.7548875021634687
748_Mo2P,0.0111428188688501,2.7548875021634687
2563_Ag2Ca,-0.2553668709535663,2.7548875021634687
1463_Cr2Na,1.0064532429628876,2.7548875021634687
2899_AgAu2,-0.0022001097025595,2.7548875021634687
3352_Ba2Sb,-0.1312124896991768,2.7548875021634687
738_BaV2,0.885057308656922,2.7548875021634687
3359_Ga2Ta,0.0503635093607286,2.7548875021634687
2889_BaIn2,0.0835970481372318,2.7548875021634687
3369_In2Pt,-0.4998269741034047,2.7548875021634687
727_Ga2W,0.2419851468309346,2.7548875021634687
1922_Fe2Ir,0.0990216812654504,2.7548875021634687
3383_InMn2,0.2647872636948243,2.7548875021634687
1014_CrRh2,0.4701862462303445,2.7548875021634687
2884_W2P,0.0145169775755711,2.7548875021634687
3393_Ag2Cu,0.0761581397430024,2.7548875021634687
1473_VBr2,-0.4152301239996578,2.7548875021634687
3397_Ni2Pd,0.0330800850408934,2.7548875021634687
1913_CrSn2,0.2617738281861198,2.7548875021634687
3401_Mo2Sr,0.6679731985949005,2.7548875021634687
2387_Ni2Sb,-0.0937071399500493,2.7548875021634687
2371_InTa2,0.1643134230464298,2.7548875021634687
746_GaAs2,0.1942717367305538,2.7548875021634687
1025_KPb2,-0.1224223883686364,2.7548875021634687
2370_Pd2W,-0.0741564389783917,2.7548875021634687
781_Ir2V,-0.1910433153192225,2.7548875021634687
1997_BaTa2,2.6742888561602256,2.7548875021634687
1996_AgIn2,0.0771648789217872,2.7548875021634687
3275_WBr2,0.5786490800307025,2.7548875021634687
3280_Cu2Mn,0.152270836831537,2.7548875021634687
1994_Ga2As,0.1121954406985832,2.7548875021634687
1241_VW2,-0.0960441537532806,2.7548875021634687
3292_Ni2Ta,-0.3550029438734891,2.7548875021634687
3295_RhSr2,-0.1502170610517511,2.7548875021634687
1001_Ge2Br,-0.0034931880682318,2.7548875021634687
1451_PbI2,-0.7771972389298755,2.7548875021634687
3302_CeGa2,-0.720202136335919,2.7548875021634687
1004_Ag2Al,-0.0620548805392004,2.7548875021634687
1960_AlRh2,-0.6427034311591117,2.7548875021634687
3313_Sn2W,0.5202709353288716,2.7548875021634687
2916_MoRh2,0.0380025121836678,2.7548875021634687
1006_Cu2Ge,0.0694776776662996,2.7548875021634687
1907_VBr2,-0.410063217628896,2.7548875021634687
700_BaV2,0.8428249004638602,2.7548875021634687
2008_Au2P,0.3120691496839557,2.7548875021634687
2845_Sr2W,-8.575093680456437,2.7548875021634687
3488_In2Sn,0.0148089513722802,2.7548875021634687
3489_Pb2Sr,-0.0975137793375046,2.7548875021634687
1878_Ca2Rh,-0.2601120708243023,2.7548875021634687
3500_RhSr2,-0.1422194087130049,2.7548875021634687
1031_BaFe2,0.877546727959088,2.7548875021634687
1032_Fe2Ga,-0.1271094661681431,2.7548875021634687
3510_AgMn2,0.3680142390347581,2.7548875021634687
3515_MnSb2,0.1487860227552436,2.7548875021634687
674_Fe2Ir,0.0969417910180017,2.7548875021634687
2425_NbP2,-0.2707179532971071,2.7548875021634687
3532_Ca2Ga,-0.3246202201433765,2.7548875021634687
2829_Ca2Nb,1.172952547926214,2.7548875021634687
3533_Pd2Br,2.000228915517294,2.7548875021634687
1035_K2Sn,-0.0105444293062548,2.7548875021634687
3541_Ca2Ga,-0.1370402405445349,2.7548875021634687
3544_Ba2Sb,-8.07092158461461,2.7548875021634687
1493_InK2,0.0403808359025378,2.7548875021634687
2842_Pt2Rh,0.4895938726160291,2.7548875021634687
1882_AlNb2,-0.1454841621484703,2.7548875021634687
1901_Ir2Na,0.2358284209454311,2.7548875021634687
3476_Sb2P,0.3290076952128349,2.7548875021634687
4000_MnTa2,0.0306398640400852,2.7548875021634687
698_TaGe2,-0.1885119228950221,2.7548875021634687
3441_AlSb2,0.1446425292884262,2.7548875021634687
2855_PdP2,0.1484307155578997,2.7548875021634687
692_Fe2Mo,0.8089052993960735,2.7548875021634687
3449_CuSb2,0.2026567853708698,2.7548875021634687
1894_Cr2W,0.0611237773090872,2.7548875021634687
1204_PdW2,0.0761774245930648,2.7548875021634687
691_AgNi2,0.2273391932782319,2.7548875021634687
1886_CrSr2,0.5302048832881928,2.7548875021634687
3459_Fe2Mo,3.2870273239455563,2.7548875021634687
2409_Au2Cu,0.0811198566425339,2.7548875021634687
3462_Mo2W,-0.0056973814252998,2.7548875021634687
1484_Nb2P,-0.4176020747172989,2.7548875021634687
3471_Al2Sb,0.3893018647743063,2.7548875021634687
3472_Cu2Fe,0.1231665368949919,2.7548875021634687
1030_CrNb2,0.1022690800026554,2.7548875021634687
996_AuCr2,0.3190157135225651,2.7548875021634687
782_FeIr2,0.016372947711981,2.7548875021634687
3563_Pd2V,-0.2776788724314076,2.7548875021634687
840_Cu2Ge,0.1278837745665371,2.7548875021634687
3125_Al2Sb,0.171565483411961,2.7548875021634687
3128_NiGe2,0.0688872912331408,2.7548875021634687
1391_PdTa2,-0.0609986808037371,2.7548875021634687
3134_Pb2P,0.128832278331845,2.7548875021634687
3139_Al2Ni,-0.4006925273024191,2.7548875021634687
2206_Mn2V,-0.0755313052708371,2.7548875021634687
967_Ga2K,0.003014998792573,2.7548875021634687
3153_Au2Br,0.2733392144560372,2.7548875021634687
3155_CuNi2,0.0278102839109202,2.7548875021634687
823_Nb2V,0.0508710542785048,2.7548875021634687
820_AgSn2,0.1028906522218721,2.7548875021634687
1399_Ni2Sb,-0.0823336954427803,2.7548875021634687
3166_Al2Mn,0.2455892362076242,2.7548875021634687
3175_Fe2Ir,0.9098474483705892,2.7548875021634687
3180_AlBa2,0.0085581230857399,2.7548875021634687
3184_Sb2P,0.3290368608400082,2.7548875021634687
1400_VBr2,-0.4096795574544997,2.7548875021634687
2171_Ir2V,-0.3586535209868391,2.7548875021634687
1363_BaFe2,0.6576172441119587,2.7548875021634687
2065_KNa2,0.0095998483494705,2.7548875021634687
962_In2Na,-0.0923335285838901,2.7548875021634687
2162_CrSr2,0.5298477852028718,2.7548875021634687
2157_InSn2,0.0148086213463241,2.7548875021634687
2155_AgGe2,0.2269485192188695,2.7548875021634687
3051_Al2Th,-0.4624325030747513,2.7548875021634687
2149_NaPt2,-0.046822418080523,2.7548875021634687
951_Fe2Mo,0.8205961221980852,2.7548875021634687
3033_Sr2As,-0.7210184155352634,2.7548875021634687
1305_GaW2,0.1380785238708952,2.7548875021634687
3031_Ir2Ta,-0.4511854485078939,2.7548875021634687
2167_Al2P,0.0140671388629805,2.7548875021634687
2127_MoTa2,-0.1478099950723385,2.7548875021634687
3084_AgFe2,0.2691876946108304,2.7548875021634687
2116_Na2Pd,-0.0417511614547165,2.7548875021634687
932_BaBr2,-2.124731627500796,2.7548875021634687
959_GaAs2,0.1932450326482199,2.7548875021634687
931_Pt2As,-0.0404441525489787,2.7548875021634687
3094_In2Ni,0.018092876315561,2.7548875021634687
2073_BaBr2,-2.124535582082067,2.7548875021634687
2280_Mn2Sn,0.1991238126793746,2.7548875021634687
3259_Ga2Rh,-0.4789372728210382,2.7548875021634687
2033_Au2As,0.1483135096731356,2.7548875021634687
3231_Fe2As,0.0126401657999911,2.7548875021634687
2032_SrAs2,0.9507100421627857,2.7548875021634687
983_Ag2Sn,-0.0088186502425434,2.7548875021634687
2307_Cr2W,0.0618624920747521,2.7548875021634687
1421_In2Ta,0.3123895790519941,2.7548875021634687
1422_Ba2Br,-0.9571124790398188,2.7548875021634687
3237_Cu2Fe,0.1032353326638938,2.7548875021634687
2316_VBr2,-0.3904989522570818,2.7548875021634687
2022_Cr2As,1.20373859087688,2.7548875021634687
2317_KGe2,0.0251469977801098,2.7548875021634687
795_MoSr2,0.9515306066991656,2.7548875021634687
2951_AuW2,0.4242236213270421,2.7548875021634687
2019_KNa2,0.0142078707647042,2.7548875021634687
793_PdRh2,0.8060997154070506,2.7548875021634687
1431_Ba2Br,-0.9593332803697492,2.7548875021634687
791_K2As,-0.1842960229864036,2.7548875021634687
1250_Ag2Mn,0.2204605998716194,2.7548875021634687
3225_Mo2W,-0.0036623847086711,2.7548875021634687
2977_Al2Ba,0.0014818998829161,2.7548875021634687
2060_BaFe2,0.8755973013057728,2.7548875021634687
2039_IrP2,-0.3584518601264636,2.7548875021634687
807_Mo2Ta,-0.1665484888315755,2.7548875021634687
2992_Mn2W,0.2009777584899078,2.7548875021634687
3194_SbGe2,0.290026473554884,2.7548875021634687
1410_K2Na,0.0087589688820123,2.7548875021634687
2054_Pt2As,-0.0340950131970624,2.7548875021634687
3201_Al2Sb,0.1876107753542217,2.7548875021634687
3203_InSb2,0.172704249641176,2.7548875021634687
3204_Al2Cu,-0.2369830017517777,2.7548875021634687
3205_PdRb2,0.1579059991105035,2.7548875021634687
2986_Al2Ba,0.0014112876626869,2.7548875021634687
2287_KNa2,0.0184620086806955,2.7548875021634687
2296_AgAl2,0.0073829939966311,2.7548875021634687
3210_Ba2W,1.3084603054428634,2.7548875021634687
2043_BaIr2,1.7508225033464004,2.7548875021634687
1417_Mn2Sb,0.1825550662347351,2.7548875021634687
3214_InSb2,0.1714528778890098,2.7548875021634687
801_Ag2Sn,-0.0049404452265407,2.7548875021634687
2819_Sn2Ta,0.0501756129162392,2.7548875021634687
1879_Al2Rh,-0.7826644855886933,2.7548875021634687
663_Ni2Sn,-0.1294440506136401,2.7548875021634687
1666_Ba2Fe,0.8109463065854191,2.7548875021634687
571_Ba2V,0.6647424311657275,2.7548875021634687
3803_K2Nb,1.3750683807518378,2.7548875021634687
3804_InNb2,0.0286794322683559,2.7548875021634687
1074_NiSn2,-0.0607263927219516,2.7548875021634687
1673_AsBr2,0.1821197484917872,2.7548875021634687
2507_AuP2,-0.067117053672824,2.7548875021634687
3816_Mo2Na,0.7765980918076991,2.7548875021634687
565_BaBr2,-2.1246359399750907,2.7548875021634687
3821_InK2,0.1273937393592102,2.7548875021634687
574_Ag2Al,-0.0620567473526894,2.7548875021634687
558_K2Sn,-0.0292190013714626,2.7548875021634687
3824_MoSr2,0.954402009198068,2.7548875021634687
2516_AgSn2,-0.0020241158608621,2.7548875021634687
557_V2Br,0.4419066354074476,2.7548875021634687
1553_AlTa2,-0.1247615256722092,2.7548875021634687
2517_Au2Cu,-0.0358970332570341,2.7548875021634687
1141_AlPd2,-0.7903348888563736,2.7548875021634687
3838_CrI2,-0.4092368593035083,2.7548875021634687
3794_Ag2Sn,0.032167906632529,2.7548875021634687
1675_AgBr2,-0.1491938272423508,2.7548875021634687
1710_MnV2,-0.22532081361564,2.7548875021634687
3741_GaTa2,-0.1216311086354669,2.7548875021634687
1707_Pd2Sn,-0.4766293163031274,2.7548875021634687
594_AlP2,0.0056815618477751,2.7548875021634687
2768_Ga2Pt,-0.2988789514579319,2.7548875021634687
3732_AuSb2,0.1671950463491859,2.7548875021634687
3734_GaPt2,-0.4629662175507303,2.7548875021634687
1705_CaMn2,6.453217612714281,2.7548875021634687
1702_NaPt2,0.3272971048436961,2.7548875021634687
3740_Ir2Pb,0.5982526184912954,2.7548875021634687
1535_Ba2Pd,-0.3625728003444,2.7548875021634687
3785_Sb2Br,0.0393010609795823,2.7548875021634687
1862_GaMn2,0.0749574779848624,2.7548875021634687
1537_BaV2,0.8221410070346913,2.7548875021634687
3746_CuIr2,0.258956206583683,2.7548875021634687
1069_As2Br,0.0304122552193941,2.7548875021634687
2500_Ni2Ta,0.370421373180451,2.7548875021634687
1071_AsBr2,0.0753329165068876,2.7548875021634687
1684_FePb2,0.5941554962577266,2.7548875021634687
1547_GaAs2,0.1910730051542918,2.7548875021634687
1655_WAs2,0.2057724770828173,2.7548875021634687
3840_Al2In,0.1387528894089046,2.7548875021634687
1080_AsBr2,0.1644874317319959,2.7548875021634687
3917_NbV2,0.0458614302778042,2.7548875021634687
3906_Al2Fe,-0.36144122023592,2.7548875021634687
1119_AlPd2,-0.7924205762264265,2.7548875021634687
1114_Pb2V,0.7233741524777114,2.7548875021634687
1566_NbP2,-0.6500207683252507,2.7548875021634687
1618_AlTa2,-0.1258737631483046,2.7548875021634687
2580_Al2Ta,-0.0842983799627745,2.7548875021634687
510_Ga2P,0.1252236395168893,2.7548875021634687
2553_NbV2,0.0426626753663737,2.7548875021634687
3925_Na2Sn,-0.1466331125119874,2.7548875021634687
540_V2Br,0.4320593342627887,2.7548875021634687
2578_Mo2Ta,-0.1710372885367566,2.7548875021634687
2554_InNa2,-0.0224446052402965,2.7548875021634687
1576_Ag2Sn,-0.0051447146254079,2.7548875021634687
1102_MoSr2,0.9492812964603784,2.7548875021634687
2570_Ba2Cu,0.026935741795936,2.7548875021634687
503_Sn2W,0.537531149489921,2.7548875021634687
1584_SnW2,0.4333257138619674,2.7548875021634687
500_CuGe2,0.1805051598397303,2.7548875021634687
3903_AlGa2,0.0353028648597616,2.7548875021634687
2589_GeAs2,0.3266597880528567,2.7548875021634687
2599_FeIr2,0.6576265748458093,2.7548875021634687
523_In2Sn,0.0836835249385252,2.7548875021634687
1135_BaIr2,2.783862077291165,2.7548875021634687
2733_AlCu2,-0.1994923198229224,2.7548875021634687
2657_Fe2W,0.8509494361151546,2.7548875021634687
2650_Au2Cr,0.335438791843923,2.7548875021634687
2646_Al2Cu,-0.0699907180162859,2.7548875021634687
3856_Al2K,0.2835629885431574,2.7548875021634687
1651_GaMn2,1.015550691138292,2.7548875021634687
2639_GaNa2,0.0128615123752906,2.7548875021634687
1125_AlMo2,2.233849459482612,2.7548875021634687
3863_BaBr2,-11.34664136590266,2.7548875021634687
2625_FeW2,0.2024333277962119,2.7548875021634687
2623_K2P,-0.0898814432304263,2.7548875021634687
535_MoTa2,-0.1505603280492735,2.7548875021634687
2607_In2Sn,0.0116156002191824,2.7548875021634687
3883_Pt2As,-0.1144511097708177,2.7548875021634687
2605_Ba2Cu,0.0251809137808939,2.7548875021634687
1634_Cu2Na,0.1896229369415631,2.7548875021634687
3730_Al2Cu,-0.024514671381759,2.7548875021634687
2766_K2Pd,0.129418521939176,2.7548875021634687
3650_Au2Ta,0.3603856372156286,2.7548875021634687
2458_CuGe2,0.1861280920763596,2.7548875021634687
3625_K2P,-0.0875183940462124,2.7548875021634687
2453_Ca2Rh,-0.3258940811642953,2.7548875021634687
637_KAs2,-0.2475392953244745,2.7548875021634687
3635_NbPt2,-0.6920520857027709,2.7548875021634687
2455_Nb2P,-0.4151316804238606,2.7548875021634687
3652_V2Ge,-0.3074182880661394,2.7548875021634687
3655_IrSn2,-0.065348526247007,2.7548875021634687
628_FeIr2,0.019241553324246,2.7548875021634687
3691_BaRh2,0.1387420418890942,2.7548875021634687
1061_AgNa2,0.0057255469738176,2.7548875021634687
626_AgAl2,0.0462782463932066,2.7548875021634687
3671_GaMo2,0.9061655129576126,2.7548875021634687
3673_Na2Pt,0.0048590077104702,2.7548875021634687
3678_K2Ta,1.574859957444275,2.7548875021634687
612_NiTa2,0.3244954078270427,2.7548875021634687
3687_Al2Pt,-0.6005503292033859,2.7548875021634687
3623_Ga2P,0.1671434064544392,2.7548875021634687
1746_Ir2V,0.1849424688285653,2.7548875021634687
1750_MnSb2,0.2132027757194402,2.7548875021634687
1753_Ir2Pb,0.5983672141707702,2.7548875021634687
1859_Ag2Mn,0.2280746253719249,2.7548875021634687
655_PdRh2,0.0668231722260811,2.7548875021634687
2446_AuCr2,0.427669765695344,2.7548875021634687
2807_Al2Na,0.0959789052882354,2.7548875021634687
1043_AsBr2,0.1637912403107397,2.7548875021634687
1851_GaNa2,0.0255243116220409,2.7548875021634687
1046_Mo2W,-0.0029383677656393,2.7548875021634687
3592_In2W,0.7245268331346111,2.7548875021634687
3596_Na2P,-0.1856062485340137,2.7548875021634687
3599_CuFe2,0.1345766076162012,2.7548875021634687
2451_Fe2V,-0.0807875605078566,2.7548875021634687
1826_FeGa2,-0.041209392734169,2.7548875021634687
1818_Ba2Pd,-0.3628834847793444,2.7548875021634687
3617_BaGe2,-0.2935484472204012,2.7548875021634687
3618_Cu2V,0.0882831066899108,2.7548875021634687
2784_Ga2Rh,-0.3544554391462562,2.7548875021634687
2163_NbV2,0.0208508165574651,2.7548875021634687
3715_SbGe2,0.2898463893914892,2.7548875021634687
2771_Ga2Ni,-0.199229187461223,2.7548875021634687
609_GaP2,0.4456024952488941,2.7548875021634687
1158_NaPd2,-0.0431735977720085,2.7548875021634687
3703_CuFe2,0.079502949474796,2.7548875021634687
3707_EuGe2,-0.9202436732756536,2.7548875021634687
3722_K2Pt,0.0839811861269848,2.7548875021634687
608_Au2P,0.3116512668179887,2.7548875021634687
2480_NbP2,-0.6505311117964622,2.7548875021634687
1724_Al2Cu,-0.0700894357803155,2.7548875021634687
1529_AgCa2,-0.2246726768933656,2.7548875021634687
1191_CrNb,0.9536186859240008,2.0
2184_SnV,1.1915693404471313,2.0
2175_AgBr,-0.2694783941406529,2.0
2418_FePb,1.177480002338207,2.0
1172_CuNi,1.7193662460175383,2.0
4638_PdSr,-0.3796195866085003,2.0
2450_CePt,-0.656573058654736,2.0
2410_AgTa,2.1461061385795173,2.0
1235_FePb,0.8299400887561053,2.0
2193_AcSb,-1.3729502658314,2.0
2220_NaPb,-0.1356066752964104,2.0
2544_MnNi,1.427393408751383,2.0
118_CrTa,2.66607583354954,2.0
2541_RbV,1.6020458339129915,2.0
4642_AgSr,-0.1351962930203547,2.0
1185_AsBr,0.606413846195041,2.0
2424_SmTh,-0.2251325897316052,2.0
2552_InNp,0.1183557985364016,2.0
2560_FeV,0.1287259691374238,2.0
2428_ThI,-0.283583953525361,2.0
2165_AlSb,0.2495095536161731,2.0
2489_RbU,2.376284508072093,2.0
2435_RbTa,3.1517506112669618,2.0
4620_UBi,0.7371019309004163,2.0
119_IrP,-0.126183099143863,2.0
2363_CuI,0.2521662775642088,2.0
1106_SnW,1.9705389854412072,2.0
2557_RbSr,0.1202435620066513,2.0
2249_InYb,-0.5505183825863234,2.0
2369_RhTh,-0.6000988720301743,2.0
4576_AcPb,-0.26554078945294,2.0
2427_AuYb,-0.8982156585447809,2.0
2355_AuIn,-0.101576258846467,2.0
1297_RhU,0.4548304180968863,2.0
2354_FeMo,0.7999669414053301,2.0
159_CrMn,0.2433130873062836,2.0
123_WP,0.5181687470777128,2.0
4612_IrK,2.116775691776342,2.0
2344_InGe,0.0678839385461884,2.0
172_CuTh,0.7968494262166388,2.0
148_CrTh,1.709790452893314,2.0
1211_PbSb,0.0827676745746988,2.0
1161_AuMo,2.2015380882334377,2.0
2392_AgP,0.5370522972454537,2.0
2459_PbSm,-0.6981796142919414,2.0
150_YbP,-0.8482652900103984,2.0
2305_PdW,0.2407341384406809,2.0
4596_KGe,0.7538320179509621,2.0
2389_CuMo,1.9978086601672205,2.0
146_RbRh,1.0519039009339617,2.0
2497_CuTa,0.2519668018756942,2.0
2461_RhSr,0.8294736320698664,2.0
4721_UP,-1.1736912481073958,2.0
4726_AlK,0.5512967988077919,2.0
1149_NbI,1.049989155341601,2.0
2463_AuV,0.6925813456617407,2.0
2318_PbSb,-0.0293366822935872,2.0
2506_SnTa,1.6490591314503904,2.0
4723_PaGe,0.1012972852143612,2.0
2457_GaPb,0.1009691235960348,2.0
2456_SrTh,0.347384581365417,2.0
2260_FeTa,0.1801425579882121,2.0
2373_PbV,1.603517914690315,2.0
1265_CsNi,1.2031352450911528,2.0
129_InPt,-0.2747187912913738,2.0
4585_CsIr,1.543183644474976,2.0
2337_AuSr,-0.3245322540582869,2.0
4714_MoNp,0.5651364072757925,2.0
130_GaP,0.2827077846157659,2.0
4716_SrBi,-0.5781677096715216,2.0
2535_CuNi,1.2802434695571363,2.0
4717_PaP,-1.3069884492665382,2.0
2333_NpRh,-0.0152426988193106,2.0
2383_KSn,-0.0660172371736229,2.0
2479_InTh,-0.1344146265432577,2.0
2408_AuGa,-0.044513398423442,2.0
4639_CrNi,0.1338070737599874,2.0
131_NiSn,-0.1266843635676862,2.0
2531_RbSn,0.0399304454798907,2.0
139_NpSb,-0.4497482521408535,2.0
2362_AcPa,1.07463545249223,2.0
141_CeBr,-0.8023102457033016,2.0
4002_NiAs,-0.3012501129468337,2.0
2161_RbV,1.6020981680290052,2.0
4926_PdU,-0.2230211790884499,2.0
1738_IrV,-0.4972864209587264,2.0
4919_EuGa,-0.5421530171607336,2.0
1520_NpYb,0.5036990253020832,2.0
1733_FeV,0.1213318125962068,2.0
1732_PaSr,0.4385685916244535,2.0
1731_CrTa,0.530166486935034,2.0
1729_AgGe,0.2156207633049502,2.0
4925_AuPa,-0.460915026643784,2.0
1525_CsYb,0.6718211478979981,2.0
1821_MnRh,-0.1924736817812853,2.0
1526_CrTh,1.69171923161423,2.0
1528_RhU,-0.2687024518637599,2.0
44_NiPt,-0.0435195877614695,2.0
4933_FeNb,0.3216590180818492,2.0
4935_InPt,-0.3954266898175138,2.0
1706_CsIr,1.5583195048915797,2.0
4941_YbGe,-0.8290159565154296,2.0
4943_InK,0.0734591574714023,2.0
1512_CuNi,0.6666003672900942,2.0
1834_BiI,0.2449565880310906,2.0
1538_MoNb,-0.1333689993059774,2.0
4895_AgSr,-0.2790911051684235,2.0
4887_CsCu,0.4629642665639557,2.0
61_NpPd,0.0645258048743269,2.0
1868_FeSr,1.0256503461245172,2.0
59_GaNp,-0.1856436631432938,2.0
1866_NiPa,0.4430243120613264,2.0
56_CsMn,-5.420664132459949,2.0
4893_FeNi,0.5900486215904728,2.0
4894_AgSr,-0.0336765836214314,2.0
1495_UI,0.0046038683385214,2.0
1838_SnP,-0.0947927665832342,2.0
1498_CuTh,0.2132029681483676,2.0
1857_CuMo,0.3588543434479447,2.0
53_NiRh,0.0437963995323711,2.0
1853_VSb,-0.0537609682333108,2.0
1852_MnW,0.147210544305592,2.0
1848_MnNi,0.0683401008984505,2.0
1845_SmBi,-0.8891919496746308,2.0
1840_GaMo,-0.028439939265862,2.0
1693_AuU,0.1076096596159361,2.0
1689_InRh,-0.0625134166024929,2.0
4885_AsI,0.2784186072773007,2.0
15_CuNb,0.2119333832970964,2.0
1638_CrGa,0.5566800946973203,2.0
4979_RhSb,-0.1756178771276877,2.0
23_CuEu,-0.1598074136543927,2.0
1561_CrMn,0.2397128541524225,2.0
1562_NiP,-0.2095465905788165,2.0
1630_BaIr,1.1244898747305545,2.0
1629_PtYb,-0.9133928122090472,2.0
1614_NaNi,0.4633427963348522,2.0
1609_CuRh,1.38952287924684,2.0
1647_PbSb,0.1028825215824067,2.0
1600_PtRh,0.011440339768499,2.0
1598_IrTh,-0.6023029753801623,2.0
1597_MoSn,0.1935548928516741,2.0
1594_SbI,0.1741662779612185,2.0
1590_PtYb,-0.9045942152103312,2.0
1589_CeBi,-0.5555537611125843,2.0
5_MoSm,0.5114126186332761,2.0
1585_CuFe,0.793062598387337,2.0
1642_AgI,-0.3753316093644216,2.0
4975_AlRb,0.6302057448982932,2.0
4948_SmW,0.6281554503118381,2.0
37_AlMn,-0.1653908717519483,2.0
1682_AcNb,1.5026302900040678,2.0
1678_RhYb,-0.3348424399415872,2.0
4953_SnSb,0.0903802482941573,2.0
1669_NiPa,-0.2848301627881691,2.0
1664_NaNi,0.4828097023828093,2.0
1555_FeW,0.3016816518868364,2.0
1558_AuPb,-0.0561221939407761,2.0
38_SbP,-0.0401790750342963,2.0
1654_RbTh,0.7255856214069927,2.0
4974_SmYb,-0.3023586934686482,2.0
1653_AlNb,-0.1917684673515287,2.0
4966_PdU,-0.2239175495868739,2.0
4967_PtYb,-0.881391785368073,2.0
31_CsNi,1.2079635948348568,2.0
4970_PdAs,-0.138616894546411,2.0
1560_SmSr,-0.1430822315729507,2.0
28_CeSb,-1.0332635248915611,2.0
26_PtSm,-1.2893512592068015,2.0
1871_FeSb,0.1270127343936424,2.0
1877_CuTh,0.1765057819602988,2.0
2150_MnW,0.9855550840613176,2.0
1428_InV,0.4022346652563175,2.0
2052_InNp,0.8057627772406146,2.0
1412_FeK,1.3241645138926663,2.0
4793_AlTa,0.4693485286782328,2.0
4794_EuNi,-0.0364610876192079,2.0
1420_CaCs,0.2514498412173807,2.0
93_GaGe,-0.0146410194391521,2.0
2031_CuYb,-0.0475451543672771,2.0
92_InI,-0.3710410919205595,2.0
4807_GaIn,0.0465300307790692,2.0
4786_NpPa,0.3406215882144128,2.0
90_IrSn,-0.0646903528158198,2.0
2021_CuI,0.1611175716966943,2.0
2015_AlPd,-0.7587414640727959,2.0
1436_AlFe,-0.2410192208620589,2.0
1437_GaP,0.3845919851814665,2.0
2009_MoNb,-0.1312283059431038,2.0
2006_CrEu,0.9504176641676194,2.0
2566_MnV,0.0886847109767376,2.0
2058_AcSm,0.3655227245744945,2.0
1402_PaSn,-0.5566716627841606,2.0
1995_CuSn,0.3544542623870392,2.0
2103_BiGe,0.2141530049264015,2.0
4757_InBr,-0.7175140965916014,2.0
113_CsV,-0.1117365929441112,2.0
2133_FeMn,0.1235497884165575,2.0
2128_FePd,0.0611011855322729,2.0
4764_PtSm,-0.7978809406773015,2.0
2110_RhYb,-0.4724318611785012,2.0
2106_RbBi,0.6406652800277259,2.0
1362_CuPb,0.3462815846160936,2.0
2093_CuPb,0.6068640491029402,2.0
4781_NpTa,0.4344771260857758,2.0
4771_EuSb,-0.9332170063572685,2.0
4773_NaPt,-0.1967208568508054,2.0
4774_PtGe,-0.3937912816358704,2.0
1392_GaNb,-0.1452180837217334,2.0
2086_GaRb,0.3709528424798503,2.0
2083_PbSb,0.1049325678159949,2.0
4779_MoW,0.4723990886009801,2.0
2082_BaPd,-0.4783613083554825,2.0
1440_KI,-1.585149885067622,2.0
1991_AuP,0.216376917775559,2.0
1488_IrTa,-0.2715116790559833,2.0
1905_GaNp,-0.1393437317112527,2.0
74_SmSb,-1.3450050363071764,2.0
1921_CsYb,0.6736704833459317,2.0
1917_FePt,0.1044084665960856,2.0
1912_AcV,0.6825734085499287,2.0
1911_InTh,-0.2467436210790188,2.0
1909_KPb,-0.0405393933728852,2.0
4862_FeGe,0.0022779541582638,2.0
1906_InV,0.3485211857579378,2.0
1900_CuK,0.5618755958170236,2.0
1924_AuNp,2.1495720761711983,2.0
1477_CuFe,1.5323561329046536,2.0
69_FeP,-0.053819012798443,2.0
4870_AlV,0.4851956900377718,2.0
1893_KPt,0.1618379733553894,2.0
66_CsSb,-0.1281485487240288,2.0
4876_GeAs,-0.0428850132941525,2.0
4878_EuTh,1.0038452161781577,2.0
1486_InIr,0.4610586516897141,2.0
1923_InV,0.8176152594236008,2.0
76_RhV,-0.2399275600042898,2.0
1990_CrYb,1.563562392238151,2.0
1455_SrBi,-0.630477073737969,2.0
1445_CsI,-1.619871335866558,2.0
1986_SrI,-1.1425274083601475,2.0
1446_GaNb,-0.1390046700444722,2.0
1978_InNb,0.6373364957229786,2.0
1968_GaSr,-0.1161170499616095,2.0
1965_CuFe,1.458478172494921,2.0
4835_CaGa,-0.4281546413302104,2.0
4836_NiSr,0.1471746751052132,2.0
1955_RbU,1.1722792845582193,2.0
1469_CuGe,0.0786484601624302,2.0
84_AcMn,0.3485148062906855,2.0
1458_CsYb,0.7037468588154681,2.0
4842_CaCu,0.4393169567324375,2.0
4843_CrSm,0.5526842695973091,2.0
1459_CsW,-11.82074013651485,2.0
1947_MnNi,1.5847576502533247,2.0
1946_CrP,-0.2154551302781184,2.0
1945_RbU,1.1812050215563366,2.0
4819_NaSr,0.0196509155200732,2.0
1028_FeP,-0.2909302413017611,2.0
2569_AuSb,-0.0210635766241136,2.0
688_AuV,0.5982158839355014,2.0
4195_KBr,-1.9000790488547985,2.0
3498_NpPa,-0.0992218999290663,2.0
3490_PbYb,-0.6046977537265015,2.0
3484_PdBr,-0.1070412786634809,2.0
4201_NpSm,0.2745112966388436,2.0
3481_SmW,0.6411380863800229,2.0
684_AgAs,0.0355941644367785,2.0
3473_CrU,0.6061157164975111,2.0
3467_PaRh,-0.6029352313563088,2.0
3458_AcP,-1.116652553334971,2.0
1101_MoI,1.310114103845386,2.0
3457_AlSb,-0.1687718686976369,2.0
4215_EuNp,0.5792944707898835,2.0
3451_MoSr,1.4736654169528158,2.0
4219_CeU,1.1508078708582277,2.0
3437_CaSb,-0.8116893433576702,2.0
3431_RhBr,0.4504867152200558,2.0
3430_YbGe,-0.8311990432124841,2.0
4225_CsMn,1.377763715437709,2.0
3423_SnP,0.134815296805475,2.0
347_SmTa,0.266372281515423,2.0
4192_NpYb,0.5545692761840684,2.0
4191_CeBi,-20.51942767497456,2.0
348_MnNb,1.8045609325081904,2.0
358_SbGe,0.3136889612467888,2.0
4161_AuGe,-0.0203678673486198,2.0
649_AuPa,-0.285637361273328,2.0
3589_AlSb,0.2165434108700332,2.0
3588_FeSb,0.1735590152007571,2.0
3586_FeGa,-0.0760232916373659,2.0
653_NaP,0.1240933747896404,2.0
3577_EuMn,0.6012495285623629,2.0
656_CrSb,0.450704512349529,2.0
657_CsI,-1.618852980774196,2.0
661_CrTh,0.7174677879494853,2.0
3557_BaP,-0.6508185873227221,2.0
668_MoSn,0.2023255626539493,2.0
3540_AgIr,0.7201161562403575,2.0
671_NpPd,0.0703951164883882,2.0
4182_TaV,0.3810899222485702,2.0
4184_SnW,0.763816548221854,2.0
3527_AgBa,-0.0329036478309925,2.0
3513_AcSn,-0.7306747766627266,2.0
3416_CaU,1.0188856753415712,2.0
709_CeTa,0.7696654382297821,2.0
3405_CaTa,1.3058777306599012,2.0
3318_AgRb,0.0768720358900465,2.0
3312_CrMo,1.0318884017398364,2.0
3310_KAs,-0.1738326167191761,2.0
3307_AlCs,0.8024916049669821,2.0
329_SnTa,1.464329287677855,2.0
4272_RbW,3.473318277164075,2.0
3298_AlCe,-0.3025139623470183,2.0
3296_RhYb,-0.5889667665039164,2.0
4277_ThBr,-0.1704102825568485,2.0
3286_AuEu,-0.945224780753796,2.0
775_MoI,1.3140727451876053,2.0
3284_SrAs,-0.9460797429955128,2.0
778_NaPb,-0.1123338049140905,2.0
4282_AlSn,0.0668889507328112,2.0
323_TaYb,3.229303225683664,2.0
4286_AcBr,-1.339549648914408,2.0
780_NiTa,0.0359782446442089,2.0
4288_AuYb,-1.0277863141157448,2.0
321_PAs,0.552972441845033,2.0
4291_MoBr,0.9804332898592608,2.0
761_CuMo,0.34300430186188,2.0
755_RhV,0.682774889396148,2.0
4231_AuBa,-0.7055677220240955,2.0
3321_AgEu,-0.4739998494988326,2.0
716_CuNb,0.2235941904050769,2.0
3402_TaP,-0.5758566204072242,2.0
717_TaBi,1.5440836077559703,2.0
3396_AcSm,-0.3177316675339456,2.0
3390_SmP,-1.4191332313975558,2.0
3389_AuBr,0.0429653741732587,2.0
3385_NiW,0.1530420215647172,2.0
725_SrV,1.1938333385077635,2.0
3363_EuI,-1.3430890122809351,2.0
3360_AgRb,0.0660429941993814,2.0
4249_AuRh,0.2785169400110483,2.0
3355_NaBr,-1.51503601569897,2.0
3349_PtW,0.3486225087268639,2.0
4254_CaBi,-0.6500097699602416,2.0
3341_EuNb,0.6481236091160358,2.0
4256_PtV,0.4367724316087003,2.0
3331_KP,0.134582269728186,2.0
3330_KNb,1.2295651287686429,2.0
3329_CuIn,0.53827912498393,2.0
648_CrTa,2.4750764616864167,2.0
4155_CaK,0.4978925186275535,2.0
647_PtTh,-0.9985407139856556,2.0
3887_SmSb,-1.5775718023941758,2.0
532_AlPd,-0.2299419746504174,2.0
4039_NaBr,-1.5671150316488234,2.0
3870_FeGe,-0.1988810521886597,2.0
3869_NiPt,-0.1186682531105658,2.0
3865_CrU,0.4567240370276604,2.0
3862_InP,0.0171562093145318,2.0
3861_FeRb,1.4476931142635006,2.0
3860_IrP,0.1479387852015214,2.0
3857_FeTh,0.1559447648618688,2.0
3854_AlPa,-0.4550955889522443,2.0
3850_AgW,1.187984958539951,2.0
425_CsYb,0.2133070813367397,2.0
3849_SnSb,-0.06644948616947,2.0
405_NaPt,-0.1344248556811007,2.0
3846_CsP,0.6036632273622891,2.0
3842_MnP,-0.3775156260053043,2.0
3839_GaP,0.3834919186626027,2.0
548_CuIr,1.7455088971045418,2.0
549_FeNa,1.1342721190919105,2.0
530_AuNb,1.243237284066657,2.0
526_GeP,0.3757062883912843,2.0
4067_PdBi,-0.3015815765160319,2.0
3890_IrNi,0.1231103774781239,2.0
3995_CrSn,0.2876573438924481,2.0
3992_CaTa,2.085022014389096,2.0
3991_CeAs,-1.7374966219490622,2.0
506_MnRh,-0.1937437766726706,2.0
4011_SrBr,-1.3925750242942536,2.0
3983_AuCu,-0.0659880698796522,2.0
3981_CsBr,-1.9532013368567016,2.0
3980_SrI,-1.1805649649666825,2.0
3926_InW,0.9132617318997428,2.0
485_PI,0.6799114991940689,2.0
3916_CeIn,-0.2702256979151656,2.0
4021_CeMo,1.5109984231473377,2.0
4022_KP,0.712586257773205,2.0
3914_SbGe,-0.0133631114332759,2.0
511_AgP,0.4563419294753772,2.0
517_AlNi,-0.4930291561301398,2.0
481_RbW,2.187420242882454,2.0
521_CuGe,0.1750219402579942,2.0
522_FeTh,0.1634547455125092,2.0
3826_CsSm,0.323942724359175,2.0
563_CsNi,1.1901183413278558,2.0
3606_KNi,1.0052471914417698,2.0
4109_RbTa,1.5587009498917554,2.0
3723_SnTh,-0.4789627998287056,2.0
3716_RbI,-1.6018918268005236,2.0
607_NaI,-1.3156962778764316,2.0
3704_WBr,1.5888402903134065,2.0
3693_NiSb,-0.1496660710504063,2.0
3690_NpPb,1.3011929922110452,2.0
613_IrAs,0.2667370160346731,2.0
3672_AcNa,0.2468821919774466,2.0
627_AuIr,1.8220014981525097,2.0
3661_MoI,1.3718957778972358,2.0
629_AlP,0.0679904561148392,2.0
4136_CuYb,-0.2513605341934943,2.0
3654_EuPt,-0.9597524333356082,2.0
631_SrW,1.9972426006473425,2.0
640_SrW,1.9908134049990984,2.0
3621_KSb,-0.2790825044919915,2.0
4148_GeI,0.1217367740047419,2.0
3619_EuI,-1.3552092755245704,2.0
3612_PtTh,-0.8684167799000244,2.0
3726_FeNi,-0.0363000949573359,2.0
4108_CuIn,0.2413165592473523,2.0
569_CuNi,0.0094961468601439,2.0
3728_NiRh,0.0425965851684635,2.0
3805_FeSn,0.2022509167831438,2.0
4076_InSr,-0.1074781430223197,2.0
575_AcRb,0.98654844080828,2.0
576_CrNa,0.9901028503581726,2.0
3778_InMo,0.4716348834971979,2.0
580_SmBi,-1.0609019344514443,2.0
3755_PbGe,0.1222864572366444,2.0
387_FePd,0.4812580703488791,2.0
585_AuNi,0.9641375582202292,2.0
3749_MnNb,0.6193162444871074,2.0
586_AuSr,-0.7391766903276662,2.0
591_AlPd,-0.769562325120063,2.0
4094_CaNp,1.5151227075171736,2.0
3744_FeI,0.5974285370116457,2.0
4096_InRh,-0.4297782565255268,2.0
4099_CuW,2.2610068203752807,2.0
592_InSb,-0.1304174171677101,2.0
4103_AgMo,0.9627148163233477,2.0
4105_CrIr,0.71516585690547,2.0
3266_GaMn,0.6603565188484879,2.0
3257_InP,0.3374919533225204,2.0
3250_InV,0.3685158133105357,2.0
2891_InMo,1.1270553315005394,2.0
4464_CsYb,0.2117052403539379,2.0
2881_AuCs,-0.2979903415698688,2.0
1017_CuGa,-0.0550340558600681,2.0
2874_AuNi,0.4615220181329094,2.0
2869_AlAs,-0.1240213191225514,2.0
1027_CaFe,0.6670044540710167,2.0
2862_EuSb,-0.933677982612478,2.0
2858_FeIn,0.3261709629407026,2.0
2854_AuK,-0.2806845504909177,2.0
2853_PtSb,-0.092727887933095,2.0
2851_AcBi,-0.4822941443348085,2.0
2841_FePb,0.6389923159511817,2.0
4484_IrMo,0.792264955653728,2.0
2839_AcPd,-0.3199917869561934,2.0
214_PI,0.6761453129882056,2.0
4489_EuNi,-0.0301608271115529,2.0
2837_CsCu,0.4745825853302812,2.0
2831_AuI,0.2614996616232603,2.0
2824_EuMn,0.6334786883457086,2.0
1012_KPt,0.3818962756672643,2.0
2893_VAs,0.3203713993122346,2.0
2809_NiSb,-0.1463381743154652,2.0
4459_AcMo,0.9356001187860984,2.0
2944_AlGa,0.0691252028612607,2.0
246_WSb,0.6402363637939983,2.0
2938_KP,0.7114022996563714,2.0
2936_BaGe,-0.1820046348794206,2.0
998_KI,-1.585206424514379,2.0
2934_AuU,-0.0663266002546461,2.0
2933_SbP,0.3087547031735251,2.0
2931_AlMn,0.4252473515547947,2.0
2928_CsCu,0.4399689430103484,2.0
241_CrTa,2.5070367353222007,2.0
240_PaBi,0.5006361656619811,2.0
1002_RhV,0.6960338821994467,2.0
1003_InSb,0.0411974551286244,2.0
2909_SrI,-1.0702574194153711,2.0
1008_NpU,0.0077134329019052,2.0
4454_MoSr,1.4422288245039052,2.0
2905_AuCu,-0.0042660205172095,2.0
2904_GaP,-0.0656846835186915,2.0
1009_RhU,-0.1940488904539723,2.0
4496_UBr,-0.3985207269096849,2.0
211_WSb,0.5521977096633099,2.0
986_PAs,0.5533038979136409,2.0
2752_WBr,1.6592867558403324,2.0
190_CrCu,0.99933812170078,2.0
1079_AuGa,0.0772690096115358,2.0
188_BiBr,-0.3222004881677978,2.0
2742_CsIr,1.5664573299213995,2.0
2740_InNi,0.1547548812790036,2.0
2644_FePb,0.8418730722704222,2.0
2630_CsBr,-1.8905071260349693,2.0
2617_BaIr,0.4526756073737017,2.0
2615_AuNb,1.177855591877857,2.0
1094_NaPt,0.1854154476944316,2.0
4554_NaSr,0.024068302942102,2.0
2588_RhU,0.4477266393935224,2.0
1099_AuU,0.1006976759970168,2.0
1100_WSb,0.6333799695471152,2.0
4561_BaBr,-1.499596806424356,2.0
4563_AlP,-0.3691838408500709,2.0
4564_CaCr,1.112240896363634,2.0
181_WSb,1.5974823249986905,2.0
4566_PdYb,-0.6517078910153504,2.0
2746_RhBr,0.3512356642482972,2.0
4530_RhSb,-0.137426643434642,2.0
2802_AlGe,0.1840861531470681,2.0
2755_PaPb,0.0506732141352888,2.0
209_CuI,0.163268240844149,2.0
4504_CaV,1.073180324298205,2.0
1052_CuIr,2.1677452154660086,2.0
1056_NiSn,-0.1179296850231041,2.0
2791_EuI,-1.3246680484950362,2.0
208_PI,0.6765507848780659,2.0
4509_AuGa,-0.0783288279649321,2.0
1060_CuTh,0.8185751649189763,2.0
2789_PtBi,-0.1674619481740151,2.0
2787_CaCu,0.5358766060288009,2.0
2786_AlPd,-0.8944008535151085,2.0
1062_MoP,-0.0433567812069348,2.0
1064_EuU,1.3282505515044436,2.0
2773_AlSm,-0.4655390373998145,2.0
201_CrPd,0.7786205625391744,2.0
200_CsW,2.392753487086816,2.0
4522_WBr,1.302940009611793,2.0
2764_IrNb,0.0903267090833637,2.0
4527_AuNi,0.1788439408535893,2.0
2947_PtSm,-1.4318709282015725,2.0
4430_MoYb,0.5927353378973717,2.0
792_AuNp,1.4256368145629512,2.0
4328_AuCu,-0.0597546096257533,2.0
3196_FePd,1.0223786888127373,2.0
3195_CeV,0.6211147799052004,2.0
3192_InK,0.067864092426493,2.0
3189_PtV,0.777142941326102,2.0
3186_UGe,-0.3597175605300711,2.0
302_CuK,0.4781945344055849,2.0
4342_InSn,-0.0829382529904796,2.0
3185_CaSb,-0.9295830155484096,2.0
4344_FeNb,0.3091984780758707,2.0
4347_AuV,0.1783313605397838,2.0
811_NaPt,-0.1472193669535051,2.0
3169_RbSm,1.509341299483286,2.0
3162_PBr,0.722297972837521,2.0
3161_KRh,0.7868528599991338,2.0
3149_CsSr,0.1896024769990805,2.0
3140_CsAs,0.3334515155471136,2.0
294_RhU,-0.4408425554688815,2.0
4361_EuNb,0.6517027106079185,2.0
3131_YbBr,-1.4106922041879266,2.0
3202_AlAs,-0.1258805203464161,2.0
3206_InNb,0.2792113996294327,2.0
4367_PbGe,0.229419473115144,2.0
3208_CaW,1.71443865346851,2.0
316_MnW,1.98968045727348,2.0
4300_BaPa,1.4410187630840787,2.0
315_CrNa,0.9867061782141312,2.0
3243_AuMn,0.1939194425575365,2.0
4305_InPd,-0.4227868516602266,2.0
3240_CuW,0.6085194492981056,2.0
3238_GaNi,-0.0512278565072206,2.0
4309_SrBr,-1.4833767957406825,2.0
796_RhBi,0.0684266591716671,2.0
4311_NaTa,1.0824819908627168,2.0
4312_CeSm,0.2714352747135438,2.0
3235_BaGe,-0.1830738889749259,2.0
3234_AlP,-0.3675687588258789,2.0
3227_CaP,-0.744611542772053,2.0
4318_AcNp,0.6797853292709606,2.0
3223_ThGe,-0.7807689269465392,2.0
3217_AgTh,0.283415185251946,2.0
3213_AgEu,-0.4924128376574583,2.0
802_FePd,0.0486880392537516,2.0
3126_InPd,-0.5193825637928868,2.0
3121_YbBr,-1.4271186061040138,2.0
2959_IrI,0.8600843245627727,2.0
3027_NbU,0.2441585290147419,2.0
961_PaSr,0.428211552056168,2.0
3016_NaBr,-1.7192765439625828,2.0
260_CuNi,1.2524800810011456,2.0
964_KMn,1.154798689515636,2.0
3009_AcTh,0.151782232483872,2.0
3008_AgNb,1.2152851656673,2.0
3005_MnSb,0.1459415094975815,2.0
257_AcMn,0.4122934724034772,2.0
3000_CrTh,0.8233719021763974,2.0
2997_NaRh,0.7276111557127489,2.0
4416_AlMo,0.076944126559888,2.0
2996_RbSm,1.5119832722711608,2.0
969_CsW,2.3783873322065965,2.0
256_CuIr,1.783717347151633,2.0
2981_BaCu,0.0764343314651374,2.0
977_SmW,2.654567875129585,2.0
2975_NbNi,-0.040611249024244,2.0
252_AuPt,1.1568970335132995,2.0
2964_GaPd,-0.6028874388474872,2.0
956_GaU,-0.2505695382326465,2.0
4397_EuTa,1.9821528238551585,2.0
3107_GaIn,0.0934294956136678,2.0
3037_BaTh,1.2727127622763716,2.0
3102_CaBr,-1.2331421850996755,2.0
4375_BaAs,-0.9919125426882248,2.0
281_YbBi,-0.1419430461440991,2.0
933_BiP,0.2191229412468898,2.0
3087_NiV,-0.1710537031610801,2.0
3082_BaU,1.6859382982010027,2.0
940_BiGe,0.3197912132401441,2.0
941_FeIn,0.331680491258254,2.0
274_CsBr,-1.85028031224608,2.0
943_USb,-0.2871926910980855,2.0
3056_NpSn,-0.2546962465431246,2.0
3054_SrSb,-0.3381110220115038,2.0
945_RbRh,1.0520374114343962,2.0
3048_WBr,1.3061581927178931,2.0
270_FeNa,2.2341407373912583,2.0
3045_AcEu,-0.0349858715953028,2.0
3043_RhTa,0.6853395561039957,2.0
3040_AcK,0.2746965595428734,2.0
3038_NaBr,-1.574279165099012,2.0
2581_CuGa,0.4444796102687203,2.0
