file_name,value_per_atom
2_Ni4Ta6,0.1017402497441466
3_Mn4Sb2,0.4959808317815088
4_Ir2Na2,0.4721300324400452
5_MoSm,0.5114126186332761
6_Sn17P12,0.2150613449970501
7_Sr6Br4,-1.1913767863029878
8_Ge4P12,0.2086850365686645
9_Mn8Sb,0.1088367267697947
10_Ba2Bi3,-0.8094130623309983
11_Mo3W3,-0.0006663757429568
12_InSn5,0.0003555562973946
13_Ga2Sr,-0.533854310311091
14_Pd2Ta2,-0.3572595305178883
16_Ac4I6,-1.145669893512698
17_Fe6Sb18,0.1547501784091292
18_InSn5,-0.0004405329807042
19_In4Sn2,0.0058372774279457
20_Sr6Br4,-1.1928946056775946
21_In2Sn4,0.0010884922752308
22_RhGe3,-0.0905160589754983
23_CuEu,-0.1598074136543927
24_Cu2Ga2,-0.0461503759196872
25_Fe4Na8,1.6371448910768656
26_PtSm,-1.2893512592068015
27_Cr4Sr5,0.8411270269282158
28_CeSb,-1.0332635248915611
30_In5Br,-0.1449179659511769
31_CsNi,1.2079635948348568
32_In4Br12,-0.8565492677849518
35_Ag4Sn8,0.0393953092254234
37_AlMn,-0.1653908717519483
38_SbP,-0.0401790750342963
39_CrTa3,0.0265847358564226
40_Al2Rh,-0.7879958682286438
41_TaV5,0.0285429832034746
42_Au2P,0.3033008734032615
43_Ir2Ta4,-0.0336096433566623
44_NiPt,-0.0435195877614695
45_CaRh2,-0.0716643596461175
46_Cr3Sr,0.7330921242841102
47_Na2Pt2,-0.0622927350794983
48_Pb4As2,0.0885945378502513
49_Al3Sb5,0.2406565035847956
50_Ir16Pd8,0.7219119116409539
51_Ag2Br2,-0.4385558393715043
52_Ca4Ta2,0.53492339105963
53_NiRh,0.0437963995323711
54_Ba2Sn6,-0.2436607623660132
55_AgMn,0.829020340298344
56_CsMn,-5.420664132459949
57_Ga2Np,-0.2534501835418178
58_Na2Pt4,-0.0507407090270112
59_GaNp,-0.1856436631432938
60_CuMn3,0.2690644181336781
61_NpPd,0.0645258048743269
62_FeIr2,0.0148692361136006
63_Cr2Sr2,0.7446481806535772
64_Ag3Al5,-0.0039340081548497
65_Al4P2,0.0048209866646065
66_CsSb,-0.1281485487240288
67_Ac3Yb,0.0483534304371855
68_FePb3,0.7885119954880766
69_FeP,-0.053819012798443
71_Au6Mn2,0.0028625383247353
72_Ni4Ge4,-0.3244859129136115
73_NiSb2,-0.0025785561335673
74_SmSb,-1.3450050363071764
75_Fe8Pt,-0.0521674073461721
76_RhV,-0.2399275600042898
77_Au4Mn,-0.0475317577619271
78_Ni4Sb2,0.1770521249294952
79_Ag2Al6,0.0341048023002974
80_Ag4Al5,0.0050849121442403
81_Mo2As,0.430459223416058
82_Al2Sn6,0.0934787482373256
83_IrMn2,-0.0004295886141948
84_AcMn,0.3485148062906855
85_Ni2Sb,0.1209554596631837
86_Ni2Sb2,-0.0582208439969926
87_AuMn3,0.2960059875718608
88_Ag2Al2,-0.0094356971058457
89_Ba2Ge2,-0.1168555505437622
90_IrSn,-0.0646903528158198
91_V3Br,0.5709922328291892
92_InI,-0.3710410919205595
93_GaGe,-0.0146410194391521
94_Al2Pd2,-0.7411901811862194
95_Cr2W2,0.0864102135558599
96_Mn3Sn,0.1853687985945038
97_Ag3Al,-0.0385368658765874
98_Cr3Sn,0.4386852445490596
99_Al2Pd2,-0.7471028637113477
100_Ge3Br,0.1809122110204661
101_CrW3,0.0537844050765876
102_Cr2Sn2,0.2075312870777024
103_Fe2Pt,0.98433841365906
104_KSn2,-0.1852067996178531
105_Cr3W,0.0703150051877337
107_Cr2Sn2,0.2026693071890291
108_Fe2Pb2,0.4067883133950829
109_V2Br2,-0.1510803872846198
110_Cr4Rh,0.6478040969868033
111_AgAl3,-0.0152064934718052
112_VBr3,-0.2619159193614142
113_CsV,-0.1117365929441112
115_CrRh2,-0.0464562337250219
116_Ba2Ge2,-0.5915835598114554
117_Mn2Sn,0.2038638021403187
118_CrTa,2.66607583354954
119_IrP,-0.126183099143863
120_Cu8Fe16,0.325100666679899
121_Fe12W12,0.1591388106529313
122_Na2Pt,-0.1094687629154324
123_WP,0.5181687470777128
124_PbV3,0.3868962014052073
126_Ta4Ge2,0.5502794154585248
127_Ge4As2,0.2688744583085179
128_As4Br2,0.1886815862388336
129_InPt,-0.2747187912913738
130_GaP,0.2827077846157659
131_NiSn,-0.1266843635676862
132_Au2In4,-0.1418995868927499
134_Au4Sr16,-0.1130436182400256
135_Pt8Sn4,-0.3379489042611444
136_Cu6Pt4,-0.1196874372681321
137_Au3P,0.2305156716459713
138_Ge2As4,0.1196947121736281
139_NpSb,-0.4497482521408535
141_CeBr,-0.8023102457033016
142_Ce12Ga8,-0.4472578612747064
143_Ba2Pt2,-0.4142137698980046
144_CaRh4,-0.0123593460472001
145_Cu4Fe8,0.9290346282517644
146_RbRh,1.0519039009339617
147_Cu2Ni26,0.2677396298890073
148_CrTh,1.709790452893314
149_PdRh2,0.0679740127382568
150_YbP,-0.8482652900103984
151_Ir2Mo4,0.2558778878110732
152_Ni2As6,0.2952248090641767
153_Al3V,-0.2967745434488575
154_Pd2Ta2,-0.3618708831950421
155_NiAs3,0.142732757003877
157_Ag3Al4,0.003962790239954
158_Cu2Ge4,0.1885786881460269
159_CrMn,0.2433130873062836
160_Ba2Pt2,-0.4579160620289459
161_Ni2Ta4,0.6395073564584782
162_FeAs3,0.0881821666677709
163_As3Br,0.2126619543483046
164_Mo3P,0.0756003152457989
165_Ni2Sn,-0.1054898433116857
166_K4Sn2,0.0339120821430973
167_Al3P,0.1003177873692511
168_Fe8Mo16,0.2217364434622553
169_Cu3Ta,0.0786238311665679
170_AlTa2,-0.109572504407905
171_Cu5Pt5,-0.1138101380258533
172_CuTh,0.7968494262166388
173_Ba2V,0.6621519240922341
174_PbSr7,-0.030999434316967
175_Fe3As,0.0166827533278075
176_In3K,-0.0780771556712189
177_Au3Sr,0.7382655086643606
178_SrW2,3.2276063672278554
179_Al2Rh,-0.6991817297737448
180_Pd2Rh2,0.0643234389585014
181_WSb,1.5974823249986905
182_Cu6Ni2,0.1032142976761845
183_AgP3,0.6377887469169732
184_W3Sb,0.6142879079802093
185_AgSn,0.0542811791472521
186_Ir2Mo6,0.0459888007119957
187_Ta2Ge2,0.1017352688524066
188_BiBr,-0.3222004881677978
189_CaW2,0.6406378987075527
190_CrCu,0.99933812170078
192_Ir3V,-0.0203825605630481
193_Eu8Ge4,-0.8865988076880225
194_Al12Pb12,0.2570537015373606
195_Ni6Ge18,0.2198266953462753
196_Au8Mn4,-0.0326742680376834
197_Mn10Sn6,0.2141267769039148
198_K8P4,-0.0861383471739086
199_Al2V,3.021478292177701
200_CsW,2.392753487086816
201_CrPd,0.7786205625391744
202_K3Na,0.0175885883206032
203_NaPb3,-0.0546219459481367
204_Ni3Sb,-0.1361405822875303
205_Ir3Mn4,0.0216022662820246
206_Cr12W18,0.3346698123646452
207_CrRh3,-0.0699913797349944
208_PI,0.6765507848780659
209_CuI,0.163268240844149
210_Al18Pb6,0.208434471028663
211_WSb,0.5521977096633099
212_Fe2Ga4,-0.1746195386096053
213_Mn2Sn2,0.1906174282030415
214_PI,0.6761453129882056
215_AgAl2,0.1927638806395458
216_Cr5Rh4,0.043413251064886
217_Ge8Br,0.2846492762005539
218_Ag5Al2,-0.0047721081775178
219_Ag4Al2,0.0373786797866924
220_Cr8Rh,0.215390972454407
222_BaIr2,1.7617864823163814
223_Pd12Ta18,-0.1882194332244068
224_K2As6,0.0183152754736446
225_AlPd2,-0.7917135539533374
226_Al4Pb2,0.4596315211143362
227_Ir2Na4,0.2310379275124135
228_Ge3P,0.4028421099060848
229_Pd2Rh2,0.0413431690888472
230_Cu7Pt5,-0.1185395596556523
231_Ba3Ir,0.3315548688782104
232_Ta3Ge,-0.1070394710213111
233_Ag6Al6,-0.0259394001015677
234_Ag5In,0.0038147416913586
235_PAs3,0.5081874789383827
236_VW2,0.4517394004088544
238_In4Pb16,0.2226825117026813
239_Pb2Sb6,0.156305874512693
240_PaBi,0.5006361656619811
241_CrTa,2.5070367353222007
242_Ag7Ta,0.3318113890532039
243_FePb3,0.4786018239383995
244_Ni4Rh2,0.1668692690605411
245_AlRh2,-0.637019060757113
246_WSb,0.6402363637939983
247_Ba4Ir2,1.2154619112347849
248_Cu5Pt7,-0.1172246329049636
249_Ni8Ta16,-0.0807124775193379
251_Ba2Ni2,0.597629677831121
252_AuPt,1.1568970335132995
253_Cu3Ge4,0.2297082476966535
255_Mo2Pb2,0.5946080176813062
256_CuIr,1.783717347151633
257_AcMn,0.4122934724034772
259_K2As2,-0.160004924188351
260_CuNi,1.2524800810011456
261_Fe3Na,1.127116443806946
262_BaBr3,-1.4692358460725734
263_Fe2Pb2,1.224709304364091
264_Cr4P,0.722891464014863
265_Pd16Ta14,-0.2155509804832832
266_Ag4Al4,-0.0171242730527843
267_CrP7,0.6510238187764203
268_FeW2,0.3111246762356288
269_SnP3,0.5314056150159168
270_FeNa,2.2341407373912583
271_PtV2,-0.3400272227183064
273_Ba3Br,-0.6944199402649203
274_CsBr,-1.85028031224608
275_V4W4,0.2378765211926374
276_K5Ge,0.1171544290501849
277_Ba2Cu2,-0.0169725723717149
278_Al12Sn4,0.1373679800708411
279_Ba2Cu4,0.1679982061833745
280_K3P,0.1089889412197191
281_YbBi,-0.1419430461440991
282_V2W,0.1508598416056431
283_Fe3Pb,0.3868168751662972
284_Cu6Pt6,-0.0941277396963631
285_MoPb3,0.5025277881857404
286_Ca3P5,-0.4401060503561709
287_Ca12Mo4,0.6399058390486374
288_As2Br6,0.3046454324844947
289_P5As,0.7837244693717675
290_W24P5,0.4316480836713108
291_Fe24Pb5,0.554399661464772
292_Ga14Pt6,-0.5450134948837502
293_Mo4Pb2,0.5902547794711998
294_RhU,-0.4408425554688815
295_Fe2Pb,1.38281204978178
296_Ag2Ge2,0.173659045568022
297_FePd3,-0.1061349423812592
298_PtV3,-0.2900346358635062
300_Ag2Ca4,-0.2481122537202737
302_CuK,0.4781945344055849
303_Sb3Ge,0.2660213422478197
304_AlCu5,-0.1362652104227132
305_Au3Ga,-0.0390593413436333
306_Na2Pt2,0.0534883309573936
308_Na4Pb,-0.0642697687374035
309_Fe16Pd8,0.2678129794078536
310_Ba6Sn2,-0.1445053251641583
311_Fe3Pd,0.0705064552450434
313_AgSn,0.0409468929222187
314_Mo3Ta,-0.1259140954870599
315_CrNa,0.9867061782141312
316_MnW,1.98968045727348
317_Fe4W2,0.6376702269705253
318_Sb3Ge,0.2645231169142601
319_GaNa3,0.0242168552505561
320_AuGa3,-0.044392137011382
321_PAs,0.552972441845033
323_TaYb,3.229303225683664
324_BaGa4,-0.469580045886774
325_Fe5Ir,0.1523481086559973
326_Ba16Ir8,0.0796746013083324
328_Ba2In,-0.3119255525568878
329_SnTa,1.464329287677855
330_FePd3,1.3101389883025163
331_VW2,-0.0937538236216634
332_FePd2,0.637573661042404
333_K2P2,-0.4201608338771931
334_Ba2Cu,0.0233477096016647
335_Cu3Sb,0.1292163677066637
336_KP3,0.0163658427781863
337_SmYb3,-0.1239708918231743
339_Na2Pt,0.0049673128952048
340_Ag2Ge2,0.1739586116285205
341_PtV3,-0.2432882618193055
342_Ag3Ge,0.0800694173601241
343_TaGe3,0.210347076036002
345_Cu6Pt4,-0.1122154596063794
346_Ni4Rh8,0.0535778871675454
347_SmTa,0.266372281515423
349_Ga2As2,0.2211742613306651
350_FeAs3,0.2431374712098151
351_Cr3Rh,0.1470079694940231
352_AuP3,0.5236402867825065
353_Fe8Pd4,0.8325658894387308
354_CaCr3,0.7352797838408138
355_Cr3Sr,0.6730755965588244
356_Ag3Ca,-0.1590576046828498
357_CeGa3,-0.2983194587045221
358_SbGe,0.3136889612467888
359_As6Br2,0.7613573160563023
360_Au3Cr,0.0727205118778444
361_AlTa2,0.6240335894659429
362_Au6Ga10,-0.0879386703295863
364_Ca2Sn,-0.4536710840000347
365_In2Na2,-0.095822273802697
366_NiAs3,0.0077896201439395
367_Al3Rh,-0.5352493491958317
368_CaW3,0.7743857544767856
369_Ba3Sn,-0.3223431693894989
370_WAs2,0.570508179759018
371_Ag14Ca4,-0.2682671116525693
372_Ag4Al8,-0.0227212694995966
373_Mn8W16,0.2505562964440694
374_Al6Rh6,-0.7530327867590891
375_Cu4Sn5,0.2151247137357125
376_Mo3Sr,0.7041883060347418
378_CaW3,0.7728979899659549
379_P3As,0.6037013122326167
380_MoTa2,-0.1507586219781795
381_Sb4Ge2,0.2403865894397162
383_Ni3Sm,-0.3299709059681639
384_CrAs3,0.5987397938903678
385_IrPb2,0.2257577188972366
386_Na2Pt2,-0.0678347584527458
387_FePd,0.4812580703488791
388_IrBr3,0.6300865230216401
389_Cr2As4,0.0834798005825246
390_Pb6As2,0.28922667106808
391_Ga2Na,-0.0480496307103811
392_FePd3,-0.0230776675298578
393_Mn6W2,0.1746507393824732
395_Ir2Pb2,0.3738050343011903
400_Ga3Na,-0.0132315287682867
401_AlGa3,0.0361313760628045
402_GaNa3,0.0194563733445729
403_Ag3Mn,0.2277962190790639
404_Au3P,0.2363162278525057
405_NaPt,-0.1344248556811007
406_As4Br,0.8804043387066216
425_CsYb,0.2133070813367397
444_Al2Pd,-0.5890005074909356
445_CrW3,0.0467321429249381
452_AgAl2,0.0093127224340404
462_Fe2Pb4,0.4720998800685994
463_Ni3Sb,0.0449342540232127
470_P24As5,0.2436816057725621
471_Mo3W3,-0.0025435217114875
472_Ca4P2,-0.8954120405437109
473_Ba4Br,-0.1948690422078861
474_KAs3,0.0965459569694791
479_Ca18Mo6,0.6779185862039393
480_Ag6Al6,-0.0217492147153629
481_RbW,2.187420242882454
482_MnMo3,0.3761156942213759
483_Fe2Ga,-0.1236527609692442
484_Mn3Sn,0.2206086726667848
485_PI,0.6799114991940689
488_Ga2Sr,-0.531548045592905
489_In2Br2,-0.8172334018909813
490_Cu5Ge,0.0655166744716565
491_Ag2Al2,-0.0136965697181792
492_MoW3,-0.0002471644391786
493_Fe3Na,1.1195761482720776
497_Al4Th6,-0.2419117160556957
498_Ge4Br5,0.2780708243690522
499_Cu2Ga4,0.0312333231286986
500_CuGe2,0.1805051598397303
501_FeSb3,0.3358709608334767
502_In5Sn,-0.006264214339336
503_Sn2W,0.537531149489921
506_MnRh,-0.1937437766726706
507_Ba2Pd4,-0.2163654657637609
508_Ba3Sb,-0.4907969730717179
509_Pt3As,-0.0044009473790387
510_Ga2P,0.1252236395168893
511_AgP,0.4563419294753772
515_Ni4U6,0.0729580915631913
516_Ba2Cu4,0.1950184329572829
517_AlNi,-0.4930291561301398
518_CaPb5,-0.1095779331682044
519_Ag4Al,-0.0485466401328874
520_V2Br2,0.6952620889988701
521_CuGe,0.1750219402579942
522_FeTh,0.1634547455125092
523_In2Sn,0.0836835249385252
524_In2Sn4,-0.0003308860237745
525_MnBr8,0.0470076085075885
526_GeP,0.3757062883912843
527_Ca3Pb,-0.2743955233667527
528_IrTa3,-0.316739098636301
529_AlPd3,-0.60903041698508
531_Pb3Ta,0.7059161694290506
532_AlPd,-0.2299419746504174
533_Ga12P17,0.0434574895154503
534_Ni2Sb2,-0.0458101554117664
535_MoTa2,-0.1505603280492735
536_KSn3,-0.1798566029982073
537_Fe2Ga2,0.124064853796499
538_As3Br,0.0974852308422016
539_FePt3,0.1689510602908326
540_V2Br,0.4320593342627887
542_Fe12Mo17,0.1109067026742717
543_Sr4Br8,-2.1555202848237465
544_Mn4Sb5,0.6126234421869883
545_Ba2Pd4,-0.4201277691933628
546_As4Br,0.0467358917197771
547_AgAl3,0.032289277011491
548_CuIr,1.7455088971045418
549_FeNa,1.1342721190919105
551_Ca12P12,-0.942817899372234
552_Fe17Pb12,1.2324810144787373
553_Al8Sn4,0.1639814527707136
554_K8As,-0.0518674954251389
555_In2Sn4,0.0015668598982495
556_Ir4Ta2,-0.1360535071058433
557_V2Br,0.4419066354074476
558_K2Sn,-0.0292190013714626
560_Ir4As12,-0.42536219858306
561_Ag4Al3,-0.0150315622136787
562_Mo2W4,-0.0005864744588208
563_CsNi,1.1901183413278558
564_Ba2As4,-0.7628909404239513
565_BaBr2,-2.1246359399750907
566_NaPd3,0.0354355352941269
567_K3Na,0.0088293019136178
568_AsBr4,0.0827368421497677
569_CuNi,0.0094961468601439
570_Cr2Ta2,0.0133151772221342
571_Ba2V,0.6647424311657275
572_Ni2Sn2,-0.0386517674134507
573_Fe3Ga,-0.081774550841752
574_Ag2Al,-0.0620567473526894
575_AcRb,0.98654844080828
576_CrNa,0.9901028503581726
577_Ba3Ir,0.338428116950626
578_Cu5Ge4,0.1404388175606143
579_K4As2,-0.1232630861551378
580_SmBi,-1.0609019344514443
581_BaPd3,-0.1696675891449359
582_InBr3,-0.5541793780190627
583_InBr5,-0.2712177359377226
584_Ba3Fe,0.912948127235126
585_AuNi,0.9641375582202292
586_AuSr,-0.7391766903276662
587_Ac4Br6,-1.476718120044118
588_Ag4Al4,-0.0205140921578426
589_Ni2P6,0.3413307033604384
590_Sb4Ge2,0.2864570294892138
591_AlPd,-0.769562325120063
592_InSb,-0.1304174171677101
593_Ba2Br4,-2.1866423000315485
594_AlP2,0.0056815618477751
595_Fe2Ga2,0.0474305641048955
596_Cr6Ta18,0.2734942512328213
597_Cu6Pt5,-0.1221253059125608
598_K2Ge2,-0.1488017230705125
599_Ag2Na,-0.0121683720273303
600_Ni4Ta4,0.0027783047602145
601_VGe3,0.1048692303345815
602_W2As2,0.3709171496726551
603_CrP7,0.6510238187764203
604_Cu4Ni2,0.2141543813091626
605_Fe4Mo16,0.753637950687812
606_Ni3Np,0.1401342863873935
607_NaI,-1.3156962778764316
608_Au2P,0.3116512668179887
609_GaP2,0.4456024952488941
610_CuNi4,0.8709995730334945
611_BaTa3,1.209436450673138
612_NiTa2,0.3244954078270427
613_IrAs,0.2667370160346731
614_Ge18P6,0.3569418465741094
615_Au12Sr17,-0.3497568575971653
617_PaGe3,-0.3479441991654255
618_TaGe4,0.177546213788969
619_Pd2Rh2,0.0335179686465618
620_K2As2,0.3860607131950981
621_V3Br,0.5547448324913553
622_Fe2Pb2,1.216375423914755
623_K2As2,-0.3857350325807225
624_Fe5As3,0.0406293060694071
625_AsBr3,0.1837854807495578
626_AgAl2,0.0462782463932066
627_AuIr,1.8220014981525097
628_FeIr2,0.019241553324246
629_AlP,0.0679904561148392
630_P4As,0.812091334973811
631_SrW,1.9972426006473425
633_Fe4V12,0.0347610532886228
634_Al2Th4,-0.2472460955980153
636_Pd3Sb,-0.3289871844330214
637_KAs2,-0.2475392953244745
638_Ta2V2,0.3131622498215911
639_Ni2P2,-0.165174269500933
640_SrW,1.9908134049990984
641_Al6Rh6,-0.7913171802790396
642_As4Br16,-0.046800421294947
643_Al4Pb8,0.190216711141165
644_Al2Pt2,-0.9206056344885516
645_CaBr3,-1.3581370482902582
646_Al3Sb,0.1732711125575723
647_PtTh,-0.9985407139856556
648_CrTa,2.4750764616864167
649_AuPa,-0.285637361273328
650_Mo5P24,0.4231915241768708
651_Mo4P8,0.2062202022958482
652_AlP4,0.0369338508014443
653_NaP,0.1240933747896404
654_Al2In4,0.1587686536238752
655_PdRh2,0.0668231722260811
656_CrSb,0.450704512349529
657_CsI,-1.618852980774196
658_AgAl5,-0.0043263235933051
659_Ce4Fe34,0.018078707394174
660_Al3Ca,-0.0211971321280866
661_CrTh,0.7174677879494853
662_AgAl2,0.0076579922915721
663_Ni2Sn,-0.1294440506136401
664_Al3Pd,-0.4002240771260617
665_AsBr4,0.0831803890341781
666_Ag3Ta,0.4492187079928644
668_MoSn,0.2023255626539493
671_NpPd,0.0703951164883882
672_Ba2Ta4,0.787986574164344
673_Fe3Ga,-0.1088279660592226
674_Fe2Ir,0.0969417910180017
675_AlRh3,-0.4132671229453981
676_AgTa3,3.185028116001336
677_W6As10,0.3115210182407653
678_Na4Pt8,-0.0907200855774921
679_GaMn2,-0.0545106711907668
680_EuGa3,-0.4397634530988226
681_Pt3V,-0.4605299601087775
682_Fe2Ga2,-0.0545204992194774
683_Cr3Na,0.5610182583884997
684_AgAs,0.0355941644367785
685_Pt2Sn2,-0.2274748906173247
686_Cu4Ge2,0.1101341585813073
687_In3Ni,0.2402447399500977
688_AuV,0.5982158839355014
689_In3Sr,-0.3304793817924882
690_Ag6Al2,-0.0033059475086609
691_AgNi2,0.2273391932782319
692_Fe2Mo,0.8089052993960735
693_Mo7P,0.2919101955614458
694_AsBr3,0.507192221287605
695_In4Br2,-0.3554943725237409
696_Ag3Ge,0.087668262499847
697_Ge2P6,0.3548940576013857
698_TaGe2,-0.1885119228950221
700_BaV2,0.8428249004638602
701_Fe2W4,0.1736369429963483
702_Al2K2,0.2122518133412239
703_Pb5As,0.0742787194289308
704_Cu7Pt5,-0.1193349788810517
705_P16As8,0.2640915783909587
706_Ta4V6,0.1993984094369878
707_Pd3Sb,-0.3760822909045904
708_Fe4Pd8,0.8340075111538189
709_CeTa,0.7696654382297821
710_K2Ge2,-0.1416724648632179
712_PtSb3,0.0037757119550514
713_Ir18Ta6,-0.5508677004764083
714_Fe2Pd26,0.4845342715894613
715_Mo2Sr2,0.547790505542185
717_TaBi,1.5440836077559703
718_AgGe5,0.2757923473918933
719_BaV3,0.6593841522437529
720_GaPt4,0.1320540703884518
721_AgMn3,0.5190592754356258
722_Al14Th4,-0.3544823034813247
723_Mo2Sr4,0.7615178657666704
724_Mo2W6,0.3719728802045488
725_SrV,1.1938333385077635
726_Ca2Pb6,0.109675289575164
727_Ga2W,0.2419851468309346
728_FeBr3,0.3130408727754359
730_Ni3Ta,-0.1871286724374261
731_Cr6Pb18,0.8597710145046591
732_AgSn2,-0.0005459262697555
733_Pt2Sb,-0.1835536045961205
734_Fe3Ir4,0.3829532302239989
735_CrSr3,0.4019539081751229
737_NiBi3,0.3715862485464503
738_BaV2,0.885057308656922
739_Ag2Ta4,0.5628349412683527
740_Ag5Al7,-0.0106816300969262
741_Cr6Ge2,-0.2224477129566402
742_SnW2,0.4336866222469631
743_Al4P2,0.1063656280243972
744_V4W3,-0.0694999846588128
745_CaCr3,0.7852050754029234
746_GaAs2,0.1942717367305538
747_Mo3Ta,-0.1285233832042944
748_Mo2P,0.0111428188688501
749_Mo10W6,0.344623366699313
750_Cr2As4,0.1067575780174448
751_Ca3Ir,-0.046826592853308
752_Ba2Ga2,-0.1956373653855494
753_Ir2V4,-0.1734783621908313
754_Ba3Sn,-0.322119701814052
755_RhV,0.682774889396148
756_Fe2Ir2,0.095469058522756
757_W5P,0.7596371541010379
758_Cu4Pt7,-0.1032958613637947
759_P4Br16,0.0475859620767529
761_CuMo,0.34300430186188
762_Na2Pt4,0.3152627011305847
763_PbAs3,0.2528127421578459
764_Al2K2,0.2428604531726903
765_K2As2,-0.1608951117004919
766_Au3Ga,-0.0407151590716394
767_Al18Pt6,-0.5079458393087251
769_P16Br4,0.5858727126604272
770_Cr4Sr5,0.8423494786280783
771_Al2Pt4,-0.6594769920454873
772_PbGe3,0.1001123730519051
773_InTa3,0.2223334662506904
774_W5Sb,0.6439930759214031
775_MoI,1.3140727451876053
776_As17Br12,0.0012304841898449
777_Al2Cu6,-0.1611115337218152
778_NaPb,-0.1123338049140905
779_As4Br2,0.4452598407995474
780_NiTa,0.0359782446442089
781_Ir2V,-0.1910433153192225
782_FeIr2,0.016372947711981
783_Fe2Ir2,0.0966810213421247
784_AuCr3,0.2856037948833716
785_Mn4W16,0.9153041860879512
786_Al8Ta4,-0.2256334324555962
787_Al3I,0.4000964545887084
788_CrTa3,0.0310400462610473
789_AuP3,0.4511237559475161
790_Ba5V,0.5349305232872368
791_K2As,-0.1842960229864036
792_AuNp,1.4256368145629512
793_PdRh2,0.8060997154070506
794_Sb5Ge,0.1763970050717992
795_MoSr2,0.9515306066991656
796_RhBi,0.0684266591716671
797_Al2K4,0.155120108336991
798_Ba2Sn4,-0.4831717141879193
799_Ba3In,-0.2065075990659131
800_Fe3Pd,0.0678074179691172
801_Ag2Sn,-0.0049404452265407
802_FePd,0.0486880392537516
803_Au5Sr24,0.0134686051511183
804_Au16Sr4,-0.4516277814634968
805_Ca2Cu2,0.0082695203874965
806_Al2Cu2,-0.1881961713948934
807_Mo2Ta,-0.1665484888315755
808_In5Ta3,0.274984929722831
809_PbAs3,0.3753619279989451
810_Cu3K,0.7647491590705378
811_NaPt,-0.1472193669535051
812_V4W2,0.4559703031640971
813_Cr4As,0.0144065940607106
814_Ag8Mn,0.1166144529993648
815_Pd4Rh,0.0493545376730246
817_SmI3,-0.8819491333694671
818_Ga3W,0.2579364782583191
820_AgSn2,0.1028906522218721
821_Ag12Br4,0.0515699371614406
822_Ca5Sn7,-0.3709440976254115
825_IrV5,-0.2488146422955945
826_BaSn5,-0.2592371020090927
829_Fe3Pb,0.8221365150147326
830_Mn4W16,0.9114480338063672
831_Ag4Ge12,0.2482454616969152
832_Ni6P2,-0.3125298444586937
833_Sb3Ge,0.2674849223565756
834_Ag5Sn3,0.0055465449788667
835_Ag3Br,0.1339256805882671
836_MnW5,0.637096752327229
837_Mn2W2,0.151687813937281
839_Pb4As4,0.0962067827938515
840_Cu2Ge,0.1278837745665371
841_Pb2As6,0.0647045201800651
842_Na4Pt2,-0.1813541043859411
843_SbGe3,0.3111828316428111
845_Ni3Sb,-0.2230025413726162
846_In2Ta2,0.2468565124577857
847_Fe3Pb,0.8418246784643095
920_Cr24P5,0.1464752893235274
921_Cr4P8,0.1722750167158722
922_Ag4Al4,-0.0125733738802225
923_Ca4P6,-0.7364136415173135
924_Fe16Na4,0.8854584092029818
925_In5Sn,0.0071618832732151
927_Pb2Sb2,0.0600887634065325
928_CaMo3,0.7670388591526027
929_GeP3,0.3912980832327397
930_Ba4Pd2,-0.3112198981691587
931_Pt2As,-0.0404441525489787
932_BaBr2,-2.124731627500796
933_BiP,0.2191229412468898
935_BaPd5,-0.0742184407992028
936_FeAs3,0.0897481398296129
937_V4Br2,0.602972819729254
938_Ca4In,-0.0816027239527812
939_In2Sn2,0.0072557806581281
940_BiGe,0.3197912132401441
941_FeIn,0.331680491258254
942_Cu2Ga2,-0.0384632138339466
943_USb,-0.2871926910980855
944_Sb5Ge,0.3160109171990714
945_RbRh,1.0520374114343962
946_Al10Ga6,0.095685762753773
948_Al4Ce,-0.3289075421692565
949_Cr12Ta12,0.2317028235556613
950_Sb3Ge,0.2281014348942531
951_Fe2Mo,0.8205961221980852
952_Pb2As4,0.1364370872739471
953_Al2In6,0.1239297719224783
954_Ga24Pt5,-0.0221923533320317
955_V3Br,0.2451158130539417
956_GaU,-0.2505695382326465
957_BaBr3,-1.4934390696260131
958_Al3In,0.1618625852910868
959_GaAs2,0.1932450326482199
960_In2Br4,-0.4657886603656829
961_PaSr,0.428211552056168
962_In2Na,-0.0923335285838901
963_Pb5As,0.0730055359613004
964_KMn,1.154798689515636
965_Cr3Sr,0.7469061432395261
966_Ag2Ca,-0.2523950355557402
967_Ga2K,0.003014998792573
968_IrV3,-0.2177500932741018
969_CsW,2.3783873322065965
971_Cr6Ta2,0.3273652456195499
972_NiP4,0.2320048088897643
973_MnW,0.1476485737560633
974_AgMn8,0.3058372083905188
975_GaW4,0.957071096951836
976_InNa3,-0.0468242476688618
977_SmW,2.654567875129585
978_AlIn3,0.1314761879387154
980_CrTa,0.1363227916180687
981_AlMo3,-0.0073852883437464
982_Cr2Na2,0.6053910532536468
983_Ag2Sn,-0.0088186502425434
984_IrV3,-0.3727588195176974
985_BaIr3,1.048165124383834
986_PAs,0.5533038979136409
987_Cr2Na2,0.9853560370272048
988_W3As,0.4255188202761601
989_Cr5Sr4,0.8622231105534092
990_Ga16Pt4,-0.0780871849600103
991_Ni4Rh2,0.0388150810912032
992_K3Na,0.0077935929563961
993_Ba4Ni6,0.4805433521371796
994_Ga3Pt5,-0.561520434446523
995_Cu2Ge4,0.1934571634987148
996_AuCr2,0.3190157135225651
997_Ga3W,0.2291023504900202
998_KI,-1.585206424514379
999_K3Na,0.01417873513989
1000_Fe2Ga4,0.1881841721178313
1001_Ge2Br,-0.0034931880682318
1002_RhV,0.6960338821994467
1003_InSb,0.0411974551286244
1004_Ag2Al,-0.0620548805392004
1005_Cu2Ge2,0.1451743152793989
1006_Cu2Ge,0.0694776776662996
1007_CrRh4,0.4467363132556045
1008_NpU,0.0077134329019052
1009_RhU,-0.1940488904539723
1010_Cr3W,0.0656147205161872
1011_Cr2Rh2,0.0194575353109609
1012_KPt,0.3818962756672643
1013_Ge2Br2,-0.3539225105654191
1014_CrRh2,0.4701862462303445
1015_Cr8Rh,0.4020511085975929
1016_FePt,0.1046782928175824
1017_CuGa,-0.0550340558600681
1018_AlPd3,-0.5908285954344459
1019_Cr5Rh4,0.0433450957045522
1020_MoV4,0.5635547788826841
1021_Ni3Sb,0.032134307323318
1022_SmGe5,-0.6336399568411982
1023_Ac4I6,-1.1254737931145116
1024_Fe4Ga2,0.0881069186662758
1025_KPb2,-0.1224223883686364
1026_Ge2P4,0.2497538444960133
1027_CaFe,0.6670044540710167
1028_FeP,-0.2909302413017611
1031_BaFe2,0.877546727959088
1032_Fe2Ga,-0.1271094661681431
1033_Ir2Mn2,-0.0092013547958025
1034_Cr3W,0.070083144452175
1035_K2Sn,-0.0105444293062548
1036_Au16Sr4,-0.4394674910717768
1037_AlCa3,-0.0462830051008067
1038_Ag6Al4,-0.0511797502237229
1040_Cu8Pt4,-0.1016922929724071
1041_Fe5Ir4,0.021654189741767
1042_Fe4Pb,0.5180408792710665
1043_AsBr2,0.1637912403107397
1044_Fe2Mo4,0.7116753557152222
1045_VGe3,0.1847011190133702
1046_Mo2W,-0.0029383677656393
1047_K2Na4,0.0428438262803355
1048_Cu7Pt5,-0.1273997840012809
1049_Fe4V2,0.1077950162773397
1050_Pd8Sb4,-0.4733627168891452
1051_W4Sb16,0.8629071845772032
1052_CuIr,2.1677452154660086
1053_Cr2Ta6,0.0611923339509843
1054_Sr16W4,1.1537662752830578
1055_SrW3,1.6994325432565986
1056_NiSn,-0.1179296850231041
1057_Fe4V12,0.0315684178168123
1058_V4W2,0.6447502404714527
1059_Ir18Mo6,-0.2434333486468745
1060_CuTh,0.8185751649189763
1061_AgNa2,0.0057255469738176
1062_MoP,-0.0433567812069348
1063_Pb8Sb4,0.0237348567169709
1064_EuU,1.3282505515044436
1065_Cr3Rh,0.0961999135035913
1066_Ag2Na4,-0.0624964469345152
1067_CuGe,0.1859997211468114
1068_Ca3Ni,0.2013279866958397
1069_As2Br,0.0304122552193941
1070_Ni5Ta,-0.2416319823883223
1071_AsBr2,0.0753329165068876
1072_Fe2Pb2,0.2930038543888518
1074_NiSn2,-0.0607263927219516
1075_Sr2W2,1.388439071506709
1077_AgTa7,0.265534970245266
1078_Pt24Ge16,-0.5805424910480653
1079_AuGa,0.0772690096115358
1080_AsBr2,0.1644874317319959
1081_Fe3Na,0.7214530138825488
1082_Pb4V,0.3152668653469838
1083_Ba3Ta,0.8554577806908497
1084_Fe3Pb,0.4081851932579479
1085_Fe4As6,0.0774651105346301
1086_Al2Rh,-0.7934654617387066
1087_Fe2Pb2,0.2934461841775402
1088_NaPt4,0.9276235444384432
1089_MoP,-0.4032645725072434
1090_Al3K,0.3997707114694173
1091_W2Sb6,0.7422411538439109
1092_AsBr,0.2720832940127895
1093_BaTa3,0.5966542786171853
1094_NaPt,0.1854154476944316
1095_Cr4Ta6,0.2239742892993831
1096_Ga2W6,0.2772853612739112
1097_Pb2Sb2,0.0613678890081708
1098_Pt2Sn2,-0.0398088134136793
1099_AuU,0.1006976759970168
1100_WSb,0.6333799695471152
1101_MoI,1.310114103845386
1102_MoSr2,0.9492812964603784
1104_PdRh4,0.401449417497561
1105_Al4In2,0.1216467440318395
1106_SnW,1.9705389854412072
1107_Pb3V,0.414796380719622
1108_WSb4,0.6132872102765802
1109_As3Br,0.4961707944660891
1110_Ag6V10,0.5632138098158901
1111_Ag7Al5,-0.0374998018127884
1112_Cr3Ta,0.054785266293079
1113_IrAs5,0.915548865946659
1114_Pb2V,0.7233741524777114
1115_Ba4Ni6,0.4894772677785376
1116_Ir2Ta4,0.1685092472094496
1117_Al8Pb4,0.2485274522084513
1118_Ag4Al3,-0.0526194813139255
1119_AlPd2,-0.7924205762264265
1120_Al6Pb18,0.1724440600109176
1121_Cr4Rh8,-0.0843739375719524
1122_Au4Mn6,0.1804851735896761
1123_Au8Mn4,-0.03722282827629
1124_Ge4Br2,0.1319228939049175
1125_AlMo2,2.233849459482612
1126_Mn4Sn,0.2246010467999781
1127_AgAl4,0.2037868935858093
1128_Ni5Sb4,-0.0100013788182309
1129_Al2Pb4,0.2678257974993154
1130_Ir4Mn3,0.1284928555570275
1131_Cu8Ge,-0.0100629725513914
1132_FePt3,-0.1780280041811845
1133_Mn2Sn4,-0.0217938214707539
1134_Fe2Pb6,0.7930030037002895
1135_BaIr2,2.783862077291165
1136_Mo4Pb8,0.7113737394934839
1137_Al4Pb8,0.1908878355909351
1138_Au2Mn6,0.3285969933139405
1139_AuIn8,-0.0204696799148749
1140_CrRh8,0.4461490079536613
1141_AlPd2,-0.7903348888563736
1142_InTa3,0.0484760350798882
1143_Au2As2,0.2329993076058523
1144_Ce3Sn,-0.5155391190107332
1145_Ba2Ir4,-0.006348404294106
1146_Fe8Pb4,1.0841797110529658
1147_K2P2,-0.4137983534760199
1148_As4Br,0.0474093206841274
1150_GaPt3,-0.4503010499927162
1152_K2P2,-0.4163686881296446
1153_AuCu3,-0.0003989963805692
1154_BaIr3,0.8991729438340785
1155_Ca3Pb,-0.3742175042414386
1156_Fe44Mo2,0.2030259481731812
1158_NaPd2,-0.0431735977720085
1159_SnW3,0.5108634037715429
1160_Fe3As,0.1806419260128855
1161_AuMo,2.2015380882334377
1162_Fe6V4,-0.0192158893058021
1163_Mo3W,-0.0041970000888422
1164_Ba4Cu2,0.0391115110717175
1166_As3Br,0.2125235734648201
1167_AgTa3,3.130992588674295
1168_Pb5Sr24,0.0469595991761585
1169_Cu6Pt5,-0.133328817054783
1171_Mo2P6,0.0578274049284992
1172_CuNi,1.7193662460175383
1173_GaP4,0.6351338889906983
1174_PbV4,1.736418693171305
1175_Ba5Pd,-0.0416080374204114
1176_Mo2W2,-0.0002653883724654
1177_PAs5,0.7699399335684985
1178_P12As17,0.3348875683184654
1179_As4Br2,0.4407940179014631
1180_Mo3W,-0.0004325140166905
1181_MoPb5,0.463974806041629
1183_K3Sn,-0.0495743689624823
1184_Ca3Pb,-0.1979178734946765
1185_AsBr,0.606413846195041
1186_Ag6Al2,-0.0471502445581117
1187_AsBr8,0.0085100131908456
1188_Ca6P2,-0.6035213080755142
1189_CuBr3,-0.1813563709530927
1190_Pd2Sb4,-0.2272682943687858
1192_Ge8I32,-0.4877157299122451
1193_Ag7Al3,-0.0400596366406151
1194_MnSb8,0.1924240153271862
1195_Ag5Al3,-0.0629852474614018
1196_Ba4Sb2,-0.7672871561808551
1197_KGe3,0.2462290881116402
1198_Ag5Al3,-0.0362252790731596
1199_Pt10Sn6,-0.2581695353379691
1200_K4Ni2,0.6744503580154383
1201_Cu6Pt4,-0.1170175652860208
1202_PdTa4,0.7824558231776578
1203_BaCu5,0.1611099610981305
1204_PdW2,0.0761774245930648
1205_PAs3,0.6237256083686127
1206_K2Ge6,0.180561388428706
1207_Ce4Ge4,-0.9901764428373054
1208_W16Sb4,1.0332184323450888
1209_Ag4Al,-0.0270003615448651
1210_In2Ge2,0.1434853874473254
1211_PbSb,0.0827676745746988
1212_Ir4Ta2,-0.1304702171536978
1213_Al9Sr5,-0.2739927291874911
1214_GaW3,0.2057357064825211
1215_Ag3Mn,0.1560579519535476
1216_Pb16Sr4,-0.0826897159433492
1217_Pt4Sr2,-0.413395828067897
1218_Ba4Cu8,0.2957104055890719
1219_Pd2Ta2,-0.2982261976196536
1220_Ba4As,-0.4649167621253038
1221_Mo3Pb,0.507330070879302
1222_K5Ge,0.115353885773028
1223_Al2Cu,-0.1791318434967745
1224_Na3Pt,-0.0569240620067024
1225_FePd3,-0.0160473646052743
1226_Ag4Al,-0.0484028888270259
1227_Mn2W6,0.1105672566669202
1228_Mn2V2,0.0580102388124679
1230_Mo5W,0.4296285247493069
1231_AgMn4,0.4837143497390969
1232_Pt7Sb,-0.1560119826484634
1233_Ba2Ga2,-0.0618128052502804
1234_SbGe3,0.3208394111207813
1235_FePb,0.8299400887561053
1236_Ag2Ge4,0.2981145380044309
1237_CaNi5,-0.1309344261631579
1238_Cr2Ta2,0.0607414872424509
1239_Ba2Sn2,-0.6111419105514235
1240_VW3,-0.0782328929197611
1241_VW2,-0.0960441537532806
1242_CrAs3,0.6062406563238731
1243_Ag2Ge6,0.2741174677480242
1244_V10W6,0.2820367812171813
1245_P17Br12,0.0963308127641721
1246_Al3Cu5,-0.2072909856782967
1247_Ba2Ga2,-0.3509398047293142
1248_Pd2Sn2,-0.4222715211301207
1250_Ag2Mn,0.2204605998716194
1253_AgBr3,0.0367241133058517
1254_P8Br16,0.5215730473216924
1255_Ga4W,0.5111326559478918
1256_Ag2Ge2,0.1947644454814843
1257_Ba6Ir2,0.3878091569580264
1258_AgBr3,0.0322776735988974
1259_VW3,-0.0783489245455051
1260_KP3,0.5600689693530976
1261_FePb3,0.8225211552662088
1262_Cr6Ta18,0.2735172897114353
1263_Ni2P4,0.0238628367824442
1264_Sb4Ge2,0.1172749535292852
1265_CsNi,1.2031352450911528
1266_Mn5Sb,0.3337874259315647
1267_Al2Rh2,-0.8673376400270163
1268_Ca3W,0.735085956096504
1269_PdSn3,-0.2541301370193132
1270_Cu2Sn2,0.0571521049419954
1271_GaMn3,0.0619946859989424
1272_Ba6Ga2,-0.07673025911448
1273_Ag2Mn4,0.6947248627524445
1274_Al5Sr,0.0170560447700485
1275_Ca2W2,0.4891521987122589
1276_Mn3W,0.0958503255778993
1277_PtSb3,0.2069259494686512
1279_MnW3,0.4059069997705169
1280_Fe17Pd12,0.6157757955179565
1281_Mn8W16,0.2511346581815014
1282_Ga8Pt16,-0.3592429540116804
1283_CaNi5,-0.1108199941880911
1285_Ga4As2,0.1240833690026974
1286_Ta2V4,0.0447167169141889
1288_FeIr3,0.5584664826945129
1289_Bi16I4,-0.1405454727266878
1290_Ag2Br2,-0.4427062432956123
1291_Al5Sb,0.1330706441740492
1293_Au3Ir,0.3039893633854751
1294_Au3Ga,-0.0748055552389126
1295_Pt3Sb,-0.1219302696641104
1297_RhU,0.4548304180968863
1298_Al12K12,0.3068203356212556
1299_Cr2Na6,0.6015848251485396
1300_Al4P2,0.0048209866646065
1301_Al2Sb4,0.0344713044585702
1302_Ir2Pb4,0.1596593003387981
1303_Ga4W,0.4929919372029175
1304_SrAs3,-0.6826751140489415
1305_GaW2,0.1380785238708952
1306_Na6Pb2,-0.1263341472736097
1307_Fe26Pd2,0.3245601126779028
1308_Ba2Sn4,-0.5594160073734505
1309_Al2Cu,-0.1656155871266828
1310_Ag4Mn2,0.5553655597303203
1311_FeW,0.1734095909487258
1312_PtSb3,0.0018055570048129
1313_Sn4W,0.4976734814005475
1314_Ta3V,0.2921233851410409
1315_P7As,0.7665221907047712
1316_TaGe3,0.2141826952026813
1352_Fe4Pt8,-0.2230040031542503
1353_Ni2Sb4,0.0233909646702888
1354_V3Br,0.2459976949128535
1361_Pt2Sb2,-0.5598253645688853
1362_CuPb,0.3462815846160936
1363_BaFe2,0.6576172441119587
1364_Ca2In2,-0.1173949604676822
1365_FePb3,0.9185793676251812
1379_Cu18As6,-0.0680231611870526
1380_Fe4Pb8,1.0701517736064603
1381_Mo4Pb4,0.986165049405022
1382_In2Mn4,1.087186877735301
1383_CrPt3,-0.0451815759747766
1384_VBr3,0.6187073980676105
1388_Fe8Na16,0.7667905908766114
1389_Cu2Ga4,0.0349927688044265
1390_Ga2Pt4,-0.3798569394426714
1391_PdTa2,-0.0609986808037371
1397_Cr20W10,0.1884869986014261
1399_Ni2Sb,-0.0823336954427803
1400_VBr2,-0.4096795574544997
1401_Ir2Na2,0.2327297864083446
1402_PaSn,-0.5566716627841606
1403_Ba3Br,-0.6963803494486649
1404_Al3Pd,-0.3980137157838905
1406_Cu2Br2,0.0045894584552015
1407_BaAs,-0.8248225062646046
1408_Au4As2,0.3492469345038422
1409_Cu5Br,0.2437103675173967
1410_K2Na,0.0087589688820123
1411_Mo2W4,0.6719375937229822
1412_FeK,1.3241645138926663
1415_Mo4Pb4,0.9888519019726364
1416_Cu2Ge6,0.2952457794634711
1417_Mn2Sb,0.1825550662347351
1418_Ag4Al2,0.0167224435327266
1419_Fe2Pb4,0.4720998800685994
1420_CaCs,0.2514498412173807
1421_In2Ta,0.3123895790519941
1422_Ba2Br,-0.9571124790398188
1423_SnW3,0.5193271044310759
1424_Pd12Sb4,-0.3704102548060044
1425_Mn6Sb2,0.1532675726229939
1426_In4Sn2,0.003060684052329
1427_Ni3Sb,-0.1358773065812233
1428_InV,0.4022346652563175
1429_Ga3Br,-0.0668485881833467
1430_BaCu,0.1183265687375136
1431_Ba2Br,-0.9593332803697492
1432_Pb2Ta2,0.3806331488239092
1433_Cr16W14,0.1711127888080928
1434_Cr12P17,-0.0830506357085518
1435_Ni4Sb2,0.1844372324256843
1436_AlFe,-0.2410192208620589
1437_GaP,0.3845919851814665
1438_KNa3,0.0243309260970867
1439_PbTa3,0.2290332506804056
1440_KI,-1.585149885067622
1441_BaCu3,0.4070886445157522
1442_Ag8P16,0.5154180949090043
1443_Pd4Ge2,-0.003291648050693
1445_CsI,-1.619871335866558
1447_Fe2Pb2,0.2944677495223846
1448_PtV3,-0.2197814555382198
1450_Pb4V,0.3160382440149568
1451_PbI2,-0.7771972389298755
1452_In3Br3,-0.617555666652034
1453_Na3Pd,-0.0211022296641258
1454_Al2Sn6,0.1020939395614122
1455_SrBi,-0.630477073737969
1456_Ir4Na2,0.7132981850153968
1458_CsYb,0.7037468588154681
1459_CsW,-11.82074013651485
1460_Ge8I32,-0.4836880931436205
1461_Pd2Ge4,0.1011663982781095
1462_P4Br8,0.1761227743372254
1463_Cr2Na,1.0064532429628876
1464_Ir2Mo,0.0889698773702368
1465_BaAs,-0.8242589244395955
1466_Fe6Na2,1.2328789781487774
1467_GaPt4,0.129965552129088
1468_Cr3P,-0.1446743340815022
1469_CuGe,0.0786484601624302
1470_Ir2Na2,0.4811204745271373
1471_CuGe,0.1994466412303577
1472_SnW4,0.8177328976757025
1473_VBr2,-0.4152301239996578
1474_Ge2Br2,0.1309502640754578
1475_Ca2P2,-0.816929871768715
1476_Ni3Ta,-0.1899694483609204
1477_CuFe,1.5323561329046536
1478_Ta2Ge6,0.1118716085629225
1479_Fe6Sb2,0.2828788980736254
1480_Fe2Pb2,0.7151422050452814
1481_Fe3V,0.0116175512059566
1482_Cr8P4,0.095169955832033
1483_Fe2Pb4,0.655256511776629
1485_BaCu5,0.2562033384073583
1486_InIr,0.4610586516897141
1487_Fe8W4,0.106739363251543
1488_IrTa,-0.2715116790559833
1489_Ge2P2,0.1221786004450189
1490_PbSb3,0.1251027141729275
1491_AsBr5,0.239346255118716
1492_K6Sn2,-0.0242253265418126
1493_InK2,0.0403808359025378
1494_Fe7Pb,0.3180355931039793
1495_UI,0.0046038683385214
1496_Cu12Ni17,0.1192806312733478
1497_W5Sb24,0.4023882197469812
1498_CuTh,0.2132029681483676
1499_Fe6Sb2,0.3131206590505275
1500_Ag2Al4,0.0457588772121333
1502_Fe5Mo,0.1221333189670185
1503_FeMo5,0.5453663357175754
1504_FeNa3,1.3762284436560104
1505_Ce4Cu4,-0.1497641612650788
1506_Ba2Pd2,-0.5512698825241915
1507_Ge2As4,0.1162548416320869
1508_Na2Pd2,-0.0727240279877157
1509_Fe4Na8,1.6118337303855472
1511_V2W,0.1508598416056431
1512_CuNi,0.6666003672900942
1513_CrP3,0.4691332273700528
1514_Ga16Pt8,-0.3962004231706816
1515_Fe16Na4,0.8900192099042854
1516_Ge2P4,0.2592394888634833
1517_Na4Pt4,0.2332110155064155
1518_Mo2Pb4,0.5624454406346094
1519_Cr2Ta4,0.758102563824084
1520_NpYb,0.5036990253020832
1521_InBr5,-0.2827377903090093
1522_Cu6Ni2,0.1060776691267886
1523_Ga2Br6,-0.4421051503954034
1524_KAs8,0.2680072295464981
1525_CsYb,0.6718211478979981
1526_CrTh,1.69171923161423
1527_Ba2Br2,-1.6453708263697826
1528_RhU,-0.2687024518637599
1529_AgCa2,-0.2246726768933656
1530_NiTa5,0.4665004146776101
1531_AuCu3,-0.0241945328699291
1533_Ga5P24,0.25576877184418
1534_Cu8Sn,0.0012890280471198
1535_Ba2Pd,-0.3625728003444
1536_Ta5V,0.0288458920268771
1537_BaV2,0.8221410070346913
1539_Ir3As,0.1955133881348913
1540_Ag3P,0.1704723993172554
1541_Pd8Ta22,-0.1923537903864579
1542_BaAs8,0.1090165162356824
1543_Cu5Pb4,0.2302710594214126
1544_Mn2Sb2,0.2537435629950586
1545_Ca4In,-0.0793600515693867
1546_Mo2Pb4,0.5704802408949945
1547_GaAs2,0.1910730051542918
1548_Ni2Br6,0.5173969276250716
1549_Ga3P,0.1349100492576389
1550_Ag4Al6,-0.0121998775051977
1552_Pd4Sn4,-0.3934178880777548
1553_AlTa2,-0.1247615256722092
1554_Ba5P,0.243126367836548
1555_FeW,0.3016816518868364
1556_Fe6Mo2,0.0530397565109037
1557_CuGe3,0.2349109754561507
1558_AuPb,-0.0561221939407761
1559_Cu6Pt5,-0.1148469734807642
1560_SmSr,-0.1430822315729507
1561_CrMn,0.2397128541524225
1562_NiP,-0.2095465905788165
1563_Ag2Na4,0.0735529798504162
1564_Fe4W2,0.2982040333764632
1565_In2Br2,-0.7314480474795149
1567_AgIn3,0.0414522576685278
1568_Cs16Bi16,-4.954624198783083
1569_Pd20Ta10,-0.3203614440292625
1570_Ge4As2,0.2483039054601121
1571_Ca2Rh4,-0.1264421561850426
1572_Ba2Ta2,0.9726660089722784
1574_Al4Sn2,0.3032474216993517
1575_AuP3,0.0329340208447916
1576_Ag2Sn,-0.0051447146254079
1577_Cr4Sn8,-0.0258652017659611
1578_Fe12W12,0.1609000908420957
1580_Ag2Br2,-0.4266515631149774
1581_FeV3,-0.1426573123202441
1582_Ga2Pt2,-0.2834445013076179
1583_Ag3Br,0.1583920348366088
1584_SnW2,0.4333257138619674
1585_CuFe,0.793062598387337
1586_Cu6Pt5,-0.1172930858644618
1588_Ag2Al3,-0.0310931534378596
1589_CeBi,-0.5555537611125843
1590_PtYb,-0.9045942152103312
1591_Ag2Sn2,0.0140750344839628
1592_BaIr5,0.6484048012314467
1593_W2As2,0.6139095757248487
1594_SbI,0.1741662779612185
1595_Ag7Al5,-0.033099776589608
1596_Ag4Ge6,1.1126645576840708
1597_MoSn,0.1935548928516741
1598_IrTh,-0.6023029753801623
1599_Eu3Sm,-0.1120561147407701
1600_PtRh,0.011440339768499
1601_IrV3,-0.3769391857983084
1602_IrPb3,0.2292775848969874
1603_Au3Sr,-0.4641703289192604
1604_Cu16Ni4,0.3643143718723906
1605_Ge8P4,0.2090046404551131
1606_Ba2In4,-0.4937894542599756
1607_K2Na4,0.0638998573109968
1608_Ag4Sn2,0.0827211942524138
1609_CuRh,1.38952287924684
1610_Cu2Ga2,0.0515306965752166
1611_Na4Pt2,0.2613324801413122
1612_SnW3,0.5070538116518577
1613_P12As17,0.3327069785419281
1614_NaNi,0.4633427963348522
1615_CuP3,0.1581477937523514
1616_Al2K2,0.2424803932814523
1617_AlSr5,0.0473004984587275
1618_AlTa2,-0.1258737631483046
1619_Fe3V,-0.1830790839423262
1621_FePb,0.8402487620204404
1622_Fe44Mo2,0.2251934174866468
1623_Cr8Pb4,0.6935188602294282
1624_Al3Cu9,-0.0331233459433093
1625_In3Sm,-0.6863031035524711
1626_Ir6Na2,0.4922952696608815
1627_Al3Sb,0.1942464372407792
1629_PtYb,-0.9133928122090472
1630_BaIr,1.1244898747305545
1631_Mn16W8,0.4934416629123663
1632_InBr3,-0.5535261041398845
1633_Ba5Sn3,-0.4833400665952947
1634_Cu2Na,0.1896229369415631
1635_Mn3V,-0.0531336093233463
1636_NiP3,0.3806580164047135
1638_CrGa,0.5566800946973203
1639_V3W,-0.0312432122397954
1640_Ag2Ca4,-0.2512035885165782
1641_Pb2As2,0.0840475302337555
1642_AgI,-0.3753316093644216
1643_Ca3Ni,0.2530239250171147
1644_FeV3,-0.1424462107173667
1645_Ag3In,0.0056007404912765
1646_AuP,0.1982375973905634
1647_PbSb,0.1028825215824067
1648_Ir3Br,0.9638165529735652
1649_Ag14Yb4,-0.3354358099427333
1650_Eu3As,-0.6824294872306971
1651_GaMn2,1.015550691138292
1652_Ta2Ge4,0.2489534098761604
1654_RbTh,0.7255856214069927
1655_WAs2,0.2057724770828173
1656_Au3P,0.2589385795723418
1658_Ni17Br12,0.3165058734830896
1659_Cu2Fe2,0.1809816039781348
1660_V6W2,0.1271767347920729
1661_Na2Pt2,0.0208329909888398
1662_TaGe5,0.202469743993633
1663_TaGe3,0.1374193903641964
1664_NaNi,0.4828097023828093
1665_Ba3Ta,0.904670441205412
1666_Ba2Fe,0.8109463065854191
1667_Cs4I12,-0.9683357396519788
1668_Ba6As2,-0.3480596932121238
1669_NiPa,-0.2848301627881691
1670_InBr3,-0.5579910152995953
1671_Al2In4,0.1496605006122985
1672_Al2P4,-0.069489045227011
1673_AsBr2,0.1821197484917872
1674_Pb2As4,0.0357977154458121
1675_AgBr2,-0.1491938272423508
1676_Sb4Br12,-0.6157437162277182
1677_Fe8Ir,0.0635756256994726
1678_RhYb,-0.3348424399415872
1679_KAs3,0.2951061834844219
1680_Na4Pt2,-0.127379207660755
1683_WSb3,0.990997905753166
1684_FePb2,0.5941554962577266
1685_Al5Rh7,-0.6383318023359396
1686_Ca3Ga8,-0.4391065488204818
1687_CrTa2,-0.0129322637731329
1688_VW2,-0.0940328855695398
1689_InRh,-0.0625134166024929
1692_As3Br,0.4963062451191149
1693_AuU,0.1076096596159361
1694_Ba4P8,-0.6301452926437984
1695_Al4Ce,-0.3227036842435439
1696_Cr3Na,0.9098419704397562
1697_Ca5Ga3,-0.1228295982076836
1698_Al3Sm,-0.5776724548870158
1699_Ag2Ge2,0.1769106188002136
1700_Fe2V2,-0.078264600413517
1701_Na5Pt,0.1710178720096715
1702_NaPt2,0.3272971048436961
1703_Ba5Ir24,0.5284555203006704
1704_P16Br4,0.2682701181112456
1705_CaMn2,6.453217612714281
1706_CsIr,1.5583195048915797
1707_Pd2Sn,-0.4766293163031274
1708_K2As2,-0.1594136726871555
1709_Mn5W,0.0518166976176933
1710_MnV2,-0.22532081361564
1711_Fe3Pb,3.1602556276759275
1712_P12Br17,0.305400172102448
1713_Ba6Ga2,-0.0995503976400025
1714_Ba3Ga,-0.0058325030941168
1715_Cr3Ta,0.1301554515644412
1716_Mn6W2,0.1763066696193256
1717_Au4Ga,0.0781698024577743
1718_Ba2Sn2,-0.6119471538828103
1719_Al3Ga,0.0275824749523612
1720_FeIr3,0.5584776160701406
1721_Al10Au20,-0.3473274178695784
1722_Al18In6,0.1601819126916096
1723_Ag4Sn,-0.0197127183807911
1724_Al2Cu,-0.0700894357803155
1726_AuGa3,-0.0481767646676423
1728_Fe3Ir,-0.0421983063443285
1729_AgGe,0.2156207633049502
1730_Cr4Sn8,-0.0265927506534436
1731_CrTa,0.530166486935034
1732_PaSr,0.4385685916244535
1733_FeV,0.1213318125962068
1734_AgGe3,0.2660237849399345
1735_Ba6Sn2,-0.1304743003915054
1736_CrSr3,0.3991310186583723
1737_Na4Pb2,-0.0059604221131216
1738_IrV,-0.4972864209587264
1739_Ba12Ir17,0.7052706845245339
1740_Al2Sr6,0.0682416433704053
1741_Pt8V,-0.2749647122994219
1743_Na5Pt4,-0.0063450382886319
1744_Na2Pt2,0.0178433983610966
1745_Fe2Pd2,0.0600193354461096
1746_Ir2V,0.1849424688285653
1747_Fe3Pb,0.3962023583228786
1748_Ag4Al3,-0.0356463121095568
1749_Au2Ga4,-0.0790314973956759
1750_MnSb2,0.2132027757194402
1751_Al2P2,0.1711348282914704
1753_Ir2Pb,0.5983672141707702
1754_Au3Cr,0.0798392217555257
1755_V3W,-0.0340694370188607
1756_FePb3,0.9449279199060578
1818_Ba2Pd,-0.3628834847793444
1819_Sn6W10,0.5835910355843623
1820_In2Br4,-0.649103872879229
1821_MnRh,-0.1924736817812853
1822_Ca3Mo,0.7116405846471903
1823_Mo2W4,0.6720921408779242
1824_Cu3Ga,-0.0800573082827607
1825_Pb2Sb6,0.173259380384851
1826_FeGa2,-0.041209392734169
1828_Ir4Sn16,-0.249447746255101
1829_FeNa3,1.3916807839633634
1830_SnP3,0.113431214348977
1831_Fe2Ga2,-0.0316817679816612
1832_Ni4U6,2.4319144975516
1833_Ga5Br,-0.0006488106114813
1834_BiI,0.2449565880310906
1835_Ca3Pb,-0.2709615632900624
1836_Mo2W2,0.4529627299555354
1838_SnP,-0.0947927665832342
1839_Al2Th2,-0.3294962269685841
1840_GaMo,-0.028439939265862
1841_Pd2Sn8,-0.2912838041090353
1842_AcAl3,-0.0211706250433376
1843_Cu3Sn,0.0759635169361603
1844_Ni2Pb2,0.0508002978802686
1845_SmBi,-0.8891919496746308
1846_VW2,0.8396076707660759
1847_Mn16W4,0.4679057054088744
1848_MnNi,0.0683401008984505
1849_AlSb3,0.1501559370777596
1851_GaNa2,0.0255243116220409
1852_MnW,0.147210544305592
1853_VSb,-0.0537609682333108
1854_Ag5Al4,-0.0289825661094569
1855_Ag2Ge4,0.297839306357804
1856_Cu4Pt4,-0.1205808597847024
1857_CuMo,0.3588543434479447
1858_AlTa4,-0.0452718545750741
1859_Ag2Mn,0.2280746253719249
1861_AsBr8,0.0996156429798001
1862_GaMn2,0.0749574779848624
1863_Fe4W2,0.1247923180939961
1864_Fe5W,0.1370840131538635
1865_Al2K2,0.2493481884250021
1866_NiPa,0.4430243120613264
1867_Cr6Sr2,1.4466103641065455
1868_FeSr,1.0256503461245172
1869_AlIn3,0.1166018305890035
1871_FeSb,0.1270127343936424
1872_Cr2As2,0.0077630930576173
1873_Al2Sb2,0.181921935434036
1874_Au4Sr2,-0.7626116234560195
1875_Al2Sb4,0.0339020113510422
1876_Ca6Cr2,0.8731378962099527
1877_CuTh,0.1765057819602988
1878_Ca2Rh,-0.2601120708243023
1879_Al2Rh,-0.7826644855886933
1880_Al4Ta5,-0.155074501972327
1881_IrPd7,0.0597201569160912
1883_Cu4Ge2,0.1403253897507686
1884_Al12K12,0.3064031157240965
1885_Sb2Ge2,0.2790129490215403
1886_CrSr2,0.5302048832881928
1887_Fe5Pd,0.2336302647298455
1888_AuGa4,0.091451306531556
1889_Ca3As,-0.4199362387130616
1890_CrNa3,0.8515193684396225
1891_Au5Mn,-0.0340198901622936
1892_Cu2Ge2,0.1863597944661306
1893_KPt,0.1618379733553894
1894_Cr2W,0.0611237773090872
1895_Ag2Al4,0.0460584207708614
1898_Cr8Sn,0.3679512322402697
1899_Cr4Rh,0.6346711220946574
1900_CuK,0.5618755958170236
1901_Ir2Na,0.2358284209454311
1902_Ni2Sb2,-0.0576973778270293
1904_In4Mn4,0.2530961970805325
1905_GaNp,-0.1393437317112527
1906_InV,0.3485211857579378
1907_VBr2,-0.410063217628896
1908_CuGe3,0.2343947773578127
1909_KPb,-0.0405393933728852
1910_KSn,0.0318888405176593
1911_InTh,-0.2467436210790188
1912_AcV,0.6825734085499287
1913_CrSn2,0.2617738281861198
1914_Ba3Cu,0.0483975189046881
1915_K2Sn4,-0.1488476600167298
1916_Cr5Rh,0.0637703554591707
1917_FePt,0.1044084665960856
1918_Ba3Cu,0.0394702967897684
1919_NiSb3,0.438097995862682
1920_FePt3,0.0189147301200076
1921_CsYb,0.6736704833459317
1922_Fe2Ir,0.0990216812654504
1923_InV,0.8176152594236008
1924_AuNp,2.1495720761711983
1925_Cu44Ni2,0.1180290791446753
1926_BaAs4,-0.2218057127435329
1927_Cu6Pt6,-0.119603433327993
1928_K2Na2,0.0232163659383157
1929_Pb2Sb2,0.0611476891897284
1930_W5P,0.760492533042194
1932_AgTa3,0.3187596400493717
1933_Ni2Rh2,0.2229648259063426
1934_BaV5,0.4324695998630012
1935_Na7Pt,0.0551020299561471
1936_WP3,0.3893691915278054
1937_Fe8Pb4,1.127174672553231
1938_Al3Cr,-0.1119193373167286
1939_CaCr3,1.0513220301705486
1940_Al3Cr,-0.1551539401644879
1942_Pd4Ta26,0.0798275323361679
1943_Al4Ga8,0.0662554584094277
1944_Th6Ge4,-0.8316474113878478
1945_RbU,1.1812050215563366
1946_CrP,-0.2154551302781184
1947_MnNi,1.5847576502533247
1950_Ta10Ge6,-0.4756011476448218
1951_Ag4Na2,0.0165116819565905
1952_Ba2V2,1.4341046655489045
1954_AgP3,0.6993426805573235
1955_RbU,1.1722792845582193
1956_Sr8W4,1.5620329569499674
1958_Ba2Fe2,1.432824894896533
1959_Pb5Sb3,0.0442930198409401
1960_AlRh2,-0.6427034311591117
1961_AuSr,-0.7420538966163632
1962_K2As2,-0.1601061421490177
1963_Mo4P4,-0.5185167056942248
1964_SrW4,3.29538982431248
1965_CuFe,1.458478172494921
1966_NaPt3,0.1237963514291218
1967_Ag2In4,-0.0368942050166865
1968_GaSr,-0.1161170499616095
1969_AcAl3,-0.0241113388268203
1970_FePb3,0.4816714178581449
1971_Ca5Cu3,-0.0565900669884098
1972_Ga2Pt2,-0.2900444828879625
1973_Fe3V,-0.0559529631309843
1974_BaAs,-0.8242741931404591
1975_Ta2Ge,-0.1709796290019044
1976_Ag2Na4,0.1008943952187406
1977_Fe4W2,0.1000496737824505
1979_Fe2Pb2,0.5712586162799171
1980_Ir5As,0.7876346656538438
1981_As3Br,0.2125740824372881
1982_Fe2V4,-0.1378910599604251
1983_Pb4V4,0.5410168853053765
1984_CuNi5,0.1978016568543837
1985_In4Br2,-0.3372741578598444
1986_SrI,-1.1425274083601475
1987_Ag3K,0.2102714975918522
1988_PbGe3,0.1050826939614646
1989_Ba8P,-0.1316894719354589
1990_CrYb,1.563562392238151
1991_AuP,0.216376917775559
1992_CaGe3,-0.2835520166753325
1993_K4Sn2,0.0381415247835024
1994_Ga2As,0.1121954406985832
1995_CuSn,0.3544542623870392
1996_AgIn2,0.0771648789217872
1997_BaTa2,2.6742888561602256
1998_Cu5Pt5,-0.1249004932685046
1999_Sb3Ge5,0.279852167525032
2000_AlTa8,-0.0389980449255236
2001_FeMo5,0.546571882198973
2002_Sr2W2,1.3964235494759736
2003_Ba2V2,0.7014600764628796
2004_AsBr3,0.5071995218617864
2005_Fe26Mo2,0.4051483533428351
2006_CrEu,0.9504176641676194
2007_W2Sb2,0.9266181348642304
2008_Au2P,0.3120691496839557
2010_Cr4Rh8,-0.0874482718645239
2011_Ba8Bi6,-0.952543718522009
2012_Au8In,-0.0480099525897463
2013_MoV4,0.5719330538235908
2014_Cr12W18,0.3721570960262284
2015_AlPd,-0.7587414640727959
2016_Ba2Ge2,-0.242087032344104
2017_Mn6Sn2,0.2060444772109209
2018_Au2Mn2,0.0127753186422383
2019_KNa2,0.0142078707647042
2020_AlPd2,-0.0943717988913158
2021_CuI,0.1611175716966943
2022_Cr2As,1.20373859087688
2023_Mn4Mo5,0.160447881363546
2024_K2Sn4,-0.1484137375559336
2025_Al2Pb4,0.2598910134384138
2026_Sr8Bi6,-0.9292699023510173
2027_Mn2Mo4,0.148827009312118
2028_Ag3Al4,-0.0070739792168131
2029_GaPt5,-0.2771613896486968
2030_Cr8Rh4,0.0901796025136161
2031_CuYb,-0.0475451543672771
2032_SrAs2,0.9507100421627857
2033_Au2As,0.1483135096731356
2034_Fe3Ga4,0.078311859130354
2035_V2Br4,0.0156110111199486
2036_AgAl2,0.0454910328131704
2037_Al4Pd2,-0.2908299967509844
2039_IrP2,-0.3584518601264636
2040_FePb,0.8426981996656657
2041_Pt6Sn2,-0.3247850276886179
2042_K5As,-0.0434061296714644
2043_BaIr2,1.7508225033464004
2044_Pd2Ta2,-0.2980566242829212
2045_Ba8Cu4,0.0588067267426094
2046_Ba2Pd4,-0.351981708479304
2047_Mo2Pb4,0.836551452064942
2048_Ca4P2,-0.8955902962299666
2049_Ba4Ir2,1.2092215221026048
2051_GaP7,0.6729407778305001
2052_InNp,0.8057627772406146
2053_Pd2Rh2,0.0410224113616495
2054_Pt2As,-0.0340950131970624
2055_Fe2As4,-0.2726784974914693
2056_Pd4Rh5,0.0900570939895841
2057_BaFe3,0.8829292337864798
2058_AcSm,0.3655227245744945
2059_KNi3,0.7556957670325106
2060_BaFe2,0.8755973013057728
2061_AsBr3,0.5177541344689449
2062_WP3,0.3904898621671568
2063_Fe2Pt2,0.0783132292381125
2064_Cr3Br2,0.6807631171727635
2065_KNa2,0.0095998483494705
2066_Fe2Ga2,-0.0240492364425461
2067_VBr3,-0.2722658008667262
2068_Ba2Ir,-0.0891605456993988
2069_Pt2As2,-0.1098590302761417
2070_In5Sn,-0.0015679249820171
2071_Ga12Pt12,-0.4726474852203968
2072_Ga2Br2,-0.5777253611313591
2073_BaBr2,-2.124535582082067
2074_Ca2In2,-0.458801559172195
2075_Ir2Mn2,-0.0091856610615099
2076_K5P3,0.0229123948438667
2077_Sn4P,0.1624301464290653
2078_V2Br2,-0.1457084697899882
2079_Fe2Ga4,-0.0040748238131603
2080_SnP,-0.0944015208122417
2082_BaPd,-0.4783613083554825
2083_PbSb,0.1049325678159949
2084_Ce4Sb8,-1.0093768112312318
2085_Cr5P24,0.4558804071858427
2086_GaRb,0.3709528424798503
2087_IrNa3,0.4171477206495835
2090_Cu5Pt7,-0.0938955697698211
2091_Pb16V8,0.3154810401082291
2092_K2Ge4,0.2058314233855368
2093_CuPb,0.6068640491029402
2094_Al3Sn,0.1655793976137554
2095_GeP5,0.2502946082764126
2098_Ce20Ir16,-0.539478361802414
2099_Ba16Ir4,0.2012769031781847
2100_Pd3Sb,-0.3754922119956188
2102_BaCu3,0.2453032477954502
2103_BiGe,0.2141530049264015
2104_As16Br4,0.33519920200048
2105_Ag8Ta4,1.3870426358454473
2106_RbBi,0.6406652800277259
2107_K6Ni4,1.1132662060029634
2108_Ga5Pt24,-0.067521268653485
2109_BaCu5,0.2499063164877467
2110_RhYb,-0.4724318611785012
2111_Ag2P,0.1479457399151679
2112_Ag6Al2,-0.0362782632402982
2113_PAs4,0.4778014059865242
2114_Ag8P16,0.5141729398957775
2115_Pd8Sb4,-0.4630380882032696
2116_Na2Pd,-0.0417511614547165
2118_Ge5P3,0.4001806940265355
2119_WSb,0.635789304038278
2120_Mo2Sr2,0.5498863203754158
2121_AlK3,0.2818258477525277
2122_CaGa4,-0.4087614125768802
2123_V4W2,0.5373678233111873
2124_Fe6Ir2,0.0352644097519831
2125_AgSn4,0.2672076135465829
2126_Na2Pt2,0.0149535110750544
2127_MoTa2,-0.1478099950723385
2128_FePd,0.0611011855322729
2129_P3As,0.7466427268971589
2132_P5As,0.7834809435520972
2133_FeMn,0.1235497884165575
2134_Mn3W,0.1922058763221663
2135_Sn2W2,0.7018631931675055
2136_Cu3Sn,0.0639751215637698
2137_IrBr3,1.0903733890113694
2138_Mo3Sr,0.7152137656734343
2139_Fe3Ir,-0.0482504948414277
2140_FePd3,-0.1114107298153808
2141_P8Br16,0.5198137568723528
2142_K8P4,-0.0844143124140514
2143_VW2,-0.0950786444838437
2144_Al6Cu2,-0.0017060816812031
2145_Ag2Ge2,0.1908003162076452
2146_Fe3Pd,0.0574203385382343
2147_WAs3,0.23299682616069
2148_Sn2W2,0.7094631933980757
2149_NaPt2,-0.046822418080523
2150_MnW,0.9855550840613176
2151_Ba3Ta,0.8496433783953377
2152_Fe5Ir4,0.0052237297287357
2154_Ba4In2,-0.2700885921319666
2155_AgGe2,0.2269485192188695
2156_Na4Pt5,0.0008579267341291
2157_InSn2,0.0148086213463241
2158_Pt3V,-0.4267483757291694
2159_Al4Rh2,-0.3845005338222644
2160_SbGe3,0.3209652310163591
2161_RbV,1.6020981680290052
2162_CrSr2,0.5298477852028718
2164_MoSr3,0.8728761706255601
2165_AlSb,0.2495095536161731
2166_As2Br2,0.4243112390513999
2167_Al2P,0.0140671388629805
2168_Pb6As18,0.1753297828027603
2169_Pt2V2,-0.4021971048022354
2170_Al3Ta,-0.1025082671477601
2171_Ir2V,-0.3586535209868391
2172_V3W,-0.0355875914198176
2173_Au3P,0.2584710753037122
2174_Au3Cr,0.0820446152069775
2175_AgBr,-0.2694783941406529
2176_Ag3Sn,0.0184298694863218
2177_Ag12Br12,-0.342706718874014
2178_Ir4Ta8,-0.3445234546746931
2179_Mn2V,-0.0706521015275285
2180_Mn2V6,0.0301983632533797
2181_Pb3As,0.0508391896890603
2182_Ir3V,-0.3980924594769846
2183_Na6Pb2,-0.1099520900951809
2184_SnV,1.1915693404471313
2185_Pb3Sb,0.0527710928808438
2186_Ir8Pd16,0.3399996705513632
2187_Fe26Pd2,0.3374554965266674
2188_Al4Ta5,-0.1559804665586502
2189_Sb6Ge2,0.1905762873380529
2190_Al2Cu4,-0.0342056402310759
2191_Ba4In2,-0.2699715745953493
2192_Ga3Na,-0.0249882809222263
2193_AcSb,-1.3729502658314
2194_Ba2Sn4,-0.4998577665251904
2195_Ga8Pt16,-0.3537022999127923
2196_Ca4Cr2,0.5590748155391374
2197_SbGe3,0.3134360038520034
2198_CrNa3,0.5423186726893348
2199_Al2Ta4,0.5322056089761146
2200_Al3Sn,0.1862588865298473
2201_TaV2,0.0641019182028337
2202_Cr3Sr,2.343766949356529
2203_Ba2Sn2,-0.7239831978783742
2204_Al2Cu6,-0.2033060160153859
2205_GaMn5,-0.0046963599806891
2206_Mn2V,-0.0755313052708371
2207_Ca2Cr2,0.7767976291677305
2209_Ag2Mn2,0.2805958573946263
2210_Na3Sn,-0.1740065553992373
2211_CuK4,0.2236390669345606
2212_P2As2,0.5730281592022672
2213_Ir16Pd8,0.7222316351201421
2214_Mn16W4,0.4719804598832496
2215_Fe4Pb8,0.6140265799270838
2216_Ga2As2,0.2016376448000651
2217_Ir3V,-0.2390413103018538
2218_Ag2Ge2,0.1888974565500993
2219_KP3,0.5613300460352102
2220_NaPb,-0.1356066752964104
2221_Na3Pb,0.1518851080749097
2240_Fe4Pb8,0.8179783771490255
2249_InYb,-0.5505183825863234
2250_SnP4,0.9161730438708098
2260_FeTa,0.1801425579882121
2276_Ag4Al6,0.2770130587326555
2277_Ir2Ta6,-0.1797791506566746
2278_Ag5In,0.0114862417119632
2279_IrNa3,0.3875730521386757
2280_Mn2Sn,0.1991238126793746
2281_Pd2W2,-0.0015386510129893
2285_Pb4I8,-0.670563589825953
2286_Fe8Sb4,0.3155557497340489
2287_KNa2,0.0184620086806955
2294_Ba4Cu2,0.0304039929029062
2295_Ag2Al4,0.2396434909959482
2296_AgAl2,0.0073829939966311
2297_FePb3,0.5456989985477598
2298_KNa3,0.0147303260218272
2299_AgTa7,0.2645234306889392
2303_Fe5Ga4,-0.0626809731139369
2304_In2Br2,-0.8192525431939348
2305_PdW,0.2407341384406809
2306_CrSn4,0.4307053984440863
2307_Cr2W,0.0618624920747521
2308_K2P2,0.247621916405853
2309_AgAl,-0.0019810858099353
2312_In6Mn18,0.3345304795585899
2313_Ac4Bi6,-0.3278292763649915
2314_Sn2W,0.362958406227379
2315_CuGe5,0.365069372252232
2316_VBr2,-0.3904989522570818
2317_KGe2,0.0251469977801098
2318_PbSb,-0.0293366822935872
2319_Cr2Rh2,0.0220272874187692
2320_Ir2As4,1.0017580786940574
2321_Ba16Ir4,0.2013603867440632
2322_Ag2Na4,-0.0503517501025424
2323_Fe5Sb,0.1871788563843329
2324_IrTa2,-0.3511913424291061
2325_SnP,-0.094533133663428
2326_Cr3W,0.0566739523358883
2327_Cu6Fe2,0.2644123682040105
2330_Ag4Al4,-0.015127320994988
2331_Ba2Cu,0.0283396572121373
2332_Ir5Na,0.3068927250645951
2333_NpRh,-0.0152426988193106
2334_InTa3,0.1709225003421419
2335_Ag5Al,-0.0271560507896306
2336_KNa3,0.0129009296420767
2337_AuSr,-0.3245322540582869
2339_Mn5Sb4,0.1789847373485137
2340_Ir4Ta4,-0.5676369964440191
2341_Ga4Pt4,-0.6357998298661194
2342_Cu4Ge2,0.2769073934222099
2343_Ni2Sn4,0.2186553103016327
2344_InGe,0.0678839385461884
2345_KP5,0.0256133907113328
2346_Fe2Pt2,23.193570485481807
2347_Na2Pt2,-0.0139597554174071
2349_Fe4Mo16,0.7562870920394872
2350_Ga16P8,0.1995491072058464
2351_Ni4Sb3,-0.0920022587204028
2352_Au2Mn2,0.1242328596392612
2353_Cr2Sn2,0.937295597133363
2354_FeMo,0.7999669414053301
2355_AuIn,-0.101576258846467
2357_K6Ge18,0.0690931290886987
2358_As5Br4,0.0661734483483273
2359_Ba2V4,1.311242249239284
2360_Ir4Na2,0.7113253348531856
2361_K4Ge2,0.1993859881267337
2362_AcPa,1.07463545249223
2363_CuI,0.2521662775642088
2364_Fe2Pt2,0.0726527165458259
2365_PdW3,0.0769891150981809
2366_Cu7Pt5,-0.1224453568417445
2367_Fe4Na4,1.7236679830938106
2368_Ga5Br3,-0.2414670257688573
2369_RhTh,-0.6000988720301743
2370_Pd2W,-0.0741564389783917
2371_InTa2,0.1643134230464298
2372_Cr3W,0.0722511074597704
2373_PbV,1.603517914690315
2375_Ga13Mn13,5.485676899432976
2376_Ag2Al3,-0.0040974382584245
2377_Cu2Ge2,0.1932333650639117
2378_As8Br4,0.4426724631388452
2379_Sn2W4,0.8977808676823535
2380_K2Ni2,1.102450928894866
2381_IrMn3,0.0321110700647029
2382_VBr3,0.1166554523062841
2383_KSn,-0.0660172371736229
2384_Cr12Ta4,0.2733236884432699
2386_K6P2,-0.1084430645371972
2387_Ni2Sb,-0.0937071399500493
2388_CaP,-0.8147897059473337
2389_CuMo,1.9978086601672205
2390_VBr3,0.285611698004943
2391_Pb2V4,0.4200073863920721
2392_AgP,0.5370522972454537
2393_Pd16Ta14,-0.1683704491264867
2394_Ag4Al8,-0.0173691943988778
2396_Ca5P3,-0.9491693569273068
2397_Ba5V,0.532105161076012
2398_AgAl2,0.0748750121599464
2399_FeGa3,0.0656673040268174
2400_CrW3,0.0477118599784649
2401_Mo4P,0.7103721713880631
2402_Mn2Sb4,0.2167492963155422
2403_Mo4W2,-0.0009316232710124
2404_Cu2Ga4,0.0213130779137458
2405_Cu8Sn,0.0168007235782425
2406_Pb4V4,0.5249129675022628
2407_Na4Pt2,0.243680765189211
2408_AuGa,-0.044513398423442
2409_Au2Cu,0.0811198566425339
2410_AgTa,2.1461061385795173
2411_Mn4Sn2,0.0705537836800094
2412_Fe4Ir8,-0.028524601757797
2413_Cu2Ge4,0.1874929360863107
2414_Au4In2,0.0693486325170589
2415_Ir3Ta,-0.3949713315041503
2416_Cs3Fe,0.7934928922294131
2417_Pb2Sr4,0.2314095017362637
2418_FePb,1.177480002338207
2419_Ag5Al3,-2.339860029082108
2420_As4Br12,-0.7598932921626429
2421_Ag4Al2,0.1584953971325919
2422_Cr2Ta4,0.5251773362111992
2423_Al3Sn5,0.1306375382299589
2424_SmTh,-0.2251325897316052
2426_Sn2W2,0.3048238265149621
2427_AuYb,-0.8982156585447809
2428_ThI,-0.283583953525361
2429_Ir12As17,0.1461502202227663
2430_Ir17As12,0.3755484315896343
2431_Ag5Al5,-0.0203045089243822
2433_Fe3As,0.1791333723670165
2434_PtAs3,0.2011017476524212
2435_RbTa,3.1517506112669618
2436_WP,-0.1643606055072712
2437_Na2Pt2,-0.0138098961311601
2438_Ag3Al5,-0.00615388024503
2439_Mo2W,-0.0033045165627877
2440_Cu2Ge6,0.3005277198815186
2441_AgNa4,0.0076326242964114
2442_V3Ge,-0.1837031005204537
2443_Ag2In2,0.0208346111162605
2444_AuAs4,0.3674009336266358
2445_Pd3Ta,-0.2675461896751736
2446_AuCr2,0.427669765695344
2447_Al3Cs,0.6241376151474332
2448_Au8In,-0.056373013667435
2449_Ca4Mo2,0.4331016662409007
2450_CePt,-0.656573058654736
2451_Fe2V,-0.0807875605078566
2452_Ca3Mo,0.8021335068030071
2453_Ca2Rh,-0.3258940811642953
2454_V3Ge,-0.2244572057801619
2456_SrTh,0.347384581365417
2457_GaPb,0.1009691235960348
2458_CuGe2,0.1861280920763596
2459_PbSm,-0.6981796142919414
2460_Ni5Rh,0.0230299346090584
2461_RhSr,0.8294736320698664
2462_WSb,0.6432706149340781
2463_AuV,0.6925813456617407
2464_Ir3V,-0.0227992056291768
2465_Au10Ga6,-0.0787485331617241
2466_Pb24V5,0.4395277279645058
2467_Cu6Pt5,-0.1107428779714823
2468_Fe6P3,-0.5281060693301955
2469_AlCs3,0.3680687156468609
2470_Fe2W2,0.2298041388097988
2472_IrBr3,1.0878837307028393
2473_GaPt3,-0.4367495941875665
2474_Sr4Br8,-2.1581744519040207
2475_Al2P4,-0.0696435490452103
2476_Fe4Mo8,0.7435948269752863
2477_Fe3Pa,-0.1268434717063442
2479_InTh,-0.1344146265432577
2481_Ir5As,0.7889308042601991
2482_Ac3Mn,-53.62881943695404
2483_Fe18As6,-0.0030855285063147
2484_Cr8Ta4,0.1552691808946953
2485_W8Sb16,0.6432572109632039
2487_AlRh2,-0.6362167693245576
2488_AgMn3,0.3029489061237731
2489_RbU,2.376284508072093
2490_Ag6P2,0.2600994596241142
2491_Cu2Ta2,0.0510309410200644
2492_Cu4Pt7,-0.1140930060003416
2493_In5Br,-0.128083791964323
2494_Sb6Ge2,0.2654197661846105
2495_Au2In4,-0.1523262669381715
2496_Al2Sn4,0.1387351463467692
2497_CuTa,0.2519668018756942
2500_Ni2Ta,0.370421373180451
2501_Ta12V4,0.1817186300693229
2503_Sn4W2,0.7151859784880076
2504_Cr2As2,0.00771246407571
2505_Ag2Mn2,0.2806231820436764
2506_SnTa,1.6490591314503904
2507_AuP2,-0.067117053672824
2508_Fe2Pb2,0.6902663060867562
2509_AuIr3,0.3788525787842882
2510_Au8Cu4,-0.0134236690882166
2511_Al2V6,-0.1365881299866016
2512_Ag4Mn2,0.3955711120956877
2513_Ca2Rh4,0.1469112543875018
2514_FePb4,1.191631646347414
2515_Ni2As2,-0.1077266675684649
2516_AgSn2,-0.0020241158608621
2517_Au2Cu,-0.0358970332570341
2518_P3Br,1.917565214745004
2519_Cu7Pt5,-0.1150761839321248
2520_Pd4Sn12,-0.3445206529960103
2521_Ta4V12,0.1864758023400057
2522_Sb6Ge2,0.1649034019475364
2523_K3As,-0.4298841623548879
2524_K5Ni,0.4523238413744102
2525_CrTa,0.1368525732847381
2527_BaTa3,1.2182724806159069
2528_Ag6Al5,-0.0311545684498917
2529_Al4Th2,-0.4217686015761224
2530_Ni4Rh2,0.1190964767898267
2531_RbSn,0.0399304454798907
2532_FeBi3,0.514264870042636
2533_Ga2P4,0.3961177066651302
2534_Ag3Ni,0.1945696901642204
2535_CuNi,1.2802434695571363
2538_Al18Rh6,-0.529446957011567
2540_Al2Sb6,0.0763948358588573
2541_RbV,1.6020458339129915
2542_Ir2Ta,-0.4492346500800235
2543_Ba3Ta,0.8543729953738324
2544_MnNi,1.427393408751383
2545_Fe3Mo,0.0828215338106606
2546_Pd6Rh10,0.3249551991973955
2547_K8Sn4,-0.112285884478541
2548_K4As5,-0.1427758941465594
2549_Ag4Ge4,0.2566176701607023
2550_AgSn,0.0423152505418444
2551_Ba2Fe2,1.4615896422081454
2552_InNp,0.1183557985364016
2554_InNa2,-0.0224446052402965
2555_Cu10Ge6,0.1407589536416962
2556_Au5Cr4,0.3412211310621565
2557_RbSr,0.1202435620066513
2558_AlK5,0.188813268262128
2559_Ca2Ga2,-0.4668428153569959
2560_FeV,0.1287259691374238
2561_Ag2Mn2,0.2864868382129435
2563_Ag2Ca,-0.2553668709535663
2564_In2I2,-0.5589380872856298
2565_Mo2Sr2,0.5575013792903318
2566_MnV,0.0886847109767376
2567_BaFe4,0.6684947662822196
2568_P4As8,0.1960957518537416
2569_AuSb,-0.0210635766241136
2570_Ba2Cu,0.026935741795936
2571_Ba3V,0.5185583514696126
2572_Ba3Rh,0.2455132468116114
2574_Cr6Ta2,0.052600936998294
2575_AlCu2,-0.1952456041573492
2576_Ni5U,-0.3401739438410741
2577_Cr5Na,0.694440626891898
2578_Mo2Ta,-0.1710372885367566
2579_VW2,0.4517394004088544
2580_Al2Ta,-0.0842983799627745
2581_CuGa,0.4444796102687203
2582_Ir6Ta18,-0.2054474219342973
2583_Pb24Sr5,-0.1749641724387654
2584_PdRh4,0.0594367766285841
2585_Ag4Br2,0.0107206331644696
2586_Al3Pt,-0.48119704804955
2587_Ir2V2,-0.4387310756536209
2588_RhU,0.4477266393935224
2589_GeAs2,0.3266597880528567
2590_NaPb4,0.224980428430975
2591_Al16Cu36,-0.2174912665715523
2592_Cu8Sn4,0.0782940927330499
2593_FeBi3,0.5157329205029795
2594_Al2Rh2,-0.7783706628848774
2595_As2Br6,0.3903767788982994
2596_FeV3,-0.1430951792579371
2597_Al2K2,0.2086908182733893
2599_FeIr2,0.6576265748458093
2600_Ag4Al,-0.0423248287951611
2601_AlSr3,0.0081842561815732
2602_Ba4Ta2,1.243786268910301
2603_Ir3Ni,0.3806097119806306
2604_PbAs3,0.2533125639682092
2605_Ba2Cu,0.0251809137808939
2606_BaSn5,-0.2591177009516817
2607_In2Sn,0.0116156002191824
2610_Mn2V,-0.0787711534141972
2611_FeIr8,0.0056338130923955
2613_Ta2Ge2,-0.062803501917342
2614_Ba2V,0.6647159440825513
2616_Cr2As2,0.1704696047224638
2617_BaIr,0.4526756073737017
2618_Al6In2,0.1591287652795423
2619_Ag2Mn4,0.8210633157813625
2620_Ta2V2,0.0268457363837892
2621_Ag2Sn4,0.0132880567558094
2622_Cr2As2,0.007682049183618
2623_K2P,-0.0898814432304263
2624_Ca3Rh,-0.2192584044008989
2625_FeW2,0.2024333277962119
2627_Ni10Ge6,-0.4625513556699081
2628_Cr18Ta6,0.2978286892727837
2629_Mn3Ni,0.0623150700545078
2630_CsBr,-1.8905071260349693
2631_MoSr3,0.8337843536027552
2632_P3Br,0.5398507092120761
2633_Cu4K2,0.3710968213036061
2634_CuK4,0.2296230775695573
2635_P3Br,1.0989733360115088
2636_Pt7Sb,-0.1405445786563701
2637_Ga4Na2,0.1822552724839135
2638_InBr3,-0.5575545409714322
2639_GaNa2,0.0128615123752906
2640_Fe2W4,0.0600058327174698
2642_Ag4Al4,-0.0290568165324929
2643_MnW3,2.350156780098427
2644_FePb,0.8418730722704222
2645_KP3,0.0362569796913732
2646_Al2Cu,-0.0699907180162859
2647_KP3,0.0464841365445432
2648_KP3,0.391278674206243
2649_Ba5Sn,-0.1835240422710799
2650_Au2Cr,0.335438791843923
2651_Ag3V,0.339459105536597
2652_Fe4Pb,1.4306924841850814
2653_Cs3Sm,-1.2968397139977947
2654_Cu3Na,0.197974552952445
2655_Ag4Al4,-0.0168922985582784
2656_SnYb3,-0.5960435130812347
2657_Fe2W,0.8509494361151546
2726_PtRb3,0.0920366423174874
2727_V3Sb,-0.0929562358923776
2728_Pd2V4,0.4185596658639869
2729_Rh2Sr2,0.0519912715488652
2731_Ga2Ge2,0.1628796890350323
2732_Ba2Cu6,-0.0339271808305898
2733_AlCu2,-0.1994923198229224
2734_Al6Sr2,-0.1886478219166454
2735_Rh3P,-0.1920001455727336
2736_PtGe3,0.1019580613747619
2737_Al6Rb2,0.1995774915215715
2738_Ni2Sr2,0.34235089547228
2739_As4Br2,-0.1734847560270319
2740_InNi,0.1547548812790036
2742_CsIr,1.5664573299213995
2743_Al5Sb,0.1278443781347231
2744_Al4Mn8,0.7432819175377622
2746_RhBr,0.3512356642482972
2747_AuBr3,0.2885409983907767
2748_Pb7I14,-0.6754812229012036
2749_Al2Ca6,-0.1204313542762798
2750_SnGe4,0.6338323741281734
2751_Ga2P2,-0.0559402271293123
2752_WBr,1.6592867558403324
2753_IrTa3,-0.314894706077121
2754_Ag7Pt5,0.0114995210897035
2755_PaPb,0.0506732141352888
2756_Ni2Np2,-0.1482799245317068
2757_Mn12Rh4,0.058969951857362
2758_Al2Mn,0.2460087241998335
2759_P2As6,0.278215754448178
2761_AuK3,-0.1330414285429428
2763_Pd2V2,-0.0781333125878909
2765_In6Mn18,0.3412085826997663
2766_K2Pd,0.129418521939176
2767_AuBr3,-0.0229078991777886
2768_Ga2Pt,-0.2988789514579319
2769_Ba2Br6,-1.669242551351272
2770_AcBi3,-0.604258182904803
2771_Ga2Ni,-0.199229187461223
2772_CaMn3,0.6933934960880848
2773_AlSm,-0.4655390373998145
2774_Ca2Cu2,-0.159069105587382
2775_Au5Sb,0.1474496383974006
2776_Al4Ce2,0.5630563836845214
2777_Ga3Rh,-0.1772789533942713
2778_Sn6W4,0.676190720559454
2781_Ac2Al6,-0.3916821840667923
2782_W3P,0.3408790440879965
2783_Pd2Rb2,0.1182580533488639
2784_Ga2Rh,-0.3544554391462562
2785_In10Mn6,0.2701433455977424
2786_AlPd,-0.8944008535151085
2787_CaCu,0.5358766060288009
2788_Rh6Sb2,-0.1057183546171485
2789_PtBi,-0.1674619481740151
2790_Al4Sb2,0.2113444936483244
2791_EuI,-1.3246680484950362
2792_AlNi5,-0.2226364434127994
2793_Mo2Rh6,-0.1970149649820438
2794_Ga5Pt,-0.1300824104031785
2795_Al4Br2,0.438326157140616
2796_Mo12Rh12,-0.0396063645746629
2797_Al2Na2,0.1064447917505271
2798_Pd5Sr,-0.3878520724166066
2799_AlIn5,0.2243869260860869
2800_AlNi3,-0.4061829382830826
2801_Al6Sb2,0.1692057428212972
2802_AlGe,0.1840861531470681
2803_Al4Cr2,0.4176790432707804
2804_W8Br,0.7470870496898164
2805_Pb8As4,0.0584784500907259
2806_K5P4,0.2907193213798378
2807_Al2Na,0.0959789052882354
2808_SnW3,0.4164088525385239
2809_NiSb,-0.1463381743154652
2810_NaPd4,-0.0089418085954619
2811_K3W,1.6473001131057847
2812_PaSb3,-0.6304449468362288
2813_InRh3,-0.0658287898524747
2814_AlNp3,0.1203439799043923
2815_Na5Pd,-0.0216217788593574
2816_Pt4As8,-0.8481429737237084
2817_Ir2Ni6,0.0250427970848559
2818_SbP3,0.2787830215630311
2819_Sn2Ta,0.0501756129162392
2820_Cu7In,0.0432744772338304
2821_V12As4,-0.3130499928677199
2822_AuCu3,1.091933621721732
2823_IrRh3,0.4006388397466267
2824_EuMn,0.6334786883457086
2825_Pt2Rh2,-0.0205890368021455
2826_BaW3,1.4553623349381706
2827_PtAs3,0.1837744748839611
2828_Ca5Ge24,-0.0419165539262305
2830_Cu5W,0.3803622766868185
2831_AuI,0.2614996616232603
2832_AlMo3,-0.0993333449440783
2834_Sn2W2,0.380831521925705
2835_PbTa3,0.3831692982889105
2836_CaW4,2.8311244584186808
2837_CsCu,0.4745825853302812
2839_AcPd,-0.3199917869561934
2840_Al6Ca4,-0.188409806197005
2841_FePb,0.6389923159511817
2842_Pt2Rh,0.4895938726160291
2843_In2P2,0.0519244250414705
2844_Mn3Sb,0.4534544957012665
2845_Sr2W,-8.575093680456437
2846_Mo2Sr2,0.6730201296964244
2847_Ba2W2,1.0372039623020664
2848_Ca3W,0.8837096676666336
2849_Pd4As2,-0.294235139561233
2850_Pd6Ge4,-0.3925074452225566
2851_AcBi,-0.4822941443348085
2852_Al3Th,-0.0522207345958483
2853_PtSb,-0.092727887933095
2854_AuK,-0.2806845504909177
2855_PdP2,0.1484307155578997
2856_Au2W4,0.6953492150178905
2857_NiTa7,0.2031672938550635
2858_FeIn,0.3261709629407026
2859_Ga2In2,0.0462965949196285
2860_V3Br,0.280716863032258
2862_EuSb,-0.933677982612478
2863_Au3As,0.1371121399493331
2864_V4P,0.3322994564390953
2865_Pt2V4,-0.3704538090648259
2866_Mn4Ta2,-0.023585609806472
2867_Ba3In,-0.2121527880530078
2868_InBr3,-0.2723892605766789
2869_AlAs,-0.1240213191225514
2870_Al2Mo6,0.0022474617600725
2871_Fe6Ga2,-0.1224709915662174
2872_IrMn3,-0.0410910127053369
2873_FePd4,0.4780438335531506
2874_AuNi,0.4615220181329094
2875_FeV5,-0.0874449707715629
2876_K4P16,0.0828526557583636
2877_W5Sb,0.3221849244437298
2878_Al2Ni4,-0.4666516932421451
2880_SnTa3,0.0049675381907032
2881_AuCs,-0.2979903415698688
2882_Mo2Pd26,0.4924532836956327
2883_Pd2W2,0.2024888479961362
2884_W2P,0.0145169775755711
2885_Ag4Ba2,-0.1205356433118159
2886_CaNa3,0.064918145731448
2887_Rh4Ge2,-0.2105813852974674
2888_AgFe2,0.355599325778184
2889_BaIn2,0.0835970481372318
2890_Ag6Pt5,0.0185353932401794
2891_InMo,1.1270553315005394
2892_Ir4Rh,-0.0051127541117537
2893_VAs,0.3203713993122346
2894_Rh4W2,-0.0352169931060544
2895_Al4Pd6,-0.7730897825502033
2896_Ni4Ta,0.8417830391894328
2897_AlRh3,-0.4401970084474111
2898_Ga2Mn4,0.2055565894426033
2899_AgAu2,-0.0022001097025595
2900_Mn4Ta3,0.0413758628793833
2901_AlMn5,0.0325080423492979
2902_Cu5Mn,0.19009826311848
2903_AlMn3,0.0044625280412473
2904_GaP,-0.0656846835186915
2905_AuCu,-0.0042660205172095
2906_BaW3,1.471400623829652
2907_Au5Sb,0.0529373901265829
2908_Pd2W2,0.1123978174485955
2909_SrI,-1.0702574194153711
2910_PtV3,-0.305222935404382
2911_VBr5,-0.2841827606207943
2912_K2Br4,-1.0890156947304026
2913_Pb2P2,0.1636887776688462
2914_Ni4Ta8,0.4475267590898551
2915_Ce2Br6,-2.11548569156943
2916_MoRh2,0.0380025121836678
2917_Au16Sn4,0.0582444988574188
2918_V4P4,-0.7870895311130237
2919_Ag8Au4,-0.0441376497046051
2920_Fe2Mo6,0.279591567029124
2921_Pb2V2,0.4928501595522814
2922_AuNi5,0.1243812841000172
2923_Ga3Pb,0.0530431986566251
2924_Pt2V2,-0.4276230445207822
2925_Ag3Sr,-0.0453551621271102
2926_Ga4In4,0.0605925755307299
2927_K2Sn2,-0.2445203437210175
2928_CsCu,0.4399689430103484
2929_K2Sn2,-0.1301163509892293
2931_AlMn,0.4252473515547947
2932_Pt8Sr16,-0.5432285759187595
2933_SbP,0.3087547031735251
2934_AuU,-0.0663266002546461
2935_Fe6Pd4,0.0475907069499314
2936_BaGe,-0.1820046348794206
2937_Fe3Na,1.1327794966990163
2938_KP,0.7114022996563714
2939_CuW7,0.3854280871898492
2940_AsBr5,0.0282342964256434
2941_Au3As,0.1334911726647583
2942_IrRh4,-0.0017556820822136
2943_Mo16V4,0.7960963314866717
2944_AlGa,0.0691252028612607
2945_Ir2Ni4,0.0603663610725782
2946_Ga3Th,-0.5055789219036146
2947_PtSm,-1.4318709282015725
2948_Au6Ba2,-0.526886487717174
2949_Al4Cu8,-0.1947568048805603
2950_Ca6Ta2,0.7325548895312664
2951_AuW2,0.4242236213270421
2952_AuP3,0.4551556780531776
2953_MoV,-0.126784531445768
2954_Mo2P2,0.0616187149853217
2955_Ni3Sr,0.5203327610247177
2956_Cu3Mo,0.22920652430816
2957_Sm3W,0.0631950852148808
2958_Na3Ge,0.0413320232122367
2959_IrI,0.8600843245627727
2960_Cu4Mn8,0.3612515646588257
2961_Ac3I,-0.2343629998585519
2962_Ta3Sb,0.0115760029382396
2963_AuSb,-0.0501351230650959
2964_GaPd,-0.6028874388474872
2965_Ni2P4,-0.0100394529238236
2966_Au2Na4,0.0511408221620793
2967_V2W2,0.5402600457808884
2968_Fe2Pt2,-0.1192493888161649
2970_Mo2W4,0.7285978333137137
2971_Ca5Sb4,-0.541558037310753
2972_Ag4Br2,-0.1915446980856871
2973_Pt6V2,-0.2525866931293699
2974_Pt4V2,-0.3127411383683641
2976_K16Sn8,-0.1665311182987367
2977_Al2Ba,0.0014818998829161
2978_Mo2P4,-0.3509871447025444
2979_Ir3Pb,0.5577657850855182
2980_Al6Cu18,-0.1877240450960808
2981_BaCu,0.0764343314651374
2982_VW7,0.4516883622280989
2983_FePt3,0.1121834255869433
2984_W2As4,0.3283533195803396
2985_AgMo2,0.4600579596531962
2986_Al2Ba,0.0014112876626869
2987_CuW3,0.2052802225342738
2988_Sr6Br18,-1.5763172728936563
2989_AlAs,-0.2077627777841586
2990_MoSn4,0.1971744835279807
2991_Al4Pd4,-0.7855255843605562
2992_Mn2W,0.2009777584899078
2993_Ba8Cu4,0.0528366697050458
2994_Ir5Mn,0.755012571259782
2995_CaBr3,-1.1215024322719191
2996_RbSm,1.5119832722711608
2997_NaRh,0.7276111557127489
2998_Ta3Sb5,0.3737763057917291
2999_Ta2Sb2,0.3728647878519764
3000_CrTh,0.8233719021763974
3001_Cu8Ta4,0.1459014699692117
3002_Ir2Rh2,-0.0085060714919453
3003_Na2P2,-0.3394175410175988
3004_Sn3W,0.4237881929144711
3005_MnSb,0.1459415094975815
3006_FeTa3,-0.0214997259267128
3007_Ca2Cu4,0.1830056481666944
3009_AcTh,0.151782232483872
3010_IrNi2,0.1371037863756683
3011_IrTa5,-0.2895005288566518
3012_Sr3Sb,-0.5052053612735352
3013_Mo8V16,0.2939021979591227
3014_Ni2Ge2,-0.0762614153655016
3016_NaBr,-1.7192765439625828
3017_K3P,-0.1935027218734912
3018_Cu5Br3,0.2481934826088245
3019_Ir3Ta3,-0.4363903598925691
3020_Au4Ni3,0.0763955927040973
3021_Ir2Rh6,0.0023693738483077
3022_Pb2P4,0.1152849570185339
3023_Ca4Sb2,-0.5586557175776031
3024_Mo2Rh2,-0.0590279724766471
3026_Al4Mo12,0.092877692840064
3028_Cu5W,0.3101269911022661
3029_CuRb3,0.3439376052650318
3030_PdP3,0.298335614350143
3031_Ir2Ta,-0.4511854485078939
3033_Sr2As,-0.7210184155352634
3034_Ba2Rh2,0.1303739087458275
3035_Pd2Rb2,0.8660587344426816
3036_Al4Mo4,-0.1782901372976288
3037_BaTh,1.2727127622763716
3038_NaBr,-1.574279165099012
3039_Mo6W18,0.3806163891724476
3040_AcK,0.2746965595428734
3041_Ag3Th,0.1393382812825816
3042_In2Sn2,0.024598304626076
3043_RhTa,0.6853395561039957
3044_Mo2W2,0.4147867774643377
3045_AcEu,-0.0349858715953028
3046_Al2Fe2,-0.1400259878698495
3047_Sr2Br,-0.9625135229918774
3048_WBr,1.3061581927178931
3049_Ca2Sb,-0.608186648123708
3051_Al2Th,-0.4624325030747513
3052_Ag2Ir4,0.5584920547057214
3053_W5As,0.2297891868005095
3054_SrSb,-0.3381110220115038
3055_AlPb3,0.2026536934610288
3056_NpSn,-0.2546962465431246
3058_Ca2K6,0.1668564868052322
3059_Ba4P2,-0.7354421307758674
3060_Mo3V,-0.1013005671636602
3061_Rh5W3,-0.1732244838902854
3062_CaW3,0.9853804914505152
3063_Mn4P2,-0.0298668646526903
3064_Al4Br2,-0.1377962558375311
3065_Mo2V2,-0.0680563425467291
3067_K4Ta2,1.1322507917836984
3068_Pt4Rh8,0.7665586897212068
3069_Fe2Na2,0.4438350170722662
3070_Au3Mn,-0.0381126143200756
3071_Mo2Rh2,-0.0447398362324946
3072_CaSb3,-0.2721827868377766
3073_Mn4Rh2,0.0161174144536886
3074_Ag2Mn,0.2038998473890263
3075_Mo4V8,-0.0006408570692784
3076_Cu2Ta4,0.1639079811589283
3077_Au3Mn,-0.0557070756025801
3078_Al3Sn3,0.125480888915901
3079_AlPt3,-0.5888720165519494
3080_Ag3Al,-0.0439969828079953
3081_GeAs3,0.4621237117053614
3082_BaU,1.6859382982010027
3083_Pd3P,-0.2245172311260823
3084_AgFe2,0.2691876946108304
3086_K4Sn16,-0.0769619674630533
3087_NiV,-0.1710537031610801
3088_Rh4As12,-0.4381732386554331
3089_Sn2W2,0.6135059614810894
3090_PdSb3,-0.0258166454470663
3091_Mo4W4,0.380614293590968
3092_Al4Sn2,0.1378266215590902
3093_AlBa3,-0.0289368508473417
3094_In2Ni,0.018092876315561
3095_PtSr,-0.6136797126464031
3096_Rh3As,0.1899546984508608
3097_Ag4Ba6,-0.0507589651294985
3098_AlSn3,0.1044766819611391
3099_Al3Ir,-0.4499672468645164
3100_Na2Sb2,-0.1595024621703382
3101_Al3Ba,-0.0367778075288356
3102_CaBr,-1.2331421850996755
3103_Al2Sn4,0.0887452480367532
3104_Mn3Rh,-0.0283859479505466
3105_Sb2As4,0.1155331115355782
3106_AuCu3,1.1107217943881529
3107_GaIn,0.0934294956136678
3108_In3Mo,0.3379385834494242
3109_Al4Ba,-0.2379211242006079
3110_Ba4Cu,0.1763109246350126
3111_Al4Ir2,-0.45446727995319
3112_Na8Pd4,-0.0135115662789999
3113_Ag4W,1.0330159394192733
3114_Ag2Ge2,0.1973839765043421
3115_RhW3,0.1259991021727291
3116_Ba5Ca,0.0248819269326171
3117_Ba4Ir12,0.140989215501504
3118_Mo4Ge8,-0.387930767527448
3119_Al2Ba4,-0.0110277973225484
3120_Au3Pb,0.0421634035992708
3121_YbBr,-1.4271186061040138
3122_MnPt3,-0.0789690976316901
3123_Au3K,-0.0583983529578526
3124_Pd3Ta,-0.4789615722321567
3125_Al2Sb,0.171565483411961
3126_InPd,-0.5193825637928868
3127_PtW3,0.267051153241173
3128_NiGe2,0.0688872912331408
3129_Sn5W,0.3710214703773496
3130_CuPb3,0.2602826834094367
3131_YbBr,-1.4106922041879266
3132_Ca3Ga,-0.0609181530119942
3133_Au4As2,0.1079734153082032
3134_Pb2P,0.128832278331845
3136_Ca2Cu6,0.1121861645523587
3137_PbP3,0.759440252156609
3138_AlNa3,0.1518605936468804
3139_Al2Ni,-0.4006925273024191
3140_CsAs,0.3334515155471136
3141_Cu2K4,0.7106508718075055
3142_In3Sn,0.005615596659696
3143_AuNa3,-0.1684955919688151
3144_Ni2Rh4,0.5717800781255763
3145_In3Mn,0.2544290912213443
3146_Ba2W2,0.8228393727936236
3147_Pt6As2,-0.073531221889179
3148_Al2Pt2,-0.935620107858214
3149_CsSr,0.1896024769990805
3150_IrRh,0.0007016676852913
3151_Pt3V,-0.4207377805033276
3152_Ca8In4,-0.4191793154319872
3153_Au2Br,0.2733392144560372
3154_Na4Pt8,-0.0312456015943839
3155_CuNi2,0.0278102839109202
3156_Ba2Ir2,0.5449168595334992
3157_Rh6W4,-0.0594009968145442
3158_K3P,-0.0328119937475128
3159_K4Sn,-0.046379581696436
3160_Ca10Ge6,-0.5731595545363475
3161_KRh,0.7868528599991338
3162_PBr,0.722297972837521
3163_Mn2W4,0.151803291726362
3164_Pb4Ta2,0.3486914174797857
3165_Na2Rh4,0.4923615386228531
3166_Al2Mn,0.2455892362076242
3167_AlBa8,0.0339744709387872
3168_Ga10Mn4,-0.1219104476741017
3169_RbSm,1.509341299483286
3170_Pd5Rb,0.153967332672618
3171_Sn6W2,0.4786639913277879
3172_PtRb5,0.4503096521275971
3173_Al4Cu2,-0.0344383852028453
3174_Ga3Pd,-0.2564353314449885
3175_Fe2Ir,0.9098474483705892
3176_Sn4Br8,-0.8643235854753722
3177_Pt2V2,-0.4011110193829674
3178_Pt2P2,0.0154463285845389
3179_Ge3As5,0.3617212920548871
3180_AlBa2,0.0085581230857399
3181_Mn3Rh,0.0538139994731174
3182_SnW3,0.3813266833695365
3183_Al4Sr2,0.2872414261810381
3184_Sb2P,0.3290368608400082
3185_CaSb,-0.9295830155484096
3186_UGe,-0.3597175605300711
3187_Al3Br,0.1113996489438839
3188_AuSb3,0.227695155440879
3189_PtV,0.777142941326102
3190_Sn2W2,0.4676484999730883
3191_Au24Br5,0.1994016806252971
3192_InK,0.067864092426493
3193_Ni4Sr,0.3530060754889405
3194_SbGe2,0.290026473554884
3195_CeV,0.6211147799052004
3196_FePd,1.0223786888127373
3197_Cu4W8,1.2660410542214962
3198_Ga3Rh,-0.2169885340034145
3201_Al2Sb,0.1876107753542217
3202_AlAs,-0.1258805203464161
3203_InSb2,0.172704249641176
3204_Al2Cu,-0.2369830017517777
3205_PdRb2,0.1579059991105035
3207_Na2P2,-0.3693177276301007
3208_CaW,1.71443865346851
3209_PtRh3,-0.0067502684002151
3210_Ba2W,1.3084603054428634
3211_AuV3,0.1333038841847544
3212_In4Rh16,0.2404357359716975
3213_AgEu,-0.4924128376574583
3214_InSb2,0.1714528778890098
3215_K8W4,2.0775030196961777
3216_Ta2P,-0.2863519570587295
3217_AgTh,0.283415185251946
3218_Sn3W,0.2896653718213491
3219_KNa3,0.0155194455850997
3220_Pd2Rb4,0.1455347177912755
3221_Al3Cu,0.0063965280789801
3223_ThGe,-0.7807689269465392
3224_TaSb8,0.3092628586948807
3225_Mo2W,-0.0036623847086711
3226_MoRh,-0.1753282368478412
3227_CaP,-0.744611542772053
3228_Al4In,0.6381890727771047
3229_Al2Ni4,-0.4528155467130901
3230_Ba2Ca2,0.0406486469655449
3231_Fe2As,0.0126401657999911
3232_Al5Pt,-0.2573612978127588
3233_WAs3,0.1306941151796659
3234_AlP,-0.3675687588258789
3235_BaGe,-0.1830738889749259
3236_Mn2Sb6,0.5913991960011264
3237_Cu2Fe,0.1032353326638938
3238_GaNi,-0.0512278565072206
3239_Pb3V,0.3814954916460991
3240_CuW,0.6085194492981056
3241_InGe3,0.2659420410108755
3243_AuMn,0.1939194425575365
3244_Al4Eu2,0.6089629541792144
3245_Ba4W4,1.0878871809741997
3246_Al3Rh,-0.4172590044019131
3247_GaPb8,0.0253117476819279
3248_In2Rh,-0.3115683777988701
3249_Ni2Rh4,0.0462443337260178
3250_InV,0.3685158133105357
3251_Ni2Sr4,0.208795066472381
3253_Sr4V2,0.7019037388563749
3254_Ir2W4,0.0504986066526266
3255_MoRh,-0.178031266937797
3256_Ga2Ge2,0.1807988408540439
3257_InP,0.3374919533225204
3258_Ta12As12,-0.2001446386269852
3259_Ga2Rh,-0.4789372728210382
3260_P12Br17,-0.1160226505544552
3261_Al2In2,0.179782887200552
3262_In4Rh3,-0.1529194983569896
3264_Sn2Br4,0.2584199160717686
3265_CuMn,0.3284417554150183
3266_GaMn,0.6603565188484879
3267_AlMn,-0.0462419779947644
3268_Al5Mn,0.1800210855609935
3269_Ir2Pb2,0.5037811192586714
3270_K2Sr2,0.1337180092551744
3271_Pt2Sb2,-0.3033767802065705
3272_Au7Sb,0.0363614110297692
3273_Fe3V4,-0.0739615341255576
3274_Al4In,0.1408628166853951
3275_WBr2,0.5786490800307025
3276_IrW4,1.243275384063176
3277_Mn2Sb2,0.2208059199903882
3278_InMn,0.2268852581227722
3279_Au12Ni4,0.1178616165446024
3280_Cu2Mn,0.152270836831537
3281_Sn18W6,0.5323133311983336
3282_Ca4W2,1.7641017660772362
3283_Al6Ge2,0.1712366775517884
3284_SrAs,-0.9460797429955128
3285_In24Pt5,0.0133550996723297
3286_AuEu,-0.945224780753796
3287_Cr9Ga12,-0.0512915740185254
3288_Au12Pb4,-0.0183364790162765
3289_AlSr3,0.057116047106092
3290_Cu4Ga5,0.0654526913839102
3291_RhSr8,0.0602316093634118
3292_Ni2Ta,-0.3550029438734891
3293_Na4Pd2,0.0142338250281968
3294_Al4Mo2,0.0716738620601376
3295_RhSr2,-0.1502170610517511
3296_RhYb,-0.5889667665039164
3297_Na2Pb2,-0.1047916292313502
3298_AlCe,-0.3025139623470183
3300_Pd16Sb4,-0.0221158833867306
3301_Ni2Pt6,-0.015469801680668
3302_CeGa2,-0.720202136335919
3303_Rh3Sr,0.2050868898288982
3304_Sn2P4,0.4229429072671393
3305_Cu4Fe,0.1124787343126072
3306_Fe4Br12,-0.2228960036185552
3307_AlCs,0.8024916049669821
3308_Fe3Br,0.6181349230431623
3309_Fe4Pb6,1.1952070005445747
3310_KAs,-0.1738326167191761
3311_K4Mo2,0.930444831662508
3312_CrMo,1.0318884017398364
3313_Sn2W,0.5202709353288716
3314_PtBr5,-0.0871835685459364
3315_K4Sr8,0.0951012154256858
3316_Ta5Br4,0.1965072939432378
3318_AgRb,0.0768720358900465
3319_Mo18Sr6,0.7464550569288152
3320_Mo12Ta4,0.1747143460660947
3321_AgEu,-0.4739998494988326
3322_Al6Ge2,0.0256641957364984
3323_Sr4As2,-0.8694510745793492
3324_Cs2Ni6,0.6204138322765402
3325_Na3Rh,0.3123486508330413
3326_W4P3,-0.2027034634468054
3327_Pt2W2,0.091684772560035
3328_Ag2Ga4,0.0340333516807961
3329_CuIn,0.53827912498393
3331_KP,0.134582269728186
3333_Al3Pt5,-0.915859397452909
3334_Al3Br,0.3122945690795773
3335_FeMo3,0.1101955142401873
3336_Al8Mn16,0.1273715740383494
3338_Ba4In2,-0.2546404354869868
3339_Pd6V18,0.0094176494364196
3340_Ag4Pt8,0.0432711982259418
3342_KP3,0.015246017205297
3343_Ag6Pt6,0.0297693496556714
3344_AgGa3,0.0312642882724012
3345_MoNi3,0.0846750970911083
3346_SnSb3,0.1632144741154624
3347_CuIn5,0.3415053973082337
3348_Au12Sb17,0.120151874278284
3349_PtW,0.3486225087268639
3350_Al3Pt,-0.4537269625614808
3351_Ga4Mn2,0.6176953518909775
3352_Ba2Sb,-0.1312124896991768
3353_Rb2Sb4,-0.4917014117046919
3354_Pb4As16,0.3364037777388639
3355_NaBr,-1.51503601569897
3356_Pd4Ta2,-0.0058051799035148
3357_Ir3Ta5,-0.3663745186503728
3358_Ir2W2,-0.1446439260649494
3359_Ga2Ta,0.0503635093607286
3360_AgRb,0.0660429941993814
3361_Ca16W4,1.0830365109750342
3362_Mn3Ge,0.0354328238165058
3363_EuI,-1.3430890122809351
3364_FeBr3,-0.13506335506495
3365_Al2U2,1.3398043001924131
3366_Al4As2,0.202797994810151
3367_Al6Cu18,-0.2013947623643298
3368_Pt2Sb2,-0.3461532795250575
3369_In2Pt,-0.4998269741034047
3370_Ag4Pt8,0.0272420275515964
3371_Fe2Br2,0.546021311397265
3372_Ni3Ta,-0.2058836724948634
3373_MoTa3,-0.1069536017678007
3374_Rh5W3,-0.1680544947770705
3375_Ga2Sr6,0.09042512494865
3376_PbAs3,0.3915886817129497
3377_V16P8,-0.5723199034988357
3378_Fe3Br,0.5931622489733952
3379_K4Na8,-0.0243008570655279
3380_Pd6I4,-0.004287555210886
3381_Mo4Ta2,1.4117438118955663
3382_Pd5Rb4,0.2655793852662308
3383_InMn2,0.2647872636948243
3384_Pd2As4,-0.1253413229392096
3385_NiW,0.1530420215647172
3386_Ag5P,0.3444536904378221
3388_Pt2Br4,-0.1790273019413776
3389_AuBr,0.0429653741732587
3390_SmP,-1.4191332313975558
3391_Ni2V2,-0.1546616339452162
3392_Fe2Mn4,0.2141786033866128
3393_Ag2Cu,0.0761581397430024
3394_Cu4Fe6,0.6946488182658911
3395_IrP3,0.3209887184886195
3396_AcSm,-0.3177316675339456
3397_Ni2Pd,0.0330800850408934
3398_Ag6Pt3,-0.0045986450110449
3399_Al2Br2,-0.3345127740137723
3400_BaRh3,0.2943309062598329
3401_Mo2Sr,0.6679731985949005
3402_TaP,-0.5758566204072242
3403_BaCa5,0.0209200169999936
3404_Fe3Mn,0.066990186712136
3405_CaTa,1.3058777306599012
3406_Fe2Sb4,0.1960877187219457
3407_As4Br12,-0.5247536637232186
3408_Ac3Fe,0.7177510127247606
3409_Sr4Bi2,-0.788333228094911
3410_SrAs4,-0.3109020440592161
3411_Cu4As2,-0.1525581951790394
3412_Sn12Sb17,0.089294179427916
3413_Al2Sb2,0.0747185115180317
3414_PbGe5,0.2853134562152644
3415_Ag3K,0.1557467317868135
3416_CaU,1.0188856753415712
3417_Ba5Fe,0.4972811038738764
3418_Fe2As2,-0.0034891794196232
3419_PdAs3,0.0839645199551011
3420_Ca3Mn,0.3640246657770225
3421_Al4I2,0.7168983581645406
3422_BaCa3,0.0343718308017577
3423_SnP,0.134815296805475
3424_W2Sb6,0.694428265919723
3426_NiPb3,0.3375171003002992
3428_Fe4Ni,0.5846093848012615
3429_Al4Pd6,-0.5849627395921765
3430_YbGe,-0.8311990432124841
3431_RhBr,0.4504867152200558
3432_Ba4Br8,-2.3961927963342133
3433_Au3Br,0.3171197310725695
3434_Al4Np2,1.5255108361972465
3436_In3Sr,-0.2040066123664181
3437_CaSb,-0.8116893433576702
3438_Al2Pt2,-0.8734821357839673
3439_Pb2Sr2,-0.552749920594013
3440_Ba2Ir2,-0.0424457808078875
3441_AlSb2,0.1446425292884262
3442_Ir3P,0.15142946223893
3443_Ga6Sb2,0.0666863054200095
3444_Pt3Rh,-0.0087007843058684
3445_Sr2As4,-0.5606790033731818
3446_Au3K,-0.0419299927417968
3448_Ag2Br6,-0.1108622604289462
3449_CuSb2,0.2026567853708698
3450_KW5,1.1809571108084664
3451_MoSr,1.4736654169528158
3452_Ag2Au2,0.0062231319415904
3454_Rh4Sm2,-0.9147207188694786
3455_FeGe7,0.4406868157201442
3456_Au8Na4,0.3405145718810456
3457_AlSb,-0.1687718686976369
3458_AcP,-1.116652553334971
3459_Fe2Mo,3.2870273239455563
3460_Ir3As,0.2958400086988613
3461_Au4K6,-0.1810899825019721
3462_Mo2W,-0.0056973814252998
3463_Fe3Pd,0.0064362337017787
3465_Pb3Sr,-0.372066137539123
3466_Ir3Sr,0.4561107350422215
3467_PaRh,-0.6029352313563088
3468_Ni4Pd8,0.0685609689016277
3469_Ag7Pt3,0.0294889942727358
3470_Ba3Pt,-0.0461319682219438
3471_Al2Sb,0.3893018647743063
3472_Cu2Fe,0.1231665368949919
3473_CrU,0.6061157164975111
3474_Ta2P2,-0.0397634335946133
3475_CrSb3,0.2056924724572182
3476_Sb2P,0.3290076952128349
3477_AlYb3,-0.1302088707657951
3478_Ba2In2,-0.3880134217732007
3479_Fe8As4,0.3710105528520332
3480_Ba4Sr16,0.1938910097868522
3481_SmW,0.6411380863800229
3483_MnGe3,0.2612476874954641
3484_PdBr,-0.1070412786634809
3485_Al3Na,0.1641406444576083
3486_Pb4Sb2,0.0692095082417735
3487_Cu4Mn,0.0374399811596923
3488_In2Sn,0.0148089513722802
3489_Pb2Sr,-0.0975137793375046
3490_PbYb,-0.6046977537265015
3491_Al3Pt,-0.4834220380422467
3492_Ir2Mn6,0.0123537499260386
3493_Rh3Sb,-0.0427092390285475
3494_KTa2,0.8032727114000338
3495_AlBr3,-0.2381826702708811
3496_V3P,-0.4864401960416202
3497_FeIr3,-0.0557801795417685
3498_NpPa,-0.0992218999290663
3499_Fe3As,0.0172060819869557
3500_RhSr2,-0.1422194087130049
3501_P2Br6,0.644935418993847
3502_Ca4Mn4,0.6361592220111758
3503_Ir3I,0.9992646734241646
3504_Al4Pt6,-0.8428913653579073
3505_Cu3Br,0.4183911709454029
3506_Ag3Pt9,0.0237166277832881
3507_Pb6As2,0.1701053573248594
3508_Al7Ge,0.0486894881177044
3509_Fe4Na2,0.9275578196026
3510_AgMn2,0.3680142390347581
3511_Fe2Sr6,0.5452398911895373
3512_Pt6Br4,0.4733610672594047
3513_AcSn,-0.7306747766627266
3514_AgP3,0.4904018901239348
3515_MnSb2,0.1487860227552436
3516_Ca2Sb2,-0.8103366219678154
3517_Al2Pt4,-0.6582483570815411
3518_Mn23Sm6,-0.0307691676262185
3519_Ga2Ni6,-0.310124810305747
3521_InRh3,-0.0126030187117507
3522_Pd3As,-0.2758033828431498
3523_AlRh4,0.1490114095620938
3524_AgAu5,-0.0147197676914275
3525_Cu2Ge2,0.1181708539907431
3526_FeGe,0.0018767926074065
3527_AgBa,-0.0329036478309925
3529_Ba3W,1.0842347237129757
3530_P3Br,1.926129210792646
3531_Ga3Sr,-0.1438987980865582
3532_Ca2Ga,-0.3246202201433765
3533_Pd2Br,2.000228915517294
3534_Mn2Ge6,0.4868770529645303
3535_Ir4Ta12,-0.1931485683947595
3536_Fe3Yb,0.3191566587744008
3537_V3Sb,-0.0930840734466427
3538_Ga4Na,-0.1346281103334927
3539_VBr3,-0.2218910264533509
3540_AgIr,0.7201161562403575
3541_Ca2Ga,-0.1370402405445349
3542_BaSr7,0.0035132338114711
3543_Al4Pt2,-0.6948453370551823
3544_Ba2Sb,-8.07092158461461
3545_Ga2Sr2,-0.3373286017251207
3546_GaRh3,-0.2569407674469
3547_Rh4Sr2,0.1572920891605817
3548_In2Mn2,0.2256218912605403
3550_Ta2Sb2,0.0257373142077632
3551_Ag4Sn,0.1467271739098009
3552_W2As2,0.1099817999318233
3555_PBr4,0.274910942903859
3556_SrAs,-0.8153866816487305
3557_BaP,-0.6508185873227221
3558_Pt3As,-0.0049831231664407
3559_Mo2Pb4,0.4545479546314854
3560_PdPt3,0.0656485356757095
3561_Ag3Mn,0.2350035309251792
3562_Fe3Ir,-0.0256111017813136
3563_Pd2V,-0.2776788724314076
3564_Ga32Rh6,-0.3121174702825569
3565_CuK7,0.2138562995320674
3566_Cu6Rh2,0.0420879414142643
3567_P4Br6,0.2069360492629879
3568_Ag4Pt8,0.0023235877472878
3569_Mn2Ta4,0.5994460916093445
3571_Fe5Mn,0.0476466478093809
3572_In2Pb2,-0.0006363025444038
3573_V18Sb6,-0.0075097335478725
3574_P3Br,1.0780590886319557
3575_K2Pt4,0.8712168740128341
3576_NpPa3,-0.3460640993861492
3577_EuMn,0.6012495285623629
3578_Ba4In2,-0.239736009939115
3579_Au21Ga6,-0.1366279752500119
3580_In4Pb2,0.0253351892478015
3581_Ba3Sr,0.0026527436349885
3582_Pd2Rh2,0.1426459089233844
3583_AlK4,0.4481500084409727
3584_Cu4V,0.0402390247492668
3585_Pt6As2,-0.0470132012798281
3586_FeGa,-0.0760232916373659
3587_AuSb3,0.2293286939166487
3588_FeSb,0.1735590152007571
3589_AlSb,0.2165434108700332
3590_Ag4Fe,0.253723311022955
3591_NaBr5,-0.4681310095885373
3592_In2W,0.7245268331346111
3593_K2Sb2,-0.3844806039214687
3594_Ni2V,-0.2072508566888669
3595_Mn6P2,-0.2087209704508552
3596_Na2P,-0.1856062485340137
3597_Au26Ta2,0.4344388837923522
3598_Pb3V,0.4395690890623331
3599_CuFe2,0.1345766076162012
3600_Ag4Sn2,0.1840775408030524
3601_Cu3Ge,0.0652571573942939
3602_Al2Cu2,-0.1291277482368524
3604_Al3Pt,-0.4549920345578195
3606_KNi,1.0052471914417698
3607_Fe3As,1.3052704991518975
3608_AlK3,0.3006512908502217
3609_Fe4Pd8,-0.0967366215483439
3610_Ga2Rh2,-0.4851140473666762
3611_Ni2Pb2,0.6257644555964119
3612_PtTh,-0.8684167799000244
3613_Au4V2,0.0171157944692872
3614_Pb2V2,0.2658984600832914
3615_Al6Ba2,-0.1768863718932234
3616_PtV3,-0.234975318016616
3617_BaGe2,-0.2935484472204012
3618_Cu2V,0.0882831066899108
3619_EuI,-1.3552092755245704
3620_Ga3K,-0.0110621706509679
3621_KSb,-0.2790825044919915
3622_Al6Pt4,-0.7048057370949273
3623_Ga2P,0.1671434064544392
3624_Ba3P,-0.2539164227109487
3625_K2P,-0.0875183940462124
3627_Cu16Mn8,0.3382363165353024
3628_CuPb5,0.1710939179905928
3629_Na2Sn2,-0.2116591017251918
3630_Cu5V,0.1966226874632391
3631_Pb3As,0.1116338261116278
3632_Mn8P16,0.0593578151712369
3633_Ta4Sb8,0.2600121913022366
3634_In2Ge4,0.3237670822118061
3636_Fe2Br4,-0.1272779419185526
3637_K3Pt,0.1227777550677848
3638_Cu2Fe2,0.2020980547607358
3639_V2Sb2,0.2042057005244544
3640_Fe3P,-0.1983662193815236
3641_MnPd3,-0.1628683062001306
3643_VGe3,0.1074684072566141
3644_Fe3P,-0.1958156787846761
3645_Al4K5,0.2492645665704687
3646_Mo2Na2,0.5780009365550232
3647_In4Pt,-0.109899875488567
3648_PdAs3,-0.0502398700533159
3649_Cu2Ge4,0.2520284133880294
3650_Au2Ta,0.3603856372156286
3651_AlGe3,0.249991609029232
3652_V2Ge,-0.3074182880661394
3653_Ag5Pt5,0.0451717437014799
3654_EuPt,-0.9597524333356082
3655_IrSn2,-0.065348526247007
3656_Ge3Br,0.0465995518350488
3657_In2Ta2,0.5123786104406642
3658_Al2Ta2,1.0984819167369944
3660_Cu5P4,0.1356729049497344
3661_MoI,1.3718957778972358
3662_Sb2Ge2,0.2920265700266515
3663_Ba4Sr8,0.0083402217814067
3664_FeSr3,0.6208096359060029
3665_Na2P2,0.1266276353560829
3666_Ba2Na2,0.0068428781838612
3667_Cu2Ga2,-0.0149761966092438
3669_Ba3Sr,0.0140121820406959
3670_Pd4As2,-0.2132849462625093
3671_GaMo2,0.9061655129576126
3672_AcNa,0.2468821919774466
3673_Na2Pt,0.0048590077104702
3674_Cu4V2,0.1310439131075043
3675_Au4Sb12,0.0816958115240025
3676_W2Sb6,0.3256841746554091
3677_AgP7,0.7571528019389939
3678_K2Ta,1.574859957444275
3679_AuFe4,0.093735028143422
3680_Pd4W2,0.3204977384153148
3681_Mn6Rh2,-0.0091769471865195
3682_Al4Pt8,-0.8627738744258586
3683_Pd18As6,-0.2913676761221317
3684_Al2Cu2,-0.0710479778351218
3685_AlAs,-0.1401830677239841
3686_Fe2Sr6,0.615835199672778
3687_Al2Pt,-0.6005503292033859
3688_Pd4Pt4,-0.032065831937813
3689_GaK3,0.1886516453423525
3690_NpPb,1.3011929922110452
3691_BaRh2,0.1387420418890942
3692_Al2Ta2,0.0484771651687685
3693_NiSb,-0.1496660710504063
3694_P2Br2,0.1930605002183072
3695_Cu2K2,0.4746093749372502
3696_Cr2Sb2,-0.0563094461679325
3697_AlPt2,-0.8184847811437367
3698_InW3,0.5709071561380128
3699_Ag10Fe6,0.5069376206385812
3701_PbSr3,-0.2301207637119535
3702_Ni2P2,-0.2510017772277049
3703_CuFe2,0.079502949474796
3704_WBr,1.5888402903134065
3705_Fe2Pd2,0.054175898367049
3706_BaPd5,-0.337024768245661
3707_EuGe2,-0.9202436732756536
3708_Ni8Ge4,-0.4454890874569628
3709_Al4Ga2,0.1296503943423186
3710_Al2K4,0.2315029424185904
3711_Ga10Mn4,-0.1222770479353282
3712_Na5Pt,-0.0253459167581734
3713_Al2Br2,0.0760864591054089
3714_Fe2Sr6,0.8647008501467695
3715_SbGe2,0.2898463893914892
3716_RbI,-1.6018918268005236
3717_Fe18Pb6,0.7481306957990626
3718_Na2Pt2,0.0585098008897602
3719_Au3Fe4,0.1105281714746949
3720_Ni3P,-0.1701341414636958
3721_BaPb3,-0.1589663600065693
3722_K2Pt,0.0839811861269848
3723_SnTh,-0.4789627998287056
3724_Fe5Pd,0.0312070643968134
3725_Ga3Sr,-0.2500555671844617
3726_FeNi,-0.0363000949573359
3727_Cr3Sn,0.2386689885192066
3728_NiRh,0.0425965851684635
3729_Ni8Pt4,-0.0452248635459563
3730_Al2Cu,-0.024514671381759
3731_Cu2Sb6,0.2657594816528084
3732_AuSb2,0.1671950463491859
3733_Ag5Pt7,-0.0030204133850902
3734_GaPt2,-0.4629662175507303
3735_Cs2Fe2,1.6374434228893548
3736_Rh3Sb,-0.0768941101261564
3737_CaP5,0.1311372483648725
3740_Ir2Pb,0.5982526184912954
3741_GaTa2,-0.1216311086354669
3742_Al3K,0.1977556432354683
3743_GaMo3,-0.0075587913645431
3744_FeI,0.5974285370116457
3745_Ca2Cu2,-0.1472054650268024
3746_CuIr2,0.258956206583683
3750_Mn2Ge2,0.1626999725298628
3751_Ag8K4,0.0051023062900457
3752_Al42Pd16,-0.5514900207285938
3753_Pb3Sr,-0.3053776900756442
3754_Al3Cu2,-0.1646769696389171
3755_PbGe,0.1222864572366444
3756_Ir3W,-0.1768983028315762
3757_Cr2Bi2,0.7851509186435619
3758_Eu3Pd,-0.3023895575627371
3759_NiRh5,0.0241607385453797
3772_Mo10Ge6,-0.1450532842163383
3773_Ge2P2,0.4919381840765435
3774_W4Sb2,0.5123617666159177
3775_Cu2I2,-0.2441904427747188
3776_Cu4K2,0.3419753359349879
3777_Eu3Fe,0.4686251092821969
3778_InMo,0.4716348834971979
3779_CaIr3,0.0305344814990053
3780_AgBa,-0.2376321169705488
3782_Ga6Sb2,0.2322455614496541
3783_GaSb3,0.1770898010176713
3784_CuW2,0.532183823929414
3785_Sb2Br,0.0393010609795823
3786_Ir2W2,-0.1020307345904214
3787_AuBr3,0.4834805601449372
3788_Cu12Pb12,0.2586636069044156
3789_Mn4Rh2,0.0155560353019161
3790_MnPd3,-0.1677646712931579
3791_Fe3Na,0.7118915968889912
3792_Cu2W,0.7723792866705873
3793_NiPt3,-0.0873784347052497
3794_Ag2Sn,0.032167906632529
3795_Ca3Ga,-0.0297621651322841
3796_Cu3V,0.2278824626723592
3798_Ga4Sr,-0.4463342416331709
3799_Ga2Ta6,-0.0167889698066012
3800_Pt3Bi,-0.0288814877431011
3801_Na4P2,-0.2358167291925571
3802_NaBr5,-0.4678710658109493
3805_FeSn,0.2022509167831438
3806_Ag4Pd6,0.0226663836828961
3807_Pd6Sr2,-0.375023231360875
3808_In3W,0.5152056352826531
3809_Ni2Sr2,0.4626434563326298
3810_AgMo3,0.4025494275119783
3811_Ag2Sn2,0.0142127378141592
3812_AgSn,0.0299293164035243
3813_Cu24As8,0.0163710169351274
3814_W2Sb6,0.6963800044215294
3815_FeMo3,0.2095670596886858
3816_Mo2Na,0.7765980918076991
3817_Na2Rh4,0.2454819018463692
3818_FeP5,0.1148882220658234
3819_P2As4,0.3096385535205896
3820_Al3Fe,-0.1803985331203383
3821_InK2,0.1273937393592102
3822_Mn6Ta10,0.0135820767479337
3823_Ga2Pd2,-0.5766066931495129
3824_MoSr2,0.954402009198068
3826_CsSm,0.323942724359175
3827_Al2Pt2,-0.8915417961538017
3828_Th6Bi8,-0.6813683766328101
3829_Ir6W4,-0.1336017606123633
3830_Mn6Br2,0.6461421765977988
3831_Na4P2,-0.1461563225130477
3832_CuPb3,0.1775907872946192
3833_Ir3Na,0.3140965208008399
3834_Ni5P,-0.0728238679233352
3835_Fe2Br2,0.555203703580994
3836_Ac4Br6,-1.462273354981305
3837_In2W4,1.250886245647976
3838_CrI2,-0.4092368593035083
3839_GaP,0.3834919186626027
3840_Al2In,0.1387528894089046
3841_InTa4,1.5870665708125742
3842_MnP,-0.3775156260053043
3843_Ir4Ta6,-0.344838574125113
3844_Al8Fe,-0.0512620528078302
3845_P2Br4,-0.0074376607961076
3846_CsP,0.6036632273622891
3847_W4Sb2,0.6877308191738637
3848_AlBr3,0.0587533733797673
3849_SnSb,-0.06644948616947
3850_AgW,1.187984958539951
3851_P12Br12,0.0127132869675463
3852_Ag4Mo,0.4949321417975973
3853_Sn2P4,-0.056001519449877
3854_AlPa,-0.4550955889522443
3855_CuSr3,0.0230810902990548
3856_Al2K,0.2835629885431574
3857_FeTh,0.1559447648618688
3858_PI3,0.8190091040477483
3859_Ir3W,-0.2315256492044497
3860_IrP,0.1479387852015214
3861_FeRb,1.4476931142635006
3862_InP,0.0171562093145318
3863_BaBr2,-11.34664136590266
3864_AlSr3,0.0458020447738753
3865_CrU,0.4567240370276604
3866_FeAs,0.1233376778550159
3867_AuTa3,0.0237207956110818
3868_Au16Yb20,-0.9813941101488048
3869_NiPt,-0.1186682531105658
3870_FeGe,-0.1988810521886597
3871_Pb2V4,0.4576023331878953
3872_P3Br,0.8758684315881653
3873_Cu2Ga2,-0.0164941734962384
3874_Sn3As,-0.1805342987981388
3875_In4K,0.5600406304992827
3876_Fe10Pb6,0.8850088092175019
3877_Cu4Pd6,-0.0477099033245785
3879_Cu2Ge2,0.1737348240279024
3880_V2Ge2,-0.2034460607797328
3881_VBr3,-0.044573140622091
3882_KPd3,0.2268438239013788
3883_Pt2As,-0.1144511097708177
3884_As18Br6,0.0226532074799372
3885_BaGe8,0.0751645538209276
3886_Pb6V2,0.613132292092458
3887_SmSb,-1.5775718023941758
3888_FeP5,-0.1254662331799127
3889_CuAs7,0.5110070369431146
3890_IrNi,0.1231103774781239
3891_KP2,-0.2278657130216874
3892_BaIn3,-0.1502425738916377
3893_NaPt3,-0.0319060318697372
3894_CaI3,-0.787452079627013
3895_Ni2Sn2,-0.1151318649780357
3896_K2P2,0.1540928379601198
3897_BaPb3,-0.2594454125591254
3898_Ag5Pt7,0.0384508224427128
3899_Cu4Pd8,-0.0814270191338154
3900_Eu2Ga4,-0.7244935671849531
3901_Ir8Sn,0.0672942381637192
3902_Ga4P3,0.0203795103231487
3903_AlGa2,0.0353028648597616
3904_NaPt5,-0.0501648287347424
3905_AlCe3,-0.1653339908128144
3906_Al2Fe,-0.36144122023592
3908_Al2Fe4,-0.1664737846228483
3909_Ba2Ge,-0.2536671172700515
3911_Fe4Ir,0.0552875162944161
3912_P4Br2,0.1837938368234185
3913_Cu7As,0.0252278097608709
3914_SbGe,-0.0133631114332759
3915_Cu8Ir16,0.4563536858166645
3916_CeIn,-0.2702256979151656
3918_Ga3V,-0.0526355528457882
3919_KPt5,0.1060495356641274
3920_Ag3Mo,0.3129424275328398
3921_Sb3Ge,0.2677004968112384
3922_Cu2Ir2,0.2529828817891149
3924_Al2Fe4,0.0479176586642762
3925_Na2Sn,-0.1466331125119874
3926_InW,0.9132617318997428
3927_CuIr3,0.2111150939396555
3979_Ni3V,-0.2523763540864658
3980_SrI,-1.1805649649666825
3981_CsBr,-1.9532013368567016
3982_Cu2W2,0.2190544733619734
3983_AuCu,-0.0659880698796522
3984_Mo3Sn,0.2320871808682163
3985_Au3Cu,-0.0153363036812166
3987_Cs8Sb8,-0.6076108534631741
3988_Ag4Ba2,-0.2866839690043905
3989_K3V,0.8662796318159853
3990_TaV3,0.0534170211823017
3991_CeAs,-1.7374966219490622
3992_CaTa,2.085022014389096
3994_BaNi3,0.3882233707854299
3995_CrSn,0.2876573438924481
3996_Mo12W4,0.2400632513012386
3997_Mn3Ta,0.0642209454664826
3998_AgSr2,-0.1903265589472257
3999_GaAs3,0.3380044080014444
4000_MnTa2,0.0306398640400852
4001_KSr5,0.1226925396156953
4002_NiAs,-0.3012501129468337
4003_Na4P20,-0.278409981598901
4004_Na12P4,-0.3687060882754256
4005_Mn2Sb2,0.1044043826542004
4006_Ga3As,0.0935757977451485
4007_Ni4Ge2,-0.1756610055196823
4008_V8As4,0.1239380017364091
4009_Ag2Ba2,-0.2761736007103255
4010_Fe3Ta,-0.1127685116032299
4011_SrBr,-1.3925750242942536
4012_Na2Pd4,-0.009570242687688
4013_MoRh2,-0.1614324447944059
4014_Ta2P6,-0.1821465687261643
4015_Ta5Sb4,0.0942704375860425
4017_Cu8In,0.0159428749984079
4018_Na3Pd,-0.0141660341409721
4019_Mo4W4,0.4015146948815431
4020_Pt2V4,-0.1754896770449102
4021_CeMo,1.5109984231473377
4022_KP,0.712586257773205
4023_Pb2P2,0.3564752675865845
4024_AuRh2,0.1829427448860971
4025_Fe3W,0.0411978976634284
4026_BaIn5,-0.1550668724833904
4027_Na2Sr2,0.1054436255100468
4028_Au5Ni,0.0825313759901096
4029_VW5,0.4316567842693999
4031_Mn4P2,-0.0374880990532998
4032_K3P,-0.030217587200664
4033_Ni3Yb,-0.0804497372718122
4034_Au2Na4,0.066824322316533
4035_Al3In,0.2005794903275313
4036_Na6Pd2,-0.0136777169854349
4037_Ca8Br16,-1.8897337814623807
4038_Ga2K2,0.085636318940012
4039_NaBr,-1.5671150316488234
4040_Na3V,0.63313957064004
4041_Pt5V,0.0882913873411747
4042_V4W8,1.3927489663079091
4043_AlBa5,-0.0042544079372278
4044_Sr8Bi12,-0.7505659320773692
4045_AlAs3,0.3084391696072028
4047_Au3Cu,0.80561609820449
4048_Na4Rh16,0.5542941585464085
4049_GaTh3,-0.1766899801972616
4050_Au3Ni,0.0700246573522385
4051_Al8As4,0.1096141093467484
4053_Mo18V6,0.2154315725919993
4054_MnTa2,0.0326198714318716
4055_Al16As8,0.1657365845596465
4056_Ni6As4,-0.1381767844322986
4058_SrAs,-0.862153859829148
4059_Pb2P6,0.0608281721851131
4060_VAs5,0.1273263648936259
4061_Mn5V,0.1339017868412367
4062_Cu4In16,0.1786766166937521
4063_Fe2Ta2,-0.0429836756126427
4064_In5Mo,0.2891137401028671
4065_Mo4Rh2,0.7288084832143985
4067_PdBi,-0.3015815765160319
4068_Ni4Ge5,0.1658968720271679
4069_Ba5P,0.3985963186882178
4070_Mn2Sb2,0.2133661323603402
4071_Fe4As,0.4298662774482622
4072_KPd5,0.2378287882718357
4073_Cu24In5,0.0511636891329517
4074_K2Mo2,1.1300388461502564
4075_GaPb3,0.0396178590203546
4076_InSr,-0.1074781430223197
4077_Mo4Rh8,-0.1778144107156573
4078_Cu16In4,0.1568465307846374
4079_Al2As,0.2365133531478314
4080_MoSn2,0.0805992023603892
4081_BaIn,-0.3934987706890727
4082_Mo3W,0.4366388836053136
4083_Fe6Ta10,-0.0784120095070566
4084_Ta2Sb4,0.0578058763603053
4085_Ga2Mn4,0.4832637774343287
4086_Sn8W4,0.4984100343295215
4087_AuNi3,0.0985591715563041
4088_Fe7Ge,0.1567704748029283
4089_Al3Mo,-0.1944689772432752
4090_Cu2Sb2,0.0947745338992556
4091_Ca2Pd,-0.4987472775199446
4092_Au6Pb10,-0.0606662388242571
4094_CaNp,1.5151227075171736
4095_Ir2Pb2,0.3368817978345504
4096_InRh,-0.4297782565255268
4097_Mn3Sb,0.2143725397026807
4098_Ca4W4,1.7124751815438843
4099_CuW,2.2610068203752807
4100_Pt4V8,-0.2722998168753759
4101_NiGe2,0.0045054710163607
4102_Fe2Mo2,0.1543280102061235
4103_AgMo,0.9627148163233477
4104_CaW3,1.1974411247556669
4105_CrIr,0.71516585690547
4106_Rh3As,-0.0143576654625379
4107_Mn3W5,0.1556870506274474
4108_CuIn,0.2413165592473523
4109_RbTa,1.5587009498917554
4110_Na2Pb2,-0.1562603921855645
4111_Ba5V,0.5603798148423765
4112_Pd2Rb,0.1444467522241363
4113_Cu2Mo2,0.2552253731582725
4115_Al2In,0.2284985677949282
4116_BaIn,-0.3942991436374097
4117_CaGe3,-0.0378530245933212
4119_Al5K4,0.221806964842009
4120_Cu8Sb4,0.4144417011578489
4121_NaP3,0.3117392660306839
4122_Al2Sr6,0.03583471460575
4123_Au2Pb4,0.2124181947602489
4124_Al3Ta,-0.3367066690608897
4125_InRh4,1.09674590170157
4126_Ba4Cu2,0.0315725948119934
4127_Ga2Th,-0.6637851725451943
4128_Mn8Sb4,0.1912105869806796
4129_Al5Fe,-0.0528174990306299
4130_Au3Na,-0.1153779668336403
4131_W3Sb,0.5330850639774898
4132_AuV5,0.1040210577935312
4133_Ir6Ta6,-0.5934999130302536
4134_Sb4Ge2,0.2734004992760119
4135_Sm3W,0.0611845420881635
4136_CuYb,-0.2513605341934943
4137_Pb5P,0.1470081182557236
4138_Na4P2,-0.2091135756894007
4139_Ag4Ba8,-0.1623410645895558
4140_In6Rh2,-0.0876610181800892
4141_Ga8Pb,0.0497634616121622
4142_Au3As,0.1491817017053591
4143_Cu8In16,0.0794970944309702
4144_AuSb3,0.7712758898898024
4146_Ir4Mn,0.9132516606593768
4147_AgSn,0.0310844222511628
4148_GeI,0.1217367740047419
4149_Ba4Ni2,0.1227738676787139
4150_Mo2Ni6,-0.1130121420144583
4151_AuSb3,0.22864339001835
4152_MoP5,0.2074013164390062
4153_Mo2Rh2,-0.0742199523069722
4154_Cu2Ni2,0.0196414447752104
4155_CaK,0.4978925186275535
4156_Fe2Ga2,-0.0016789232952305
4157_GaMn3,0.208263872388593
4158_Sn4W2,0.4186146885247837
4159_In4Mn2,0.3757935799507077
4160_InRh,-0.4304722861100893
4161_AuGe,-0.0203678673486198
4162_TaSb3,0.1410275166388412
4163_AlBa3,-0.0290267904209771
4164_Sn2W4,0.550858656015072
4165_Ba2W2,0.7883000138159826
4166_Pb2Ta4,0.7310696243836764
4167_Mn3Ta,0.0919242943004228
4168_Fe3Mo4,0.2261068901686473
4169_Al3Mn,0.4621942741946689
4170_Ni2Ta6,-0.0830495279921201
4172_Al5Mn24,-0.1477738051154592
4173_PdP8,0.4356433094713152
4174_Fe8Ge16,-0.0145605955894048
4176_Mo2W2,0.4080368590916485
4177_FePt3,0.0727994905894222
4178_Ca2Sb4,-0.4487941170993181
4179_Rh4W2,0.1744026382173255
4180_Rh2Sb2,-0.180140237805733
4181_Au6Sb2,0.1268491665292348
4182_TaV,0.3810899222485702
4183_Au3Ta,0.0805848578988808
4184_SnW,0.763816548221854
4185_Au4V16,0.4755917777020059
4186_Pd3Rb,0.2028508952207026
4187_Na4Pb2,-0.1531713600703626
4188_Mn4Sb8,0.3833065550035227
4189_Ag2Mo2,0.5144999072780223
4190_KSb3,-0.0872071987377549
4191_CeBi,-20.51942767497456
4192_NpYb,0.5545692761840684
4193_K6Pd2,0.0987713269920638
4194_PbTa3,0.3900547148183602
4195_KBr,-1.9000790488547985
4196_Ni2Sr2,0.1953395257108292
4197_Rh2As6,0.2374773535485985
4198_Al5Fe,-0.0580412148693868
4199_Sm4Sb8,-1.2011228798766862
4200_Sr3Br,-0.6682952205881987
4201_NpSm,0.2745112966388436
4202_V2Br2,0.2049389206913092
4203_V4As2,-0.3354524045812148
4204_Ag5Pt5,0.037224391652122
4205_MnRh3,-0.0543841615570341
4206_PbSb3,0.2203488826656587
4207_K4Pd2,0.0843341938906068
4208_Sb8P4,0.2323574671258956
4209_PdGe2,-0.0960783464424916
4210_Mo2W4,-0.0028610466844322
4211_AgSr3,-0.1333091971026072
4212_Fe16W8,0.5076754801286446
4213_CaSb,-0.8106477564381542
4215_EuNp,0.5792944707898835
4216_Pd2P,-0.2964587169428299
4218_PbP3,0.5421844827604634
4219_CeU,1.1508078708582277
4220_IrSm3,-0.5846968306787721
4221_Au2Mn,-0.089335500206479
4222_Ag4Na2,0.0165116819565905
4223_K8As8,-0.713846988178084
4224_FeMo2,0.1637340308112816
4225_CsMn,1.377763715437709
4226_Au2V6,-0.0374003777432081
4227_Sn3Sb,0.0335006972881908
4229_MoP3,-0.0003381909733004
4231_AuBa,-0.7055677220240955
4232_Fe2Bi6,0.3530065572768315
4233_Ir2Ni2,0.1240748108296081
4234_CaW3,0.877911644159294
4235_Ag3Na5,-0.0012180582987706
4236_Pd2Sm2,-1.1902433094897784
4237_Mo3P,0.0348839204519695
4238_Mn3Sb,0.1085140340628285
4239_Sr3Ta,0.8742473959707291
4241_Au8Rh4,0.1711982711978444
4242_PtV5,-0.0809234845314452
4243_Ir3Ni,0.047391822307901
4244_AgIr3,3.4604658513367634
4245_Cu2Mn,0.4952616009620237
4246_AuW4,0.4205974914697705
4247_MnRh3,0.0642769134889844
4248_Pt2V,-0.5499976049611442
4249_AuRh,0.2785169400110483
4250_Ba4Ca2,0.0320475488332038
4251_Pd2P,-0.2900332965915086
4252_AlCu3,-0.1649203732823112
4253_Au2Ge4,0.152505619377352
4254_CaBi,-0.6500097699602416
4255_Au2Mn,-0.0971041462008267
4256_PtV,0.4367724316087003
4257_Fe2Sb2,0.4179474835499421
4258_Al5Ni,-0.1007123025640458
4260_MoW,-0.0115632644363721
4261_Mo4W16,0.9989554266022864
4262_Ba2P,-0.7444133013472781
4263_Ag2Sr,-0.1945276093546164
4264_MoBr3,-0.3920457264089467
4265_Ba2Ni6,0.6240558499667035
4266_IrMo3,0.0075335950078798
4267_Ba3Ge,-0.2287610492721032
4268_In4W8,0.5404186690897484
4269_AuNi2,0.1135973976274199
4270_Mo2V6,-0.0734245459992521
4271_MnBr2,-0.985413620866448
4272_RbW,3.473318277164075
4273_AgSr3,-0.1419343204578349
4274_Fe8W4,1.27481575434075
4275_Ta2P4,-0.5957414793266563
4276_V8As16,0.0624888650882127
4277_ThBr,-0.1704102825568485
4278_CuTa3,0.1501830417095071
4279_Fe4W2,-0.0117364097206985
4280_Al10Ta20,-0.0910167770230183
4281_NiGe2,0.066839860205236
4282_AlSn,0.0668889507328112
4283_Cu2Mn2,0.2471525421194602
4284_MoW5,0.0012216927512819
4285_In2Mn,0.2163870694935195
4286_AcBr,-1.339549648914408
4287_Ba4W2,1.4642914263667777
4288_AuYb,-1.0277863141157448
4289_K32Ge32,-0.2314262604501489
4290_Mo2W2,-0.0119251779004159
4291_MoBr,0.9804332898592608
4292_Au6Mn2,-0.0405193873597822
4293_KP2,1.0624264301844708
4294_Cr2As4,-0.4620956065782605
4295_AuAs5,0.4915406082243644
4296_Ba5Rh,0.0985829817622795
4297_Ca2Br2,-0.6922187046404753
4298_MoW5,0.4405019749326466
4299_Ga2Ge6,0.2415807844033328
4300_BaPa,1.4410187630840787
4301_RhW4,1.1430705070741864
4302_Rh2As4,-0.1859461427662717
4303_AuRh3,0.1418375503469873
4304_Mn2Rh2,1.0151847718994276
4305_InPd,-0.4227868516602266
4306_K3V,0.8623195553608953
4308_Al2Mn4,0.3858038264970271
4309_SrBr,-1.4833767957406825
4310_Ca2Mo2,0.4960835738562963
4311_NaTa,1.0824819908627168
4312_CeSm,0.2714352747135438
4313_Rh3Ta,-0.4051768741573873
4314_Ag2Al4,0.1908437062868871
4315_Mo3V,0.3792234579534757
4316_Cu3Ta,0.2003392939363832
4318_AcNp,0.6797853292709606
4319_Pd8Sn16,-0.5596961660742501
4320_TaSb3,0.4794987944840185
4321_MoW2,0.4640619945655662
4322_K2Sn6,0.0649611003597767
4323_Au4Na2,-0.3609220344025997
4325_Au4Ba2,-0.5351719339405504
4326_VAs7,0.4766247840716735
4328_AuCu,-0.0597546096257533
4329_Na5Pb,-0.0854004033022069
4330_Mo2P,-0.2007091096885993
4331_Rh3Ta,-0.3658550965484686
4332_Fe3Ge,-0.1030593229876171
4333_MoSr3,0.9261985218621888
4334_CuSb3,0.2871325776202331
4335_Fe3K,1.8156021498517223
4336_In16Sn4,0.0915696363380483
4337_Al12As17,0.0631815920846978
4338_VP3,0.3957803432569173
4339_AlCu2,-0.20682742671996
4340_W2P2,0.2953934385766779
4341_Mo12Rh12,-0.0368725320621348
4342_InSn,-0.0829382529904796
4343_AlK4,0.4386963169198887
4345_MoP3,0.3445089633266329
4346_KV3,1.2695272567403224
4347_AuV,0.1783313605397838
4348_Cu3Br,0.1835211112072219
4349_Ir3Ta3,-0.4347810583230007
4350_Au2Ni2,0.1379700411721982
4351_BaRh3,0.3275921122123266
4352_Mn2Rh4,0.0299697213341948
4353_Ba7P,0.046327332024564
4354_Fe3Bi,0.3277642144979555
4355_Mo6Rh18,-0.182751220239588
4356_Fe5Sb3,0.3266920626745477
4357_Au2Fe2,0.2273726575768231
4358_Cu4Ir,0.4572899932894181
4359_MoPd,0.0242015109187416
4360_Mn4W2,0.2035748244125805
4362_PbGe2,0.2158120200137189
4363_Al4Sr2,0.2809149352770609
4364_Al3Ni,-0.2242332681677492
4365_Ba2W2,1.030850390101512
4367_PbGe,0.229419473115144
4368_Mo17Pd12,0.2563564100439517
4369_Rh4Ge2,-0.2143445395982084
4370_Rh3Sb,-0.2063562446620768
4371_Pb6Sb18,0.1200002632881756
4372_Au4Fe,0.0940818174179668
4373_Ca2As6,-0.953861079987993
4374_Fe3W,0.042603553216491
4375_BaAs,-0.9919125426882248
4376_Fe17Th2,-0.076958604803849
4377_MnPd3,-0.1615328336668762
4378_Au2As4,0.0144955617245739
4379_Pt24W5,0.0324795520625949
4380_Pt2As4,-0.4910888935308979
4381_MoPd4,0.6319045285055118
4382_Ba3Ga5,-0.1704261584929725
4383_V18W6,0.1444451908513369
4384_AlK5,0.1901957953294963
4385_Al3Cs,0.8151148327681543
4386_Cu4K8,0.3554414266929508
4387_AgSn3,0.00321990824178
4389_CuBr3,0.0078963335368147
4390_Ni12Sr4,0.0600111016735347
4392_Eu4I8,-1.877240265112853
4393_V6W18,0.4443461860250674
4394_In5Sb,0.0245841235107479
4395_In3Mn,0.2284877334658102
4396_Au2Fe4,0.4657313841943183
4397_EuTa,1.9821528238551585
4398_KGe3,0.2251137099133981
4400_PdTa,-0.2949298433654892
4401_Ag12P17,0.120738424806306
4402_BaP3,1.7239127617203445
4403_Ba4Rh2,-0.0327557695338812
4404_Al2Cu4,-0.0829668452392239
4405_FeGe3,0.5245141898888992
4406_Al3Ca,-0.1485498107579226
4407_Al17As12,0.0187716242959471
4408_Cu17In12,0.2514156314578594
4409_Au2Br,0.2718252220490837
4410_CeCu5,-0.1502946904905435
4411_Rh2W2,-0.1634060966863391
4413_MoW3,0.4838752111837507
4414_MoW2,-0.0054168026914638
4415_Fe3Br,0.8483269798622297
4416_AlMo,0.076944126559888
4417_Ca4Ge,-0.1180823670313536
4418_Na4Sr,0.3768492047214097
4419_Ag4Sr2,-0.2252556994140283
4420_Au3P4,0.0064831113172161
4421_Ir2Mn44,0.1065903814918346
4422_PAs3,0.4020973050781125
4423_Al2Pt2,-0.9410388965392072
4424_Ni3P,-0.3095052203257662
4425_Au2Sb2,0.2069522440366871
4427_Pd6P2,-0.0517859647767435
4428_FeMn5,0.1748406066285154
4429_NaSb3,-0.0525864033552427
4430_MoYb,0.5927353378973717
4431_Au2V2,0.0249428442236858
4432_In11Sr3,-0.3222818449235483
4433_BaIn3,-0.2974247195844026
4434_BaW5,0.8998810528593069
4435_Na2Pd6,-0.0039800834452812
4436_FeMn3,0.100148581130357
4437_Ga8Pt16,-0.5462447081338079
4438_AlFe3,-0.1897415479368378
4439_Mn12Sb12,0.1541555942751363
4440_Fe3Pd,0.0872960532260496
4441_Rh5As,0.4701166732585164
4442_Mn2Ta4,-0.0182772382291886
4444_Al4Ba3,0.0292033668084903
4446_Sn8I32,-0.5442849740864955
4447_V12W4,0.1295615667311391
4449_K3Pd,0.0902629690702925
4450_Al3Sb,0.170681241367423
4451_Ca5Ge,0.2746564330536423
4452_K2Pd4,0.958128436165806
4453_Au3Sn,-0.0548105807840317
4454_MoSr,1.4422288245039052
4455_NiGe5,0.1534593577210206
4456_Ga4Mn8,0.8996624400047596
4457_Ca3V,0.6160135411991172
4459_AcMo,0.9356001187860984
4460_SbP,0.0811624920790903
4461_Mo8Ni4,0.7993973341064257
4462_Al3Pb,0.2750512699404068
4463_Mo6W2,0.4508075929566892
4464_CsYb,0.2117052403539379
4465_Pd2P2,-0.0748898037399525
4466_Ag5Pt6,0.0378372249416071
4467_Ba4Fe2,0.9680279891977884
4468_PdSn2,-0.3196629277584938
4469_GeAs,0.208114042910724
4470_Al2In,0.1566495902955118
4471_Cu2Pt6,-0.1142671369682535
4472_MnSb2,0.1504747922415295
4473_Ba4In,0.1451732176930757
4474_Ni4Ta16,0.5509188345813755
4475_AlNi3,-0.4056051678421566
4476_Ga3K,0.3125029998473985
4477_Na2Pd,-0.059035687527869
4478_K3Ta,1.1691466944339015
4479_AlMn4,1.008851761143592
4480_Al3Ge,0.0707607175218676
4481_Ba4Ir12,0.1362202141754807
4482_Ba2In4,-0.4352745821380361
4483_Ir2Mo,3.5922447122469983
4484_IrMo,0.792264955653728
4485_Na3Rh,0.3291477045577302
4486_Al4Ge8,0.2644100296867571
4487_Au6K2,-0.1902402434086161
4488_Al2V6,-0.0845296956554664
4489_EuNi,-0.0301608271115529
4490_KTa2,1.054611953918965
4491_Cu2Pb,0.2598637746294485
4492_Ge4P2,0.2094131892536352
4493_Na4Pd2,-0.0597792815661713
4494_CuGa4,0.039402732975958
4495_AgSn2,-0.0007098658300653
4496_UBr,-0.3985207269096849
4497_Fe2Sb4,0.4788135614246241
4498_Mo6V2,-0.0999753629379949
4499_Ta3Sb,-0.0251829081044103
4500_IrMo2,-0.013815246551965
4501_AlSb2,0.1450680860912729
4502_Au3Sb,0.4217477824387243
4503_Pd5Sn,-0.2280325911464439
4504_CaV,1.073180324298205
4505_CuIr4,0.5356091929971001
4506_Ba3In,-0.211620368678886
4507_AcV3,0.9571918969526044
4508_Al16Mn4,0.301063565326821
4509_AuGa,-0.0783288279649321
4510_Ca7Ge,-0.0143469796221094
4512_Au4V,0.5053051396209789
4513_In2Mo2,0.4014679899582596
4514_Al3Sn,0.1452120532474441
4515_Ni24Ta5,-0.1675005312947368
4516_Ni2Ge4,0.1023729698401296
4517_Rh3Sb,0.0382249713464721
4518_AlMo3,-0.0996964259999515
4519_Ir2Sb2,0.1139587402132296
4520_V8W4,0.0528966610899613
4521_Ir8Mo22,0.0019097001955458
4522_WBr,1.302940009611793
4523_Ga10V12,-0.2051192851040197
4524_Au3Br,0.2829069902830432
4525_FePd3,-0.0949810401407154
4526_Fe8Ga4,-0.1229566562214709
4527_AuNi,0.1788439408535893
4528_In16Sn4,0.0889102016768188
4529_Pd2Sm2,-1.1939658947664815
4530_RhSb,-0.137426643434642
4531_InNi2,-0.0206246987735809
4532_Rh3Ge,-0.1988314155642134
4533_Al2Fe2,-0.1659621127138217
4534_K5Sr24,0.1030625836751013
4535_In2Mn6,0.3305705497817044
4536_Ba4In5,-0.2514774306094741
4537_Al2Fe4,-0.2272930246471259
4538_Ge5As3,0.3379859815522268
4539_Fe2Na6,0.6521293141597573
4540_Pd4Sb2,-0.3088773544865653
4541_Ag2Sr,0.1312674073517152
4542_KGe3,0.3174478618796499
4544_Ga12Ir6,-0.4391570030411695
4545_Al4Mn,-0.072840510263844
4546_PtRh7,0.003178418728682
4547_MoV3,-0.0631905048546421
4548_SbP3,0.5203529482374165
4549_Al2Mn4,-0.0478207925401304
4550_NiTa4,0.7637822265224969
4552_Sn2Ta6,-0.112248719472225
4553_InMo2,0.1640907388659277
4554_NaSr,0.024068302942102
4555_Fe2V6,0.123355382997504
4556_Au8Cu16,0.1460925404133319
4557_SnBr3,-0.2861192229211466
4558_TaSb4,1.331670094197225
4559_Al3Ba,-0.0382474331130611
4560_CuW3,3.1041706291605253
4561_BaBr,-1.499596806424356
4562_SbP2,0.0828077510599977
4563_AlP,-0.3691838408500709
4564_CaCr,1.112240896363634
4565_CuIn7,0.1100149162863828
4566_PdYb,-0.6517078910153504
4567_Na2Rh4,0.2568463173101829
4568_Mn2Sb2,0.3028448297486399
4569_Pb4P2,0.0598117949566413
4570_Ba2Ge6,-0.0218457243890619
4571_Fe4Pb4,0.756893538735766
4572_TaP2,-0.5639764310451021
4573_Mn6Pd2,0.1800065618612514
4574_Pt2V2,-0.4415867327475009
4575_Cu8P4,0.0429996810381183
4576_AcPb,-0.26554078945294
4577_In2Pt,-0.491304117124633
4578_AlFe2,-0.1343440926625234
4579_Pd2V2,-0.1715385737955514
4580_Au10Ni6,0.1828234982158285
4582_Pt4V12,-0.1642023230585536
4583_Na2Pt2,-0.0653840123712798
4584_Ag4Pt7,0.0326727396703538
4585_CsIr,1.543183644474976
4586_Ni3P,-0.1897412135355365
4587_InMo8,0.3558672096246924
4588_Ag3Ni,0.1637136908782399
4589_AuPb3,0.0619014909753019
4590_In2Br2,-0.7137914213078189
4591_Mo2Sn,0.1088356497885385
4592_In3Mn,0.2204623372783771
4593_K2Pd6,0.0709865784228007
4594_Ag4Ir2,0.8181056146560977
4595_MnW3,0.3836572048518096
4596_KGe,0.7538320179509621
4597_NiGe4,0.4805487365606581
4598_Ni3Rh3,0.0590098443842267
4599_AuNi3,0.1610918246717236
4600_Sr8Br16,-2.052905570554053
4601_K3P,-0.0201667510898992
4602_Mo8W,0.4258541140077057
4603_Cu2In6,0.2063896272875793
4604_Ba2As4,-0.6748860622830364
4605_Cu6Ir2,0.1147352875377123
4607_In4Mo,0.3040013113251668
4608_Mn2Rh,0.0660991104519356
4609_Ni2P2,-0.2444295353290506
4611_Sn3V,0.3710273258378747
4612_IrK,2.116775691776342
4613_In3Mo5,0.3843984287084891
4614_Al2K4,0.4108101513743062
4616_Pt3V5,-0.4058848760908624
4617_PbGe2,0.3009133831301203
4618_PtBi3,0.1193074796349371
4619_Ba2In4,-0.3853485588517111
4620_UBi,0.7371019309004163
4621_NaP3,0.1460175172211837
4622_Na3Pd,-0.0037423943346612
4623_AgGa5,0.0301596591030233
4624_Sn4W2,0.1627192610009006
4625_Ba4P,-0.3524857490659137
4626_AgAu3,-0.0264467700055792
4627_Cu2Mn2,0.3182716405481285
4628_Pt16Rb8,0.3706217301882806
4629_Pd3V,-0.2222188597370307
4631_V2Ge2,-0.1990215627984675
4632_Al5K,0.1562076988746348
4633_Au5Sb,0.0592267831128546
4634_Cu16Ir8,0.4219933363345654
4635_Fe6Ta4,-0.0447040189155075
4636_Ag6Pt6,0.0261640127670741
4637_Na4P,0.2007152095016753
4638_PdSr,-0.3796195866085003
4639_CrNi,0.1338070737599874
4640_Fe4As2,0.288011546750063
4641_CuV3,0.1548210464828159
4642_AgSr,-0.1351962930203547
4643_PdV3,-0.1064366261083087
4644_PbPt3,-0.104670332191489
4645_Na2P2,-0.0555534054562691
4701_Fe8Ta4,-0.0433940220525492
4702_AlPb8,0.0781345707423987
4703_Sr4Br2,-0.8965013603840285
4704_Pa3Bi,-0.5498134152665202
4710_Mn2V2,-0.1878639363857122
4711_Fe3Mn,0.0871804571518044
4713_Al2Ba4,-0.01645350904803
4714_MoNp,0.5651364072757925
4715_CeU3,0.443366399591083
4716_SrBi,-0.5781677096715216
4717_PaP,-1.3069884492665382
4718_AgIn3,0.0519812957642829
4719_Ir10Rh6,0.3974173345042455
4720_Cr6Pt2,-0.0260007174240968
4721_UP,-1.1736912481073958
4722_Ba2Pb,-0.4676688865764706
4723_PaGe,0.1012972852143612
4724_Cu3W,0.1954342356596488
4725_TaP5,0.3120509520027319
4726_AlK,0.5512967988077919
4727_FeNa3,0.953419922791528
4729_Mn2V2,0.1160297069715028
4730_Au3Ba5,-0.440568201391275
4731_MoBr3,0.04303350203143
4732_MoSn4,0.1970626607332569
4733_K6Br18,-0.7936805794907835
4734_Fe4Pd6,-0.0234736291717496
4735_V26W2,0.413087493103449
4736_Rh6W2,-0.2931200597782641
4738_Pd2Sb,-0.390415799050519
4739_Ir16Mo14,0.0130681067903537
4740_Mn2Na4,0.5916767438931417
4741_Ni2Ge4,-0.1418782318798713
4742_Ge5As,0.328977437833131
4743_CaW2,0.6443813081220485
4744_AuW8,0.4000832382714839
4745_Ba5Pb,-0.1592093732859284
4746_Au2Ni2,0.2424296367895184
4747_BaW3,1.139329181823605
4748_AcTh3,0.1089293596587035
4749_K6Rh2,0.6040952700919129
4750_Al2Pd6,-0.3512329465345525
4751_Mn4W2,0.1197822458971262
4752_CaAs3,-0.3502374894930931
4753_Cu4Ta4,0.3145868356134906
4754_Au2Ba6,-0.2617753895589199
4755_AuAs3,0.3577655840683733
4756_K2Sn2,-0.0014499690382616
4757_InBr,-0.7175140965916014
4759_Au4Ni8,0.1137680593830878
4760_Mn4Ta5,0.1391875726000301
4761_Fe4Ga4,0.0308050240268382
4762_Fe3Sb,0.4414744564171062
4763_InMo5,0.1573142325687998
4764_PtSm,-0.7978809406773015
4765_Mo3W,0.4530177667841109
4766_Au2Mn2,0.6149682153648515
4767_Sn4W8,0.5256381582876166
4768_Pb6P2,0.2162553450890172
4769_Sr2Br6,-1.6828241395262955
4770_Cu8Ta4,1.1517740039267264
4771_EuSb,-0.9332170063572685
4772_Ba4Ta2,0.900999325810084
4773_NaPt,-0.1967208568508054
4774_PtGe,-0.3937912816358704
4775_Mo4P8,0.1065608358772536
4776_Ni2Ge6,0.0800920653913639
4777_Al4Ba,-0.2379211242006079
4778_MnRh5,-0.0331173025082295
4779_MoW,0.4723990886009801
4780_Pb4P,0.4434886753329195
4781_NpTa,0.4344771260857758
4782_Sr4Br,-0.2378610234737603
4783_Ag24Al5,0.068669406625523
4784_Ni4Rh2,0.046255102906335
4786_NpPa,0.3406215882144128
4787_Cu2Ni2,0.0822911971003383
4788_Mo2Pb2,0.4939748205054668
4789_Na2Pb,-0.1529461556916516
4790_Ba5W,0.8487297015357887
4791_NaP3,0.076200731217769
4792_Ni2Yb2,-0.24160819968451
4793_AlTa,0.4693485286782328
4794_EuNi,-0.0364610876192079
4795_FeW7,0.4130573151942798
4796_Ni3P,-0.174271319347592
4797_Pt3V,-0.4451178454651243
4798_SnBr4,-0.2659943161222486
4799_Ba3In3,-0.3259496805371166
4801_Ir2Rh4,0.3085144192754955
4802_K4Pd2,0.0954286081191586
4803_Mo5W,0.0032439918025867
4804_Ca2P,-0.7301065161364099
4805_Sn2Br4,0.258251974530042
4806_Rh2As,-0.4713601768918624
4807_GaIn,0.0465300307790692
4809_Mn6W2,0.2104745956342277
4810_CeNi3,-0.0086891208885537
4811_CuIn3,0.2076251569604519
4812_Ba3W,1.2293632028874226
4814_Pd4V4,-0.0948595768377771
4816_Ba2Sb2,-0.8338671201122385
4818_AgW2,0.6495468493854482
4819_NaSr,0.0196509155200732
4820_V2W,0.870102745832483
4822_Al6Br2,-0.078349820865998
4823_CuSb3,0.3994996801531401
4824_Al6Mn2,-0.1138396464069968
4825_Cu2Sb2,0.09306332431475
4826_Au2V2,0.027181270273112
4827_Mo2Pd,1.0351696748078811
4829_Fe2Ta6,0.2474721246249149
4830_Fe2As,0.0120831969950868
4831_Al4V2,0.2737093218978603
4832_Pt2Sb2,-0.0642017293861929
4834_In3V,0.2276268100656002
4835_CaGa,-0.4281546413302104
4836_NiSr,0.1471746751052132
4837_Ag6Fe2,0.3145756984875691
4838_FeU3,0.212649488992918
4839_Fe2Sb6,0.1168711655218608
4840_Al4Pd4,-0.7824189350264472
4841_Mo2Sr2,0.6658938067199829
4842_CaCu,0.4393169567324375
4843_CrSm,0.5526842695973091
4844_CuIn7,0.0132383724315321
4845_VP4,0.1480949914869519
4846_Al3Mn,-0.1379675077832951
4848_AgSn8,0.018971326515688
4849_Sn4Br4,-0.3749848258403285
4850_Mn3Pd,0.1965186180139397
4852_GaMn2,0.8850172981825631
4853_Au3V,0.0919731410731934
4854_Ag4Pt7,0.0311257725487666
4855_K3P4,-0.139473519418894
4856_Al4Ni4,-0.5654812568977841
4857_Ag2P2,0.215945692610235
4858_TaW3,0.275062910855949
4859_Mo3Rh,0.1017876729739253
4860_KMo3,0.8846373431271548
4862_FeGe,0.0022779541582638
4863_AlBa2,-0.0728546199252759
4864_K2Mo,4.81669369363701
4865_Ag2Ga,-0.0137227884469162
4866_Pt2V2,-0.4276564521482502
4867_Fe2Ir,-0.0278560975141021
4868_AgSr3,0.0908131573419157
4869_AuSn7,0.0055408770330904
4870_AlV,0.4851956900377718
4872_K6Ge18,0.0672474289266761
4873_Ba4V2,0.6654282184353768
4875_Sn2W4,0.8958564563297932
4876_GeAs,-0.0428850132941525
4877_Al2Ni2,-0.4553764697931735
4878_EuTh,1.0038452161781577
4879_InPb2,0.0110441219397922
4880_AlBa3,0.0921476397973015
4881_Pd8V4,-0.2238081572333025
4882_Cu4Ge4,0.1401491838090569
4883_Mo6Rh2,0.0748557648128329
4884_PdV3,0.0416317142825679
4885_AsI,0.2784186072773007
4886_Al2Br2,-0.2130247291300895
4887_CsCu,0.4629642665639557
4888_Pt4Rb16,0.1918663905530667
4889_Au12Sb4,0.0309741185759158
4892_Mn2Rh4,0.0094144196852769
4893_FeNi,0.5900486215904728
4894_AgSr,-0.0336765836214314
4895_AgSr,-0.2790911051684235
4896_Al5As24,0.2029142958536346
4897_CaSn,-0.6047923086631299
4898_Al2Au,-0.4116197583822245
4899_InW3,0.4483106890783048
4900_Ca2Sr,0.0145876839698736
4901_Rh2Sb4,0.8924790440338496
4902_AgGa5,0.0345835753718712
4903_Mn3Sr,0.8495298385172907
4904_Pt2W2,0.0916570637141021
4905_Cu4K16,0.388446705850454
4906_Rh6Sb4,-0.0479862950624436
4907_Rh2Ta4,-0.2997070499201785
4908_Mo2Ta2,0.3511306459887429
4909_InMn5,0.348006162550855
4910_AgGa5,0.0338377283785996
4911_NiPd3,0.0067054398745094
4912_NaBr3,-0.6094928308533563
4913_Na3Rh,0.3103064652176819
4914_Fe2As,0.011960028974741
4915_Cu2Rh6,0.06766825202389
4916_SbP3,0.2084703715605291
4917_In2Pd2,-0.4115068745040471
4918_PI3,0.8204711590365552
4919_EuGa,-0.5421530171607336
4920_PbAs3,0.3092709550260926
4921_NaP,-0.0973361816196645
4923_Rh6W4,-0.0562816004779008
4924_Al2Sb4,0.1593734761924174
4925_AuPa,-0.460915026643784
4926_PdU,-0.2230211790884499
4927_Ag3Pb,0.0971226535759504
4928_Ba2Mn2,0.8169081951931902
4929_Ag3Au,-0.0315943423557443
4930_Cu4Yb2,-0.293062360656964
4931_Pb4As3,0.1430533531112188
4932_Al4Bi2,0.889244536310505
4934_Mn3Pb,0.454647138983935
4935_InPt,-0.3954266898175138
4936_Pb3As,0.158233633628551
4937_Fe2As,0.2919286981624853
4938_Ni2Sb4,-0.3996609011663068
4940_IrW4,1.2397460964890954
4941_YbGe,-0.8290159565154296
4942_PtW2,-0.0631971670452789
4943_InK,0.0734591574714023
4944_PBr3,0.6417892177990348
4945_Al3Br,0.273000563654906
4946_Rh2W2,-0.0488505645361634
4947_Pd2W4,0.4230582713403805
4948_SmW,0.6281554503118381
4949_AgCu8,0.8151936839697029
4950_CuMn2,0.291305059286478
4951_Pd3Rb,0.2062061691088219
4952_Pd2W,0.0837341889231855
4953_SnSb,0.0903802482941573
4954_Ni2V4,-0.0308948681763017
4955_Fe2Br2,0.554255786528496
4956_AlSb2,0.1444806532237414
4957_IrTa5,-0.263741136245784
4958_Ba2Ge2,-0.1778758672158011
4959_GaNa3,0.0112123224602209
4960_Sn6Sb2,0.1037218500945518
4961_IrNa3,0.3740963947163251
4962_Ge2P4,0.0137601105489194
4963_Cu8In,0.0245764029035318
4964_Cu3Na5,0.2736034573217432
4965_Fe4Pd2,0.8623138115758214
4966_PdU,-0.2239175495868739
4967_PtYb,-0.881391785368073
4968_Al4Pt2,-0.5791034507663954
4969_PtP3,0.399243288113225
4970_PdAs,-0.138616894546411
4971_Ni2Sb4,-0.3743846982243711
4972_Fe4Mn4,0.0404711306334171
4973_Pb4V4,0.4396753374186346
4974_SmYb,-0.3023586934686482
4975_AlRb,0.6302057448982932
4976_Rh3Ta,-0.4835740124948469
4977_Fe2Ir2,0.0103466912544032
4978_Sn3Br,-0.1491318265327392
4979_RhSb,-0.1756178771276877
4980_Rh6P4,-0.4949304186620736
4981_Ag2Br6,-0.0441878178169319
4983_Ba4Ca2,0.1024221370404016
4984_Na4Pd,-0.0258741763051297
4985_Cu5Mn,0.1331142964003463
4986_Pb2Sr2,-0.6056881541202612
4987_In3W,0.8934791810267129
4988_FeYb3,0.337279709129779
4989_Cu12Ge12,0.159939611134894
4991_Cu2W,0.4542508312631017
4992_Ag4Al2,-0.06928288901308
4993_Ag4Al2,-0.0484234267756432
4994_Ba2Ir2,0.5409645036856263
4995_Au2Sb2,-0.0255928153431068
4996_Al2In2,0.1980946123949709
4997_Ag3Br,-0.0466270446590901
4998_Al16Ge8,0.200161422863711
4999_Pt2Th2,-1.2350655038663056
5000_Ga5Sr,-0.1824981728377247
5001_MoSr3,0.9291439460161364
